ISO-10303-21;
HEADER;
/* Generated by software containing ST-Developer
 * from STEP Tools, Inc. (www.steptools.com) 
 */

FILE_DESCRIPTION(
/* description */ (''),
/* implementation_level */ '2;1');

FILE_NAME(
/* name */ 'sar_brage.step',
/* time_stamp */ '2026-08-04T09:28:51+02:00',
/* author */ (''),
/* organization */ (''),
/* preprocessor_version */ 'ST-DEVELOPER v20.1',
/* originating_system */ 'Autodesk Translation Framework v15.8.0.0',
/* authorisation */ '');

FILE_SCHEMA (('AUTOMOTIVE_DESIGN { 1 0 10303 214 3 1 1 }'));
ENDSEC;

DATA;
#10=MECHANICAL_DESIGN_GEOMETRIC_PRESENTATION_REPRESENTATION('',(#13),#4428);
#11=SHAPE_REPRESENTATION_RELATIONSHIP('SRR','None',#4435,#12);
#12=ADVANCED_BREP_SHAPE_REPRESENTATION('',(#2210),#4427);
#13=STYLED_ITEM('',(#4444),#2210);
#14=FACE_BOUND('',#286,.T.);
#15=ORIENTED_CLOSED_SHELL('',*,#2208,.F.);
#16=B_SPLINE_SURFACE_WITH_KNOTS('',3,3,((#2732,#2733,#2734,#2735,#2736,
#2737,#2738),(#2739,#2740,#2741,#2742,#2743,#2744,#2745),(#2746,#2747,#2748,
#2749,#2750,#2751,#2752),(#2753,#2754,#2755,#2756,#2757,#2758,#2759),(#2760,
#2761,#2762,#2763,#2764,#2765,#2766)),.UNSPECIFIED.,.F.,.F.,.F.,(4,1,4),
(4,1,1,1,4),(-0.237970559708877,0.369407215079973,0.976784989868823),(0.0292834763312519,
0.169629540920543,0.309975605509834,0.450321670099125,1.01170592845629),
 .UNSPECIFIED.);
#17=B_SPLINE_SURFACE_WITH_KNOTS('',3,3,((#2849,#2850,#2851,#2852,#2853,
#2854,#2855),(#2856,#2857,#2858,#2859,#2860,#2861,#2862),(#2863,#2864,#2865,
#2866,#2867,#2868,#2869),(#2870,#2871,#2872,#2873,#2874,#2875,#2876),(#2877,
#2878,#2879,#2880,#2881,#2882,#2883)),.UNSPECIFIED.,.F.,.F.,.F.,(4,1,4),
(4,1,1,1,4),(-0.237970559708871,0.369407215079979,0.976784989868828),(0.0292834763312502,
0.169629540920557,0.309975605509863,0.45032167009917,1.0117059284564),
 .UNSPECIFIED.);
#18=B_SPLINE_SURFACE_WITH_KNOTS('',3,3,((#2982,#2983,#2984,#2985,#2986),
(#2987,#2988,#2989,#2990,#2991),(#2992,#2993,#2994,#2995,#2996),(#2997,
#2998,#2999,#3000,#3001)),.UNSPECIFIED.,.F.,.F.,.F.,(4,4),(4,1,4),(0.0176768179122107,
0.895738765539574),(0.0016375742718406,0.5719516881236,0.999687273512419),
 .UNSPECIFIED.);
#19=B_SPLINE_SURFACE_WITH_KNOTS('',3,3,((#3060,#3061,#3062,#3063,#3064),
(#3065,#3066,#3067,#3068,#3069),(#3070,#3071,#3072,#3073,#3074),(#3075,
#3076,#3077,#3078,#3079)),.UNSPECIFIED.,.F.,.F.,.F.,(4,4),(4,1,4),(0.0176768178575767,
0.895738765539573),(0.00163757427184081,0.5719516881236,0.999687273512419),
 .UNSPECIFIED.);
#20=B_SPLINE_SURFACE_WITH_KNOTS('',3,3,((#3211,#3212,#3213,#3214),(#3215,
#3216,#3217,#3218),(#3219,#3220,#3221,#3222),(#3223,#3224,#3225,#3226)),
 .UNSPECIFIED.,.F.,.F.,.F.,(4,4),(4,4),(0.109881924499347,0.976638400396527),
(0.00304695614735605,1.0265629103146),.UNSPECIFIED.);
#21=B_SPLINE_SURFACE_WITH_KNOTS('',3,3,((#3249,#3250,#3251,#3252),(#3253,
#3254,#3255,#3256),(#3257,#3258,#3259,#3260),(#3261,#3262,#3263,#3264)),
 .UNSPECIFIED.,.F.,.F.,.F.,(4,4),(4,4),(0.,0.926566150047961),(0.,1.),
 .UNSPECIFIED.);
#22=B_SPLINE_SURFACE_WITH_KNOTS('',3,3,((#3341,#3342,#3343,#3344),(#3345,
#3346,#3347,#3348),(#3349,#3350,#3351,#3352),(#3353,#3354,#3355,#3356)),
 .UNSPECIFIED.,.F.,.F.,.F.,(4,4),(4,4),(0.109908914047803,1.00000131774363),
(-0.000403491758771872,1.0000413262938),.UNSPECIFIED.);
#23=B_SPLINE_SURFACE_WITH_KNOTS('',3,3,((#3386,#3387,#3388,#3389),(#3390,
#3391,#3392,#3393),(#3394,#3395,#3396,#3397),(#3398,#3399,#3400,#3401)),
 .UNSPECIFIED.,.F.,.F.,.F.,(4,4),(4,4),(0.,0.927003409283755),(0.,1.),
 .UNSPECIFIED.);
#24=B_SPLINE_SURFACE_WITH_KNOTS('',3,3,((#3421,#3422,#3423,#3424),(#3425,
#3426,#3427,#3428),(#3429,#3430,#3431,#3432),(#3433,#3434,#3435,#3436)),
 .UNSPECIFIED.,.F.,.F.,.F.,(4,4),(4,4),(0.144987914990795,1.02830901131803),
(-0.0246665161188466,0.997956517038859),.UNSPECIFIED.);
#25=B_SPLINE_SURFACE_WITH_KNOTS('',3,3,((#3480,#3481,#3482,#3483),(#3484,
#3485,#3486,#3487),(#3488,#3489,#3490,#3491),(#3492,#3493,#3494,#3495)),
 .UNSPECIFIED.,.F.,.F.,.F.,(4,4),(4,4),(-0.0291042818783273,0.989447706139009),
(-0.00181088299875215,0.996481118648379),.UNSPECIFIED.);
#26=B_SPLINE_SURFACE_WITH_KNOTS('',3,3,((#3498,#3499,#3500,#3501),(#3502,
#3503,#3504,#3505),(#3506,#3507,#3508,#3509),(#3510,#3511,#3512,#3513)),
 .UNSPECIFIED.,.F.,.F.,.F.,(4,4),(4,4),(0.0533070352887815,0.540359225830569),
(0.316954719687478,0.989023193088532),.UNSPECIFIED.);
#27=B_SPLINE_SURFACE_WITH_KNOTS('',3,3,((#3605,#3606,#3607,#3608),(#3609,
#3610,#3611,#3612),(#3613,#3614,#3615,#3616),(#3617,#3618,#3619,#3620)),
 .UNSPECIFIED.,.F.,.F.,.F.,(4,4),(4,4),(0.,0.926566151034759),(0.,1.),
 .UNSPECIFIED.);
#28=B_SPLINE_SURFACE_WITH_KNOTS('',3,3,((#3644,#3645,#3646,#3647),(#3648,
#3649,#3650,#3651),(#3652,#3653,#3654,#3655),(#3656,#3657,#3658,#3659)),
 .UNSPECIFIED.,.F.,.F.,.F.,(4,4),(4,4),(0.109908914045895,1.00000131774314),
(-0.000403491758769606,1.000041326276),.UNSPECIFIED.);
#29=B_SPLINE_SURFACE_WITH_KNOTS('',3,3,((#3688,#3689,#3690,#3691),(#3692,
#3693,#3694,#3695),(#3696,#3697,#3698,#3699),(#3700,#3701,#3702,#3703)),
 .UNSPECIFIED.,.F.,.F.,.F.,(4,4),(4,4),(0.,0.927003404664121),(0.,1.),
 .UNSPECIFIED.);
#30=B_SPLINE_SURFACE_WITH_KNOTS('',3,3,((#3708,#3709,#3710,#3711),(#3712,
#3713,#3714,#3715),(#3716,#3717,#3718,#3719),(#3720,#3721,#3722,#3723)),
 .UNSPECIFIED.,.F.,.F.,.F.,(4,4),(4,4),(0.109881924480991,0.976638400396528),
(0.00304695614754236,1.02656291031578),.UNSPECIFIED.);
#31=B_SPLINE_SURFACE_WITH_KNOTS('',3,3,((#3745,#3746,#3747,#3748),(#3749,
#3750,#3751,#3752),(#3753,#3754,#3755,#3756),(#3757,#3758,#3759,#3760)),
 .UNSPECIFIED.,.F.,.F.,.F.,(4,4),(4,4),(0.144987914990808,1.02830901131803),
(-0.0246665161188466,0.997956517038852),.UNSPECIFIED.);
#32=B_SPLINE_SURFACE_WITH_KNOTS('',3,3,((#3804,#3805,#3806,#3807),(#3808,
#3809,#3810,#3811),(#3812,#3813,#3814,#3815),(#3816,#3817,#3818,#3819)),
 .UNSPECIFIED.,.F.,.F.,.F.,(4,4),(4,4),(-0.0291042818783273,0.989447706139009),
(-0.00181088299875159,0.996481118648379),.UNSPECIFIED.);
#33=B_SPLINE_SURFACE_WITH_KNOTS('',3,3,((#3829,#3830,#3831,#3832),(#3833,
#3834,#3835,#3836),(#3837,#3838,#3839,#3840),(#3841,#3842,#3843,#3844)),
 .UNSPECIFIED.,.F.,.F.,.F.,(4,4),(4,4),(0.0533070352887948,0.540359226101578),
(0.316954719685841,0.989023193087965),.UNSPECIFIED.);
#34=B_SPLINE_SURFACE_WITH_KNOTS('',3,3,((#3922,#3923,#3924,#3925),(#3926,
#3927,#3928,#3929),(#3930,#3931,#3932,#3933),(#3934,#3935,#3936,#3937)),
 .UNSPECIFIED.,.F.,.F.,.F.,(4,4),(4,4),(0.,1.),(0.,1.),.UNSPECIFIED.);
#35=B_SPLINE_SURFACE_WITH_KNOTS('',3,3,((#3945,#3946,#3947,#3948),(#3949,
#3950,#3951,#3952),(#3953,#3954,#3955,#3956),(#3957,#3958,#3959,#3960)),
 .UNSPECIFIED.,.F.,.F.,.F.,(4,4),(4,4),(0.,1.),(0.,1.),.UNSPECIFIED.);
#36=B_SPLINE_SURFACE_WITH_KNOTS('',3,3,((#3974,#3975,#3976,#3977),(#3978,
#3979,#3980,#3981),(#3982,#3983,#3984,#3985),(#3986,#3987,#3988,#3989)),
 .UNSPECIFIED.,.F.,.F.,.F.,(4,4),(4,4),(0.,1.),(0.,1.),.UNSPECIFIED.);
#37=B_SPLINE_SURFACE_WITH_KNOTS('',3,3,((#3995,#3996,#3997,#3998),(#3999,
#4000,#4001,#4002),(#4003,#4004,#4005,#4006),(#4007,#4008,#4009,#4010)),
 .UNSPECIFIED.,.F.,.F.,.F.,(4,4),(4,4),(0.,1.),(0.,1.),.UNSPECIFIED.);
#38=B_SPLINE_SURFACE_WITH_KNOTS('',3,3,((#4024,#4025,#4026,#4027),(#4028,
#4029,#4030,#4031),(#4032,#4033,#4034,#4035),(#4036,#4037,#4038,#4039)),
 .UNSPECIFIED.,.F.,.F.,.F.,(4,4),(4,4),(0.,1.),(0.,1.),.UNSPECIFIED.);
#39=B_SPLINE_SURFACE_WITH_KNOTS('',3,3,((#4045,#4046,#4047,#4048),(#4049,
#4050,#4051,#4052),(#4053,#4054,#4055,#4056),(#4057,#4058,#4059,#4060)),
 .UNSPECIFIED.,.F.,.F.,.F.,(4,4),(4,4),(0.,1.),(0.,1.),.UNSPECIFIED.);
#40=B_SPLINE_SURFACE_WITH_KNOTS('',3,3,((#4066,#4067,#4068,#4069),(#4070,
#4071,#4072,#4073),(#4074,#4075,#4076,#4077),(#4078,#4079,#4080,#4081)),
 .UNSPECIFIED.,.F.,.F.,.F.,(4,4),(4,4),(0.,1.),(0.,1.),.UNSPECIFIED.);
#41=B_SPLINE_SURFACE_WITH_KNOTS('',3,3,((#4091,#4092,#4093,#4094),(#4095,
#4096,#4097,#4098),(#4099,#4100,#4101,#4102),(#4103,#4104,#4105,#4106)),
 .UNSPECIFIED.,.F.,.F.,.F.,(4,4),(4,4),(0.,1.),(0.,1.),.UNSPECIFIED.);
#42=B_SPLINE_SURFACE_WITH_KNOTS('',3,3,((#4110,#4111,#4112,#4113),(#4114,
#4115,#4116,#4117),(#4118,#4119,#4120,#4121),(#4122,#4123,#4124,#4125)),
 .UNSPECIFIED.,.F.,.F.,.F.,(4,4),(4,4),(0.,1.),(0.,1.),.UNSPECIFIED.);
#43=B_SPLINE_SURFACE_WITH_KNOTS('',3,3,((#4201,#4202,#4203,#4204),(#4205,
#4206,#4207,#4208),(#4209,#4210,#4211,#4212),(#4213,#4214,#4215,#4216)),
 .UNSPECIFIED.,.F.,.F.,.F.,(4,4),(4,4),(0.,1.),(0.,1.),.UNSPECIFIED.);
#44=B_SPLINE_SURFACE_WITH_KNOTS('',3,3,((#4220,#4221,#4222,#4223),(#4224,
#4225,#4226,#4227),(#4228,#4229,#4230,#4231),(#4232,#4233,#4234,#4235)),
 .UNSPECIFIED.,.F.,.F.,.F.,(4,4),(4,4),(0.,1.),(0.,1.),.UNSPECIFIED.);
#45=B_SPLINE_SURFACE_WITH_KNOTS('',3,3,((#4249,#4250,#4251,#4252),(#4253,
#4254,#4255,#4256),(#4257,#4258,#4259,#4260),(#4261,#4262,#4263,#4264)),
 .UNSPECIFIED.,.F.,.F.,.F.,(4,4),(4,4),(0.,1.),(0.,1.),.UNSPECIFIED.);
#46=B_SPLINE_SURFACE_WITH_KNOTS('',3,3,((#4268,#4269,#4270,#4271),(#4272,
#4273,#4274,#4275),(#4276,#4277,#4278,#4279),(#4280,#4281,#4282,#4283)),
 .UNSPECIFIED.,.F.,.F.,.F.,(4,4),(4,4),(0.,1.),(0.,1.),.UNSPECIFIED.);
#47=B_SPLINE_SURFACE_WITH_KNOTS('',3,3,((#4299,#4300,#4301,#4302),(#4303,
#4304,#4305,#4306),(#4307,#4308,#4309,#4310),(#4311,#4312,#4313,#4314)),
 .UNSPECIFIED.,.F.,.F.,.F.,(4,4),(4,4),(0.,1.),(0.,1.),.UNSPECIFIED.);
#48=B_SPLINE_SURFACE_WITH_KNOTS('',3,3,((#4320,#4321,#4322,#4323),(#4324,
#4325,#4326,#4327),(#4328,#4329,#4330,#4331),(#4332,#4333,#4334,#4335)),
 .UNSPECIFIED.,.F.,.F.,.F.,(4,4),(4,4),(0.,1.),(0.,1.),.UNSPECIFIED.);
#49=B_SPLINE_SURFACE_WITH_KNOTS('',3,3,((#4341,#4342,#4343,#4344),(#4345,
#4346,#4347,#4348),(#4349,#4350,#4351,#4352),(#4353,#4354,#4355,#4356)),
 .UNSPECIFIED.,.F.,.F.,.F.,(4,4),(4,4),(0.,1.),(0.,1.),.UNSPECIFIED.);
#50=B_SPLINE_SURFACE_WITH_KNOTS('',3,3,((#4372,#4373,#4374,#4375),(#4376,
#4377,#4378,#4379),(#4380,#4381,#4382,#4383),(#4384,#4385,#4386,#4387)),
 .UNSPECIFIED.,.F.,.F.,.F.,(4,4),(4,4),(0.,1.),(0.,1.),.UNSPECIFIED.);
#51=B_SPLINE_SURFACE_WITH_KNOTS('',3,3,((#4391,#4392,#4393,#4394),(#4395,
#4396,#4397,#4398),(#4399,#4400,#4401,#4402),(#4403,#4404,#4405,#4406)),
 .UNSPECIFIED.,.F.,.F.,.F.,(4,4),(4,4),(0.,1.),(0.,1.),.UNSPECIFIED.);
#52=FACE_OUTER_BOUND('',#174,.T.);
#53=FACE_OUTER_BOUND('',#175,.T.);
#54=FACE_OUTER_BOUND('',#176,.T.);
#55=FACE_OUTER_BOUND('',#177,.T.);
#56=FACE_OUTER_BOUND('',#178,.T.);
#57=FACE_OUTER_BOUND('',#179,.T.);
#58=FACE_OUTER_BOUND('',#180,.T.);
#59=FACE_OUTER_BOUND('',#181,.T.);
#60=FACE_OUTER_BOUND('',#182,.T.);
#61=FACE_OUTER_BOUND('',#183,.T.);
#62=FACE_OUTER_BOUND('',#184,.T.);
#63=FACE_OUTER_BOUND('',#185,.T.);
#64=FACE_OUTER_BOUND('',#186,.T.);
#65=FACE_OUTER_BOUND('',#187,.T.);
#66=FACE_OUTER_BOUND('',#188,.T.);
#67=FACE_OUTER_BOUND('',#189,.T.);
#68=FACE_OUTER_BOUND('',#190,.T.);
#69=FACE_OUTER_BOUND('',#191,.T.);
#70=FACE_OUTER_BOUND('',#192,.T.);
#71=FACE_OUTER_BOUND('',#193,.T.);
#72=FACE_OUTER_BOUND('',#194,.T.);
#73=FACE_OUTER_BOUND('',#195,.T.);
#74=FACE_OUTER_BOUND('',#196,.T.);
#75=FACE_OUTER_BOUND('',#197,.T.);
#76=FACE_OUTER_BOUND('',#198,.T.);
#77=FACE_OUTER_BOUND('',#199,.T.);
#78=FACE_OUTER_BOUND('',#200,.T.);
#79=FACE_OUTER_BOUND('',#201,.T.);
#80=FACE_OUTER_BOUND('',#202,.T.);
#81=FACE_OUTER_BOUND('',#203,.T.);
#82=FACE_OUTER_BOUND('',#204,.T.);
#83=FACE_OUTER_BOUND('',#205,.T.);
#84=FACE_OUTER_BOUND('',#206,.T.);
#85=FACE_OUTER_BOUND('',#207,.T.);
#86=FACE_OUTER_BOUND('',#208,.T.);
#87=FACE_OUTER_BOUND('',#209,.T.);
#88=FACE_OUTER_BOUND('',#210,.T.);
#89=FACE_OUTER_BOUND('',#211,.T.);
#90=FACE_OUTER_BOUND('',#212,.T.);
#91=FACE_OUTER_BOUND('',#213,.T.);
#92=FACE_OUTER_BOUND('',#214,.T.);
#93=FACE_OUTER_BOUND('',#215,.T.);
#94=FACE_OUTER_BOUND('',#216,.T.);
#95=FACE_OUTER_BOUND('',#217,.T.);
#96=FACE_OUTER_BOUND('',#218,.T.);
#97=FACE_OUTER_BOUND('',#219,.T.);
#98=FACE_OUTER_BOUND('',#220,.T.);
#99=FACE_OUTER_BOUND('',#221,.T.);
#100=FACE_OUTER_BOUND('',#222,.T.);
#101=FACE_OUTER_BOUND('',#223,.T.);
#102=FACE_OUTER_BOUND('',#224,.T.);
#103=FACE_OUTER_BOUND('',#225,.T.);
#104=FACE_OUTER_BOUND('',#226,.T.);
#105=FACE_OUTER_BOUND('',#227,.T.);
#106=FACE_OUTER_BOUND('',#228,.T.);
#107=FACE_OUTER_BOUND('',#229,.T.);
#108=FACE_OUTER_BOUND('',#230,.T.);
#109=FACE_OUTER_BOUND('',#231,.T.);
#110=FACE_OUTER_BOUND('',#232,.T.);
#111=FACE_OUTER_BOUND('',#233,.T.);
#112=FACE_OUTER_BOUND('',#234,.T.);
#113=FACE_OUTER_BOUND('',#235,.T.);
#114=FACE_OUTER_BOUND('',#236,.T.);
#115=FACE_OUTER_BOUND('',#237,.T.);
#116=FACE_OUTER_BOUND('',#238,.T.);
#117=FACE_OUTER_BOUND('',#239,.T.);
#118=FACE_OUTER_BOUND('',#240,.T.);
#119=FACE_OUTER_BOUND('',#241,.T.);
#120=FACE_OUTER_BOUND('',#242,.T.);
#121=FACE_OUTER_BOUND('',#243,.T.);
#122=FACE_OUTER_BOUND('',#244,.T.);
#123=FACE_OUTER_BOUND('',#245,.T.);
#124=FACE_OUTER_BOUND('',#246,.T.);
#125=FACE_OUTER_BOUND('',#247,.T.);
#126=FACE_OUTER_BOUND('',#248,.T.);
#127=FACE_OUTER_BOUND('',#249,.T.);
#128=FACE_OUTER_BOUND('',#250,.T.);
#129=FACE_OUTER_BOUND('',#251,.T.);
#130=FACE_OUTER_BOUND('',#252,.T.);
#131=FACE_OUTER_BOUND('',#253,.T.);
#132=FACE_OUTER_BOUND('',#254,.T.);
#133=FACE_OUTER_BOUND('',#255,.T.);
#134=FACE_OUTER_BOUND('',#256,.T.);
#135=FACE_OUTER_BOUND('',#257,.T.);
#136=FACE_OUTER_BOUND('',#258,.T.);
#137=FACE_OUTER_BOUND('',#259,.T.);
#138=FACE_OUTER_BOUND('',#260,.T.);
#139=FACE_OUTER_BOUND('',#261,.T.);
#140=FACE_OUTER_BOUND('',#262,.T.);
#141=FACE_OUTER_BOUND('',#263,.T.);
#142=FACE_OUTER_BOUND('',#264,.T.);
#143=FACE_OUTER_BOUND('',#265,.T.);
#144=FACE_OUTER_BOUND('',#266,.T.);
#145=FACE_OUTER_BOUND('',#267,.T.);
#146=FACE_OUTER_BOUND('',#268,.T.);
#147=FACE_OUTER_BOUND('',#269,.T.);
#148=FACE_OUTER_BOUND('',#270,.T.);
#149=FACE_OUTER_BOUND('',#271,.T.);
#150=FACE_OUTER_BOUND('',#272,.T.);
#151=FACE_OUTER_BOUND('',#273,.T.);
#152=FACE_OUTER_BOUND('',#274,.T.);
#153=FACE_OUTER_BOUND('',#275,.T.);
#154=FACE_OUTER_BOUND('',#276,.T.);
#155=FACE_OUTER_BOUND('',#277,.T.);
#156=FACE_OUTER_BOUND('',#278,.T.);
#157=FACE_OUTER_BOUND('',#279,.T.);
#158=FACE_OUTER_BOUND('',#280,.T.);
#159=FACE_OUTER_BOUND('',#281,.T.);
#160=FACE_OUTER_BOUND('',#282,.T.);
#161=FACE_OUTER_BOUND('',#283,.T.);
#162=FACE_OUTER_BOUND('',#284,.T.);
#163=FACE_OUTER_BOUND('',#285,.T.);
#164=FACE_OUTER_BOUND('',#287,.T.);
#165=FACE_OUTER_BOUND('',#288,.T.);
#166=FACE_OUTER_BOUND('',#289,.T.);
#167=FACE_OUTER_BOUND('',#290,.T.);
#168=FACE_OUTER_BOUND('',#291,.T.);
#169=FACE_OUTER_BOUND('',#292,.T.);
#170=FACE_OUTER_BOUND('',#293,.T.);
#171=FACE_OUTER_BOUND('',#294,.T.);
#172=FACE_OUTER_BOUND('',#295,.T.);
#173=FACE_OUTER_BOUND('',#296,.T.);
#174=EDGE_LOOP('',(#1366,#1367,#1368,#1369));
#175=EDGE_LOOP('',(#1370,#1371,#1372,#1373,#1374,#1375,#1376,#1377,#1378,
#1379));
#176=EDGE_LOOP('',(#1380,#1381,#1382,#1383));
#177=EDGE_LOOP('',(#1384,#1385,#1386,#1387,#1388,#1389,#1390,#1391,#1392,
#1393));
#178=EDGE_LOOP('',(#1394,#1395,#1396,#1397,#1398,#1399,#1400,#1401));
#179=EDGE_LOOP('',(#1402,#1403,#1404,#1405,#1406,#1407,#1408));
#180=EDGE_LOOP('',(#1409,#1410,#1411,#1412,#1413,#1414,#1415,#1416));
#181=EDGE_LOOP('',(#1417,#1418,#1419,#1420,#1421,#1422,#1423));
#182=EDGE_LOOP('',(#1424,#1425,#1426,#1427));
#183=EDGE_LOOP('',(#1428,#1429,#1430,#1431,#1432,#1433));
#184=EDGE_LOOP('',(#1434,#1435,#1436,#1437,#1438,#1439));
#185=EDGE_LOOP('',(#1440,#1441,#1442,#1443,#1444,#1445));
#186=EDGE_LOOP('',(#1446,#1447,#1448,#1449,#1450,#1451));
#187=EDGE_LOOP('',(#1452,#1453,#1454,#1455,#1456,#1457,#1458,#1459,#1460));
#188=EDGE_LOOP('',(#1461,#1462,#1463,#1464,#1465,#1466,#1467));
#189=EDGE_LOOP('',(#1468,#1469,#1470,#1471,#1472));
#190=EDGE_LOOP('',(#1473,#1474,#1475,#1476));
#191=EDGE_LOOP('',(#1477,#1478,#1479,#1480,#1481,#1482,#1483,#1484,#1485,
#1486,#1487,#1488,#1489,#1490,#1491));
#192=EDGE_LOOP('',(#1492,#1493,#1494,#1495,#1496,#1497,#1498,#1499));
#193=EDGE_LOOP('',(#1500,#1501,#1502,#1503,#1504,#1505));
#194=EDGE_LOOP('',(#1506,#1507,#1508,#1509));
#195=EDGE_LOOP('',(#1510,#1511,#1512,#1513,#1514));
#196=EDGE_LOOP('',(#1515,#1516,#1517,#1518,#1519,#1520));
#197=EDGE_LOOP('',(#1521,#1522,#1523,#1524,#1525,#1526));
#198=EDGE_LOOP('',(#1527,#1528,#1529));
#199=EDGE_LOOP('',(#1530,#1531,#1532,#1533));
#200=EDGE_LOOP('',(#1534,#1535,#1536,#1537));
#201=EDGE_LOOP('',(#1538,#1539,#1540,#1541,#1542,#1543));
#202=EDGE_LOOP('',(#1544,#1545,#1546,#1547));
#203=EDGE_LOOP('',(#1548,#1549,#1550,#1551));
#204=EDGE_LOOP('',(#1552,#1553,#1554,#1555));
#205=EDGE_LOOP('',(#1556,#1557,#1558,#1559));
#206=EDGE_LOOP('',(#1560,#1561,#1562,#1563));
#207=EDGE_LOOP('',(#1564,#1565,#1566,#1567));
#208=EDGE_LOOP('',(#1568,#1569,#1570,#1571));
#209=EDGE_LOOP('',(#1572,#1573,#1574,#1575));
#210=EDGE_LOOP('',(#1576,#1577,#1578,#1579));
#211=EDGE_LOOP('',(#1580,#1581,#1582,#1583));
#212=EDGE_LOOP('',(#1584,#1585,#1586,#1587,#1588,#1589,#1590));
#213=EDGE_LOOP('',(#1591,#1592,#1593,#1594,#1595,#1596,#1597,#1598,#1599,
#1600,#1601,#1602,#1603,#1604,#1605));
#214=EDGE_LOOP('',(#1606,#1607,#1608,#1609,#1610,#1611));
#215=EDGE_LOOP('',(#1612,#1613,#1614,#1615,#1616,#1617));
#216=EDGE_LOOP('',(#1618,#1619,#1620,#1621,#1622));
#217=EDGE_LOOP('',(#1623,#1624,#1625,#1626,#1627,#1628,#1629,#1630));
#218=EDGE_LOOP('',(#1631,#1632,#1633,#1634,#1635,#1636));
#219=EDGE_LOOP('',(#1637,#1638,#1639,#1640));
#220=EDGE_LOOP('',(#1641,#1642,#1643,#1644,#1645,#1646,#1647));
#221=EDGE_LOOP('',(#1648,#1649,#1650,#1651,#1652));
#222=EDGE_LOOP('',(#1653,#1654,#1655,#1656,#1657,#1658));
#223=EDGE_LOOP('',(#1659,#1660,#1661,#1662,#1663,#1664));
#224=EDGE_LOOP('',(#1665,#1666,#1667,#1668,#1669,#1670));
#225=EDGE_LOOP('',(#1671,#1672,#1673,#1674,#1675,#1676,#1677,#1678));
#226=EDGE_LOOP('',(#1679,#1680,#1681));
#227=EDGE_LOOP('',(#1682,#1683,#1684,#1685));
#228=EDGE_LOOP('',(#1686,#1687,#1688,#1689));
#229=EDGE_LOOP('',(#1690,#1691,#1692,#1693,#1694,#1695));
#230=EDGE_LOOP('',(#1696,#1697,#1698,#1699));
#231=EDGE_LOOP('',(#1700,#1701,#1702,#1703));
#232=EDGE_LOOP('',(#1704,#1705,#1706,#1707));
#233=EDGE_LOOP('',(#1708,#1709,#1710,#1711));
#234=EDGE_LOOP('',(#1712,#1713,#1714,#1715));
#235=EDGE_LOOP('',(#1716,#1717,#1718,#1719));
#236=EDGE_LOOP('',(#1720,#1721,#1722,#1723));
#237=EDGE_LOOP('',(#1724,#1725,#1726,#1727));
#238=EDGE_LOOP('',(#1728,#1729,#1730,#1731));
#239=EDGE_LOOP('',(#1732,#1733,#1734,#1735));
#240=EDGE_LOOP('',(#1736,#1737,#1738,#1739,#1740,#1741,#1742,#1743,#1744,
#1745,#1746,#1747,#1748));
#241=EDGE_LOOP('',(#1749,#1750,#1751,#1752));
#242=EDGE_LOOP('',(#1753,#1754,#1755,#1756));
#243=EDGE_LOOP('',(#1757,#1758,#1759,#1760));
#244=EDGE_LOOP('',(#1761,#1762,#1763,#1764));
#245=EDGE_LOOP('',(#1765,#1766,#1767,#1768));
#246=EDGE_LOOP('',(#1769,#1770,#1771,#1772));
#247=EDGE_LOOP('',(#1773,#1774,#1775,#1776,#1777));
#248=EDGE_LOOP('',(#1778,#1779,#1780,#1781));
#249=EDGE_LOOP('',(#1782,#1783,#1784,#1785));
#250=EDGE_LOOP('',(#1786,#1787,#1788,#1789,#1790));
#251=EDGE_LOOP('',(#1791,#1792,#1793,#1794));
#252=EDGE_LOOP('',(#1795,#1796,#1797,#1798));
#253=EDGE_LOOP('',(#1799,#1800,#1801,#1802,#1803));
#254=EDGE_LOOP('',(#1804,#1805,#1806,#1807,#1808));
#255=EDGE_LOOP('',(#1809,#1810,#1811,#1812,#1813,#1814,#1815));
#256=EDGE_LOOP('',(#1816,#1817,#1818,#1819));
#257=EDGE_LOOP('',(#1820,#1821,#1822,#1823));
#258=EDGE_LOOP('',(#1824,#1825,#1826,#1827));
#259=EDGE_LOOP('',(#1828,#1829,#1830,#1831));
#260=EDGE_LOOP('',(#1832,#1833,#1834,#1835));
#261=EDGE_LOOP('',(#1836,#1837,#1838,#1839));
#262=EDGE_LOOP('',(#1840,#1841,#1842,#1843));
#263=EDGE_LOOP('',(#1844,#1845,#1846,#1847));
#264=EDGE_LOOP('',(#1848,#1849,#1850,#1851));
#265=EDGE_LOOP('',(#1852,#1853,#1854,#1855));
#266=EDGE_LOOP('',(#1856,#1857,#1858,#1859));
#267=EDGE_LOOP('',(#1860,#1861,#1862,#1863));
#268=EDGE_LOOP('',(#1864,#1865,#1866,#1867,#1868));
#269=EDGE_LOOP('',(#1869,#1870,#1871,#1872,#1873,#1874,#1875,#1876,#1877,
#1878,#1879,#1880,#1881));
#270=EDGE_LOOP('',(#1882,#1883,#1884,#1885));
#271=EDGE_LOOP('',(#1886,#1887,#1888,#1889));
#272=EDGE_LOOP('',(#1890,#1891,#1892,#1893));
#273=EDGE_LOOP('',(#1894,#1895,#1896,#1897));
#274=EDGE_LOOP('',(#1898,#1899,#1900,#1901));
#275=EDGE_LOOP('',(#1902,#1903,#1904,#1905));
#276=EDGE_LOOP('',(#1906,#1907,#1908,#1909));
#277=EDGE_LOOP('',(#1910,#1911,#1912,#1913));
#278=EDGE_LOOP('',(#1914,#1915,#1916,#1917));
#279=EDGE_LOOP('',(#1918,#1919,#1920,#1921,#1922));
#280=EDGE_LOOP('',(#1923,#1924,#1925,#1926));
#281=EDGE_LOOP('',(#1927,#1928,#1929,#1930));
#282=EDGE_LOOP('',(#1931,#1932,#1933,#1934));
#283=EDGE_LOOP('',(#1935,#1936,#1937,#1938,#1939));
#284=EDGE_LOOP('',(#1940,#1941,#1942,#1943));
#285=EDGE_LOOP('',(#1944,#1945,#1946,#1947));
#286=EDGE_LOOP('',(#1948,#1949,#1950,#1951));
#287=EDGE_LOOP('',(#1952,#1953,#1954,#1955,#1956,#1957,#1958));
#288=EDGE_LOOP('',(#1959,#1960,#1961,#1962));
#289=EDGE_LOOP('',(#1963,#1964,#1965,#1966));
#290=EDGE_LOOP('',(#1967,#1968,#1969,#1970,#1971));
#291=EDGE_LOOP('',(#1972,#1973,#1974,#1975,#1976));
#292=EDGE_LOOP('',(#1977,#1978,#1979,#1980));
#293=EDGE_LOOP('',(#1981,#1982,#1983,#1984));
#294=EDGE_LOOP('',(#1985,#1986,#1987,#1988));
#295=EDGE_LOOP('',(#1989,#1990,#1991,#1992,#1993,#1994,#1995));
#296=EDGE_LOOP('',(#1996,#1997,#1998,#1999));
#297=B_SPLINE_CURVE_WITH_KNOTS('',3,(#2728,#2729,#2730,#2731),
 .UNSPECIFIED.,.F.,.F.,(4,4),(0.0189800541580411,0.0958928834113157),
 .UNSPECIFIED.);
#298=B_SPLINE_CURVE_WITH_KNOTS('',3,(#2768,#2769,#2770,#2771,#2772,#2773),
 .UNSPECIFIED.,.F.,.F.,(4,2,4),(-0.214930190588626,-0.165224644235519,-0.118192687471337),
 .UNSPECIFIED.);
#299=B_SPLINE_CURVE_WITH_KNOTS('',3,(#2775,#2776,#2777,#2778),
 .UNSPECIFIED.,.F.,.F.,(4,4),(0.0197196169191218,0.124704101477778),
 .UNSPECIFIED.);
#300=B_SPLINE_CURVE_WITH_KNOTS('',3,(#2780,#2781,#2782,#2783,#2784,#2785),
 .UNSPECIFIED.,.F.,.F.,(4,2,4),(-0.308546248490774,-0.164672565946827,-0.107064167037506),
 .UNSPECIFIED.);
#301=B_SPLINE_CURVE_WITH_KNOTS('',3,(#2787,#2788,#2789,#2790),
 .UNSPECIFIED.,.F.,.F.,(4,4),(0.00849447835864361,0.0244575783640398),
 .UNSPECIFIED.);
#302=B_SPLINE_CURVE_WITH_KNOTS('',3,(#2792,#2793,#2794,#2795,#2796,#2797,
#2798,#2799,#2800,#2801,#2802,#2803,#2804,#2805,#2806,#2807),
 .UNSPECIFIED.,.F.,.F.,(4,3,3,3,3,4),(-0.375728545341694,-0.261599410550758,
-0.146502105614448,-0.0463153766724289,0.,0.00398037900481995),
 .UNSPECIFIED.);
#303=B_SPLINE_CURVE_WITH_KNOTS('',3,(#2809,#2810,#2811,#2812,#2813,#2814,
#2815),.UNSPECIFIED.,.F.,.F.,(4,3,4),(-0.00398204733155713,0.,0.161610805167146),
 .UNSPECIFIED.);
#304=B_SPLINE_CURVE_WITH_KNOTS('',3,(#2817,#2818,#2819,#2820,#2821,#2822),
 .UNSPECIFIED.,.F.,.F.,(4,2,4),(-0.059873875663745,-0.0588112634413967,
-0.0169358118974966),.UNSPECIFIED.);
#305=B_SPLINE_CURVE_WITH_KNOTS('',3,(#2824,#2825,#2826,#2827,#2828,#2829,
#2830),.UNSPECIFIED.,.F.,.F.,(4,3,4),(-0.224240578575197,-0.170767042772822,
-0.162491443053487),.UNSPECIFIED.);
#306=B_SPLINE_CURVE_WITH_KNOTS('',3,(#2831,#2832,#2833,#2834,#2835,#2836),
 .UNSPECIFIED.,.F.,.F.,(4,2,4),(-0.631922019444042,-0.371331759448929,-0.226890073829881),
 .UNSPECIFIED.);
#307=B_SPLINE_CURVE_WITH_KNOTS('',3,(#2842,#2843,#2844,#2845),
 .UNSPECIFIED.,.F.,.F.,(4,4),(0.206703652795312,0.283390028820046),
 .UNSPECIFIED.);
#308=B_SPLINE_CURVE_WITH_KNOTS('',3,(#2885,#2886,#2887,#2888,#2889,#2890,
#2891,#2892),.UNSPECIFIED.,.F.,.F.,(4,2,2,4),(0.727563409765437,0.742593969570918,
1.01132719740584,1.05968819969075),.UNSPECIFIED.);
#309=B_SPLINE_CURVE_WITH_KNOTS('',3,(#2894,#2895,#2896,#2897,#2898,#2899,
#2900,#2901),.UNSPECIFIED.,.F.,.F.,(4,2,2,4),(0.784134882203595,0.812390724620873,
1.16834550220019,1.24051762008705),.UNSPECIFIED.);
#310=B_SPLINE_CURVE_WITH_KNOTS('',3,(#2903,#2904,#2905,#2906,#2907,#2908,
#2909),.UNSPECIFIED.,.F.,.F.,(4,3,4),(-0.746885902750684,-0.692149847919182,
-0.683678859924039),.UNSPECIFIED.);
#311=B_SPLINE_CURVE_WITH_KNOTS('',3,(#2911,#2912,#2913,#2914,#2915,#2916,
#2917,#2918,#2919,#2920,#2921,#2922,#2923),.UNSPECIFIED.,.F.,.F.,(4,3,3,
3,4),(-0.100882366658352,-0.0872897561282726,-0.0864803678611238,-0.070793703303671,
-0.0582786905568467),.UNSPECIFIED.);
#312=B_SPLINE_CURVE_WITH_KNOTS('',3,(#2925,#2926,#2927,#2928,#2929,#2930,
#2931),.UNSPECIFIED.,.F.,.F.,(4,3,4),(0.0596244782399461,0.222408407194284,
0.226419371718844),.UNSPECIFIED.);
#313=B_SPLINE_CURVE_WITH_KNOTS('',3,(#2933,#2934,#2935,#2936,#2937,#2938,
#2939,#2940,#2941,#2942,#2943,#2944,#2945,#2946,#2947,#2948),
 .UNSPECIFIED.,.F.,.F.,(4,3,3,3,3,4),(-0.385857556933206,-0.381871851489847,
-0.335494566810168,-0.220053726220392,-0.105607277419437,-0.00564091779577636),
 .UNSPECIFIED.);
#314=B_SPLINE_CURVE_WITH_KNOTS('',3,(#2950,#2951,#2952,#2953),
 .UNSPECIFIED.,.F.,.F.,(4,4),(-0.0218399183163924,-0.00587253295864244),
 .UNSPECIFIED.);
#315=B_SPLINE_CURVE_WITH_KNOTS('',3,(#2955,#2956,#2957,#2958,#2959,#2960),
 .UNSPECIFIED.,.F.,.F.,(4,2,4),(-0.244508903590856,-0.175803976836064,-0.00421735043530821),
 .UNSPECIFIED.);
#316=B_SPLINE_CURVE_WITH_KNOTS('',3,(#2961,#2962,#2963,#2964,#2965,#2966),
 .UNSPECIFIED.,.F.,.F.,(4,2,4),(0.00397938315999355,0.0664927864047553,
0.108004903807508),.UNSPECIFIED.);
#317=B_SPLINE_CURVE_WITH_KNOTS('',3,(#2970,#2971,#2972,#2973),
 .UNSPECIFIED.,.F.,.F.,(4,4),(0.217919245828901,0.332094411493938),
 .UNSPECIFIED.);
#318=B_SPLINE_CURVE_WITH_KNOTS('',3,(#2976,#2977,#2978,#2979,#2980,#2981),
 .UNSPECIFIED.,.F.,.F.,(4,2,4),(0.0460216302934654,0.157629328847326,0.183520632593295),
 .UNSPECIFIED.);
#319=B_SPLINE_CURVE_WITH_KNOTS('',3,(#3004,#3005,#3006,#3007),
 .UNSPECIFIED.,.F.,.F.,(4,4),(-0.0225391796842039,-1.37909484129728E-6),
 .UNSPECIFIED.);
#320=B_SPLINE_CURVE_WITH_KNOTS('',3,(#3009,#3010,#3011,#3012,#3013,#3014),
 .UNSPECIFIED.,.F.,.F.,(4,2,4),(0.0139463584097965,0.394606729714618,0.52383068322111),
 .UNSPECIFIED.);
#321=B_SPLINE_CURVE_WITH_KNOTS('',3,(#3015,#3016,#3017,#3018,#3019,#3020,
#3021,#3022,#3023,#3024),.UNSPECIFIED.,.F.,.F.,(4,2,2,2,4),(-1.791347272648,
-1.47955631412201,-1.16522742333305,-0.570317069566942,-0.01053822885786),
 .UNSPECIFIED.);
#322=B_SPLINE_CURVE_WITH_KNOTS('',3,(#3026,#3027,#3028,#3029),
 .UNSPECIFIED.,.F.,.F.,(4,4),(-0.135134395936838,-0.0167229738587149),
 .UNSPECIFIED.);
#323=B_SPLINE_CURVE_WITH_KNOTS('',3,(#3031,#3032,#3033,#3034,#3035,#3036,
#3037,#3038),.UNSPECIFIED.,.F.,.F.,(4,2,2,4),(0.0578212351012868,0.728376034256579,
1.20040707256976,1.42025365816122),.UNSPECIFIED.);
#324=B_SPLINE_CURVE_WITH_KNOTS('',3,(#3039,#3040,#3041,#3042),
 .UNSPECIFIED.,.F.,.F.,(4,4),(-0.196185330555468,-0.0240056062212675),
 .UNSPECIFIED.);
#325=B_SPLINE_CURVE_WITH_KNOTS('',3,(#3047,#3048,#3049,#3050),
 .UNSPECIFIED.,.F.,.F.,(4,4),(0.172045217048837,0.194583168033835),
 .UNSPECIFIED.);
#326=B_SPLINE_CURVE_WITH_KNOTS('',3,(#3081,#3082,#3083,#3084),
 .UNSPECIFIED.,.F.,.F.,(4,4),(-0.256461443456251,-0.0842781403497651),
 .UNSPECIFIED.);
#327=B_SPLINE_CURVE_WITH_KNOTS('',3,(#3086,#3087,#3088,#3089,#3090,#3091,
#3092,#3093),.UNSPECIFIED.,.F.,.F.,(4,2,2,4),(0.00639876718255027,0.267488712833009,
0.968635137391587,1.56423084987514),.UNSPECIFIED.);
#328=B_SPLINE_CURVE_WITH_KNOTS('',3,(#3094,#3095,#3096,#3097),
 .UNSPECIFIED.,.F.,.F.,(4,4),(-0.221516150773515,-0.103090303843207),
 .UNSPECIFIED.);
#329=B_SPLINE_CURVE_WITH_KNOTS('',3,(#3099,#3100,#3101,#3102,#3103,#3104),
 .UNSPECIFIED.,.F.,.F.,(4,2,4),(-1.16005426649435,-0.418695230843987,-0.00155666543825655),
 .UNSPECIFIED.);
#330=B_SPLINE_CURVE_WITH_KNOTS('',3,(#3105,#3106,#3107,#3108,#3109,#3110),
 .UNSPECIFIED.,.F.,.F.,(4,2,4),(-0.771867948452861,-0.391207577005113,-0.261983623498573),
 .UNSPECIFIED.);
#331=B_SPLINE_CURVE_WITH_KNOTS('',3,(#3119,#3120,#3121,#3122),
 .UNSPECIFIED.,.F.,.F.,(4,4),(0.837332168624858,0.83887994214011),
 .UNSPECIFIED.);
#332=B_SPLINE_CURVE_WITH_KNOTS('',3,(#3124,#3125,#3126,#3127,#3128,#3129),
 .UNSPECIFIED.,.F.,.F.,(4,2,4),(-0.0683866437473015,-0.0359936201553664,
-0.0027190406755512),.UNSPECIFIED.);
#333=B_SPLINE_CURVE_WITH_KNOTS('',3,(#3139,#3140,#3141,#3142,#3143,#3144),
 .UNSPECIFIED.,.F.,.F.,(4,2,4),(-0.069268461340951,-0.0359937956268146,
-0.00360081190656467),.UNSPECIFIED.);
#334=B_SPLINE_CURVE_WITH_KNOTS('',3,(#3145,#3146,#3147,#3148),
 .UNSPECIFIED.,.F.,.F.,(4,4),(-0.0436720995693346,-0.0421311831981224),
 .UNSPECIFIED.);
#335=B_SPLINE_CURVE_WITH_KNOTS('',3,(#3151,#3152,#3153,#3154),
 .UNSPECIFIED.,.F.,.F.,(4,4),(0.0683866341455172,0.0701879594334278),
 .UNSPECIFIED.);
#336=B_SPLINE_CURVE_WITH_KNOTS('',3,(#3157,#3158,#3159,#3160,#3161,#3162,
#3163),.UNSPECIFIED.,.F.,.F.,(4,3,4),(0.0062339507335398,0.00856760482015859,
0.0109012589067774),.UNSPECIFIED.);
#337=B_SPLINE_CURVE_WITH_KNOTS('',3,(#3166,#3167,#3168,#3169),
 .UNSPECIFIED.,.F.,.F.,(4,4),(-0.136857539985526,-0.13219270980289),
 .UNSPECIFIED.);
#338=B_SPLINE_CURVE_WITH_KNOTS('',3,(#3172,#3173,#3174,#3175),
 .UNSPECIFIED.,.F.,.F.,(4,4),(0.001799484871713,0.00360081143116823),
 .UNSPECIFIED.);
#339=B_SPLINE_CURVE_WITH_KNOTS('',3,(#3179,#3180,#3181,#3182),
 .UNSPECIFIED.,.F.,.F.,(4,4),(0.0687666340336683,0.0689699272761842),
 .UNSPECIFIED.);
#340=B_SPLINE_CURVE_WITH_KNOTS('',3,(#3186,#3187,#3188,#3189,#3190,#3191),
 .UNSPECIFIED.,.F.,.F.,(4,2,4),(0.00329665656389802,0.835685987971588,1.53843657243366),
 .UNSPECIFIED.);
#341=B_SPLINE_CURVE_WITH_KNOTS('',3,(#3195,#3196,#3197,#3198,#3199,#3200),
 .UNSPECIFIED.,.F.,.F.,(4,2,4),(0.157331979085797,0.833249840869143,1.64996385225076),
 .UNSPECIFIED.);
#342=B_SPLINE_CURVE_WITH_KNOTS('',3,(#3204,#3205,#3206,#3207),
 .UNSPECIFIED.,.F.,.F.,(4,4),(0.000203291179544935,0.000407115594548122),
 .UNSPECIFIED.);
#343=B_SPLINE_CURVE_WITH_KNOTS('',3,(#3228,#3229,#3230,#3231),
 .UNSPECIFIED.,.F.,.F.,(4,4),(-0.0667032892645666,-3.7163862126316E-7),
 .UNSPECIFIED.);
#344=B_SPLINE_CURVE_WITH_KNOTS('',3,(#3233,#3234,#3235,#3236),
 .UNSPECIFIED.,.F.,.F.,(4,4),(0.0011775949152368,0.00206055528908064),
 .UNSPECIFIED.);
#345=B_SPLINE_CURVE_WITH_KNOTS('',3,(#3237,#3238,#3239,#3240,#3241,#3242),
 .UNSPECIFIED.,.F.,.F.,(4,2,4),(0.0124950232545828,0.269973961918892,0.476049618196761),
 .UNSPECIFIED.);
#346=B_SPLINE_CURVE_WITH_KNOTS('',3,(#3243,#3244,#3245,#3246,#3247,#3248),
 .UNSPECIFIED.,.F.,.F.,(4,2,4),(0.0559349981555569,0.259982337359725,0.509465702197713),
 .UNSPECIFIED.);
#347=B_SPLINE_CURVE_WITH_KNOTS('',3,(#3266,#3267,#3268,#3269),
 .UNSPECIFIED.,.F.,.F.,(4,4),(1.52593656821409E-6,0.926566150052154),
 .UNSPECIFIED.);
#348=B_SPLINE_CURVE_WITH_KNOTS('',3,(#3271,#3272,#3273,#3274),
 .UNSPECIFIED.,.F.,.F.,(4,4),(1.67877967393138E-6,1.),.UNSPECIFIED.);
#349=B_SPLINE_CURVE_WITH_KNOTS('',3,(#3277,#3278,#3279,#3280,#3281,#3282,
#3283,#3284,#3285,#3286,#3287,#3288,#3289),.UNSPECIFIED.,.F.,.F.,(4,3,3,
3,4),(-4.3947544503034,-2.58693102949335,-2.22531650060003,-0.593457302919873,
0.),.UNSPECIFIED.);
#350=B_SPLINE_CURVE_WITH_KNOTS('',3,(#3302,#3303,#3304,#3305,#3306,#3307),
 .UNSPECIFIED.,.F.,.F.,(4,2,4),(-0.0544045253202735,0.,0.00160224318890567),
 .UNSPECIFIED.);
#351=B_SPLINE_CURVE_WITH_KNOTS('',3,(#3309,#3310,#3311,#3312,#3313,#3314,
#3315,#3316,#3317,#3318),.UNSPECIFIED.,.F.,.F.,(4,3,3,4),(-0.00160224371249315,
0.,0.132777674449955,0.181694539933618),.UNSPECIFIED.);
#352=B_SPLINE_CURVE_WITH_KNOTS('',3,(#3357,#3358,#3359,#3360),
 .UNSPECIFIED.,.F.,.F.,(4,4),(0.0450184109887021,0.0460313983949731),
 .UNSPECIFIED.);
#353=B_SPLINE_CURVE_WITH_KNOTS('',3,(#3362,#3363,#3364,#3365),
 .UNSPECIFIED.,.F.,.F.,(4,4),(0.0438202151166893,0.0440020591948185),
 .UNSPECIFIED.);
#354=B_SPLINE_CURVE_WITH_KNOTS('',3,(#3366,#3367,#3368,#3369,#3370,#3371,
#3372,#3373,#3374,#3375,#3376,#3377,#3378,#3379,#3380,#3381),
 .UNSPECIFIED.,.F.,.F.,(4,3,3,3,3,4),(0.0440020591948185,0.0598491112031994,
1.1548519130151,2.24985471482699,3.36071913514204,4.45238860004709),
 .UNSPECIFIED.);
#355=B_SPLINE_CURVE_WITH_KNOTS('',3,(#3402,#3403,#3404,#3405),
 .UNSPECIFIED.,.F.,.F.,(4,4),(-0.000109070076875745,0.999999999833645),
 .UNSPECIFIED.);
#356=B_SPLINE_CURVE_WITH_KNOTS('',3,(#3408,#3409,#3410,#3411,#3412,#3413),
 .UNSPECIFIED.,.F.,.F.,(4,2,4),(-0.258333456304419,-0.147076622658172,-0.0143255129357588),
 .UNSPECIFIED.);
#357=B_SPLINE_CURVE_WITH_KNOTS('',3,(#3414,#3415,#3416,#3417,#3418,#3419,
#3420),.UNSPECIFIED.,.F.,.F.,(4,3,4),(-0.245620751304678,-0.152306762222372,
-0.0353446770824286),.UNSPECIFIED.);
#358=B_SPLINE_CURVE_WITH_KNOTS('',3,(#3437,#3438,#3439,#3440,#3441,#3442,
#3443,#3444,#3445,#3446,#3447,#3448,#3449,#3450,#3451,#3452,#3453,#3454,
#3455,#3456,#3457,#3458,#3459,#3460,#3461,#3462,#3463,#3464,#3465,#3466,
#3467),.UNSPECIFIED.,.F.,.F.,(4,3,3,3,3,3,3,3,3,3,4),(0.00143019157059768,
0.145010368934549,0.291801255168892,0.433408930264911,0.570686205725905,
0.703327035754356,0.822597186658081,1.01296814360489,1.2529372965434,1.4604155497671,
1.61222830889343),.UNSPECIFIED.);
#359=B_SPLINE_CURVE_WITH_KNOTS('',3,(#3469,#3470,#3471,#3472),
 .UNSPECIFIED.,.F.,.F.,(4,4),(0.072939141039351,0.11296674241046),
 .UNSPECIFIED.);
#360=B_SPLINE_CURVE_WITH_KNOTS('',3,(#3473,#3474,#3475,#3476,#3477,#3478,
#3479),.UNSPECIFIED.,.F.,.F.,(4,3,4),(0.0812034760203343,0.320488554340985,
0.540331447453252),.UNSPECIFIED.);
#361=B_SPLINE_CURVE_WITH_KNOTS('',3,(#3514,#3515,#3516,#3517),
 .UNSPECIFIED.,.F.,.F.,(4,4),(-0.297434368040265,-0.262237310900835),
 .UNSPECIFIED.);
#362=B_SPLINE_CURVE_WITH_KNOTS('',3,(#3572,#3573,#3574,#3575),
 .UNSPECIFIED.,.F.,.F.,(4,4),(-4.42849895311804,-4.42748818206552),
 .UNSPECIFIED.);
#363=B_SPLINE_CURVE_WITH_KNOTS('',3,(#3580,#3581,#3582,#3583,#3584,#3585),
 .UNSPECIFIED.,.F.,.F.,(4,2,4),(-0.0604866535378033,-0.0588844103488976,
-0.00447988121898951),.UNSPECIFIED.);
#364=B_SPLINE_CURVE_WITH_KNOTS('',3,(#3589,#3590,#3591,#3592,#3593,#3594,
#3595,#3596,#3597,#3598),.UNSPECIFIED.,.F.,.F.,(4,3,3,4),(0.0751326291232838,
0.294294841880699,0.391501266286717,0.394291111594728),.UNSPECIFIED.);
#365=B_SPLINE_CURVE_WITH_KNOTS('',3,(#3622,#3623,#3624,#3625),
 .UNSPECIFIED.,.F.,.F.,(4,4),(0.,0.926566147646277),.UNSPECIFIED.);
#366=B_SPLINE_CURVE_WITH_KNOTS('',3,(#3627,#3628,#3629,#3630),
 .UNSPECIFIED.,.F.,.F.,(4,4),(-0.000882960205568383,0.),.UNSPECIFIED.);
#367=B_SPLINE_CURVE_WITH_KNOTS('',3,(#3631,#3632,#3633,#3634,#3635,#3636,
#3637,#3638,#3639,#3640,#3641,#3642,#3643),.UNSPECIFIED.,.F.,.F.,(4,3,3,
3,4),(-4.38637905476282,-2.76093667919019,-2.23033008181942,-0.428766099672387,
-0.000883299048349734),.UNSPECIFIED.);
#368=B_SPLINE_CURVE_WITH_KNOTS('',3,(#3660,#3661,#3662,#3663,#3664,#3665),
 .UNSPECIFIED.,.F.,.F.,(4,2,4),(0.0587535913385746,0.269966882053556,0.522307763262943),
 .UNSPECIFIED.);
#369=B_SPLINE_CURVE_WITH_KNOTS('',3,(#3667,#3668,#3669,#3670,#3671,#3672,
#3673,#3674,#3675,#3676,#3677,#3678,#3679,#3680,#3681,#3682),
 .UNSPECIFIED.,.F.,.F.,(4,3,3,3,3,4),(-4.40251462987011,-3.28912751567308,
-2.19497894725972,-1.09748947362986,0.,0.0158830395382242),
 .UNSPECIFIED.);
#370=B_SPLINE_CURVE_WITH_KNOTS('',3,(#3683,#3684,#3685,#3686),
 .UNSPECIFIED.,.F.,.F.,(4,4),(0.0158830395382242,0.0160648838531957),
 .UNSPECIFIED.);
#371=B_SPLINE_CURVE_WITH_KNOTS('',3,(#3704,#3705,#3706,#3707),
 .UNSPECIFIED.,.F.,.F.,(4,4),(-0.0667028674597025,0.),.UNSPECIFIED.);
#372=B_SPLINE_CURVE_WITH_KNOTS('',3,(#3724,#3725,#3726,#3727,#3728,#3729),
 .UNSPECIFIED.,.F.,.F.,(4,2,4),(0.0127360220972646,0.262538162352024,0.466846222913098),
 .UNSPECIFIED.);
#373=B_SPLINE_CURVE_WITH_KNOTS('',3,(#3732,#3733,#3734,#3735,#3736,#3737,
#3738),.UNSPECIFIED.,.F.,.F.,(4,3,4),(-0.268996954759959,-0.151952880234812,
-0.0585774701499461),.UNSPECIFIED.);
#374=B_SPLINE_CURVE_WITH_KNOTS('',3,(#3739,#3740,#3741,#3742,#3743,#3744),
 .UNSPECIFIED.,.F.,.F.,(4,2,4),(-0.279928755416485,-0.147178273892963,-0.0359221625828969),
 .UNSPECIFIED.);
#375=B_SPLINE_CURVE_WITH_KNOTS('',3,(#3762,#3763,#3764,#3765,#3766,#3767,
#3768),.UNSPECIFIED.,.F.,.F.,(4,3,4),(-0.580065978839391,-0.336219547465364,
-0.12094238741728),.UNSPECIFIED.);
#376=B_SPLINE_CURVE_WITH_KNOTS('',3,(#3769,#3770,#3771,#3772),
 .UNSPECIFIED.,.F.,.F.,(4,4),(0.52936573260312,0.569393738852369),
 .UNSPECIFIED.);
#377=B_SPLINE_CURVE_WITH_KNOTS('',3,(#3773,#3774,#3775,#3776,#3777,#3778,
#3779,#3780,#3781,#3782,#3783,#3784,#3785,#3786,#3787,#3788,#3789,#3790,
#3791,#3792,#3793,#3794,#3795,#3796,#3797,#3798,#3799,#3800,#3801,#3802,
#3803),.UNSPECIFIED.,.F.,.F.,(4,3,3,3,3,3,3,3,3,3,4),(0.0815381616542071,
0.271294393432098,0.509978745474399,0.705717731070812,0.848929448853163,
0.977346664723648,1.10834894463534,1.24628628290152,1.387838231769,1.52876403617949,
1.646968406059),.UNSPECIFIED.);
#378=B_SPLINE_CURVE_WITH_KNOTS('',3,(#3821,#3822,#3823,#3824),
 .UNSPECIFIED.,.F.,.F.,(4,4),(0.00665364466334765,0.0434180935677314),
 .UNSPECIFIED.);
#379=LINE('',#2723,#614);
#380=LINE('',#2725,#615);
#381=LINE('',#2727,#616);
#382=LINE('',#2840,#617);
#383=LINE('',#2847,#618);
#384=LINE('',#2848,#619);
#385=LINE('',#2968,#620);
#386=LINE('',#2975,#621);
#387=LINE('',#3045,#622);
#388=LINE('',#3052,#623);
#389=LINE('',#3054,#624);
#390=LINE('',#3056,#625);
#391=LINE('',#3058,#626);
#392=LINE('',#3059,#627);
#393=LINE('',#3112,#628);
#394=LINE('',#3115,#629);
#395=LINE('',#3117,#630);
#396=LINE('',#3130,#631);
#397=LINE('',#3134,#632);
#398=LINE('',#3135,#633);
#399=LINE('',#3137,#634);
#400=LINE('',#3156,#635);
#401=LINE('',#3171,#636);
#402=LINE('',#3184,#637);
#403=LINE('',#3193,#638);
#404=LINE('',#3202,#639);
#405=LINE('',#3209,#640);
#406=LINE('',#3210,#641);
#407=LINE('',#3276,#642);
#408=LINE('',#3293,#643);
#409=LINE('',#3295,#644);
#410=LINE('',#3297,#645);
#411=LINE('',#3298,#646);
#412=LINE('',#3320,#647);
#413=LINE('',#3322,#648);
#414=LINE('',#3324,#649);
#415=LINE('',#3326,#650);
#416=LINE('',#3328,#651);
#417=LINE('',#3329,#652);
#418=LINE('',#3331,#653);
#419=LINE('',#3333,#654);
#420=LINE('',#3335,#655);
#421=LINE('',#3337,#656);
#422=LINE('',#3339,#657);
#423=LINE('',#3340,#658);
#424=LINE('',#3384,#659);
#425=LINE('',#3385,#660);
#426=LINE('',#3497,#661);
#427=LINE('',#3520,#662);
#428=LINE('',#3522,#663);
#429=LINE('',#3523,#664);
#430=LINE('',#3526,#665);
#431=LINE('',#3528,#666);
#432=LINE('',#3529,#667);
#433=LINE('',#3532,#668);
#434=LINE('',#3533,#669);
#435=LINE('',#3535,#670);
#436=LINE('',#3538,#671);
#437=LINE('',#3539,#672);
#438=LINE('',#3542,#673);
#439=LINE('',#3543,#674);
#440=LINE('',#3546,#675);
#441=LINE('',#3547,#676);
#442=LINE('',#3550,#677);
#443=LINE('',#3551,#678);
#444=LINE('',#3554,#679);
#445=LINE('',#3555,#680);
#446=LINE('',#3558,#681);
#447=LINE('',#3559,#682);
#448=LINE('',#3562,#683);
#449=LINE('',#3563,#684);
#450=LINE('',#3566,#685);
#451=LINE('',#3567,#686);
#452=LINE('',#3570,#687);
#453=LINE('',#3576,#688);
#454=LINE('',#3587,#689);
#455=LINE('',#3588,#690);
#456=LINE('',#3601,#691);
#457=LINE('',#3602,#692);
#458=LINE('',#3604,#693);
#459=LINE('',#3826,#694);
#460=LINE('',#3827,#695);
#461=LINE('',#3846,#696);
#462=LINE('',#3851,#697);
#463=LINE('',#3853,#698);
#464=LINE('',#3855,#699);
#465=LINE('',#3856,#700);
#466=LINE('',#3860,#701);
#467=LINE('',#3861,#702);
#468=LINE('',#3862,#703);
#469=LINE('',#3865,#704);
#470=LINE('',#3866,#705);
#471=LINE('',#3869,#706);
#472=LINE('',#3870,#707);
#473=LINE('',#3872,#708);
#474=LINE('',#3876,#709);
#475=LINE('',#3877,#710);
#476=LINE('',#3878,#711);
#477=LINE('',#3881,#712);
#478=LINE('',#3882,#713);
#479=LINE('',#3885,#714);
#480=LINE('',#3886,#715);
#481=LINE('',#3888,#716);
#482=LINE('',#3892,#717);
#483=LINE('',#3894,#718);
#484=LINE('',#3896,#719);
#485=LINE('',#3897,#720);
#486=LINE('',#3901,#721);
#487=LINE('',#3903,#722);
#488=LINE('',#3905,#723);
#489=LINE('',#3907,#724);
#490=LINE('',#3909,#725);
#491=LINE('',#3911,#726);
#492=LINE('',#3912,#727);
#493=LINE('',#3914,#728);
#494=LINE('',#3916,#729);
#495=LINE('',#3918,#730);
#496=LINE('',#3920,#731);
#497=LINE('',#3921,#732);
#498=LINE('',#3940,#733);
#499=LINE('',#3941,#734);
#500=LINE('',#3943,#735);
#501=LINE('',#3944,#736);
#502=LINE('',#3962,#737);
#503=LINE('',#3963,#738);
#504=LINE('',#3966,#739);
#505=LINE('',#3967,#740);
#506=LINE('',#3971,#741);
#507=LINE('',#3972,#742);
#508=LINE('',#3973,#743);
#509=LINE('',#3992,#744);
#510=LINE('',#3993,#745);
#511=LINE('',#3994,#746);
#512=LINE('',#4011,#747);
#513=LINE('',#4015,#748);
#514=LINE('',#4017,#749);
#515=LINE('',#4018,#750);
#516=LINE('',#4019,#751);
#517=LINE('',#4022,#752);
#518=LINE('',#4023,#753);
#519=LINE('',#4042,#754);
#520=LINE('',#4043,#755);
#521=LINE('',#4044,#756);
#522=LINE('',#4062,#757);
#523=LINE('',#4064,#758);
#524=LINE('',#4065,#759);
#525=LINE('',#4083,#760);
#526=LINE('',#4084,#761);
#527=LINE('',#4088,#762);
#528=LINE('',#4089,#763);
#529=LINE('',#4090,#764);
#530=LINE('',#4108,#765);
#531=LINE('',#4109,#766);
#532=LINE('',#4128,#767);
#533=LINE('',#4129,#768);
#534=LINE('',#4130,#769);
#535=LINE('',#4134,#770);
#536=LINE('',#4135,#771);
#537=LINE('',#4136,#772);
#538=LINE('',#4139,#773);
#539=LINE('',#4141,#774);
#540=LINE('',#4142,#775);
#541=LINE('',#4145,#776);
#542=LINE('',#4146,#777);
#543=LINE('',#4149,#778);
#544=LINE('',#4150,#779);
#545=LINE('',#4152,#780);
#546=LINE('',#4155,#781);
#547=LINE('',#4156,#782);
#548=LINE('',#4159,#783);
#549=LINE('',#4160,#784);
#550=LINE('',#4163,#785);
#551=LINE('',#4164,#786);
#552=LINE('',#4167,#787);
#553=LINE('',#4168,#788);
#554=LINE('',#4171,#789);
#555=LINE('',#4172,#790);
#556=LINE('',#4175,#791);
#557=LINE('',#4176,#792);
#558=LINE('',#4179,#793);
#559=LINE('',#4180,#794);
#560=LINE('',#4183,#795);
#561=LINE('',#4184,#796);
#562=LINE('',#4187,#797);
#563=LINE('',#4188,#798);
#564=LINE('',#4191,#799);
#565=LINE('',#4193,#800);
#566=LINE('',#4194,#801);
#567=LINE('',#4196,#802);
#568=LINE('',#4199,#803);
#569=LINE('',#4200,#804);
#570=LINE('',#4218,#805);
#571=LINE('',#4219,#806);
#572=LINE('',#4237,#807);
#573=LINE('',#4238,#808);
#574=LINE('',#4240,#809);
#575=LINE('',#4244,#810);
#576=LINE('',#4245,#811);
#577=LINE('',#4246,#812);
#578=LINE('',#4248,#813);
#579=LINE('',#4266,#814);
#580=LINE('',#4267,#815);
#581=LINE('',#4284,#816);
#582=LINE('',#4288,#817);
#583=LINE('',#4289,#818);
#584=LINE('',#4291,#819);
#585=LINE('',#4292,#820);
#586=LINE('',#4295,#821);
#587=LINE('',#4296,#822);
#588=LINE('',#4298,#823);
#589=LINE('',#4317,#824);
#590=LINE('',#4318,#825);
#591=LINE('',#4319,#826);
#592=LINE('',#4337,#827);
#593=LINE('',#4339,#828);
#594=LINE('',#4340,#829);
#595=LINE('',#4358,#830);
#596=LINE('',#4359,#831);
#597=LINE('',#4361,#832);
#598=LINE('',#4363,#833);
#599=LINE('',#4366,#834);
#600=LINE('',#4367,#835);
#601=LINE('',#4370,#836);
#602=LINE('',#4371,#837);
#603=LINE('',#4389,#838);
#604=LINE('',#4390,#839);
#605=LINE('',#4409,#840);
#606=LINE('',#4410,#841);
#607=LINE('',#4411,#842);
#608=LINE('',#4413,#843);
#609=LINE('',#4416,#844);
#610=LINE('',#4418,#845);
#611=LINE('',#4419,#846);
#612=LINE('',#4421,#847);
#613=LINE('',#4423,#848);
#614=VECTOR('',#2314,10.);
#615=VECTOR('',#2315,10.);
#616=VECTOR('',#2316,10.);
#617=VECTOR('',#2319,10.);
#618=VECTOR('',#2320,10.);
#619=VECTOR('',#2321,10.);
#620=VECTOR('',#2324,10.);
#621=VECTOR('',#2325,10.);
#622=VECTOR('',#2328,10.);
#623=VECTOR('',#2329,10.);
#624=VECTOR('',#2330,10.);
#625=VECTOR('',#2331,10.);
#626=VECTOR('',#2332,10.);
#627=VECTOR('',#2333,10.);
#628=VECTOR('',#2336,10.);
#629=VECTOR('',#2339,10.);
#630=VECTOR('',#2340,10.);
#631=VECTOR('',#2341,10.);
#632=VECTOR('',#2344,10.);
#633=VECTOR('',#2345,10.);
#634=VECTOR('',#2346,10.);
#635=VECTOR('',#2349,10.);
#636=VECTOR('',#2352,10.);
#637=VECTOR('',#2355,10.);
#638=VECTOR('',#2356,10.);
#639=VECTOR('',#2357,10.);
#640=VECTOR('',#2358,10.);
#641=VECTOR('',#2359,10.);
#642=VECTOR('',#2360,10.);
#643=VECTOR('',#2363,10.);
#644=VECTOR('',#2364,10.);
#645=VECTOR('',#2365,10.);
#646=VECTOR('',#2366,10.);
#647=VECTOR('',#2369,10.);
#648=VECTOR('',#2370,10.);
#649=VECTOR('',#2371,10.);
#650=VECTOR('',#2372,10.);
#651=VECTOR('',#2373,10.);
#652=VECTOR('',#2374,10.);
#653=VECTOR('',#2375,10.);
#654=VECTOR('',#2376,10.);
#655=VECTOR('',#2377,10.);
#656=VECTOR('',#2378,10.);
#657=VECTOR('',#2379,10.);
#658=VECTOR('',#2380,10.);
#659=VECTOR('',#2383,10.);
#660=VECTOR('',#2384,10.);
#661=VECTOR('',#2389,10.);
#662=VECTOR('',#2392,10.);
#663=VECTOR('',#2393,10.);
#664=VECTOR('',#2394,10.);
#665=VECTOR('',#2397,10.);
#666=VECTOR('',#2398,10.);
#667=VECTOR('',#2399,10.);
#668=VECTOR('',#2402,10.);
#669=VECTOR('',#2403,10.);
#670=VECTOR('',#2406,10.);
#671=VECTOR('',#2409,10.);
#672=VECTOR('',#2410,10.);
#673=VECTOR('',#2413,10.);
#674=VECTOR('',#2414,10.);
#675=VECTOR('',#2417,10.);
#676=VECTOR('',#2418,10.);
#677=VECTOR('',#2421,10.);
#678=VECTOR('',#2422,10.);
#679=VECTOR('',#2425,10.);
#680=VECTOR('',#2426,10.);
#681=VECTOR('',#2429,10.);
#682=VECTOR('',#2430,10.);
#683=VECTOR('',#2433,10.);
#684=VECTOR('',#2434,10.);
#685=VECTOR('',#2437,10.);
#686=VECTOR('',#2438,10.);
#687=VECTOR('',#2441,10.);
#688=VECTOR('',#2442,10.);
#689=VECTOR('',#2445,10.);
#690=VECTOR('',#2446,10.);
#691=VECTOR('',#2449,10.);
#692=VECTOR('',#2450,10.);
#693=VECTOR('',#2453,10.);
#694=VECTOR('',#2462,10.);
#695=VECTOR('',#2463,10.);
#696=VECTOR('',#2468,10.);
#697=VECTOR('',#2473,10.);
#698=VECTOR('',#2474,10.);
#699=VECTOR('',#2475,10.);
#700=VECTOR('',#2476,10.);
#701=VECTOR('',#2479,10.);
#702=VECTOR('',#2480,10.);
#703=VECTOR('',#2481,10.);
#704=VECTOR('',#2484,10.);
#705=VECTOR('',#2485,10.);
#706=VECTOR('',#2488,10.);
#707=VECTOR('',#2489,10.);
#708=VECTOR('',#2492,10.);
#709=VECTOR('',#2495,10.);
#710=VECTOR('',#2496,10.);
#711=VECTOR('',#2497,10.);
#712=VECTOR('',#2500,10.);
#713=VECTOR('',#2501,10.);
#714=VECTOR('',#2504,10.);
#715=VECTOR('',#2505,10.);
#716=VECTOR('',#2508,10.);
#717=VECTOR('',#2511,10.);
#718=VECTOR('',#2512,10.);
#719=VECTOR('',#2513,10.);
#720=VECTOR('',#2514,10.);
#721=VECTOR('',#2517,10.);
#722=VECTOR('',#2518,10.);
#723=VECTOR('',#2519,10.);
#724=VECTOR('',#2520,10.);
#725=VECTOR('',#2521,10.);
#726=VECTOR('',#2522,10.);
#727=VECTOR('',#2523,10.);
#728=VECTOR('',#2524,10.);
#729=VECTOR('',#2525,10.);
#730=VECTOR('',#2526,10.);
#731=VECTOR('',#2527,10.);
#732=VECTOR('',#2528,10.);
#733=VECTOR('',#2529,10.);
#734=VECTOR('',#2530,44.0222673815811);
#735=VECTOR('',#2531,10.);
#736=VECTOR('',#2532,44.0000002831644);
#737=VECTOR('',#2533,10.);
#738=VECTOR('',#2534,10.);
#739=VECTOR('',#2537,10.);
#740=VECTOR('',#2538,10.);
#741=VECTOR('',#2541,10.);
#742=VECTOR('',#2542,10.);
#743=VECTOR('',#2543,0.674516137451672);
#744=VECTOR('',#2544,10.);
#745=VECTOR('',#2545,0.667062261792637);
#746=VECTOR('',#2546,0.667062264551311);
#747=VECTOR('',#2547,10.);
#748=VECTOR('',#2550,10.);
#749=VECTOR('',#2551,10.);
#750=VECTOR('',#2552,10.);
#751=VECTOR('',#2553,10.);
#752=VECTOR('',#2556,10.);
#753=VECTOR('',#2557,10.);
#754=VECTOR('',#2558,10.);
#755=VECTOR('',#2559,16.4500591252012);
#756=VECTOR('',#2560,10.);
#757=VECTOR('',#2561,10.);
#758=VECTOR('',#2562,10.);
#759=VECTOR('',#2563,17.0211226553121);
#760=VECTOR('',#2564,10.);
#761=VECTOR('',#2565,10.);
#762=VECTOR('',#2568,10.);
#763=VECTOR('',#2569,7.41048408059016);
#764=VECTOR('',#2570,10.);
#765=VECTOR('',#2571,10.);
#766=VECTOR('',#2572,3.89269905863794);
#767=VECTOR('',#2573,10.);
#768=VECTOR('',#2574,10.);
#769=VECTOR('',#2575,10.);
#770=VECTOR('',#2578,10.);
#771=VECTOR('',#2579,10.);
#772=VECTOR('',#2580,10.);
#773=VECTOR('',#2583,10.);
#774=VECTOR('',#2584,10.);
#775=VECTOR('',#2585,10.);
#776=VECTOR('',#2588,10.);
#777=VECTOR('',#2589,10.);
#778=VECTOR('',#2592,10.);
#779=VECTOR('',#2593,10.);
#780=VECTOR('',#2596,10.);
#781=VECTOR('',#2599,10.);
#782=VECTOR('',#2600,10.);
#783=VECTOR('',#2603,10.);
#784=VECTOR('',#2604,10.);
#785=VECTOR('',#2607,10.);
#786=VECTOR('',#2608,10.);
#787=VECTOR('',#2611,10.);
#788=VECTOR('',#2612,10.);
#789=VECTOR('',#2615,10.);
#790=VECTOR('',#2616,10.);
#791=VECTOR('',#2619,10.);
#792=VECTOR('',#2620,10.);
#793=VECTOR('',#2623,10.);
#794=VECTOR('',#2624,10.);
#795=VECTOR('',#2627,10.);
#796=VECTOR('',#2628,10.);
#797=VECTOR('',#2631,10.);
#798=VECTOR('',#2632,10.);
#799=VECTOR('',#2635,10.);
#800=VECTOR('',#2636,10.);
#801=VECTOR('',#2637,10.);
#802=VECTOR('',#2640,10.);
#803=VECTOR('',#2643,10.);
#804=VECTOR('',#2644,10.);
#805=VECTOR('',#2645,10.);
#806=VECTOR('',#2646,44.0222673815811);
#807=VECTOR('',#2647,10.);
#808=VECTOR('',#2648,10.);
#809=VECTOR('',#2651,10.);
#810=VECTOR('',#2654,10.);
#811=VECTOR('',#2655,0.674516137451672);
#812=VECTOR('',#2656,10.);
#813=VECTOR('',#2659,10.);
#814=VECTOR('',#2660,10.);
#815=VECTOR('',#2661,0.667062261792637);
#816=VECTOR('',#2662,10.);
#817=VECTOR('',#2665,10.);
#818=VECTOR('',#2666,10.);
#819=VECTOR('',#2667,10.);
#820=VECTOR('',#2668,10.);
#821=VECTOR('',#2671,10.);
#822=VECTOR('',#2672,10.);
#823=VECTOR('',#2675,10.);
#824=VECTOR('',#2676,10.);
#825=VECTOR('',#2677,10.);
#826=VECTOR('',#2678,16.4500591252012);
#827=VECTOR('',#2679,10.);
#828=VECTOR('',#2680,17.0211226553121);
#829=VECTOR('',#2681,10.);
#830=VECTOR('',#2682,10.);
#831=VECTOR('',#2683,10.);
#832=VECTOR('',#2686,10.);
#833=VECTOR('',#2689,10.);
#834=VECTOR('',#2692,10.);
#835=VECTOR('',#2693,10.);
#836=VECTOR('',#2696,10.);
#837=VECTOR('',#2697,7.41048408059016);
#838=VECTOR('',#2698,10.);
#839=VECTOR('',#2699,3.89269905863794);
#840=VECTOR('',#2700,10.);
#841=VECTOR('',#2701,10.);
#842=VECTOR('',#2702,10.);
#843=VECTOR('',#2705,10.);
#844=VECTOR('',#2708,10.);
#845=VECTOR('',#2709,10.);
#846=VECTOR('',#2710,10.);
#847=VECTOR('',#2713,10.);
#848=VECTOR('',#2716,10.);
#849=VERTEX_POINT('',#2721);
#850=VERTEX_POINT('',#2722);
#851=VERTEX_POINT('',#2724);
#852=VERTEX_POINT('',#2726);
#853=VERTEX_POINT('',#2767);
#854=VERTEX_POINT('',#2774);
#855=VERTEX_POINT('',#2779);
#856=VERTEX_POINT('',#2786);
#857=VERTEX_POINT('',#2791);
#858=VERTEX_POINT('',#2808);
#859=VERTEX_POINT('',#2816);
#860=VERTEX_POINT('',#2823);
#861=VERTEX_POINT('',#2838);
#862=VERTEX_POINT('',#2839);
#863=VERTEX_POINT('',#2841);
#864=VERTEX_POINT('',#2846);
#865=VERTEX_POINT('',#2884);
#866=VERTEX_POINT('',#2893);
#867=VERTEX_POINT('',#2902);
#868=VERTEX_POINT('',#2910);
#869=VERTEX_POINT('',#2924);
#870=VERTEX_POINT('',#2932);
#871=VERTEX_POINT('',#2949);
#872=VERTEX_POINT('',#2954);
#873=VERTEX_POINT('',#2969);
#874=VERTEX_POINT('',#2974);
#875=VERTEX_POINT('',#3002);
#876=VERTEX_POINT('',#3003);
#877=VERTEX_POINT('',#3008);
#878=VERTEX_POINT('',#3025);
#879=VERTEX_POINT('',#3030);
#880=VERTEX_POINT('',#3044);
#881=VERTEX_POINT('',#3046);
#882=VERTEX_POINT('',#3051);
#883=VERTEX_POINT('',#3053);
#884=VERTEX_POINT('',#3055);
#885=VERTEX_POINT('',#3057);
#886=VERTEX_POINT('',#3080);
#887=VERTEX_POINT('',#3085);
#888=VERTEX_POINT('',#3098);
#889=VERTEX_POINT('',#3114);
#890=VERTEX_POINT('',#3116);
#891=VERTEX_POINT('',#3118);
#892=VERTEX_POINT('',#3123);
#893=VERTEX_POINT('',#3132);
#894=VERTEX_POINT('',#3133);
#895=VERTEX_POINT('',#3136);
#896=VERTEX_POINT('',#3138);
#897=VERTEX_POINT('',#3150);
#898=VERTEX_POINT('',#3155);
#899=VERTEX_POINT('',#3165);
#900=VERTEX_POINT('',#3170);
#901=VERTEX_POINT('',#3177);
#902=VERTEX_POINT('',#3178);
#903=VERTEX_POINT('',#3183);
#904=VERTEX_POINT('',#3185);
#905=VERTEX_POINT('',#3192);
#906=VERTEX_POINT('',#3194);
#907=VERTEX_POINT('',#3201);
#908=VERTEX_POINT('',#3203);
#909=VERTEX_POINT('',#3208);
#910=VERTEX_POINT('',#3227);
#911=VERTEX_POINT('',#3232);
#912=VERTEX_POINT('',#3265);
#913=VERTEX_POINT('',#3270);
#914=VERTEX_POINT('',#3275);
#915=VERTEX_POINT('',#3291);
#916=VERTEX_POINT('',#3292);
#917=VERTEX_POINT('',#3294);
#918=VERTEX_POINT('',#3296);
#919=VERTEX_POINT('',#3300);
#920=VERTEX_POINT('',#3301);
#921=VERTEX_POINT('',#3308);
#922=VERTEX_POINT('',#3319);
#923=VERTEX_POINT('',#3321);
#924=VERTEX_POINT('',#3323);
#925=VERTEX_POINT('',#3325);
#926=VERTEX_POINT('',#3327);
#927=VERTEX_POINT('',#3330);
#928=VERTEX_POINT('',#3332);
#929=VERTEX_POINT('',#3334);
#930=VERTEX_POINT('',#3336);
#931=VERTEX_POINT('',#3338);
#932=VERTEX_POINT('',#3361);
#933=VERTEX_POINT('',#3383);
#934=VERTEX_POINT('',#3407);
#935=VERTEX_POINT('',#3468);
#936=VERTEX_POINT('',#3519);
#937=VERTEX_POINT('',#3521);
#938=VERTEX_POINT('',#3525);
#939=VERTEX_POINT('',#3527);
#940=VERTEX_POINT('',#3531);
#941=VERTEX_POINT('',#3537);
#942=VERTEX_POINT('',#3541);
#943=VERTEX_POINT('',#3545);
#944=VERTEX_POINT('',#3549);
#945=VERTEX_POINT('',#3553);
#946=VERTEX_POINT('',#3557);
#947=VERTEX_POINT('',#3561);
#948=VERTEX_POINT('',#3565);
#949=VERTEX_POINT('',#3569);
#950=VERTEX_POINT('',#3571);
#951=VERTEX_POINT('',#3578);
#952=VERTEX_POINT('',#3579);
#953=VERTEX_POINT('',#3586);
#954=VERTEX_POINT('',#3600);
#955=VERTEX_POINT('',#3621);
#956=VERTEX_POINT('',#3626);
#957=VERTEX_POINT('',#3666);
#958=VERTEX_POINT('',#3731);
#959=VERTEX_POINT('',#3761);
#960=VERTEX_POINT('',#3849);
#961=VERTEX_POINT('',#3850);
#962=VERTEX_POINT('',#3852);
#963=VERTEX_POINT('',#3854);
#964=VERTEX_POINT('',#3858);
#965=VERTEX_POINT('',#3859);
#966=VERTEX_POINT('',#3864);
#967=VERTEX_POINT('',#3868);
#968=VERTEX_POINT('',#3874);
#969=VERTEX_POINT('',#3875);
#970=VERTEX_POINT('',#3880);
#971=VERTEX_POINT('',#3884);
#972=VERTEX_POINT('',#3890);
#973=VERTEX_POINT('',#3891);
#974=VERTEX_POINT('',#3893);
#975=VERTEX_POINT('',#3895);
#976=VERTEX_POINT('',#3899);
#977=VERTEX_POINT('',#3900);
#978=VERTEX_POINT('',#3902);
#979=VERTEX_POINT('',#3904);
#980=VERTEX_POINT('',#3906);
#981=VERTEX_POINT('',#3908);
#982=VERTEX_POINT('',#3910);
#983=VERTEX_POINT('',#3913);
#984=VERTEX_POINT('',#3915);
#985=VERTEX_POINT('',#3917);
#986=VERTEX_POINT('',#3919);
#987=VERTEX_POINT('',#3938);
#988=VERTEX_POINT('',#3939);
#989=VERTEX_POINT('',#3942);
#990=VERTEX_POINT('',#3961);
#991=VERTEX_POINT('',#3965);
#992=VERTEX_POINT('',#3969);
#993=VERTEX_POINT('',#3970);
#994=VERTEX_POINT('',#3990);
#995=VERTEX_POINT('',#3991);
#996=VERTEX_POINT('',#4013);
#997=VERTEX_POINT('',#4014);
#998=VERTEX_POINT('',#4016);
#999=VERTEX_POINT('',#4021);
#1000=VERTEX_POINT('',#4040);
#1001=VERTEX_POINT('',#4041);
#1002=VERTEX_POINT('',#4061);
#1003=VERTEX_POINT('',#4063);
#1004=VERTEX_POINT('',#4082);
#1005=VERTEX_POINT('',#4086);
#1006=VERTEX_POINT('',#4087);
#1007=VERTEX_POINT('',#4107);
#1008=VERTEX_POINT('',#4126);
#1009=VERTEX_POINT('',#4127);
#1010=VERTEX_POINT('',#4132);
#1011=VERTEX_POINT('',#4133);
#1012=VERTEX_POINT('',#4138);
#1013=VERTEX_POINT('',#4140);
#1014=VERTEX_POINT('',#4144);
#1015=VERTEX_POINT('',#4148);
#1016=VERTEX_POINT('',#4154);
#1017=VERTEX_POINT('',#4158);
#1018=VERTEX_POINT('',#4162);
#1019=VERTEX_POINT('',#4166);
#1020=VERTEX_POINT('',#4170);
#1021=VERTEX_POINT('',#4174);
#1022=VERTEX_POINT('',#4178);
#1023=VERTEX_POINT('',#4182);
#1024=VERTEX_POINT('',#4186);
#1025=VERTEX_POINT('',#4190);
#1026=VERTEX_POINT('',#4192);
#1027=VERTEX_POINT('',#4198);
#1028=VERTEX_POINT('',#4217);
#1029=VERTEX_POINT('',#4236);
#1030=VERTEX_POINT('',#4242);
#1031=VERTEX_POINT('',#4243);
#1032=VERTEX_POINT('',#4265);
#1033=VERTEX_POINT('',#4286);
#1034=VERTEX_POINT('',#4287);
#1035=VERTEX_POINT('',#4290);
#1036=VERTEX_POINT('',#4294);
#1037=VERTEX_POINT('',#4315);
#1038=VERTEX_POINT('',#4316);
#1039=VERTEX_POINT('',#4336);
#1040=VERTEX_POINT('',#4338);
#1041=VERTEX_POINT('',#4357);
#1042=VERTEX_POINT('',#4365);
#1043=VERTEX_POINT('',#4369);
#1044=VERTEX_POINT('',#4388);
#1045=VERTEX_POINT('',#4407);
#1046=VERTEX_POINT('',#4408);
#1047=VERTEX_POINT('',#4415);
#1048=VERTEX_POINT('',#4417);
#1049=EDGE_CURVE('',#849,#850,#379,.T.);
#1050=EDGE_CURVE('',#849,#851,#380,.T.);
#1051=EDGE_CURVE('',#851,#852,#381,.T.);
#1052=EDGE_CURVE('',#852,#850,#297,.T.);
#1053=EDGE_CURVE('',#853,#850,#298,.T.);
#1054=EDGE_CURVE('',#854,#852,#299,.T.);
#1055=EDGE_CURVE('',#854,#855,#300,.F.);
#1056=EDGE_CURVE('',#856,#855,#301,.T.);
#1057=EDGE_CURVE('',#857,#856,#302,.F.);
#1058=EDGE_CURVE('',#858,#857,#303,.F.);
#1059=EDGE_CURVE('',#859,#858,#304,.T.);
#1060=EDGE_CURVE('',#860,#859,#305,.T.);
#1061=EDGE_CURVE('',#860,#853,#306,.T.);
#1062=EDGE_CURVE('',#861,#862,#382,.F.);
#1063=EDGE_CURVE('',#863,#862,#307,.F.);
#1064=EDGE_CURVE('',#864,#863,#383,.T.);
#1065=EDGE_CURVE('',#861,#864,#384,.T.);
#1066=EDGE_CURVE('',#865,#862,#308,.T.);
#1067=EDGE_CURVE('',#866,#865,#309,.T.);
#1068=EDGE_CURVE('',#866,#867,#310,.F.);
#1069=EDGE_CURVE('',#868,#867,#311,.T.);
#1070=EDGE_CURVE('',#868,#869,#312,.T.);
#1071=EDGE_CURVE('',#869,#870,#313,.T.);
#1072=EDGE_CURVE('',#870,#871,#314,.T.);
#1073=EDGE_CURVE('',#872,#871,#315,.T.);
#1074=EDGE_CURVE('',#863,#872,#316,.T.);
#1075=EDGE_CURVE('',#864,#851,#385,.F.);
#1076=EDGE_CURVE('',#872,#873,#317,.T.);
#1077=EDGE_CURVE('',#874,#873,#386,.T.);
#1078=EDGE_CURVE('',#854,#874,#318,.F.);
#1079=EDGE_CURVE('',#875,#876,#319,.T.);
#1080=EDGE_CURVE('',#877,#876,#320,.T.);
#1081=EDGE_CURVE('',#856,#877,#321,.F.);
#1082=EDGE_CURVE('',#855,#878,#322,.F.);
#1083=EDGE_CURVE('',#878,#879,#323,.F.);
#1084=EDGE_CURVE('',#879,#875,#324,.T.);
#1085=EDGE_CURVE('',#875,#880,#387,.F.);
#1086=EDGE_CURVE('',#880,#881,#325,.T.);
#1087=EDGE_CURVE('',#882,#881,#388,.T.);
#1088=EDGE_CURVE('',#882,#883,#389,.T.);
#1089=EDGE_CURVE('',#884,#883,#390,.T.);
#1090=EDGE_CURVE('',#885,#884,#391,.T.);
#1091=EDGE_CURVE('',#876,#885,#392,.T.);
#1092=EDGE_CURVE('',#880,#886,#326,.T.);
#1093=EDGE_CURVE('',#887,#886,#327,.T.);
#1094=EDGE_CURVE('',#871,#887,#328,.T.);
#1095=EDGE_CURVE('',#870,#888,#329,.T.);
#1096=EDGE_CURVE('',#888,#881,#330,.T.);
#1097=EDGE_CURVE('',#879,#886,#393,.F.);
#1098=EDGE_CURVE('',#889,#884,#394,.T.);
#1099=EDGE_CURVE('',#890,#889,#395,.F.);
#1100=EDGE_CURVE('',#890,#891,#331,.T.);
#1101=EDGE_CURVE('',#892,#891,#332,.T.);
#1102=EDGE_CURVE('',#892,#885,#396,.T.);
#1103=EDGE_CURVE('',#893,#894,#397,.T.);
#1104=EDGE_CURVE('',#894,#883,#398,.T.);
#1105=EDGE_CURVE('',#895,#882,#399,.T.);
#1106=EDGE_CURVE('',#895,#896,#333,.F.);
#1107=EDGE_CURVE('',#893,#896,#334,.T.);
#1108=EDGE_CURVE('',#892,#897,#335,.T.);
#1109=EDGE_CURVE('',#897,#898,#400,.T.);
#1110=EDGE_CURVE('',#898,#877,#336,.T.);
#1111=EDGE_CURVE('',#899,#888,#337,.T.);
#1112=EDGE_CURVE('',#899,#900,#401,.T.);
#1113=EDGE_CURVE('',#900,#895,#338,.T.);
#1114=EDGE_CURVE('',#901,#902,#339,.T.);
#1115=EDGE_CURVE('',#903,#902,#402,.F.);
#1116=EDGE_CURVE('',#904,#903,#340,.F.);
#1117=EDGE_CURVE('',#904,#905,#403,.F.);
#1118=EDGE_CURVE('',#905,#906,#341,.T.);
#1119=EDGE_CURVE('',#906,#907,#404,.T.);
#1120=EDGE_CURVE('',#907,#908,#342,.T.);
#1121=EDGE_CURVE('',#909,#908,#405,.T.);
#1122=EDGE_CURVE('',#909,#901,#406,.T.);
#1123=EDGE_CURVE('',#901,#910,#343,.T.);
#1124=EDGE_CURVE('',#911,#910,#344,.T.);
#1125=EDGE_CURVE('',#911,#896,#345,.F.);
#1126=EDGE_CURVE('',#902,#900,#346,.T.);
#1127=EDGE_CURVE('',#912,#910,#347,.T.);
#1128=EDGE_CURVE('',#912,#913,#348,.T.);
#1129=EDGE_CURVE('',#913,#914,#407,.T.);
#1130=EDGE_CURVE('',#911,#914,#349,.T.);
#1131=EDGE_CURVE('',#915,#916,#408,.T.);
#1132=EDGE_CURVE('',#917,#915,#409,.T.);
#1133=EDGE_CURVE('',#917,#918,#410,.F.);
#1134=EDGE_CURVE('',#918,#916,#411,.T.);
#1135=EDGE_CURVE('',#919,#920,#350,.F.);
#1136=EDGE_CURVE('',#921,#919,#351,.F.);
#1137=EDGE_CURVE('',#921,#922,#412,.F.);
#1138=EDGE_CURVE('',#922,#923,#413,.F.);
#1139=EDGE_CURVE('',#923,#924,#414,.F.);
#1140=EDGE_CURVE('',#924,#925,#415,.F.);
#1141=EDGE_CURVE('',#925,#926,#416,.F.);
#1142=EDGE_CURVE('',#917,#926,#417,.T.);
#1143=EDGE_CURVE('',#927,#915,#418,.T.);
#1144=EDGE_CURVE('',#928,#927,#419,.T.);
#1145=EDGE_CURVE('',#929,#928,#420,.T.);
#1146=EDGE_CURVE('',#930,#929,#421,.T.);
#1147=EDGE_CURVE('',#931,#930,#422,.T.);
#1148=EDGE_CURVE('',#920,#931,#423,.F.);
#1149=EDGE_CURVE('',#921,#914,#352,.T.);
#1150=EDGE_CURVE('',#932,#920,#353,.F.);
#1151=EDGE_CURVE('',#893,#932,#354,.F.);
#1152=EDGE_CURVE('',#933,#931,#424,.T.);
#1153=EDGE_CURVE('',#894,#933,#425,.T.);
#1154=EDGE_CURVE('',#909,#912,#355,.T.);
#1155=EDGE_CURVE('',#934,#899,#356,.T.);
#1156=EDGE_CURVE('',#903,#934,#357,.T.);
#1157=EDGE_CURVE('',#868,#934,#358,.F.);
#1158=EDGE_CURVE('',#935,#867,#359,.F.);
#1159=EDGE_CURVE('',#904,#935,#360,.T.);
#1160=EDGE_CURVE('',#866,#935,#426,.F.);
#1161=EDGE_CURVE('',#887,#873,#361,.T.);
#1162=EDGE_CURVE('',#936,#918,#427,.F.);
#1163=EDGE_CURVE('',#936,#937,#428,.T.);
#1164=EDGE_CURVE('',#937,#916,#429,.T.);
#1165=EDGE_CURVE('',#926,#938,#430,.T.);
#1166=EDGE_CURVE('',#939,#938,#431,.T.);
#1167=EDGE_CURVE('',#939,#936,#432,.F.);
#1168=EDGE_CURVE('',#939,#940,#433,.T.);
#1169=EDGE_CURVE('',#940,#937,#434,.F.);
#1170=EDGE_CURVE('',#940,#915,#435,.T.);
#1171=EDGE_CURVE('',#925,#941,#436,.F.);
#1172=EDGE_CURVE('',#941,#938,#437,.F.);
#1173=EDGE_CURVE('',#942,#927,#438,.T.);
#1174=EDGE_CURVE('',#942,#940,#439,.T.);
#1175=EDGE_CURVE('',#943,#928,#440,.T.);
#1176=EDGE_CURVE('',#943,#942,#441,.T.);
#1177=EDGE_CURVE('',#924,#944,#442,.T.);
#1178=EDGE_CURVE('',#944,#941,#443,.F.);
#1179=EDGE_CURVE('',#945,#929,#444,.T.);
#1180=EDGE_CURVE('',#945,#943,#445,.T.);
#1181=EDGE_CURVE('',#923,#946,#446,.T.);
#1182=EDGE_CURVE('',#946,#944,#447,.F.);
#1183=EDGE_CURVE('',#922,#947,#448,.F.);
#1184=EDGE_CURVE('',#947,#946,#449,.F.);
#1185=EDGE_CURVE('',#948,#930,#450,.F.);
#1186=EDGE_CURVE('',#948,#945,#451,.T.);
#1187=EDGE_CURVE('',#913,#949,#452,.T.);
#1188=EDGE_CURVE('',#950,#949,#362,.T.);
#1189=EDGE_CURVE('',#950,#947,#453,.F.);
#1190=EDGE_CURVE('',#951,#952,#363,.T.);
#1191=EDGE_CURVE('',#952,#953,#454,.T.);
#1192=EDGE_CURVE('',#953,#948,#455,.F.);
#1193=EDGE_CURVE('',#950,#951,#364,.T.);
#1194=EDGE_CURVE('',#954,#953,#456,.T.);
#1195=EDGE_CURVE('',#954,#933,#457,.T.);
#1196=EDGE_CURVE('',#889,#954,#458,.T.);
#1197=EDGE_CURVE('',#912,#955,#365,.T.);
#1198=EDGE_CURVE('',#956,#955,#366,.T.);
#1199=EDGE_CURVE('',#956,#949,#367,.F.);
#1200=EDGE_CURVE('',#956,#891,#368,.T.);
#1201=EDGE_CURVE('',#890,#957,#369,.T.);
#1202=EDGE_CURVE('',#957,#952,#370,.T.);
#1203=EDGE_CURVE('',#908,#955,#371,.F.);
#1204=EDGE_CURVE('',#907,#897,#372,.F.);
#1205=EDGE_CURVE('',#906,#958,#373,.F.);
#1206=EDGE_CURVE('',#958,#898,#374,.F.);
#1207=EDGE_CURVE('',#905,#959,#375,.T.);
#1208=EDGE_CURVE('',#959,#859,#376,.T.);
#1209=EDGE_CURVE('',#858,#958,#377,.T.);
#1210=EDGE_CURVE('',#878,#874,#378,.T.);
#1211=EDGE_CURVE('',#853,#865,#459,.T.);
#1212=EDGE_CURVE('',#860,#959,#460,.F.);
#1213=EDGE_CURVE('',#849,#861,#461,.F.);
#1214=EDGE_CURVE('',#960,#961,#462,.T.);
#1215=EDGE_CURVE('',#962,#960,#463,.T.);
#1216=EDGE_CURVE('',#963,#962,#464,.T.);
#1217=EDGE_CURVE('',#961,#963,#465,.T.);
#1218=EDGE_CURVE('',#964,#965,#466,.T.);
#1219=EDGE_CURVE('',#964,#960,#467,.T.);
#1220=EDGE_CURVE('',#965,#961,#468,.T.);
#1221=EDGE_CURVE('',#965,#966,#469,.T.);
#1222=EDGE_CURVE('',#966,#963,#470,.T.);
#1223=EDGE_CURVE('',#967,#966,#471,.T.);
#1224=EDGE_CURVE('',#967,#962,#472,.T.);
#1225=EDGE_CURVE('',#964,#967,#473,.T.);
#1226=EDGE_CURVE('',#968,#969,#474,.T.);
#1227=EDGE_CURVE('',#968,#964,#475,.T.);
#1228=EDGE_CURVE('',#969,#965,#476,.T.);
#1229=EDGE_CURVE('',#970,#968,#477,.T.);
#1230=EDGE_CURVE('',#970,#967,#478,.T.);
#1231=EDGE_CURVE('',#971,#970,#479,.T.);
#1232=EDGE_CURVE('',#971,#966,#480,.T.);
#1233=EDGE_CURVE('',#969,#971,#481,.T.);
#1234=EDGE_CURVE('',#972,#973,#482,.T.);
#1235=EDGE_CURVE('',#973,#974,#483,.T.);
#1236=EDGE_CURVE('',#975,#974,#484,.T.);
#1237=EDGE_CURVE('',#972,#975,#485,.T.);
#1238=EDGE_CURVE('',#976,#977,#486,.T.);
#1239=EDGE_CURVE('',#977,#978,#487,.T.);
#1240=EDGE_CURVE('',#978,#979,#488,.T.);
#1241=EDGE_CURVE('',#979,#980,#489,.T.);
#1242=EDGE_CURVE('',#980,#981,#490,.T.);
#1243=EDGE_CURVE('',#981,#982,#491,.T.);
#1244=EDGE_CURVE('',#982,#973,#492,.T.);
#1245=EDGE_CURVE('',#983,#972,#493,.T.);
#1246=EDGE_CURVE('',#984,#983,#494,.T.);
#1247=EDGE_CURVE('',#985,#984,#495,.T.);
#1248=EDGE_CURVE('',#986,#985,#496,.T.);
#1249=EDGE_CURVE('',#976,#986,#497,.T.);
#1250=EDGE_CURVE('',#987,#988,#498,.T.);
#1251=EDGE_CURVE('',#988,#976,#499,.T.);
#1252=EDGE_CURVE('',#989,#976,#500,.T.);
#1253=EDGE_CURVE('',#987,#989,#501,.T.);
#1254=EDGE_CURVE('',#988,#990,#502,.T.);
#1255=EDGE_CURVE('',#990,#977,#503,.T.);
#1256=EDGE_CURVE('',#990,#991,#504,.T.);
#1257=EDGE_CURVE('',#991,#978,#505,.T.);
#1258=EDGE_CURVE('',#992,#993,#506,.T.);
#1259=EDGE_CURVE('',#993,#991,#507,.T.);
#1260=EDGE_CURVE('',#992,#990,#508,.T.);
#1261=EDGE_CURVE('',#994,#995,#509,.T.);
#1262=EDGE_CURVE('',#995,#988,#510,.T.);
#1263=EDGE_CURVE('',#994,#987,#511,.T.);
#1264=EDGE_CURVE('',#995,#992,#512,.T.);
#1265=EDGE_CURVE('',#996,#997,#513,.T.);
#1266=EDGE_CURVE('',#997,#998,#514,.T.);
#1267=EDGE_CURVE('',#998,#992,#515,.T.);
#1268=EDGE_CURVE('',#996,#995,#516,.T.);
#1269=EDGE_CURVE('',#998,#999,#517,.T.);
#1270=EDGE_CURVE('',#999,#993,#518,.T.);
#1271=EDGE_CURVE('',#1000,#1001,#519,.T.);
#1272=EDGE_CURVE('',#1001,#997,#520,.T.);
#1273=EDGE_CURVE('',#1000,#996,#521,.T.);
#1274=EDGE_CURVE('',#1001,#1002,#522,.T.);
#1275=EDGE_CURVE('',#1002,#1003,#523,.T.);
#1276=EDGE_CURVE('',#1003,#998,#524,.T.);
#1277=EDGE_CURVE('',#1003,#1004,#525,.T.);
#1278=EDGE_CURVE('',#1004,#999,#526,.T.);
#1279=EDGE_CURVE('',#1005,#1006,#527,.T.);
#1280=EDGE_CURVE('',#1005,#1001,#528,.T.);
#1281=EDGE_CURVE('',#1006,#1000,#529,.T.);
#1282=EDGE_CURVE('',#1007,#1005,#530,.T.);
#1283=EDGE_CURVE('',#1007,#1003,#531,.T.);
#1284=EDGE_CURVE('',#1008,#1009,#532,.T.);
#1285=EDGE_CURVE('',#1008,#1004,#533,.T.);
#1286=EDGE_CURVE('',#1009,#1007,#534,.T.);
#1287=EDGE_CURVE('',#1010,#1011,#535,.T.);
#1288=EDGE_CURVE('',#1010,#1008,#536,.T.);
#1289=EDGE_CURVE('',#1011,#1006,#537,.T.);
#1290=EDGE_CURVE('',#1012,#975,#538,.T.);
#1291=EDGE_CURVE('',#1013,#974,#539,.T.);
#1292=EDGE_CURVE('',#1012,#1013,#540,.T.);
#1293=EDGE_CURVE('',#972,#1014,#541,.T.);
#1294=EDGE_CURVE('',#1014,#1012,#542,.T.);
#1295=EDGE_CURVE('',#1014,#1015,#543,.T.);
#1296=EDGE_CURVE('',#1015,#1013,#544,.T.);
#1297=EDGE_CURVE('',#1015,#973,#545,.T.);
#1298=EDGE_CURVE('',#983,#1016,#546,.T.);
#1299=EDGE_CURVE('',#1016,#1014,#547,.T.);
#1300=EDGE_CURVE('',#1017,#982,#548,.T.);
#1301=EDGE_CURVE('',#1017,#1015,#549,.T.);
#1302=EDGE_CURVE('',#1018,#981,#550,.T.);
#1303=EDGE_CURVE('',#1018,#1017,#551,.T.);
#1304=EDGE_CURVE('',#984,#1019,#552,.T.);
#1305=EDGE_CURVE('',#1019,#1016,#553,.T.);
#1306=EDGE_CURVE('',#1020,#980,#554,.T.);
#1307=EDGE_CURVE('',#1020,#1018,#555,.T.);
#1308=EDGE_CURVE('',#985,#1021,#556,.T.);
#1309=EDGE_CURVE('',#1021,#1019,#557,.T.);
#1310=EDGE_CURVE('',#986,#1022,#558,.T.);
#1311=EDGE_CURVE('',#1022,#1021,#559,.T.);
#1312=EDGE_CURVE('',#1023,#979,#560,.T.);
#1313=EDGE_CURVE('',#1023,#1020,#561,.T.);
#1314=EDGE_CURVE('',#989,#1024,#562,.T.);
#1315=EDGE_CURVE('',#1024,#1022,#563,.T.);
#1316=EDGE_CURVE('',#1024,#1025,#564,.T.);
#1317=EDGE_CURVE('',#1026,#1023,#565,.T.);
#1318=EDGE_CURVE('',#1025,#1026,#566,.T.);
#1319=EDGE_CURVE('',#1026,#978,#567,.T.);
#1320=EDGE_CURVE('',#1027,#991,#568,.T.);
#1321=EDGE_CURVE('',#1027,#1026,#569,.T.);
#1322=EDGE_CURVE('',#987,#1028,#570,.T.);
#1323=EDGE_CURVE('',#1028,#1024,#571,.T.);
#1324=EDGE_CURVE('',#1028,#1029,#572,.T.);
#1325=EDGE_CURVE('',#1029,#1025,#573,.T.);
#1326=EDGE_CURVE('',#1029,#1027,#574,.T.);
#1327=EDGE_CURVE('',#1030,#1031,#575,.T.);
#1328=EDGE_CURVE('',#1030,#1029,#576,.T.);
#1329=EDGE_CURVE('',#1031,#1027,#577,.T.);
#1330=EDGE_CURVE('',#1031,#993,#578,.T.);
#1331=EDGE_CURVE('',#994,#1032,#579,.T.);
#1332=EDGE_CURVE('',#1032,#1028,#580,.T.);
#1333=EDGE_CURVE('',#1032,#1030,#581,.T.);
#1334=EDGE_CURVE('',#1033,#1034,#582,.T.);
#1335=EDGE_CURVE('',#1033,#1032,#583,.T.);
#1336=EDGE_CURVE('',#1035,#1030,#584,.T.);
#1337=EDGE_CURVE('',#1034,#1035,#585,.T.);
#1338=EDGE_CURVE('',#1035,#1036,#586,.T.);
#1339=EDGE_CURVE('',#1036,#1031,#587,.T.);
#1340=EDGE_CURVE('',#1036,#999,#588,.T.);
#1341=EDGE_CURVE('',#1037,#1038,#589,.T.);
#1342=EDGE_CURVE('',#1037,#1033,#590,.T.);
#1343=EDGE_CURVE('',#1038,#1034,#591,.T.);
#1344=EDGE_CURVE('',#1038,#1039,#592,.T.);
#1345=EDGE_CURVE('',#1040,#1035,#593,.T.);
#1346=EDGE_CURVE('',#1039,#1040,#594,.T.);
#1347=EDGE_CURVE('',#1040,#1041,#595,.T.);
#1348=EDGE_CURVE('',#1041,#1036,#596,.T.);
#1349=EDGE_CURVE('',#1041,#1004,#597,.T.);
#1350=EDGE_CURVE('',#1000,#1037,#598,.T.);
#1351=EDGE_CURVE('',#1042,#1006,#599,.T.);
#1352=EDGE_CURVE('',#1042,#1037,#600,.T.);
#1353=EDGE_CURVE('',#1043,#1042,#601,.T.);
#1354=EDGE_CURVE('',#1043,#1038,#602,.T.);
#1355=EDGE_CURVE('',#1044,#1043,#603,.T.);
#1356=EDGE_CURVE('',#1044,#1040,#604,.T.);
#1357=EDGE_CURVE('',#1045,#1046,#605,.T.);
#1358=EDGE_CURVE('',#1046,#1044,#606,.T.);
#1359=EDGE_CURVE('',#1045,#1041,#607,.T.);
#1360=EDGE_CURVE('',#1008,#1045,#608,.T.);
#1361=EDGE_CURVE('',#1047,#1011,#609,.T.);
#1362=EDGE_CURVE('',#1048,#1047,#610,.T.);
#1363=EDGE_CURVE('',#1010,#1048,#611,.T.);
#1364=EDGE_CURVE('',#1048,#1045,#612,.T.);
#1365=EDGE_CURVE('',#1047,#1042,#613,.T.);
#1366=ORIENTED_EDGE('',*,*,#1049,.F.);
#1367=ORIENTED_EDGE('',*,*,#1050,.T.);
#1368=ORIENTED_EDGE('',*,*,#1051,.T.);
#1369=ORIENTED_EDGE('',*,*,#1052,.T.);
#1370=ORIENTED_EDGE('',*,*,#1053,.T.);
#1371=ORIENTED_EDGE('',*,*,#1052,.F.);
#1372=ORIENTED_EDGE('',*,*,#1054,.F.);
#1373=ORIENTED_EDGE('',*,*,#1055,.T.);
#1374=ORIENTED_EDGE('',*,*,#1056,.F.);
#1375=ORIENTED_EDGE('',*,*,#1057,.F.);
#1376=ORIENTED_EDGE('',*,*,#1058,.F.);
#1377=ORIENTED_EDGE('',*,*,#1059,.F.);
#1378=ORIENTED_EDGE('',*,*,#1060,.F.);
#1379=ORIENTED_EDGE('',*,*,#1061,.T.);
#1380=ORIENTED_EDGE('',*,*,#1062,.T.);
#1381=ORIENTED_EDGE('',*,*,#1063,.F.);
#1382=ORIENTED_EDGE('',*,*,#1064,.F.);
#1383=ORIENTED_EDGE('',*,*,#1065,.F.);
#1384=ORIENTED_EDGE('',*,*,#1066,.F.);
#1385=ORIENTED_EDGE('',*,*,#1067,.F.);
#1386=ORIENTED_EDGE('',*,*,#1068,.T.);
#1387=ORIENTED_EDGE('',*,*,#1069,.F.);
#1388=ORIENTED_EDGE('',*,*,#1070,.T.);
#1389=ORIENTED_EDGE('',*,*,#1071,.T.);
#1390=ORIENTED_EDGE('',*,*,#1072,.T.);
#1391=ORIENTED_EDGE('',*,*,#1073,.F.);
#1392=ORIENTED_EDGE('',*,*,#1074,.F.);
#1393=ORIENTED_EDGE('',*,*,#1063,.T.);
#1394=ORIENTED_EDGE('',*,*,#1054,.T.);
#1395=ORIENTED_EDGE('',*,*,#1051,.F.);
#1396=ORIENTED_EDGE('',*,*,#1075,.F.);
#1397=ORIENTED_EDGE('',*,*,#1064,.T.);
#1398=ORIENTED_EDGE('',*,*,#1074,.T.);
#1399=ORIENTED_EDGE('',*,*,#1076,.T.);
#1400=ORIENTED_EDGE('',*,*,#1077,.F.);
#1401=ORIENTED_EDGE('',*,*,#1078,.F.);
#1402=ORIENTED_EDGE('',*,*,#1079,.T.);
#1403=ORIENTED_EDGE('',*,*,#1080,.F.);
#1404=ORIENTED_EDGE('',*,*,#1081,.F.);
#1405=ORIENTED_EDGE('',*,*,#1056,.T.);
#1406=ORIENTED_EDGE('',*,*,#1082,.T.);
#1407=ORIENTED_EDGE('',*,*,#1083,.T.);
#1408=ORIENTED_EDGE('',*,*,#1084,.T.);
#1409=ORIENTED_EDGE('',*,*,#1079,.F.);
#1410=ORIENTED_EDGE('',*,*,#1085,.T.);
#1411=ORIENTED_EDGE('',*,*,#1086,.T.);
#1412=ORIENTED_EDGE('',*,*,#1087,.F.);
#1413=ORIENTED_EDGE('',*,*,#1088,.T.);
#1414=ORIENTED_EDGE('',*,*,#1089,.F.);
#1415=ORIENTED_EDGE('',*,*,#1090,.F.);
#1416=ORIENTED_EDGE('',*,*,#1091,.F.);
#1417=ORIENTED_EDGE('',*,*,#1086,.F.);
#1418=ORIENTED_EDGE('',*,*,#1092,.T.);
#1419=ORIENTED_EDGE('',*,*,#1093,.F.);
#1420=ORIENTED_EDGE('',*,*,#1094,.F.);
#1421=ORIENTED_EDGE('',*,*,#1072,.F.);
#1422=ORIENTED_EDGE('',*,*,#1095,.T.);
#1423=ORIENTED_EDGE('',*,*,#1096,.T.);
#1424=ORIENTED_EDGE('',*,*,#1092,.F.);
#1425=ORIENTED_EDGE('',*,*,#1085,.F.);
#1426=ORIENTED_EDGE('',*,*,#1084,.F.);
#1427=ORIENTED_EDGE('',*,*,#1097,.T.);
#1428=ORIENTED_EDGE('',*,*,#1090,.T.);
#1429=ORIENTED_EDGE('',*,*,#1098,.F.);
#1430=ORIENTED_EDGE('',*,*,#1099,.F.);
#1431=ORIENTED_EDGE('',*,*,#1100,.T.);
#1432=ORIENTED_EDGE('',*,*,#1101,.F.);
#1433=ORIENTED_EDGE('',*,*,#1102,.T.);
#1434=ORIENTED_EDGE('',*,*,#1103,.T.);
#1435=ORIENTED_EDGE('',*,*,#1104,.T.);
#1436=ORIENTED_EDGE('',*,*,#1088,.F.);
#1437=ORIENTED_EDGE('',*,*,#1105,.F.);
#1438=ORIENTED_EDGE('',*,*,#1106,.T.);
#1439=ORIENTED_EDGE('',*,*,#1107,.F.);
#1440=ORIENTED_EDGE('',*,*,#1091,.T.);
#1441=ORIENTED_EDGE('',*,*,#1102,.F.);
#1442=ORIENTED_EDGE('',*,*,#1108,.T.);
#1443=ORIENTED_EDGE('',*,*,#1109,.T.);
#1444=ORIENTED_EDGE('',*,*,#1110,.T.);
#1445=ORIENTED_EDGE('',*,*,#1080,.T.);
#1446=ORIENTED_EDGE('',*,*,#1087,.T.);
#1447=ORIENTED_EDGE('',*,*,#1096,.F.);
#1448=ORIENTED_EDGE('',*,*,#1111,.F.);
#1449=ORIENTED_EDGE('',*,*,#1112,.T.);
#1450=ORIENTED_EDGE('',*,*,#1113,.T.);
#1451=ORIENTED_EDGE('',*,*,#1105,.T.);
#1452=ORIENTED_EDGE('',*,*,#1114,.T.);
#1453=ORIENTED_EDGE('',*,*,#1115,.F.);
#1454=ORIENTED_EDGE('',*,*,#1116,.F.);
#1455=ORIENTED_EDGE('',*,*,#1117,.T.);
#1456=ORIENTED_EDGE('',*,*,#1118,.T.);
#1457=ORIENTED_EDGE('',*,*,#1119,.T.);
#1458=ORIENTED_EDGE('',*,*,#1120,.T.);
#1459=ORIENTED_EDGE('',*,*,#1121,.F.);
#1460=ORIENTED_EDGE('',*,*,#1122,.T.);
#1461=ORIENTED_EDGE('',*,*,#1114,.F.);
#1462=ORIENTED_EDGE('',*,*,#1123,.T.);
#1463=ORIENTED_EDGE('',*,*,#1124,.F.);
#1464=ORIENTED_EDGE('',*,*,#1125,.T.);
#1465=ORIENTED_EDGE('',*,*,#1106,.F.);
#1466=ORIENTED_EDGE('',*,*,#1113,.F.);
#1467=ORIENTED_EDGE('',*,*,#1126,.F.);
#1468=ORIENTED_EDGE('',*,*,#1124,.T.);
#1469=ORIENTED_EDGE('',*,*,#1127,.F.);
#1470=ORIENTED_EDGE('',*,*,#1128,.T.);
#1471=ORIENTED_EDGE('',*,*,#1129,.T.);
#1472=ORIENTED_EDGE('',*,*,#1130,.F.);
#1473=ORIENTED_EDGE('',*,*,#1131,.F.);
#1474=ORIENTED_EDGE('',*,*,#1132,.F.);
#1475=ORIENTED_EDGE('',*,*,#1133,.T.);
#1476=ORIENTED_EDGE('',*,*,#1134,.T.);
#1477=ORIENTED_EDGE('',*,*,#1135,.F.);
#1478=ORIENTED_EDGE('',*,*,#1136,.F.);
#1479=ORIENTED_EDGE('',*,*,#1137,.T.);
#1480=ORIENTED_EDGE('',*,*,#1138,.T.);
#1481=ORIENTED_EDGE('',*,*,#1139,.T.);
#1482=ORIENTED_EDGE('',*,*,#1140,.T.);
#1483=ORIENTED_EDGE('',*,*,#1141,.T.);
#1484=ORIENTED_EDGE('',*,*,#1142,.F.);
#1485=ORIENTED_EDGE('',*,*,#1132,.T.);
#1486=ORIENTED_EDGE('',*,*,#1143,.F.);
#1487=ORIENTED_EDGE('',*,*,#1144,.F.);
#1488=ORIENTED_EDGE('',*,*,#1145,.F.);
#1489=ORIENTED_EDGE('',*,*,#1146,.F.);
#1490=ORIENTED_EDGE('',*,*,#1147,.F.);
#1491=ORIENTED_EDGE('',*,*,#1148,.F.);
#1492=ORIENTED_EDGE('',*,*,#1125,.F.);
#1493=ORIENTED_EDGE('',*,*,#1130,.T.);
#1494=ORIENTED_EDGE('',*,*,#1149,.F.);
#1495=ORIENTED_EDGE('',*,*,#1136,.T.);
#1496=ORIENTED_EDGE('',*,*,#1135,.T.);
#1497=ORIENTED_EDGE('',*,*,#1150,.F.);
#1498=ORIENTED_EDGE('',*,*,#1151,.F.);
#1499=ORIENTED_EDGE('',*,*,#1107,.T.);
#1500=ORIENTED_EDGE('',*,*,#1151,.T.);
#1501=ORIENTED_EDGE('',*,*,#1150,.T.);
#1502=ORIENTED_EDGE('',*,*,#1148,.T.);
#1503=ORIENTED_EDGE('',*,*,#1152,.F.);
#1504=ORIENTED_EDGE('',*,*,#1153,.F.);
#1505=ORIENTED_EDGE('',*,*,#1103,.F.);
#1506=ORIENTED_EDGE('',*,*,#1123,.F.);
#1507=ORIENTED_EDGE('',*,*,#1122,.F.);
#1508=ORIENTED_EDGE('',*,*,#1154,.T.);
#1509=ORIENTED_EDGE('',*,*,#1127,.T.);
#1510=ORIENTED_EDGE('',*,*,#1115,.T.);
#1511=ORIENTED_EDGE('',*,*,#1126,.T.);
#1512=ORIENTED_EDGE('',*,*,#1112,.F.);
#1513=ORIENTED_EDGE('',*,*,#1155,.F.);
#1514=ORIENTED_EDGE('',*,*,#1156,.F.);
#1515=ORIENTED_EDGE('',*,*,#1156,.T.);
#1516=ORIENTED_EDGE('',*,*,#1157,.F.);
#1517=ORIENTED_EDGE('',*,*,#1069,.T.);
#1518=ORIENTED_EDGE('',*,*,#1158,.F.);
#1519=ORIENTED_EDGE('',*,*,#1159,.F.);
#1520=ORIENTED_EDGE('',*,*,#1116,.T.);
#1521=ORIENTED_EDGE('',*,*,#1071,.F.);
#1522=ORIENTED_EDGE('',*,*,#1070,.F.);
#1523=ORIENTED_EDGE('',*,*,#1157,.T.);
#1524=ORIENTED_EDGE('',*,*,#1155,.T.);
#1525=ORIENTED_EDGE('',*,*,#1111,.T.);
#1526=ORIENTED_EDGE('',*,*,#1095,.F.);
#1527=ORIENTED_EDGE('',*,*,#1160,.T.);
#1528=ORIENTED_EDGE('',*,*,#1158,.T.);
#1529=ORIENTED_EDGE('',*,*,#1068,.F.);
#1530=ORIENTED_EDGE('',*,*,#1073,.T.);
#1531=ORIENTED_EDGE('',*,*,#1094,.T.);
#1532=ORIENTED_EDGE('',*,*,#1161,.T.);
#1533=ORIENTED_EDGE('',*,*,#1076,.F.);
#1534=ORIENTED_EDGE('',*,*,#1162,.F.);
#1535=ORIENTED_EDGE('',*,*,#1163,.T.);
#1536=ORIENTED_EDGE('',*,*,#1164,.T.);
#1537=ORIENTED_EDGE('',*,*,#1134,.F.);
#1538=ORIENTED_EDGE('',*,*,#1162,.T.);
#1539=ORIENTED_EDGE('',*,*,#1133,.F.);
#1540=ORIENTED_EDGE('',*,*,#1142,.T.);
#1541=ORIENTED_EDGE('',*,*,#1165,.T.);
#1542=ORIENTED_EDGE('',*,*,#1166,.F.);
#1543=ORIENTED_EDGE('',*,*,#1167,.T.);
#1544=ORIENTED_EDGE('',*,*,#1168,.T.);
#1545=ORIENTED_EDGE('',*,*,#1169,.T.);
#1546=ORIENTED_EDGE('',*,*,#1163,.F.);
#1547=ORIENTED_EDGE('',*,*,#1167,.F.);
#1548=ORIENTED_EDGE('',*,*,#1170,.T.);
#1549=ORIENTED_EDGE('',*,*,#1131,.T.);
#1550=ORIENTED_EDGE('',*,*,#1164,.F.);
#1551=ORIENTED_EDGE('',*,*,#1169,.F.);
#1552=ORIENTED_EDGE('',*,*,#1171,.T.);
#1553=ORIENTED_EDGE('',*,*,#1172,.T.);
#1554=ORIENTED_EDGE('',*,*,#1165,.F.);
#1555=ORIENTED_EDGE('',*,*,#1141,.F.);
#1556=ORIENTED_EDGE('',*,*,#1173,.T.);
#1557=ORIENTED_EDGE('',*,*,#1143,.T.);
#1558=ORIENTED_EDGE('',*,*,#1170,.F.);
#1559=ORIENTED_EDGE('',*,*,#1174,.F.);
#1560=ORIENTED_EDGE('',*,*,#1175,.T.);
#1561=ORIENTED_EDGE('',*,*,#1144,.T.);
#1562=ORIENTED_EDGE('',*,*,#1173,.F.);
#1563=ORIENTED_EDGE('',*,*,#1176,.F.);
#1564=ORIENTED_EDGE('',*,*,#1177,.T.);
#1565=ORIENTED_EDGE('',*,*,#1178,.T.);
#1566=ORIENTED_EDGE('',*,*,#1171,.F.);
#1567=ORIENTED_EDGE('',*,*,#1140,.F.);
#1568=ORIENTED_EDGE('',*,*,#1179,.T.);
#1569=ORIENTED_EDGE('',*,*,#1145,.T.);
#1570=ORIENTED_EDGE('',*,*,#1175,.F.);
#1571=ORIENTED_EDGE('',*,*,#1180,.F.);
#1572=ORIENTED_EDGE('',*,*,#1181,.T.);
#1573=ORIENTED_EDGE('',*,*,#1182,.T.);
#1574=ORIENTED_EDGE('',*,*,#1177,.F.);
#1575=ORIENTED_EDGE('',*,*,#1139,.F.);
#1576=ORIENTED_EDGE('',*,*,#1183,.T.);
#1577=ORIENTED_EDGE('',*,*,#1184,.T.);
#1578=ORIENTED_EDGE('',*,*,#1181,.F.);
#1579=ORIENTED_EDGE('',*,*,#1138,.F.);
#1580=ORIENTED_EDGE('',*,*,#1185,.T.);
#1581=ORIENTED_EDGE('',*,*,#1146,.T.);
#1582=ORIENTED_EDGE('',*,*,#1179,.F.);
#1583=ORIENTED_EDGE('',*,*,#1186,.F.);
#1584=ORIENTED_EDGE('',*,*,#1129,.F.);
#1585=ORIENTED_EDGE('',*,*,#1187,.T.);
#1586=ORIENTED_EDGE('',*,*,#1188,.F.);
#1587=ORIENTED_EDGE('',*,*,#1189,.T.);
#1588=ORIENTED_EDGE('',*,*,#1183,.F.);
#1589=ORIENTED_EDGE('',*,*,#1137,.F.);
#1590=ORIENTED_EDGE('',*,*,#1149,.T.);
#1591=ORIENTED_EDGE('',*,*,#1190,.T.);
#1592=ORIENTED_EDGE('',*,*,#1191,.T.);
#1593=ORIENTED_EDGE('',*,*,#1192,.T.);
#1594=ORIENTED_EDGE('',*,*,#1186,.T.);
#1595=ORIENTED_EDGE('',*,*,#1180,.T.);
#1596=ORIENTED_EDGE('',*,*,#1176,.T.);
#1597=ORIENTED_EDGE('',*,*,#1174,.T.);
#1598=ORIENTED_EDGE('',*,*,#1168,.F.);
#1599=ORIENTED_EDGE('',*,*,#1166,.T.);
#1600=ORIENTED_EDGE('',*,*,#1172,.F.);
#1601=ORIENTED_EDGE('',*,*,#1178,.F.);
#1602=ORIENTED_EDGE('',*,*,#1182,.F.);
#1603=ORIENTED_EDGE('',*,*,#1184,.F.);
#1604=ORIENTED_EDGE('',*,*,#1189,.F.);
#1605=ORIENTED_EDGE('',*,*,#1193,.T.);
#1606=ORIENTED_EDGE('',*,*,#1185,.F.);
#1607=ORIENTED_EDGE('',*,*,#1192,.F.);
#1608=ORIENTED_EDGE('',*,*,#1194,.F.);
#1609=ORIENTED_EDGE('',*,*,#1195,.T.);
#1610=ORIENTED_EDGE('',*,*,#1152,.T.);
#1611=ORIENTED_EDGE('',*,*,#1147,.T.);
#1612=ORIENTED_EDGE('',*,*,#1089,.T.);
#1613=ORIENTED_EDGE('',*,*,#1104,.F.);
#1614=ORIENTED_EDGE('',*,*,#1153,.T.);
#1615=ORIENTED_EDGE('',*,*,#1195,.F.);
#1616=ORIENTED_EDGE('',*,*,#1196,.F.);
#1617=ORIENTED_EDGE('',*,*,#1098,.T.);
#1618=ORIENTED_EDGE('',*,*,#1128,.F.);
#1619=ORIENTED_EDGE('',*,*,#1197,.T.);
#1620=ORIENTED_EDGE('',*,*,#1198,.F.);
#1621=ORIENTED_EDGE('',*,*,#1199,.T.);
#1622=ORIENTED_EDGE('',*,*,#1187,.F.);
#1623=ORIENTED_EDGE('',*,*,#1190,.F.);
#1624=ORIENTED_EDGE('',*,*,#1193,.F.);
#1625=ORIENTED_EDGE('',*,*,#1188,.T.);
#1626=ORIENTED_EDGE('',*,*,#1199,.F.);
#1627=ORIENTED_EDGE('',*,*,#1200,.T.);
#1628=ORIENTED_EDGE('',*,*,#1100,.F.);
#1629=ORIENTED_EDGE('',*,*,#1201,.T.);
#1630=ORIENTED_EDGE('',*,*,#1202,.T.);
#1631=ORIENTED_EDGE('',*,*,#1191,.F.);
#1632=ORIENTED_EDGE('',*,*,#1202,.F.);
#1633=ORIENTED_EDGE('',*,*,#1201,.F.);
#1634=ORIENTED_EDGE('',*,*,#1099,.T.);
#1635=ORIENTED_EDGE('',*,*,#1196,.T.);
#1636=ORIENTED_EDGE('',*,*,#1194,.T.);
#1637=ORIENTED_EDGE('',*,*,#1154,.F.);
#1638=ORIENTED_EDGE('',*,*,#1121,.T.);
#1639=ORIENTED_EDGE('',*,*,#1203,.T.);
#1640=ORIENTED_EDGE('',*,*,#1197,.F.);
#1641=ORIENTED_EDGE('',*,*,#1204,.T.);
#1642=ORIENTED_EDGE('',*,*,#1108,.F.);
#1643=ORIENTED_EDGE('',*,*,#1101,.T.);
#1644=ORIENTED_EDGE('',*,*,#1200,.F.);
#1645=ORIENTED_EDGE('',*,*,#1198,.T.);
#1646=ORIENTED_EDGE('',*,*,#1203,.F.);
#1647=ORIENTED_EDGE('',*,*,#1120,.F.);
#1648=ORIENTED_EDGE('',*,*,#1205,.T.);
#1649=ORIENTED_EDGE('',*,*,#1206,.T.);
#1650=ORIENTED_EDGE('',*,*,#1109,.F.);
#1651=ORIENTED_EDGE('',*,*,#1204,.F.);
#1652=ORIENTED_EDGE('',*,*,#1119,.F.);
#1653=ORIENTED_EDGE('',*,*,#1205,.F.);
#1654=ORIENTED_EDGE('',*,*,#1118,.F.);
#1655=ORIENTED_EDGE('',*,*,#1207,.T.);
#1656=ORIENTED_EDGE('',*,*,#1208,.T.);
#1657=ORIENTED_EDGE('',*,*,#1059,.T.);
#1658=ORIENTED_EDGE('',*,*,#1209,.T.);
#1659=ORIENTED_EDGE('',*,*,#1058,.T.);
#1660=ORIENTED_EDGE('',*,*,#1057,.T.);
#1661=ORIENTED_EDGE('',*,*,#1081,.T.);
#1662=ORIENTED_EDGE('',*,*,#1110,.F.);
#1663=ORIENTED_EDGE('',*,*,#1206,.F.);
#1664=ORIENTED_EDGE('',*,*,#1209,.F.);
#1665=ORIENTED_EDGE('',*,*,#1093,.T.);
#1666=ORIENTED_EDGE('',*,*,#1097,.F.);
#1667=ORIENTED_EDGE('',*,*,#1083,.F.);
#1668=ORIENTED_EDGE('',*,*,#1210,.T.);
#1669=ORIENTED_EDGE('',*,*,#1077,.T.);
#1670=ORIENTED_EDGE('',*,*,#1161,.F.);
#1671=ORIENTED_EDGE('',*,*,#1160,.F.);
#1672=ORIENTED_EDGE('',*,*,#1067,.T.);
#1673=ORIENTED_EDGE('',*,*,#1211,.F.);
#1674=ORIENTED_EDGE('',*,*,#1061,.F.);
#1675=ORIENTED_EDGE('',*,*,#1212,.T.);
#1676=ORIENTED_EDGE('',*,*,#1207,.F.);
#1677=ORIENTED_EDGE('',*,*,#1117,.F.);
#1678=ORIENTED_EDGE('',*,*,#1159,.T.);
#1679=ORIENTED_EDGE('',*,*,#1060,.T.);
#1680=ORIENTED_EDGE('',*,*,#1208,.F.);
#1681=ORIENTED_EDGE('',*,*,#1212,.F.);
#1682=ORIENTED_EDGE('',*,*,#1078,.T.);
#1683=ORIENTED_EDGE('',*,*,#1210,.F.);
#1684=ORIENTED_EDGE('',*,*,#1082,.F.);
#1685=ORIENTED_EDGE('',*,*,#1055,.F.);
#1686=ORIENTED_EDGE('',*,*,#1075,.T.);
#1687=ORIENTED_EDGE('',*,*,#1050,.F.);
#1688=ORIENTED_EDGE('',*,*,#1213,.T.);
#1689=ORIENTED_EDGE('',*,*,#1065,.T.);
#1690=ORIENTED_EDGE('',*,*,#1049,.T.);
#1691=ORIENTED_EDGE('',*,*,#1053,.F.);
#1692=ORIENTED_EDGE('',*,*,#1211,.T.);
#1693=ORIENTED_EDGE('',*,*,#1066,.T.);
#1694=ORIENTED_EDGE('',*,*,#1062,.F.);
#1695=ORIENTED_EDGE('',*,*,#1213,.F.);
#1696=ORIENTED_EDGE('',*,*,#1214,.F.);
#1697=ORIENTED_EDGE('',*,*,#1215,.F.);
#1698=ORIENTED_EDGE('',*,*,#1216,.F.);
#1699=ORIENTED_EDGE('',*,*,#1217,.F.);
#1700=ORIENTED_EDGE('',*,*,#1218,.F.);
#1701=ORIENTED_EDGE('',*,*,#1219,.T.);
#1702=ORIENTED_EDGE('',*,*,#1214,.T.);
#1703=ORIENTED_EDGE('',*,*,#1220,.F.);
#1704=ORIENTED_EDGE('',*,*,#1221,.F.);
#1705=ORIENTED_EDGE('',*,*,#1220,.T.);
#1706=ORIENTED_EDGE('',*,*,#1217,.T.);
#1707=ORIENTED_EDGE('',*,*,#1222,.F.);
#1708=ORIENTED_EDGE('',*,*,#1223,.T.);
#1709=ORIENTED_EDGE('',*,*,#1222,.T.);
#1710=ORIENTED_EDGE('',*,*,#1216,.T.);
#1711=ORIENTED_EDGE('',*,*,#1224,.F.);
#1712=ORIENTED_EDGE('',*,*,#1225,.T.);
#1713=ORIENTED_EDGE('',*,*,#1224,.T.);
#1714=ORIENTED_EDGE('',*,*,#1215,.T.);
#1715=ORIENTED_EDGE('',*,*,#1219,.F.);
#1716=ORIENTED_EDGE('',*,*,#1226,.F.);
#1717=ORIENTED_EDGE('',*,*,#1227,.T.);
#1718=ORIENTED_EDGE('',*,*,#1218,.T.);
#1719=ORIENTED_EDGE('',*,*,#1228,.F.);
#1720=ORIENTED_EDGE('',*,*,#1229,.F.);
#1721=ORIENTED_EDGE('',*,*,#1230,.T.);
#1722=ORIENTED_EDGE('',*,*,#1225,.F.);
#1723=ORIENTED_EDGE('',*,*,#1227,.F.);
#1724=ORIENTED_EDGE('',*,*,#1231,.F.);
#1725=ORIENTED_EDGE('',*,*,#1232,.T.);
#1726=ORIENTED_EDGE('',*,*,#1223,.F.);
#1727=ORIENTED_EDGE('',*,*,#1230,.F.);
#1728=ORIENTED_EDGE('',*,*,#1233,.F.);
#1729=ORIENTED_EDGE('',*,*,#1228,.T.);
#1730=ORIENTED_EDGE('',*,*,#1221,.T.);
#1731=ORIENTED_EDGE('',*,*,#1232,.F.);
#1732=ORIENTED_EDGE('',*,*,#1234,.T.);
#1733=ORIENTED_EDGE('',*,*,#1235,.T.);
#1734=ORIENTED_EDGE('',*,*,#1236,.F.);
#1735=ORIENTED_EDGE('',*,*,#1237,.F.);
#1736=ORIENTED_EDGE('',*,*,#1238,.T.);
#1737=ORIENTED_EDGE('',*,*,#1239,.T.);
#1738=ORIENTED_EDGE('',*,*,#1240,.T.);
#1739=ORIENTED_EDGE('',*,*,#1241,.T.);
#1740=ORIENTED_EDGE('',*,*,#1242,.T.);
#1741=ORIENTED_EDGE('',*,*,#1243,.T.);
#1742=ORIENTED_EDGE('',*,*,#1244,.T.);
#1743=ORIENTED_EDGE('',*,*,#1234,.F.);
#1744=ORIENTED_EDGE('',*,*,#1245,.F.);
#1745=ORIENTED_EDGE('',*,*,#1246,.F.);
#1746=ORIENTED_EDGE('',*,*,#1247,.F.);
#1747=ORIENTED_EDGE('',*,*,#1248,.F.);
#1748=ORIENTED_EDGE('',*,*,#1249,.F.);
#1749=ORIENTED_EDGE('',*,*,#1250,.T.);
#1750=ORIENTED_EDGE('',*,*,#1251,.T.);
#1751=ORIENTED_EDGE('',*,*,#1252,.F.);
#1752=ORIENTED_EDGE('',*,*,#1253,.F.);
#1753=ORIENTED_EDGE('',*,*,#1254,.T.);
#1754=ORIENTED_EDGE('',*,*,#1255,.T.);
#1755=ORIENTED_EDGE('',*,*,#1238,.F.);
#1756=ORIENTED_EDGE('',*,*,#1251,.F.);
#1757=ORIENTED_EDGE('',*,*,#1256,.T.);
#1758=ORIENTED_EDGE('',*,*,#1257,.T.);
#1759=ORIENTED_EDGE('',*,*,#1239,.F.);
#1760=ORIENTED_EDGE('',*,*,#1255,.F.);
#1761=ORIENTED_EDGE('',*,*,#1258,.T.);
#1762=ORIENTED_EDGE('',*,*,#1259,.T.);
#1763=ORIENTED_EDGE('',*,*,#1256,.F.);
#1764=ORIENTED_EDGE('',*,*,#1260,.F.);
#1765=ORIENTED_EDGE('',*,*,#1261,.T.);
#1766=ORIENTED_EDGE('',*,*,#1262,.T.);
#1767=ORIENTED_EDGE('',*,*,#1250,.F.);
#1768=ORIENTED_EDGE('',*,*,#1263,.F.);
#1769=ORIENTED_EDGE('',*,*,#1264,.T.);
#1770=ORIENTED_EDGE('',*,*,#1260,.T.);
#1771=ORIENTED_EDGE('',*,*,#1254,.F.);
#1772=ORIENTED_EDGE('',*,*,#1262,.F.);
#1773=ORIENTED_EDGE('',*,*,#1265,.T.);
#1774=ORIENTED_EDGE('',*,*,#1266,.T.);
#1775=ORIENTED_EDGE('',*,*,#1267,.T.);
#1776=ORIENTED_EDGE('',*,*,#1264,.F.);
#1777=ORIENTED_EDGE('',*,*,#1268,.F.);
#1778=ORIENTED_EDGE('',*,*,#1269,.T.);
#1779=ORIENTED_EDGE('',*,*,#1270,.T.);
#1780=ORIENTED_EDGE('',*,*,#1258,.F.);
#1781=ORIENTED_EDGE('',*,*,#1267,.F.);
#1782=ORIENTED_EDGE('',*,*,#1271,.T.);
#1783=ORIENTED_EDGE('',*,*,#1272,.T.);
#1784=ORIENTED_EDGE('',*,*,#1265,.F.);
#1785=ORIENTED_EDGE('',*,*,#1273,.F.);
#1786=ORIENTED_EDGE('',*,*,#1274,.T.);
#1787=ORIENTED_EDGE('',*,*,#1275,.T.);
#1788=ORIENTED_EDGE('',*,*,#1276,.T.);
#1789=ORIENTED_EDGE('',*,*,#1266,.F.);
#1790=ORIENTED_EDGE('',*,*,#1272,.F.);
#1791=ORIENTED_EDGE('',*,*,#1277,.T.);
#1792=ORIENTED_EDGE('',*,*,#1278,.T.);
#1793=ORIENTED_EDGE('',*,*,#1269,.F.);
#1794=ORIENTED_EDGE('',*,*,#1276,.F.);
#1795=ORIENTED_EDGE('',*,*,#1279,.F.);
#1796=ORIENTED_EDGE('',*,*,#1280,.T.);
#1797=ORIENTED_EDGE('',*,*,#1271,.F.);
#1798=ORIENTED_EDGE('',*,*,#1281,.F.);
#1799=ORIENTED_EDGE('',*,*,#1282,.F.);
#1800=ORIENTED_EDGE('',*,*,#1283,.T.);
#1801=ORIENTED_EDGE('',*,*,#1275,.F.);
#1802=ORIENTED_EDGE('',*,*,#1274,.F.);
#1803=ORIENTED_EDGE('',*,*,#1280,.F.);
#1804=ORIENTED_EDGE('',*,*,#1284,.F.);
#1805=ORIENTED_EDGE('',*,*,#1285,.T.);
#1806=ORIENTED_EDGE('',*,*,#1277,.F.);
#1807=ORIENTED_EDGE('',*,*,#1283,.F.);
#1808=ORIENTED_EDGE('',*,*,#1286,.F.);
#1809=ORIENTED_EDGE('',*,*,#1287,.F.);
#1810=ORIENTED_EDGE('',*,*,#1288,.T.);
#1811=ORIENTED_EDGE('',*,*,#1284,.T.);
#1812=ORIENTED_EDGE('',*,*,#1286,.T.);
#1813=ORIENTED_EDGE('',*,*,#1282,.T.);
#1814=ORIENTED_EDGE('',*,*,#1279,.T.);
#1815=ORIENTED_EDGE('',*,*,#1289,.F.);
#1816=ORIENTED_EDGE('',*,*,#1290,.T.);
#1817=ORIENTED_EDGE('',*,*,#1236,.T.);
#1818=ORIENTED_EDGE('',*,*,#1291,.F.);
#1819=ORIENTED_EDGE('',*,*,#1292,.F.);
#1820=ORIENTED_EDGE('',*,*,#1293,.F.);
#1821=ORIENTED_EDGE('',*,*,#1237,.T.);
#1822=ORIENTED_EDGE('',*,*,#1290,.F.);
#1823=ORIENTED_EDGE('',*,*,#1294,.F.);
#1824=ORIENTED_EDGE('',*,*,#1295,.F.);
#1825=ORIENTED_EDGE('',*,*,#1294,.T.);
#1826=ORIENTED_EDGE('',*,*,#1292,.T.);
#1827=ORIENTED_EDGE('',*,*,#1296,.F.);
#1828=ORIENTED_EDGE('',*,*,#1297,.F.);
#1829=ORIENTED_EDGE('',*,*,#1296,.T.);
#1830=ORIENTED_EDGE('',*,*,#1291,.T.);
#1831=ORIENTED_EDGE('',*,*,#1235,.F.);
#1832=ORIENTED_EDGE('',*,*,#1298,.F.);
#1833=ORIENTED_EDGE('',*,*,#1245,.T.);
#1834=ORIENTED_EDGE('',*,*,#1293,.T.);
#1835=ORIENTED_EDGE('',*,*,#1299,.F.);
#1836=ORIENTED_EDGE('',*,*,#1300,.F.);
#1837=ORIENTED_EDGE('',*,*,#1301,.T.);
#1838=ORIENTED_EDGE('',*,*,#1297,.T.);
#1839=ORIENTED_EDGE('',*,*,#1244,.F.);
#1840=ORIENTED_EDGE('',*,*,#1302,.F.);
#1841=ORIENTED_EDGE('',*,*,#1303,.T.);
#1842=ORIENTED_EDGE('',*,*,#1300,.T.);
#1843=ORIENTED_EDGE('',*,*,#1243,.F.);
#1844=ORIENTED_EDGE('',*,*,#1304,.F.);
#1845=ORIENTED_EDGE('',*,*,#1246,.T.);
#1846=ORIENTED_EDGE('',*,*,#1298,.T.);
#1847=ORIENTED_EDGE('',*,*,#1305,.F.);
#1848=ORIENTED_EDGE('',*,*,#1306,.F.);
#1849=ORIENTED_EDGE('',*,*,#1307,.T.);
#1850=ORIENTED_EDGE('',*,*,#1302,.T.);
#1851=ORIENTED_EDGE('',*,*,#1242,.F.);
#1852=ORIENTED_EDGE('',*,*,#1308,.F.);
#1853=ORIENTED_EDGE('',*,*,#1247,.T.);
#1854=ORIENTED_EDGE('',*,*,#1304,.T.);
#1855=ORIENTED_EDGE('',*,*,#1309,.F.);
#1856=ORIENTED_EDGE('',*,*,#1310,.F.);
#1857=ORIENTED_EDGE('',*,*,#1248,.T.);
#1858=ORIENTED_EDGE('',*,*,#1308,.T.);
#1859=ORIENTED_EDGE('',*,*,#1311,.F.);
#1860=ORIENTED_EDGE('',*,*,#1312,.F.);
#1861=ORIENTED_EDGE('',*,*,#1313,.T.);
#1862=ORIENTED_EDGE('',*,*,#1306,.T.);
#1863=ORIENTED_EDGE('',*,*,#1241,.F.);
#1864=ORIENTED_EDGE('',*,*,#1314,.F.);
#1865=ORIENTED_EDGE('',*,*,#1252,.T.);
#1866=ORIENTED_EDGE('',*,*,#1249,.T.);
#1867=ORIENTED_EDGE('',*,*,#1310,.T.);
#1868=ORIENTED_EDGE('',*,*,#1315,.F.);
#1869=ORIENTED_EDGE('',*,*,#1316,.F.);
#1870=ORIENTED_EDGE('',*,*,#1315,.T.);
#1871=ORIENTED_EDGE('',*,*,#1311,.T.);
#1872=ORIENTED_EDGE('',*,*,#1309,.T.);
#1873=ORIENTED_EDGE('',*,*,#1305,.T.);
#1874=ORIENTED_EDGE('',*,*,#1299,.T.);
#1875=ORIENTED_EDGE('',*,*,#1295,.T.);
#1876=ORIENTED_EDGE('',*,*,#1301,.F.);
#1877=ORIENTED_EDGE('',*,*,#1303,.F.);
#1878=ORIENTED_EDGE('',*,*,#1307,.F.);
#1879=ORIENTED_EDGE('',*,*,#1313,.F.);
#1880=ORIENTED_EDGE('',*,*,#1317,.F.);
#1881=ORIENTED_EDGE('',*,*,#1318,.F.);
#1882=ORIENTED_EDGE('',*,*,#1319,.F.);
#1883=ORIENTED_EDGE('',*,*,#1317,.T.);
#1884=ORIENTED_EDGE('',*,*,#1312,.T.);
#1885=ORIENTED_EDGE('',*,*,#1240,.F.);
#1886=ORIENTED_EDGE('',*,*,#1320,.F.);
#1887=ORIENTED_EDGE('',*,*,#1321,.T.);
#1888=ORIENTED_EDGE('',*,*,#1319,.T.);
#1889=ORIENTED_EDGE('',*,*,#1257,.F.);
#1890=ORIENTED_EDGE('',*,*,#1322,.F.);
#1891=ORIENTED_EDGE('',*,*,#1253,.T.);
#1892=ORIENTED_EDGE('',*,*,#1314,.T.);
#1893=ORIENTED_EDGE('',*,*,#1323,.F.);
#1894=ORIENTED_EDGE('',*,*,#1324,.F.);
#1895=ORIENTED_EDGE('',*,*,#1323,.T.);
#1896=ORIENTED_EDGE('',*,*,#1316,.T.);
#1897=ORIENTED_EDGE('',*,*,#1325,.F.);
#1898=ORIENTED_EDGE('',*,*,#1326,.F.);
#1899=ORIENTED_EDGE('',*,*,#1325,.T.);
#1900=ORIENTED_EDGE('',*,*,#1318,.T.);
#1901=ORIENTED_EDGE('',*,*,#1321,.F.);
#1902=ORIENTED_EDGE('',*,*,#1327,.F.);
#1903=ORIENTED_EDGE('',*,*,#1328,.T.);
#1904=ORIENTED_EDGE('',*,*,#1326,.T.);
#1905=ORIENTED_EDGE('',*,*,#1329,.F.);
#1906=ORIENTED_EDGE('',*,*,#1330,.F.);
#1907=ORIENTED_EDGE('',*,*,#1329,.T.);
#1908=ORIENTED_EDGE('',*,*,#1320,.T.);
#1909=ORIENTED_EDGE('',*,*,#1259,.F.);
#1910=ORIENTED_EDGE('',*,*,#1331,.F.);
#1911=ORIENTED_EDGE('',*,*,#1263,.T.);
#1912=ORIENTED_EDGE('',*,*,#1322,.T.);
#1913=ORIENTED_EDGE('',*,*,#1332,.F.);
#1914=ORIENTED_EDGE('',*,*,#1333,.F.);
#1915=ORIENTED_EDGE('',*,*,#1332,.T.);
#1916=ORIENTED_EDGE('',*,*,#1324,.T.);
#1917=ORIENTED_EDGE('',*,*,#1328,.F.);
#1918=ORIENTED_EDGE('',*,*,#1334,.F.);
#1919=ORIENTED_EDGE('',*,*,#1335,.T.);
#1920=ORIENTED_EDGE('',*,*,#1333,.T.);
#1921=ORIENTED_EDGE('',*,*,#1336,.F.);
#1922=ORIENTED_EDGE('',*,*,#1337,.F.);
#1923=ORIENTED_EDGE('',*,*,#1338,.F.);
#1924=ORIENTED_EDGE('',*,*,#1336,.T.);
#1925=ORIENTED_EDGE('',*,*,#1327,.T.);
#1926=ORIENTED_EDGE('',*,*,#1339,.F.);
#1927=ORIENTED_EDGE('',*,*,#1340,.F.);
#1928=ORIENTED_EDGE('',*,*,#1339,.T.);
#1929=ORIENTED_EDGE('',*,*,#1330,.T.);
#1930=ORIENTED_EDGE('',*,*,#1270,.F.);
#1931=ORIENTED_EDGE('',*,*,#1341,.F.);
#1932=ORIENTED_EDGE('',*,*,#1342,.T.);
#1933=ORIENTED_EDGE('',*,*,#1334,.T.);
#1934=ORIENTED_EDGE('',*,*,#1343,.F.);
#1935=ORIENTED_EDGE('',*,*,#1344,.F.);
#1936=ORIENTED_EDGE('',*,*,#1343,.T.);
#1937=ORIENTED_EDGE('',*,*,#1337,.T.);
#1938=ORIENTED_EDGE('',*,*,#1345,.F.);
#1939=ORIENTED_EDGE('',*,*,#1346,.F.);
#1940=ORIENTED_EDGE('',*,*,#1347,.F.);
#1941=ORIENTED_EDGE('',*,*,#1345,.T.);
#1942=ORIENTED_EDGE('',*,*,#1338,.T.);
#1943=ORIENTED_EDGE('',*,*,#1348,.F.);
#1944=ORIENTED_EDGE('',*,*,#1349,.F.);
#1945=ORIENTED_EDGE('',*,*,#1348,.T.);
#1946=ORIENTED_EDGE('',*,*,#1340,.T.);
#1947=ORIENTED_EDGE('',*,*,#1278,.F.);
#1948=ORIENTED_EDGE('',*,*,#1226,.T.);
#1949=ORIENTED_EDGE('',*,*,#1233,.T.);
#1950=ORIENTED_EDGE('',*,*,#1231,.T.);
#1951=ORIENTED_EDGE('',*,*,#1229,.T.);
#1952=ORIENTED_EDGE('',*,*,#1350,.F.);
#1953=ORIENTED_EDGE('',*,*,#1273,.T.);
#1954=ORIENTED_EDGE('',*,*,#1268,.T.);
#1955=ORIENTED_EDGE('',*,*,#1261,.F.);
#1956=ORIENTED_EDGE('',*,*,#1331,.T.);
#1957=ORIENTED_EDGE('',*,*,#1335,.F.);
#1958=ORIENTED_EDGE('',*,*,#1342,.F.);
#1959=ORIENTED_EDGE('',*,*,#1351,.T.);
#1960=ORIENTED_EDGE('',*,*,#1281,.T.);
#1961=ORIENTED_EDGE('',*,*,#1350,.T.);
#1962=ORIENTED_EDGE('',*,*,#1352,.F.);
#1963=ORIENTED_EDGE('',*,*,#1353,.T.);
#1964=ORIENTED_EDGE('',*,*,#1352,.T.);
#1965=ORIENTED_EDGE('',*,*,#1341,.T.);
#1966=ORIENTED_EDGE('',*,*,#1354,.F.);
#1967=ORIENTED_EDGE('',*,*,#1355,.T.);
#1968=ORIENTED_EDGE('',*,*,#1354,.T.);
#1969=ORIENTED_EDGE('',*,*,#1344,.T.);
#1970=ORIENTED_EDGE('',*,*,#1346,.T.);
#1971=ORIENTED_EDGE('',*,*,#1356,.F.);
#1972=ORIENTED_EDGE('',*,*,#1357,.T.);
#1973=ORIENTED_EDGE('',*,*,#1358,.T.);
#1974=ORIENTED_EDGE('',*,*,#1356,.T.);
#1975=ORIENTED_EDGE('',*,*,#1347,.T.);
#1976=ORIENTED_EDGE('',*,*,#1359,.F.);
#1977=ORIENTED_EDGE('',*,*,#1360,.T.);
#1978=ORIENTED_EDGE('',*,*,#1359,.T.);
#1979=ORIENTED_EDGE('',*,*,#1349,.T.);
#1980=ORIENTED_EDGE('',*,*,#1285,.F.);
#1981=ORIENTED_EDGE('',*,*,#1361,.F.);
#1982=ORIENTED_EDGE('',*,*,#1362,.F.);
#1983=ORIENTED_EDGE('',*,*,#1363,.F.);
#1984=ORIENTED_EDGE('',*,*,#1287,.T.);
#1985=ORIENTED_EDGE('',*,*,#1363,.T.);
#1986=ORIENTED_EDGE('',*,*,#1364,.T.);
#1987=ORIENTED_EDGE('',*,*,#1360,.F.);
#1988=ORIENTED_EDGE('',*,*,#1288,.F.);
#1989=ORIENTED_EDGE('',*,*,#1362,.T.);
#1990=ORIENTED_EDGE('',*,*,#1365,.T.);
#1991=ORIENTED_EDGE('',*,*,#1353,.F.);
#1992=ORIENTED_EDGE('',*,*,#1355,.F.);
#1993=ORIENTED_EDGE('',*,*,#1358,.F.);
#1994=ORIENTED_EDGE('',*,*,#1357,.F.);
#1995=ORIENTED_EDGE('',*,*,#1364,.F.);
#1996=ORIENTED_EDGE('',*,*,#1361,.T.);
#1997=ORIENTED_EDGE('',*,*,#1289,.T.);
#1998=ORIENTED_EDGE('',*,*,#1351,.F.);
#1999=ORIENTED_EDGE('',*,*,#1365,.F.);
#2000=PLANE('',#2224);
#2001=PLANE('',#2225);
#2002=PLANE('',#2226);
#2003=PLANE('',#2227);
#2004=PLANE('',#2228);
#2005=PLANE('',#2229);
#2006=PLANE('',#2230);
#2007=PLANE('',#2231);
#2008=PLANE('',#2232);
#2009=PLANE('',#2233);
#2010=PLANE('',#2234);
#2011=PLANE('',#2235);
#2012=PLANE('',#2236);
#2013=PLANE('',#2237);
#2014=PLANE('',#2238);
#2015=PLANE('',#2239);
#2016=PLANE('',#2240);
#2017=PLANE('',#2241);
#2018=PLANE('',#2242);
#2019=PLANE('',#2243);
#2020=PLANE('',#2244);
#2021=PLANE('',#2245);
#2022=PLANE('',#2246);
#2023=PLANE('',#2247);
#2024=PLANE('',#2248);
#2025=PLANE('',#2249);
#2026=PLANE('',#2250);
#2027=PLANE('',#2251);
#2028=PLANE('',#2252);
#2029=PLANE('',#2253);
#2030=PLANE('',#2254);
#2031=PLANE('',#2255);
#2032=PLANE('',#2256);
#2033=PLANE('',#2257);
#2034=PLANE('',#2258);
#2035=PLANE('',#2259);
#2036=PLANE('',#2260);
#2037=PLANE('',#2261);
#2038=PLANE('',#2262);
#2039=PLANE('',#2263);
#2040=PLANE('',#2264);
#2041=PLANE('',#2265);
#2042=PLANE('',#2266);
#2043=PLANE('',#2267);
#2044=PLANE('',#2268);
#2045=PLANE('',#2269);
#2046=PLANE('',#2270);
#2047=PLANE('',#2271);
#2048=PLANE('',#2272);
#2049=PLANE('',#2273);
#2050=PLANE('',#2274);
#2051=PLANE('',#2275);
#2052=PLANE('',#2276);
#2053=PLANE('',#2277);
#2054=PLANE('',#2278);
#2055=PLANE('',#2279);
#2056=PLANE('',#2280);
#2057=PLANE('',#2281);
#2058=PLANE('',#2282);
#2059=PLANE('',#2283);
#2060=PLANE('',#2284);
#2061=PLANE('',#2285);
#2062=PLANE('',#2286);
#2063=PLANE('',#2287);
#2064=PLANE('',#2288);
#2065=PLANE('',#2289);
#2066=PLANE('',#2290);
#2067=PLANE('',#2291);
#2068=PLANE('',#2292);
#2069=PLANE('',#2293);
#2070=PLANE('',#2294);
#2071=PLANE('',#2295);
#2072=PLANE('',#2296);
#2073=PLANE('',#2297);
#2074=PLANE('',#2298);
#2075=PLANE('',#2299);
#2076=PLANE('',#2300);
#2077=PLANE('',#2301);
#2078=PLANE('',#2302);
#2079=PLANE('',#2303);
#2080=PLANE('',#2304);
#2081=PLANE('',#2305);
#2082=PLANE('',#2306);
#2083=PLANE('',#2307);
#2084=PLANE('',#2308);
#2085=PLANE('',#2309);
#2086=ADVANCED_FACE('',(#52),#2000,.F.);
#2087=ADVANCED_FACE('',(#53),#16,.T.);
#2088=ADVANCED_FACE('',(#54),#2001,.T.);
#2089=ADVANCED_FACE('',(#55),#17,.F.);
#2090=ADVANCED_FACE('',(#56),#2002,.T.);
#2091=ADVANCED_FACE('',(#57),#18,.T.);
#2092=ADVANCED_FACE('',(#58),#2003,.T.);
#2093=ADVANCED_FACE('',(#59),#19,.F.);
#2094=ADVANCED_FACE('',(#60),#2004,.T.);
#2095=ADVANCED_FACE('',(#61),#2005,.T.);
#2096=ADVANCED_FACE('',(#62),#2006,.F.);
#2097=ADVANCED_FACE('',(#63),#2007,.T.);
#2098=ADVANCED_FACE('',(#64),#2008,.F.);
#2099=ADVANCED_FACE('',(#65),#2009,.T.);
#2100=ADVANCED_FACE('',(#66),#20,.F.);
#2101=ADVANCED_FACE('',(#67),#21,.F.);
#2102=ADVANCED_FACE('',(#68),#2010,.F.);
#2103=ADVANCED_FACE('',(#69),#2011,.F.);
#2104=ADVANCED_FACE('',(#70),#22,.F.);
#2105=ADVANCED_FACE('',(#71),#2012,.F.);
#2106=ADVANCED_FACE('',(#72),#23,.F.);
#2107=ADVANCED_FACE('',(#73),#2013,.F.);
#2108=ADVANCED_FACE('',(#74),#24,.F.);
#2109=ADVANCED_FACE('',(#75),#25,.F.);
#2110=ADVANCED_FACE('',(#76),#2014,.F.);
#2111=ADVANCED_FACE('',(#77),#26,.F.);
#2112=ADVANCED_FACE('',(#78),#2015,.F.);
#2113=ADVANCED_FACE('',(#79),#2016,.T.);
#2114=ADVANCED_FACE('',(#80),#2017,.T.);
#2115=ADVANCED_FACE('',(#81),#2018,.T.);
#2116=ADVANCED_FACE('',(#82),#2019,.T.);
#2117=ADVANCED_FACE('',(#83),#2020,.T.);
#2118=ADVANCED_FACE('',(#84),#2021,.T.);
#2119=ADVANCED_FACE('',(#85),#2022,.T.);
#2120=ADVANCED_FACE('',(#86),#2023,.T.);
#2121=ADVANCED_FACE('',(#87),#2024,.T.);
#2122=ADVANCED_FACE('',(#88),#2025,.T.);
#2123=ADVANCED_FACE('',(#89),#2026,.T.);
#2124=ADVANCED_FACE('',(#90),#2027,.T.);
#2125=ADVANCED_FACE('',(#91),#2028,.T.);
#2126=ADVANCED_FACE('',(#92),#2029,.T.);
#2127=ADVANCED_FACE('',(#93),#2030,.T.);
#2128=ADVANCED_FACE('',(#94),#27,.T.);
#2129=ADVANCED_FACE('',(#95),#28,.T.);
#2130=ADVANCED_FACE('',(#96),#2031,.T.);
#2131=ADVANCED_FACE('',(#97),#29,.T.);
#2132=ADVANCED_FACE('',(#98),#30,.T.);
#2133=ADVANCED_FACE('',(#99),#2032,.T.);
#2134=ADVANCED_FACE('',(#100),#31,.T.);
#2135=ADVANCED_FACE('',(#101),#32,.T.);
#2136=ADVANCED_FACE('',(#102),#2033,.T.);
#2137=ADVANCED_FACE('',(#103),#2034,.T.);
#2138=ADVANCED_FACE('',(#104),#2035,.T.);
#2139=ADVANCED_FACE('',(#105),#33,.T.);
#2140=ADVANCED_FACE('',(#106),#2036,.F.);
#2141=ADVANCED_FACE('',(#107),#2037,.F.);
#2142=ADVANCED_FACE('',(#108),#2038,.T.);
#2143=ADVANCED_FACE('',(#109),#2039,.F.);
#2144=ADVANCED_FACE('',(#110),#2040,.F.);
#2145=ADVANCED_FACE('',(#111),#2041,.F.);
#2146=ADVANCED_FACE('',(#112),#2042,.F.);
#2147=ADVANCED_FACE('',(#113),#2043,.F.);
#2148=ADVANCED_FACE('',(#114),#2044,.T.);
#2149=ADVANCED_FACE('',(#115),#2045,.T.);
#2150=ADVANCED_FACE('',(#116),#2046,.T.);
#2151=ADVANCED_FACE('',(#117),#2047,.T.);
#2152=ADVANCED_FACE('',(#118),#2048,.T.);
#2153=ADVANCED_FACE('',(#119),#34,.T.);
#2154=ADVANCED_FACE('',(#120),#35,.T.);
#2155=ADVANCED_FACE('',(#121),#2049,.T.);
#2156=ADVANCED_FACE('',(#122),#2050,.T.);
#2157=ADVANCED_FACE('',(#123),#36,.T.);
#2158=ADVANCED_FACE('',(#124),#37,.T.);
#2159=ADVANCED_FACE('',(#125),#2051,.T.);
#2160=ADVANCED_FACE('',(#126),#2052,.T.);
#2161=ADVANCED_FACE('',(#127),#38,.T.);
#2162=ADVANCED_FACE('',(#128),#39,.T.);
#2163=ADVANCED_FACE('',(#129),#40,.T.);
#2164=ADVANCED_FACE('',(#130),#2053,.T.);
#2165=ADVANCED_FACE('',(#131),#41,.T.);
#2166=ADVANCED_FACE('',(#132),#42,.T.);
#2167=ADVANCED_FACE('',(#133),#2054,.F.);
#2168=ADVANCED_FACE('',(#134),#2055,.T.);
#2169=ADVANCED_FACE('',(#135),#2056,.F.);
#2170=ADVANCED_FACE('',(#136),#2057,.F.);
#2171=ADVANCED_FACE('',(#137),#2058,.F.);
#2172=ADVANCED_FACE('',(#138),#2059,.F.);
#2173=ADVANCED_FACE('',(#139),#2060,.F.);
#2174=ADVANCED_FACE('',(#140),#2061,.F.);
#2175=ADVANCED_FACE('',(#141),#2062,.F.);
#2176=ADVANCED_FACE('',(#142),#2063,.F.);
#2177=ADVANCED_FACE('',(#143),#2064,.F.);
#2178=ADVANCED_FACE('',(#144),#2065,.F.);
#2179=ADVANCED_FACE('',(#145),#2066,.F.);
#2180=ADVANCED_FACE('',(#146),#2067,.F.);
#2181=ADVANCED_FACE('',(#147),#2068,.F.);
#2182=ADVANCED_FACE('',(#148),#2069,.F.);
#2183=ADVANCED_FACE('',(#149),#2070,.F.);
#2184=ADVANCED_FACE('',(#150),#43,.F.);
#2185=ADVANCED_FACE('',(#151),#44,.F.);
#2186=ADVANCED_FACE('',(#152),#2071,.F.);
#2187=ADVANCED_FACE('',(#153),#2072,.F.);
#2188=ADVANCED_FACE('',(#154),#2073,.F.);
#2189=ADVANCED_FACE('',(#155),#45,.F.);
#2190=ADVANCED_FACE('',(#156),#46,.F.);
#2191=ADVANCED_FACE('',(#157),#2074,.F.);
#2192=ADVANCED_FACE('',(#158),#2075,.F.);
#2193=ADVANCED_FACE('',(#159),#2076,.F.);
#2194=ADVANCED_FACE('',(#160),#47,.F.);
#2195=ADVANCED_FACE('',(#161),#48,.F.);
#2196=ADVANCED_FACE('',(#162),#49,.F.);
#2197=ADVANCED_FACE('',(#163,#14),#2077,.F.);
#2198=ADVANCED_FACE('',(#164),#2078,.F.);
#2199=ADVANCED_FACE('',(#165),#2079,.F.);
#2200=ADVANCED_FACE('',(#166),#2080,.F.);
#2201=ADVANCED_FACE('',(#167),#50,.F.);
#2202=ADVANCED_FACE('',(#168),#51,.F.);
#2203=ADVANCED_FACE('',(#169),#2081,.F.);
#2204=ADVANCED_FACE('',(#170),#2082,.F.);
#2205=ADVANCED_FACE('',(#171),#2083,.T.);
#2206=ADVANCED_FACE('',(#172),#2084,.T.);
#2207=ADVANCED_FACE('',(#173),#2085,.T.);
#2208=CLOSED_SHELL('',(#2086,#2087,#2088,#2089,#2090,#2091,#2092,#2093,
#2094,#2095,#2096,#2097,#2098,#2099,#2100,#2101,#2102,#2103,#2104,#2105,
#2106,#2107,#2108,#2109,#2110,#2111,#2112,#2113,#2114,#2115,#2116,#2117,
#2118,#2119,#2120,#2121,#2122,#2123,#2124,#2125,#2126,#2127,#2128,#2129,
#2130,#2131,#2132,#2133,#2134,#2135,#2136,#2137,#2138,#2139,#2140,#2141));
#2209=CLOSED_SHELL('',(#2142,#2143,#2144,#2145,#2146,#2147,#2148,#2149,
#2150,#2151,#2152,#2153,#2154,#2155,#2156,#2157,#2158,#2159,#2160,#2161,
#2162,#2163,#2164,#2165,#2166,#2167,#2168,#2169,#2170,#2171,#2172,#2173,
#2174,#2175,#2176,#2177,#2178,#2179,#2180,#2181,#2182,#2183,#2184,#2185,
#2186,#2187,#2188,#2189,#2190,#2191,#2192,#2193,#2194,#2195,#2196,#2197,
#2198,#2199,#2200,#2201,#2202,#2203,#2204,#2205,#2206,#2207));
#2210=BREP_WITH_VOIDS('Body1',#2209,(#15));
#2211=DERIVED_UNIT_ELEMENT(#2213,1.);
#2212=DERIVED_UNIT_ELEMENT(#4430,-3.);
#2213=(
MASS_UNIT()
NAMED_UNIT(*)
SI_UNIT(.KILO.,.GRAM.)
);
#2214=DERIVED_UNIT((#2211,#2212));
#2215=MEASURE_REPRESENTATION_ITEM('density measure',
POSITIVE_RATIO_MEASURE(1171.75),#2214);
#2216=PROPERTY_DEFINITION_REPRESENTATION(#2221,#2218);
#2217=PROPERTY_DEFINITION_REPRESENTATION(#2222,#2219);
#2218=REPRESENTATION('material name',(#2220),#4427);
#2219=REPRESENTATION('density',(#2215),#4427);
#2220=DESCRIPTIVE_REPRESENTATION_ITEM(
'PA 11 - Nylon- HP 11-30 (with EOS P 396 3D Printer)',
'PA 11 - Nylon- HP 11-30 (with EOS P 396 3D Printer)');
#2221=PROPERTY_DEFINITION('material property','material name',#4437);
#2222=PROPERTY_DEFINITION('material property','density of part',#4437);
#2223=AXIS2_PLACEMENT_3D('',#2719,#2310,#2311);
#2224=AXIS2_PLACEMENT_3D('',#2720,#2312,#2313);
#2225=AXIS2_PLACEMENT_3D('',#2837,#2317,#2318);
#2226=AXIS2_PLACEMENT_3D('',#2967,#2322,#2323);
#2227=AXIS2_PLACEMENT_3D('',#3043,#2326,#2327);
#2228=AXIS2_PLACEMENT_3D('',#3111,#2334,#2335);
#2229=AXIS2_PLACEMENT_3D('',#3113,#2337,#2338);
#2230=AXIS2_PLACEMENT_3D('',#3131,#2342,#2343);
#2231=AXIS2_PLACEMENT_3D('',#3149,#2347,#2348);
#2232=AXIS2_PLACEMENT_3D('',#3164,#2350,#2351);
#2233=AXIS2_PLACEMENT_3D('',#3176,#2353,#2354);
#2234=AXIS2_PLACEMENT_3D('',#3290,#2361,#2362);
#2235=AXIS2_PLACEMENT_3D('',#3299,#2367,#2368);
#2236=AXIS2_PLACEMENT_3D('',#3382,#2381,#2382);
#2237=AXIS2_PLACEMENT_3D('',#3406,#2385,#2386);
#2238=AXIS2_PLACEMENT_3D('',#3496,#2387,#2388);
#2239=AXIS2_PLACEMENT_3D('',#3518,#2390,#2391);
#2240=AXIS2_PLACEMENT_3D('',#3524,#2395,#2396);
#2241=AXIS2_PLACEMENT_3D('',#3530,#2400,#2401);
#2242=AXIS2_PLACEMENT_3D('',#3534,#2404,#2405);
#2243=AXIS2_PLACEMENT_3D('',#3536,#2407,#2408);
#2244=AXIS2_PLACEMENT_3D('',#3540,#2411,#2412);
#2245=AXIS2_PLACEMENT_3D('',#3544,#2415,#2416);
#2246=AXIS2_PLACEMENT_3D('',#3548,#2419,#2420);
#2247=AXIS2_PLACEMENT_3D('',#3552,#2423,#2424);
#2248=AXIS2_PLACEMENT_3D('',#3556,#2427,#2428);
#2249=AXIS2_PLACEMENT_3D('',#3560,#2431,#2432);
#2250=AXIS2_PLACEMENT_3D('',#3564,#2435,#2436);
#2251=AXIS2_PLACEMENT_3D('',#3568,#2439,#2440);
#2252=AXIS2_PLACEMENT_3D('',#3577,#2443,#2444);
#2253=AXIS2_PLACEMENT_3D('',#3599,#2447,#2448);
#2254=AXIS2_PLACEMENT_3D('',#3603,#2451,#2452);
#2255=AXIS2_PLACEMENT_3D('',#3687,#2454,#2455);
#2256=AXIS2_PLACEMENT_3D('',#3730,#2456,#2457);
#2257=AXIS2_PLACEMENT_3D('',#3820,#2458,#2459);
#2258=AXIS2_PLACEMENT_3D('',#3825,#2460,#2461);
#2259=AXIS2_PLACEMENT_3D('',#3828,#2464,#2465);
#2260=AXIS2_PLACEMENT_3D('',#3845,#2466,#2467);
#2261=AXIS2_PLACEMENT_3D('',#3847,#2469,#2470);
#2262=AXIS2_PLACEMENT_3D('',#3848,#2471,#2472);
#2263=AXIS2_PLACEMENT_3D('',#3857,#2477,#2478);
#2264=AXIS2_PLACEMENT_3D('',#3863,#2482,#2483);
#2265=AXIS2_PLACEMENT_3D('',#3867,#2486,#2487);
#2266=AXIS2_PLACEMENT_3D('',#3871,#2490,#2491);
#2267=AXIS2_PLACEMENT_3D('',#3873,#2493,#2494);
#2268=AXIS2_PLACEMENT_3D('',#3879,#2498,#2499);
#2269=AXIS2_PLACEMENT_3D('',#3883,#2502,#2503);
#2270=AXIS2_PLACEMENT_3D('',#3887,#2506,#2507);
#2271=AXIS2_PLACEMENT_3D('',#3889,#2509,#2510);
#2272=AXIS2_PLACEMENT_3D('',#3898,#2515,#2516);
#2273=AXIS2_PLACEMENT_3D('',#3964,#2535,#2536);
#2274=AXIS2_PLACEMENT_3D('',#3968,#2539,#2540);
#2275=AXIS2_PLACEMENT_3D('',#4012,#2548,#2549);
#2276=AXIS2_PLACEMENT_3D('',#4020,#2554,#2555);
#2277=AXIS2_PLACEMENT_3D('',#4085,#2566,#2567);
#2278=AXIS2_PLACEMENT_3D('',#4131,#2576,#2577);
#2279=AXIS2_PLACEMENT_3D('',#4137,#2581,#2582);
#2280=AXIS2_PLACEMENT_3D('',#4143,#2586,#2587);
#2281=AXIS2_PLACEMENT_3D('',#4147,#2590,#2591);
#2282=AXIS2_PLACEMENT_3D('',#4151,#2594,#2595);
#2283=AXIS2_PLACEMENT_3D('',#4153,#2597,#2598);
#2284=AXIS2_PLACEMENT_3D('',#4157,#2601,#2602);
#2285=AXIS2_PLACEMENT_3D('',#4161,#2605,#2606);
#2286=AXIS2_PLACEMENT_3D('',#4165,#2609,#2610);
#2287=AXIS2_PLACEMENT_3D('',#4169,#2613,#2614);
#2288=AXIS2_PLACEMENT_3D('',#4173,#2617,#2618);
#2289=AXIS2_PLACEMENT_3D('',#4177,#2621,#2622);
#2290=AXIS2_PLACEMENT_3D('',#4181,#2625,#2626);
#2291=AXIS2_PLACEMENT_3D('',#4185,#2629,#2630);
#2292=AXIS2_PLACEMENT_3D('',#4189,#2633,#2634);
#2293=AXIS2_PLACEMENT_3D('',#4195,#2638,#2639);
#2294=AXIS2_PLACEMENT_3D('',#4197,#2641,#2642);
#2295=AXIS2_PLACEMENT_3D('',#4239,#2649,#2650);
#2296=AXIS2_PLACEMENT_3D('',#4241,#2652,#2653);
#2297=AXIS2_PLACEMENT_3D('',#4247,#2657,#2658);
#2298=AXIS2_PLACEMENT_3D('',#4285,#2663,#2664);
#2299=AXIS2_PLACEMENT_3D('',#4293,#2669,#2670);
#2300=AXIS2_PLACEMENT_3D('',#4297,#2673,#2674);
#2301=AXIS2_PLACEMENT_3D('',#4360,#2684,#2685);
#2302=AXIS2_PLACEMENT_3D('',#4362,#2687,#2688);
#2303=AXIS2_PLACEMENT_3D('',#4364,#2690,#2691);
#2304=AXIS2_PLACEMENT_3D('',#4368,#2694,#2695);
#2305=AXIS2_PLACEMENT_3D('',#4412,#2703,#2704);
#2306=AXIS2_PLACEMENT_3D('',#4414,#2706,#2707);
#2307=AXIS2_PLACEMENT_3D('',#4420,#2711,#2712);
#2308=AXIS2_PLACEMENT_3D('',#4422,#2714,#2715);
#2309=AXIS2_PLACEMENT_3D('',#4424,#2717,#2718);
#2310=DIRECTION('axis',(0.,0.,1.));
#2311=DIRECTION('refdir',(1.,0.,0.));
#2312=DIRECTION('center_axis',(1.05053186705285E-7,-0.999999999999995,2.151820063351E-18));
#2313=DIRECTION('ref_axis',(0.,-2.15182006335101E-18,-1.));
#2314=DIRECTION('',(0.47751330291082,5.01642941630572E-8,-0.878624519088329));
#2315=DIRECTION('',(0.999999999999986,1.05053186705284E-7,-1.32713466882706E-7));
#2316=DIRECTION('',(0.834372264216207,8.76534652532309E-8,-0.551201346793267));
#2317=DIRECTION('center_axis',(-1.05053186705285E-7,-0.999999999999995,
-2.151820063351E-18));
#2318=DIRECTION('ref_axis',(0.,2.15182006335101E-18,-1.));
#2319=DIRECTION('',(-0.47751330291082,5.01642941630572E-8,0.878624519088329));
#2320=DIRECTION('',(0.834372264216207,-8.76534652532309E-8,-0.551201346793267));
#2321=DIRECTION('',(0.999999999999986,-1.05053186705284E-7,-1.32713466882706E-7));
#2322=DIRECTION('center_axis',(-0.551201346793269,0.,-0.834372264216211));
#2323=DIRECTION('ref_axis',(-0.834372264216211,0.,0.551201346793269));
#2324=DIRECTION('',(0.,1.,0.));
#2325=DIRECTION('',(0.,1.,0.));
#2326=DIRECTION('center_axis',(-0.953799272404526,0.,-0.300444583843006));
#2327=DIRECTION('ref_axis',(-0.300444583843006,0.,0.953799272404526));
#2328=DIRECTION('',(0.,-1.,0.));
#2329=DIRECTION('',(-0.300444583843006,0.,0.953799272404526));
#2330=DIRECTION('',(0.300444583843006,0.,-0.953799272404526));
#2331=DIRECTION('',(0.,1.,0.));
#2332=DIRECTION('',(0.300444583843005,9.20977337057329E-8,-0.953799272404522));
#2333=DIRECTION('',(0.300444583843006,0.,-0.953799272404526));
#2334=DIRECTION('center_axis',(-0.95292577218078,0.,-0.303203681893316));
#2335=DIRECTION('ref_axis',(-0.303203681893316,0.,0.95292577218078));
#2336=DIRECTION('',(0.,-1.,0.));
#2337=DIRECTION('center_axis',(0.,1.,0.));
#2338=DIRECTION('ref_axis',(0.,0.,1.));
#2339=DIRECTION('',(-0.999639168362422,0.,0.0268613677180741));
#2340=DIRECTION('',(0.,0.,-1.));
#2341=DIRECTION('',(0.,0.,1.));
#2342=DIRECTION('center_axis',(0.,1.,0.));
#2343=DIRECTION('ref_axis',(0.,0.,1.));
#2344=DIRECTION('',(0.,0.,1.));
#2345=DIRECTION('',(-0.999639168362422,0.,0.0268613677180741));
#2346=DIRECTION('',(0.,0.,1.));
#2347=DIRECTION('center_axis',(-3.06538172623054E-7,0.999999999999953,0.));
#2348=DIRECTION('ref_axis',(0.,0.,1.));
#2349=DIRECTION('',(-0.99999999999994,-3.0653817262305E-7,1.59655296910762E-7));
#2350=DIRECTION('center_axis',(3.06538172623054E-7,0.999999999999953,0.));
#2351=DIRECTION('ref_axis',(0.,0.,1.));
#2352=DIRECTION('',(0.99999999999994,-3.0653817262305E-7,-1.59655296910762E-7));
#2353=DIRECTION('center_axis',(0.,0.,1.));
#2354=DIRECTION('ref_axis',(1.,0.,0.));
#2355=DIRECTION('',(-0.999999999999967,2.55448477611613E-7,0.));
#2356=DIRECTION('',(0.,1.,0.));
#2357=DIRECTION('',(0.999999999999967,2.55448477611613E-7,0.));
#2358=DIRECTION('',(0.,-0.999999999999999,4.63798654301572E-8));
#2359=DIRECTION('',(0.,0.999999999999999,4.63798654301572E-8));
#2360=DIRECTION('',(0.,1.,0.));
#2361=DIRECTION('center_axis',(2.10106372305739E-7,0.999999999999978,2.87647631719064E-18));
#2362=DIRECTION('ref_axis',(0.,-2.8764763171907E-18,1.));
#2363=DIRECTION('',(0.999999906970778,-2.10106352759712E-7,0.00043134486251616));
#2364=DIRECTION('',(0.,0.,1.));
#2365=DIRECTION('',(-0.652939632895746,1.37186777604548E-7,-0.757409952267561));
#2366=DIRECTION('',(0.,-2.8764763171907E-18,1.));
#2367=DIRECTION('center_axis',(2.037106391314E-16,1.,0.));
#2368=DIRECTION('ref_axis',(0.,0.,1.));
#2369=DIRECTION('',(-1.,2.037106391314E-16,0.));
#2370=DIRECTION('',(-0.707360673621423,1.44096894919838E-16,-0.70685279755678));
#2371=DIRECTION('',(-0.706840387375224,1.43990907076093E-16,-0.707373074675057));
#2372=DIRECTION('',(-0.999999999999993,2.03710639131398E-16,-1.22402485702722E-7));
#2373=DIRECTION('',(-0.654377413863891,1.33303641211366E-16,-0.756168103152206));
#2374=DIRECTION('',(-0.652939632895753,1.33010749931415E-16,-0.757409952267568));
#2375=DIRECTION('',(0.999999885068594,-2.0371061571865E-16,-0.000479440088214933));
#2376=DIRECTION('',(0.999999982035572,-2.03710635471855E-16,-0.000189549083720708));
#2377=DIRECTION('',(0.999999980183866,-2.03710635094642E-16,0.000199078545927656));
#2378=DIRECTION('',(1.,-2.037106391314E-16,2.27065301006135E-8));
#2379=DIRECTION('',(0.999831706507473,-2.03676355956475E-16,0.0183455352157952));
#2380=DIRECTION('',(0.,0.,-1.));
#2381=DIRECTION('center_axis',(0.00454540268316734,0.999989669603865,0.));
#2382=DIRECTION('ref_axis',(0.,0.,1.));
#2383=DIRECTION('',(0.999821381326022,-0.0045446377372755,0.0183453457629316));
#2384=DIRECTION('',(0.999628849144739,-0.00454376259194149,-0.0268610904297189));
#2385=DIRECTION('center_axis',(2.43295298442607E-7,0.952424147199296,-0.304775727103775));
#2386=DIRECTION('ref_axis',(0.,0.304775727103784,0.952424147199324));
#2387=DIRECTION('center_axis',(0.72641837717035,0.687252749219088,-6.69245853873856E-17));
#2388=DIRECTION('ref_axis',(9.21295323613369E-17,0.,1.));
#2389=DIRECTION('',(-0.203280299951255,0.21486497619556,0.955253977566285));
#2390=DIRECTION('center_axis',(1.,0.,0.));
#2391=DIRECTION('ref_axis',(0.,0.,-1.));
#2392=DIRECTION('',(0.,-1.,0.));
#2393=DIRECTION('',(0.,2.8764763171907E-18,1.));
#2394=DIRECTION('',(0.,1.,0.));
#2395=DIRECTION('center_axis',(-0.757409952267568,0.,0.652939632895753));
#2396=DIRECTION('ref_axis',(0.652939632895753,0.,0.757409952267568));
#2397=DIRECTION('',(0.,-1.,0.));
#2398=DIRECTION('',(-0.652939632895753,-1.33010749931415E-16,-0.757409952267568));
#2399=DIRECTION('',(-0.652939632895746,-1.37186777604548E-7,-0.757409952267561));
#2400=DIRECTION('center_axis',(-2.10106372305739E-7,0.999999999999978,-2.87647631719064E-18));
#2401=DIRECTION('ref_axis',(0.,2.8764763171907E-18,1.));
#2402=DIRECTION('',(0.,0.,1.));
#2403=DIRECTION('',(-0.999999906970778,-2.10106352759712E-7,-0.00043134486251616));
#2404=DIRECTION('center_axis',(0.00043134486251617,0.,-0.9999999069708));
#2405=DIRECTION('ref_axis',(-0.9999999069708,0.,-0.00043134486251617));
#2406=DIRECTION('',(0.,1.,0.));
#2407=DIRECTION('center_axis',(-0.756168103152206,8.10488246932165E-17,
0.654377413863891));
#2408=DIRECTION('ref_axis',(0.654377413863891,0.,0.756168103152206));
#2409=DIRECTION('',(1.07183618219921E-16,1.,1.311954129673E-23));
#2410=DIRECTION('',(-0.654377413863891,-1.33303641211366E-16,-0.756168103152206));
#2411=DIRECTION('center_axis',(-0.000479440088214933,0.,-0.999999885068594));
#2412=DIRECTION('ref_axis',(-0.999999885068594,0.,0.000479440088214933));
#2413=DIRECTION('',(0.,1.,0.));
#2414=DIRECTION('',(0.999999885068594,2.0371061571865E-16,-0.000479440088214933));
#2415=DIRECTION('center_axis',(-0.000189549083720708,0.,-0.999999982035572));
#2416=DIRECTION('ref_axis',(-0.999999982035572,0.,0.000189549083720708));
#2417=DIRECTION('',(0.,1.,0.));
#2418=DIRECTION('',(0.999999982035572,2.03710635471855E-16,-0.000189549083720708));
#2419=DIRECTION('center_axis',(-1.22402485702722E-7,0.,0.999999999999993));
#2420=DIRECTION('ref_axis',(0.999999999999993,0.,1.22402485702722E-7));
#2421=DIRECTION('',(1.14577211810834E-16,-1.,1.40245355305334E-23));
#2422=DIRECTION('',(-0.999999999999993,-2.03710639131398E-16,-1.22402485702722E-7));
#2423=DIRECTION('center_axis',(0.000199078545927656,0.,-0.999999980183866));
#2424=DIRECTION('ref_axis',(-0.999999980183866,0.,-0.000199078545927656));
#2425=DIRECTION('',(0.,1.,0.));
#2426=DIRECTION('',(0.999999980183866,2.03710635094642E-16,0.000199078545927656));
#2427=DIRECTION('center_axis',(-0.707373074675057,-8.10488246932165E-17,
0.706840387375224));
#2428=DIRECTION('ref_axis',(0.706840387375224,0.,0.707373074675057));
#2429=DIRECTION('',(0.,-1.,0.));
#2430=DIRECTION('',(-0.706840387375224,-1.43990907076093E-16,-0.707373074675057));
#2431=DIRECTION('center_axis',(-0.70685279755678,0.,0.707360673621423));
#2432=DIRECTION('ref_axis',(0.707360673621423,0.,0.70685279755678));
#2433=DIRECTION('',(0.,1.,0.));
#2434=DIRECTION('',(-0.707360673621423,-1.44096894919838E-16,-0.70685279755678));
#2435=DIRECTION('center_axis',(2.27065301006135E-8,0.,-1.));
#2436=DIRECTION('ref_axis',(-1.,0.,-2.27065301006135E-8));
#2437=DIRECTION('',(0.,-1.,0.));
#2438=DIRECTION('',(1.,2.037106391314E-16,2.27065301006135E-8));
#2439=DIRECTION('center_axis',(0.,0.,1.));
#2440=DIRECTION('ref_axis',(1.,0.,0.));
#2441=DIRECTION('',(0.,-1.,0.));
#2442=DIRECTION('',(-1.,-2.037106391314E-16,0.));
#2443=DIRECTION('center_axis',(-2.037106391314E-16,1.,0.));
#2444=DIRECTION('ref_axis',(0.,0.,1.));
#2445=DIRECTION('',(0.,0.,1.));
#2446=DIRECTION('',(-0.999831706507473,-2.03676355956475E-16,-0.0183455352157952));
#2447=DIRECTION('center_axis',(0.0183455352157952,0.,-0.999831706507473));
#2448=DIRECTION('ref_axis',(-0.999831706507473,0.,-0.0183455352157952));
#2449=DIRECTION('',(0.999821381326022,0.0045446377372755,0.0183453457629316));
#2450=DIRECTION('',(0.,1.,0.));
#2451=DIRECTION('center_axis',(-0.0268613677180741,0.,-0.999639168362422));
#2452=DIRECTION('ref_axis',(-0.999639168362422,0.,0.0268613677180741));
#2453=DIRECTION('',(0.999628849144739,0.00454376259194149,-0.0268610904297189));
#2454=DIRECTION('center_axis',(-0.00454540268316734,0.999989669603865,0.));
#2455=DIRECTION('ref_axis',(0.,0.,1.));
#2456=DIRECTION('center_axis',(-2.43295298442607E-7,0.952424147199296,0.304775727103775));
#2457=DIRECTION('ref_axis',(0.,-0.304775727103784,0.952424147199324));
#2458=DIRECTION('center_axis',(0.,0.,-1.));
#2459=DIRECTION('ref_axis',(-1.,0.,0.));
#2460=DIRECTION('center_axis',(0.978098681070273,0.,0.208141706749496));
#2461=DIRECTION('ref_axis',(0.208141706749496,0.,-0.978098681070273));
#2462=DIRECTION('',(0.,1.,0.));
#2463=DIRECTION('',(-0.203280299951255,-0.21486497619556,0.955253977566286));
#2464=DIRECTION('center_axis',(-0.72641837717035,0.687252749219088,6.69245853873856E-17));
#2465=DIRECTION('ref_axis',(9.21295323613369E-17,0.,1.));
#2466=DIRECTION('center_axis',(1.32713466882706E-7,0.,0.999999999999991));
#2467=DIRECTION('ref_axis',(0.999999999999991,0.,-1.32713466882706E-7));
#2468=DIRECTION('',(0.,-1.,0.));
#2469=DIRECTION('center_axis',(-0.87862451908833,0.,-0.47751330291082));
#2470=DIRECTION('ref_axis',(-0.47751330291082,0.,0.87862451908833));
#2471=DIRECTION('center_axis',(-2.60826487070791E-30,4.59923561955495E-32,
1.));
#2472=DIRECTION('ref_axis',(1.,0.,2.60826487070791E-30));
#2473=DIRECTION('',(1.,0.,0.));
#2474=DIRECTION('',(0.,1.,0.));
#2475=DIRECTION('',(-1.,0.,0.));
#2476=DIRECTION('',(0.,-1.,0.));
#2477=DIRECTION('center_axis',(0.,-0.92847667752696,-0.37139070974985));
#2478=DIRECTION('ref_axis',(0.,0.371390709749849,-0.92847667752696));
#2479=DIRECTION('',(1.,0.,0.));
#2480=DIRECTION('',(0.681480222384693,-0.271797288261046,0.679493149775957));
#2481=DIRECTION('',(0.846280930029908,-0.197853529421625,0.494633771959739));
#2482=DIRECTION('center_axis',(-0.504609088515576,0.,0.863347941323474));
#2483=DIRECTION('ref_axis',(0.863347941323474,0.,0.504609088515576));
#2484=DIRECTION('',(0.,-1.,0.));
#2485=DIRECTION('',(0.846280932991829,0.197853512424616,0.494633773690921));
#2486=DIRECTION('center_axis',(0.,0.928476688976931,-0.371390681124925));
#2487=DIRECTION('ref_axis',(0.,0.371390681124925,0.928476688976931));
#2488=DIRECTION('',(1.,0.,0.));
#2489=DIRECTION('',(0.681480226885753,0.271797265755652,0.679493154263892));
#2490=DIRECTION('center_axis',(0.706073625964423,0.,-0.708138429064157));
#2491=DIRECTION('ref_axis',(-0.708138429064157,0.,-0.706073625964423));
#2492=DIRECTION('',(0.,-1.,0.));
#2493=DIRECTION('center_axis',(0.,-0.928476688976931,0.371390681124925));
#2494=DIRECTION('ref_axis',(0.,-0.371390681124925,-0.928476688976931));
#2495=DIRECTION('',(1.,0.,0.));
#2496=DIRECTION('',(0.348155315841637,0.348155315841637,0.870388276634296));
#2497=DIRECTION('',(0.182574188102195,0.36514837620439,0.912870926908137));
#2498=DIRECTION('center_axis',(-0.928476688976931,0.,0.371390681124925));
#2499=DIRECTION('ref_axis',(0.371390681124925,0.,0.928476688976931));
#2500=DIRECTION('',(0.,1.,0.));
#2501=DIRECTION('',(0.348155315841637,-0.348155315841637,0.870388276634296));
#2502=DIRECTION('center_axis',(0.,-0.928476688976931,-0.371390681124925));
#2503=DIRECTION('ref_axis',(0.,0.371390681124925,-0.928476688976931));
#2504=DIRECTION('',(-1.,0.,0.));
#2505=DIRECTION('',(0.182574188102195,-0.36514837620439,0.912870926908137));
#2506=DIRECTION('center_axis',(0.980580675128928,1.86797591241852E-16,-0.196116137948144));
#2507=DIRECTION('ref_axis',(-0.196116137948144,0.,-0.980580675128928));
#2508=DIRECTION('',(1.90496912676045E-16,-1.,0.));
#2509=DIRECTION('center_axis',(2.10106372305739E-7,0.999999999999978,2.87647631719064E-18));
#2510=DIRECTION('ref_axis',(0.,-2.8764763171907E-18,1.));
#2511=DIRECTION('',(0.,0.,1.));
#2512=DIRECTION('',(0.999999906970778,-2.10106352754313E-7,0.00043134486251617));
#2513=DIRECTION('',(0.,0.,1.));
#2514=DIRECTION('',(0.652939632895746,-1.37186777598845E-7,0.757409952267561));
#2515=DIRECTION('center_axis',(2.037106391314E-16,1.,0.));
#2516=DIRECTION('ref_axis',(0.,0.,1.));
#2517=DIRECTION('',(0.,0.,1.));
#2518=DIRECTION('',(0.,0.,1.));
#2519=DIRECTION('',(0.999831706507473,-1.01838177978238E-16,0.0183455352157952));
#2520=DIRECTION('',(1.,5.28677582943715E-16,2.27065301028793E-8));
#2521=DIRECTION('',(0.999999980183866,0.,0.000199078545927644));
#2522=DIRECTION('',(0.999999982035572,-5.28678008232235E-16,-0.000189549083720191));
#2523=DIRECTION('',(0.999999885068594,0.,-0.000479440088214927));
#2524=DIRECTION('',(0.654377413863891,0.,0.756168103152206));
#2525=DIRECTION('',(0.999999999999993,-5.28678017729629E-16,1.22402485745459E-7));
#2526=DIRECTION('',(0.706840387375224,7.84750472798938E-16,0.707373074675057));
#2527=DIRECTION('',(0.707360673621423,0.,0.70685279755678));
#2528=DIRECTION('',(1.,-2.037106391314E-16,0.));
#2529=DIRECTION('',(0.,0.999999999970894,7.62968270551865E-6));
#2530=DIRECTION('',(0.999494185561456,0.031802091579674,0.));
#2531=DIRECTION('',(0.,1.,0.));
#2532=DIRECTION('',(0.999999999999038,0.,1.38721499747323E-6));
#2533=DIRECTION('',(0.,0.299340085485649,0.954146484152955));
#2534=DIRECTION('',(0.999890658600562,-0.00454495263363807,-0.014071753582695));
#2535=DIRECTION('center_axis',(0.00454540268316734,0.999989669603865,0.));
#2536=DIRECTION('ref_axis',(0.,0.,1.));
#2537=DIRECTION('',(0.,0.,1.));
#2538=DIRECTION('',(0.999628849144739,-0.00454376259194149,-0.0268610904297189));
#2539=DIRECTION('center_axis',(0.,1.,0.));
#2540=DIRECTION('ref_axis',(0.,0.,1.));
#2541=DIRECTION('',(0.,0.,1.));
#2542=DIRECTION('',(0.300444583843006,0.,-0.953799272404526));
#2543=DIRECTION('',(0.988949299734775,0.,0.148254114796513));
#2544=DIRECTION('',(0.,0.999999999999999,4.63798654301572E-8));
#2545=DIRECTION('',(1.,0.,0.));
#2546=DIRECTION('',(0.999999995864443,0.,-9.09456651805819E-5));
#2547=DIRECTION('',(0.,0.304775727103784,0.952424147199324));
#2548=DIRECTION('center_axis',(2.43295298442607E-7,0.952424147199296,-0.304775727103775));
#2549=DIRECTION('ref_axis',(0.,0.304775727103784,0.952424147199324));
#2550=DIRECTION('',(0.,0.304775727103784,0.952424147199324));
#2551=DIRECTION('',(0.,0.304775727103784,0.952424147199324));
#2552=DIRECTION('',(0.99999999999994,-3.0653817262303E-7,-1.59655295333435E-7));
#2553=DIRECTION('',(0.999999999999967,-2.55448478243221E-7,0.));
#2554=DIRECTION('center_axis',(3.06538172623054E-7,0.999999999999953,0.));
#2555=DIRECTION('ref_axis',(0.,0.,1.));
#2556=DIRECTION('',(0.,0.,1.));
#2557=DIRECTION('',(0.303203681893315,-9.29435025801569E-8,-0.952925772180776));
#2558=DIRECTION('',(0.,1.98254122565765E-16,1.));
#2559=DIRECTION('',(0.976430254833469,0.110373180526334,-0.185477002526856));
#2560=DIRECTION('',(0.99806762113501,0.062137135771624,0.));
#2561=DIRECTION('',(0.,0.371390676354104,0.928476690885259));
#2562=DIRECTION('',(0.,0.371390676354104,0.928476690885259));
#2563=DIRECTION('',(0.943670740697766,0.0352503109248376,-0.329002961583374));
#2564=DIRECTION('',(0.,0.252421853048988,0.967617283900673));
#2565=DIRECTION('',(1.,-6.9119651367183E-17,0.));
#2566=DIRECTION('center_axis',(0.72641837717035,0.687252749219088,-6.69245853873856E-17));
#2567=DIRECTION('ref_axis',(9.21295323613369E-17,0.,1.));
#2568=DIRECTION('',(0.,0.,-1.));
#2569=DIRECTION('',(0.306403886308963,-0.323865439758743,-0.895113308684794));
#2570=DIRECTION('',(0.203280299951254,-0.21486497619556,-0.955253977566285));
#2571=DIRECTION('',(0.,0.,-1.));
#2572=DIRECTION('',(0.583297369645115,-0.102756377967511,-0.805732775398945));
#2573=DIRECTION('',(0.,0.,-1.));
#2574=DIRECTION('',(0.832128000898498,0.073295909802409,-0.549718746021006));
#2575=DIRECTION('',(0.,0.,-1.));
#2576=DIRECTION('center_axis',(-1.05053186705285E-7,-0.999999999999995,
-2.151820063351E-18));
#2577=DIRECTION('ref_axis',(0.,2.15182006335101E-18,-1.));
#2578=DIRECTION('',(0.,0.,-1.));
#2579=DIRECTION('',(0.999999999999986,-1.05053186705282E-7,-1.32713466882703E-7));
#2580=DIRECTION('',(0.47751330291082,-5.0164294164947E-8,-0.878624519088329));
#2581=DIRECTION('center_axis',(1.,0.,0.));
#2582=DIRECTION('ref_axis',(0.,0.,-1.));
#2583=DIRECTION('',(0.,1.,0.));
#2584=DIRECTION('',(0.,1.,0.));
#2585=DIRECTION('',(0.,0.,1.));
#2586=DIRECTION('center_axis',(-0.757409952267568,0.,0.652939632895753));
#2587=DIRECTION('ref_axis',(0.652939632895753,0.,0.757409952267568));
#2588=DIRECTION('',(0.,-1.,0.));
#2589=DIRECTION('',(0.652939632895746,1.37186777598845E-7,0.757409952267561));
#2590=DIRECTION('center_axis',(-2.10106372305739E-7,0.999999999999978,-2.87647631719064E-18));
#2591=DIRECTION('ref_axis',(0.,2.8764763171907E-18,1.));
#2592=DIRECTION('',(0.,0.,1.));
#2593=DIRECTION('',(0.999999906970778,2.10106352754313E-7,0.00043134486251617));
#2594=DIRECTION('center_axis',(0.00043134486251617,0.,-0.9999999069708));
#2595=DIRECTION('ref_axis',(-0.9999999069708,0.,-0.00043134486251617));
#2596=DIRECTION('',(0.,1.,0.));
#2597=DIRECTION('center_axis',(-0.756168103152206,8.10488246932165E-17,
0.654377413863891));
#2598=DIRECTION('ref_axis',(0.654377413863891,0.,0.756168103152206));
#2599=DIRECTION('',(0.,-1.,0.));
#2600=DIRECTION('',(0.654377413863891,0.,0.756168103152206));
#2601=DIRECTION('center_axis',(-0.000479440088214933,0.,-0.999999885068594));
#2602=DIRECTION('ref_axis',(-0.999999885068594,0.,0.000479440088214933));
#2603=DIRECTION('',(0.,1.,0.));
#2604=DIRECTION('',(0.999999885068594,0.,-0.000479440088214927));
#2605=DIRECTION('center_axis',(-0.000189549083720708,0.,-0.999999982035572));
#2606=DIRECTION('ref_axis',(-0.999999982035572,0.,0.000189549083720708));
#2607=DIRECTION('',(0.,1.,0.));
#2608=DIRECTION('',(0.999999982035572,5.28678008232235E-16,-0.000189549083720191));
#2609=DIRECTION('center_axis',(-1.22402485702722E-7,0.,0.999999999999993));
#2610=DIRECTION('ref_axis',(0.999999999999993,0.,1.22402485702722E-7));
#2611=DIRECTION('',(0.,-1.,0.));
#2612=DIRECTION('',(0.999999999999993,5.28678017729629E-16,1.22402485745459E-7));
#2613=DIRECTION('center_axis',(0.000199078545927656,0.,-0.999999980183866));
#2614=DIRECTION('ref_axis',(-0.999999980183866,0.,-0.000199078545927656));
#2615=DIRECTION('',(0.,1.,0.));
#2616=DIRECTION('',(0.999999980183866,0.,0.000199078545927644));
#2617=DIRECTION('center_axis',(-0.707373074675057,-8.10488246932165E-17,
0.706840387375224));
#2618=DIRECTION('ref_axis',(0.706840387375224,0.,0.707373074675057));
#2619=DIRECTION('',(0.,-1.,0.));
#2620=DIRECTION('',(0.706840387375224,-7.84750472798938E-16,0.707373074675057));
#2621=DIRECTION('center_axis',(-0.70685279755678,0.,0.707360673621423));
#2622=DIRECTION('ref_axis',(0.707360673621423,0.,0.70685279755678));
#2623=DIRECTION('',(0.,-1.,0.));
#2624=DIRECTION('',(0.707360673621423,0.,0.70685279755678));
#2625=DIRECTION('center_axis',(2.27065301006135E-8,0.,-1.));
#2626=DIRECTION('ref_axis',(-1.,0.,-2.27065301006135E-8));
#2627=DIRECTION('',(0.,1.,0.));
#2628=DIRECTION('',(1.,-5.28677582943715E-16,2.27065301028793E-8));
#2629=DIRECTION('center_axis',(0.,0.,1.));
#2630=DIRECTION('ref_axis',(1.,0.,0.));
#2631=DIRECTION('',(0.,-1.,0.));
#2632=DIRECTION('',(1.,2.037106391314E-16,0.));
#2633=DIRECTION('center_axis',(-2.037106391314E-16,1.,0.));
#2634=DIRECTION('ref_axis',(0.,0.,1.));
#2635=DIRECTION('',(0.,0.,1.));
#2636=DIRECTION('',(0.999831706507473,1.01838177978238E-16,0.0183455352157952));
#2637=DIRECTION('',(0.,0.,1.));
#2638=DIRECTION('center_axis',(0.0183455352157952,0.,-0.999831706507473));
#2639=DIRECTION('ref_axis',(-0.999831706507473,0.,-0.0183455352157952));
#2640=DIRECTION('',(0.,1.,0.));
#2641=DIRECTION('center_axis',(-0.0268613677180741,0.,-0.999639168362422));
#2642=DIRECTION('ref_axis',(-0.999639168362422,0.,0.0268613677180741));
#2643=DIRECTION('',(0.,1.,0.));
#2644=DIRECTION('',(0.999628849144739,0.00454376259194149,-0.0268610904297189));
#2645=DIRECTION('',(0.,-0.999999999970894,7.62968270551865E-6));
#2646=DIRECTION('',(0.999494185561456,-0.031802091579674,0.));
#2647=DIRECTION('',(0.,-0.299340085485649,0.954146484152955));
#2648=DIRECTION('',(0.999890658600562,0.00454495263363807,-0.014071753582695));
#2649=DIRECTION('center_axis',(-0.00454540268316734,0.999989669603865,0.));
#2650=DIRECTION('ref_axis',(0.,0.,1.));
#2651=DIRECTION('',(0.,0.,1.));
#2652=DIRECTION('center_axis',(0.,1.,0.));
#2653=DIRECTION('ref_axis',(0.,0.,1.));
#2654=DIRECTION('',(0.,0.,1.));
#2655=DIRECTION('',(0.988949299734775,0.,0.148254114796513));
#2656=DIRECTION('',(0.300444583843006,0.,-0.953799272404526));
#2657=DIRECTION('center_axis',(-0.953799272404526,0.,-0.300444583843006));
#2658=DIRECTION('ref_axis',(-0.300444583843006,0.,0.953799272404526));
#2659=DIRECTION('',(0.,1.,0.));
#2660=DIRECTION('',(0.,-0.999999999999999,4.63798654301572E-8));
#2661=DIRECTION('',(1.,0.,0.));
#2662=DIRECTION('',(0.,-0.304775727103784,0.952424147199324));
#2663=DIRECTION('center_axis',(-2.43295298442607E-7,0.952424147199296,0.304775727103775));
#2664=DIRECTION('ref_axis',(0.,-0.304775727103784,0.952424147199324));
#2665=DIRECTION('',(0.,-0.304775727103784,0.952424147199324));
#2666=DIRECTION('',(0.999999999999967,2.55448478243221E-7,0.));
#2667=DIRECTION('',(0.99999999999994,3.0653817262303E-7,-1.59655295333435E-7));
#2668=DIRECTION('',(0.,-0.304775727103784,0.952424147199324));
#2669=DIRECTION('center_axis',(-3.06538172623054E-7,0.999999999999953,0.));
#2670=DIRECTION('ref_axis',(0.,0.,1.));
#2671=DIRECTION('',(0.,0.,1.));
#2672=DIRECTION('',(0.303203681893315,9.29435025801569E-8,-0.952925772180776));
#2673=DIRECTION('center_axis',(-0.95292577218078,0.,-0.303203681893316));
#2674=DIRECTION('ref_axis',(-0.303203681893316,0.,0.95292577218078));
#2675=DIRECTION('',(0.,1.,0.));
#2676=DIRECTION('',(0.,-1.98254122565765E-16,1.));
#2677=DIRECTION('',(0.99806762113501,-0.062137135771624,0.));
#2678=DIRECTION('',(0.976430254833469,-0.110373180526334,-0.185477002526856));
#2679=DIRECTION('',(0.,-0.371390676354104,0.928476690885259));
#2680=DIRECTION('',(0.943670740697766,-0.0352503109248376,-0.329002961583374));
#2681=DIRECTION('',(0.,-0.371390676354104,0.928476690885259));
#2682=DIRECTION('',(0.,-0.252421853048988,0.967617283900673));
#2683=DIRECTION('',(1.,6.9119651367183E-17,0.));
#2684=DIRECTION('center_axis',(0.,0.,-1.));
#2685=DIRECTION('ref_axis',(-1.,0.,0.));
#2686=DIRECTION('',(0.,1.,0.));
#2687=DIRECTION('center_axis',(0.,0.,1.));
#2688=DIRECTION('ref_axis',(1.,0.,0.));
#2689=DIRECTION('',(0.,-1.,0.));
#2690=DIRECTION('center_axis',(0.978098681070273,0.,0.208141706749496));
#2691=DIRECTION('ref_axis',(0.208141706749496,0.,-0.978098681070273));
#2692=DIRECTION('',(0.,1.,0.));
#2693=DIRECTION('',(0.203280299951254,0.21486497619556,-0.955253977566285));
#2694=DIRECTION('center_axis',(-0.72641837717035,0.687252749219088,6.69245853873856E-17));
#2695=DIRECTION('ref_axis',(9.21295323613369E-17,0.,1.));
#2696=DIRECTION('',(0.,0.,-1.));
#2697=DIRECTION('',(0.306403886308963,0.323865439758743,-0.895113308684794));
#2698=DIRECTION('',(0.,0.,-1.));
#2699=DIRECTION('',(0.583297369645115,0.102756377967511,-0.805732775398945));
#2700=DIRECTION('',(0.,0.,-1.));
#2701=DIRECTION('',(0.,0.,-1.));
#2702=DIRECTION('',(0.832128000898498,-0.073295909802409,-0.549718746021006));
#2703=DIRECTION('center_axis',(-0.551201346793269,0.,-0.834372264216211));
#2704=DIRECTION('ref_axis',(-0.834372264216211,0.,0.551201346793269));
#2705=DIRECTION('',(0.,-1.,0.));
#2706=DIRECTION('center_axis',(1.,0.,0.));
#2707=DIRECTION('ref_axis',(0.,0.,-1.));
#2708=DIRECTION('',(0.,1.,0.));
#2709=DIRECTION('',(0.,0.,-1.));
#2710=DIRECTION('',(0.,-1.,0.));
#2711=DIRECTION('center_axis',(1.32713466882706E-7,0.,0.999999999999991));
#2712=DIRECTION('ref_axis',(0.999999999999991,0.,-1.32713466882706E-7));
#2713=DIRECTION('',(0.999999999999986,1.05053186705282E-7,-1.32713466882703E-7));
#2714=DIRECTION('center_axis',(1.05053186705285E-7,-0.999999999999995,2.151820063351E-18));
#2715=DIRECTION('ref_axis',(0.,-2.15182006335101E-18,-1.));
#2716=DIRECTION('',(0.47751330291082,5.0164294164947E-8,-0.878624519088329));
#2717=DIRECTION('center_axis',(-0.87862451908833,0.,-0.47751330291082));
#2718=DIRECTION('ref_axis',(-0.47751330291082,0.,0.87862451908833));
#2719=CARTESIAN_POINT('',(0.,0.,0.));
#2720=CARTESIAN_POINT('Origin',(-40.6999991743267,-8.6,3.80000018049031));
#2721=CARTESIAN_POINT('',(-39.381876235275,-8.59999986152699,3.00000000555765));
#2722=CARTESIAN_POINT('',(-38.9169362391531,-8.59999981268356,2.14451037205995));
#2723=CARTESIAN_POINT('',(-40.0075883670781,-8.59999992726004,4.15131038275982));
#2724=CARTESIAN_POINT('',(-38.9403871372594,-8.59999981514715,2.99999994696611));
#2725=CARTESIAN_POINT('',(-40.6999987867475,-8.59999999999996,3.00000018049027));
#2726=CARTESIAN_POINT('',(-38.7988482706254,-8.59999980027804,2.90649682221219));
#2727=CARTESIAN_POINT('',(-39.8371373625564,-8.59999990935362,3.5924092984265));
#2728=CARTESIAN_POINT('Ctrl Pts',(-38.7988482706255,-8.59999980027804,2.90649682221219));
#2729=CARTESIAN_POINT('Ctrl Pts',(-38.8425080104885,-8.59999980486464,2.65348799481026));
#2730=CARTESIAN_POINT('Ctrl Pts',(-38.8816667301961,-8.59999980897839,2.39906163276413));
#2731=CARTESIAN_POINT('Ctrl Pts',(-38.9169362391531,-8.59999981268356,2.14451037205995));
#2732=CARTESIAN_POINT('Ctrl Pts',(-39.2362654902295,-8.79012477647759,1.07605541117898));
#2733=CARTESIAN_POINT('Ctrl Pts',(-39.0887624095437,-8.60935556627518,0.757175157592448));
#2734=CARTESIAN_POINT('Ctrl Pts',(-38.7837624071089,-8.26472350037695,0.115941315303904));
#2735=CARTESIAN_POINT('Ctrl Pts',(-38.3301637777364,-7.79716861517789,-0.86612424127184));
#2736=CARTESIAN_POINT('Ctrl Pts',(-37.465957912123,-6.93445171802849,-2.87121982236237));
#2737=CARTESIAN_POINT('Ctrl Pts',(-36.8418654921898,-6.27891469274879,-4.59577720406591));
#2738=CARTESIAN_POINT('Ctrl Pts',(-36.3634264053374,-5.74887065689956,-5.97959718320481));
#2739=CARTESIAN_POINT('Ctrl Pts',(-39.1983240359658,-8.75853354492403,1.40271879039012));
#2740=CARTESIAN_POINT('Ctrl Pts',(-39.0449392763098,-8.59663769778568,1.11929362343871));
#2741=CARTESIAN_POINT('Ctrl Pts',(-38.7293226646839,-8.29400358986236,0.547265165392488));
#2742=CARTESIAN_POINT('Ctrl Pts',(-38.2692760292108,-7.89523132862453,-0.335464009623462));
#2743=CARTESIAN_POINT('Ctrl Pts',(-37.408791830721,-7.16806055682245,-2.14593938873898));
#2744=CARTESIAN_POINT('Ctrl Pts',(-36.7967297249657,-6.6124163913071,-3.70747674067963));
#2745=CARTESIAN_POINT('Ctrl Pts',(-36.3240878857252,-6.16032893223909,-4.95973611240294));
#2746=CARTESIAN_POINT('Ctrl Pts',(-39.0966148614543,-8.6787459472583,2.05665123035634));
#2747=CARTESIAN_POINT('Ctrl Pts',(-38.9260147154464,-8.55717462742273,1.84507489723749));
#2748=CARTESIAN_POINT('Ctrl Pts',(-38.5852007490188,-8.35146880228333,1.41085219907124));
#2749=CARTESIAN_POINT('Ctrl Pts',(-38.1239788796801,-8.10318186988544,0.723353264661247));
#2750=CARTESIAN_POINT('Ctrl Pts',(-37.2929125710571,-7.64991649414613,-0.700121274589815));
#2751=CARTESIAN_POINT('Ctrl Pts',(-36.7064396427443,-7.28664875501986,-1.93365557334688));
#2752=CARTESIAN_POINT('Ctrl Pts',(-36.24631250766,-6.9886968989141,-2.92220214915189));
#2753=CARTESIAN_POINT('Ctrl Pts',(-38.8775594284213,-8.60258195627104,2.71045149724803));
#2754=CARTESIAN_POINT('Ctrl Pts',(-38.7013865589596,-8.54340458852071,2.56965410614668));
#2755=CARTESIAN_POINT('Ctrl Pts',(-38.3783077931269,-8.45840253325483,2.26617904424551));
#2756=CARTESIAN_POINT('Ctrl Pts',(-37.9566324645094,-8.35399407090409,1.77121134884935));
#2757=CARTESIAN_POINT('Ctrl Pts',(-37.1881396971459,-8.15150482874638,0.737702507460558));
#2758=CARTESIAN_POINT('Ctrl Pts',(-36.6231366542846,-7.97346825423228,-0.164684040151464));
#2759=CARTESIAN_POINT('Ctrl Pts',(-36.1749695033917,-7.82625845398847,-0.888358458507818));
#2760=CARTESIAN_POINT('Ctrl Pts',(-38.7481736275949,-8.59571321805118,3.03621310972676));
#2761=CARTESIAN_POINT('Ctrl Pts',(-38.5818147705643,-8.56769722722872,2.92911009041709));
#2762=CARTESIAN_POINT('Ctrl Pts',(-38.2802857100265,-8.53311117334312,2.68991965819899));
#2763=CARTESIAN_POINT('Ctrl Pts',(-37.8810634127427,-8.4910243954892,2.29232456013589));
#2764=CARTESIAN_POINT('Ctrl Pts',(-37.1420924417878,-8.4046163311726,1.45547562803475));
#2765=CARTESIAN_POINT('Ctrl Pts',(-36.5844061010995,-8.31904020442099,0.718968664745869));
#2766=CARTESIAN_POINT('Ctrl Pts',(-36.1416289412392,-8.24660441644094,0.127935127339589));
#2767=CARTESIAN_POINT('',(-37.9416777425409,-7.99859911276234,0.350034653060467));
#2768=CARTESIAN_POINT('Ctrl Pts',(-37.9416777425409,-7.99859911276234,0.350034653060469));
#2769=CARTESIAN_POINT('Ctrl Pts',(-38.1899742789785,-8.14856163458285,0.806900301805457));
#2770=CARTESIAN_POINT('Ctrl Pts',(-38.3967134504971,-8.27817578392026,1.18730039532015));
#2771=CARTESIAN_POINT('Ctrl Pts',(-38.6744515661428,-8.45140630925748,1.6983385523813));
#2772=CARTESIAN_POINT('Ctrl Pts',(-38.8007927996962,-8.53013662576536,1.93080643330875));
#2773=CARTESIAN_POINT('Ctrl Pts',(-38.9169362391535,-8.59999981268377,2.14451037206058));
#2774=CARTESIAN_POINT('',(-37.9372715533407,-8.49547063076919,2.33732372370542));
#2775=CARTESIAN_POINT('Ctrl Pts',(-37.9372715533413,-8.49547063076892,2.33732372370457));
#2776=CARTESIAN_POINT('Ctrl Pts',(-38.2274537726974,-8.50205690230827,2.52902332469121));
#2777=CARTESIAN_POINT('Ctrl Pts',(-38.5132391556431,-8.53274659288895,2.71781829634747));
#2778=CARTESIAN_POINT('Ctrl Pts',(-38.7988482706254,-8.59999980027804,2.90649682221219));
#2779=CARTESIAN_POINT('',(-36.3117549292058,-8.27416660329055,0.354188138178056));
#2780=CARTESIAN_POINT('Ctrl Pts',(-36.3117549292058,-8.27416660329055,0.354188138178059));
#2781=CARTESIAN_POINT('Ctrl Pts',(-36.6622909015787,-8.3272468824948,0.810570868049849));
#2782=CARTESIAN_POINT('Ctrl Pts',(-37.0893713626496,-8.38891655258444,1.35707497775183));
#2783=CARTESIAN_POINT('Ctrl Pts',(-37.6246183224461,-8.45786007506789,1.99075016254342));
#2784=CARTESIAN_POINT('Ctrl Pts',(-37.7803359307229,-8.47695222697375,2.1689527210764));
#2785=CARTESIAN_POINT('Ctrl Pts',(-37.937271553341,-8.49547063076922,2.33732372370568));
#2786=CARTESIAN_POINT('',(-36.2337529853817,-8.24841122298747,0.217425066976058));
#2787=CARTESIAN_POINT('Ctrl Pts',(-36.2336920671432,-8.24840987667055,0.217467651039633));
#2788=CARTESIAN_POINT('Ctrl Pts',(-36.2602834631949,-8.25668792995629,0.262776446039273));
#2789=CARTESIAN_POINT('Ctrl Pts',(-36.2862519899679,-8.26526660368847,0.308380434766484));
#2790=CARTESIAN_POINT('Ctrl Pts',(-36.3115668849254,-8.27416228430108,0.354321434645746));
#2791=CARTESIAN_POINT('',(-36.2935364342528,-6.82728295432902,-3.30901719225671));
#2792=CARTESIAN_POINT('Ctrl Pts',(-36.2336920671432,-8.24840987667056,0.217467651039665));
#2793=CARTESIAN_POINT('Ctrl Pts',(-36.2395716760136,-8.106092435293,-0.13586457036155));
#2794=CARTESIAN_POINT('Ctrl Pts',(-36.2455093752471,-7.96370417859598,-0.48931552294969));
#2795=CARTESIAN_POINT('Ctrl Pts',(-36.2514802430774,-7.82128292136009,-0.842793232618571));
#2796=CARTESIAN_POINT('Ctrl Pts',(-36.2575017624437,-7.67765348875711,-1.19926953301701));
#2797=CARTESIAN_POINT('Ctrl Pts',(-36.2635570394347,-7.53399045364357,-1.5557730123408));
#2798=CARTESIAN_POINT('Ctrl Pts',(-36.2696304008103,-7.39035362995697,-1.9121613681324));
#2799=CARTESIAN_POINT('Ctrl Pts',(-36.2749169729872,-7.26532460752464,-2.22238047899293));
#2800=CARTESIAN_POINT('Ctrl Pts',(-36.2802174255258,-7.14031576087507,-2.53251157950438));
#2801=CARTESIAN_POINT('Ctrl Pts',(-36.2855271080609,-7.01537968735874,-2.8424320559355));
#2802=CARTESIAN_POINT('Ctrl Pts',(-36.2879817240487,-6.95762292290511,-2.98570535925607));
#2803=CARTESIAN_POINT('Ctrl Pts',(-36.2904383787477,-6.89988187812414,-3.1289332782629));
#2804=CARTESIAN_POINT('Ctrl Pts',(-36.2928958609448,-6.84216185288785,-3.27210150367211));
#2805=CARTESIAN_POINT('Ctrl Pts',(-36.2931070588502,-6.83720134963569,-3.28440549080379));
#2806=CARTESIAN_POINT('Ctrl Pts',(-36.2933182706435,-6.83224078978958,-3.29670956341922));
#2807=CARTESIAN_POINT('Ctrl Pts',(-36.2935294924562,-6.82728024902464,-3.30901353324725));
#2808=CARTESIAN_POINT('',(-36.3199421378401,-6.20730507007762,-4.84644805875607));
#2809=CARTESIAN_POINT('Ctrl Pts',(-36.2935294924562,-6.82728024902464,-3.30901353324724));
#2810=CARTESIAN_POINT('Ctrl Pts',(-36.2937408027999,-6.82231762911026,-3.32132266013237));
#2811=CARTESIAN_POINT('Ctrl Pts',(-36.2939521220264,-6.81735505515876,-3.33363161750884));
#2812=CARTESIAN_POINT('Ctrl Pts',(-36.2941634550302,-6.81239239730165,-3.34594072695054));
#2813=CARTESIAN_POINT('Ctrl Pts',(-36.3027403660844,-6.61098384178555,-3.84550366756105));
#2814=CARTESIAN_POINT('Ctrl Pts',(-36.3113331105938,-6.40956182255782,-4.34500251489963));
#2815=CARTESIAN_POINT('Ctrl Pts',(-36.3199456793399,-6.20731232997228,-4.84645097285097));
#2816=CARTESIAN_POINT('',(-36.7361430286542,-6.16017115942931,-4.90905282271577));
#2817=CARTESIAN_POINT('Ctrl Pts',(-36.7361430286542,-6.16017115942932,-4.90905282271576));
#2818=CARTESIAN_POINT('Ctrl Pts',(-36.7327807553652,-6.16054576711824,-4.90799775531365));
#2819=CARTESIAN_POINT('Ctrl Pts',(-36.7294127051181,-6.16092122117812,-4.90695586377271));
#2820=CARTESIAN_POINT('Ctrl Pts',(-36.5930821117179,-6.17612677931843,-4.86538803570355));
#2821=CARTESIAN_POINT('Ctrl Pts',(-36.457200984312,-6.19158962543499,-4.84722141842355));
#2822=CARTESIAN_POINT('Ctrl Pts',(-36.3199421378401,-6.20730507007762,-4.84644805875607));
#2823=CARTESIAN_POINT('',(-36.9424733105885,-6.37825993205931,-4.34542284209921));
#2824=CARTESIAN_POINT('Ctrl Pts',(-36.9422074641004,-6.37673727895627,-4.34475539928006));
#2825=CARTESIAN_POINT('Ctrl Pts',(-36.8824037363966,-6.31364966759356,-4.50760368230963));
#2826=CARTESIAN_POINT('Ctrl Pts',(-36.8227977770432,-6.25080830481224,-4.67050294599231));
#2827=CARTESIAN_POINT('Ctrl Pts',(-36.7634707300077,-6.18826773484532,-4.83314629523223));
#2828=CARTESIAN_POINT('Ctrl Pts',(-36.7542892370237,-6.17858891493003,-4.85831708738437));
#2829=CARTESIAN_POINT('Ctrl Pts',(-36.7451143968073,-6.16891723397473,-4.88348182302761));
#2830=CARTESIAN_POINT('Ctrl Pts',(-36.7359464806356,-6.15925282346522,-4.90863944618501));
#2831=CARTESIAN_POINT('Ctrl Pts',(-36.9424733105885,-6.37825993205931,-4.3454228420992));
#2832=CARTESIAN_POINT('Ctrl Pts',(-37.160362580504,-6.76814974398103,-3.32151845094227));
#2833=CARTESIAN_POINT('Ctrl Pts',(-37.3824902880129,-7.14966312941233,-2.27769681069243));
#2834=CARTESIAN_POINT('Ctrl Pts',(-37.7016903555884,-7.65425334869157,-0.777713121844922));
#2835=CARTESIAN_POINT('Ctrl Pts',(-37.8220483006272,-7.83547085422306,-0.212127544897477));
#2836=CARTESIAN_POINT('Ctrl Pts',(-37.9416777425409,-7.99859911276234,0.350034653060466));
#2837=CARTESIAN_POINT('Origin',(-40.6999991743267,8.6,3.80000018049031));
#2838=CARTESIAN_POINT('',(-39.381876235275,8.59999986152699,3.00000000555765));
#2839=CARTESIAN_POINT('',(-38.9169362391531,8.59999981268356,2.14451037205994));
#2840=CARTESIAN_POINT('',(-40.0075881419094,8.59999992726002,4.15130996844938));
#2841=CARTESIAN_POINT('',(-38.7988482706255,8.59999980027805,2.90649682221219));
#2842=CARTESIAN_POINT('Ctrl Pts',(-38.9169362391531,8.59999981268356,2.14451037205994));
#2843=CARTESIAN_POINT('Ctrl Pts',(-38.8816647231276,8.59999980897818,2.39907611841612));
#2844=CARTESIAN_POINT('Ctrl Pts',(-38.8425055045574,8.59999980486437,2.65350251671744));
#2845=CARTESIAN_POINT('Ctrl Pts',(-38.7988482706255,8.59999980027805,2.90649682221219));
#2846=CARTESIAN_POINT('',(-38.9403871372594,8.59999981514715,2.99999994696611));
#2847=CARTESIAN_POINT('',(-39.8371366750816,8.59999990935355,3.59240884426825));
#2848=CARTESIAN_POINT('',(-40.6999987867475,8.59999999999996,3.00000018049027));
#2849=CARTESIAN_POINT('Ctrl Pts',(-39.2362654902295,8.7901247764776,1.076055411179));
#2850=CARTESIAN_POINT('Ctrl Pts',(-39.0887624095437,8.60935556627517,0.757175157592434));
#2851=CARTESIAN_POINT('Ctrl Pts',(-38.7837624071089,8.2647235003769,0.11594131530382));
#2852=CARTESIAN_POINT('Ctrl Pts',(-38.3301637777364,7.7971686151778,-0.866124241272035));
#2853=CARTESIAN_POINT('Ctrl Pts',(-37.4659579121228,6.93445171802833,-2.8712198223628));
#2854=CARTESIAN_POINT('Ctrl Pts',(-36.8418654921896,6.27891469274855,-4.59577720406653));
#2855=CARTESIAN_POINT('Ctrl Pts',(-36.3634264053371,5.74887065689926,-5.97959718320558));
#2856=CARTESIAN_POINT('Ctrl Pts',(-39.1983240359658,8.75853354492404,1.40271879039014));
#2857=CARTESIAN_POINT('Ctrl Pts',(-39.0449392763098,8.59663769778567,1.1192936234387));
#2858=CARTESIAN_POINT('Ctrl Pts',(-38.7293226646839,8.29400358986232,0.547265165392412));
#2859=CARTESIAN_POINT('Ctrl Pts',(-38.2692760292107,7.89523132862446,-0.335464009623639));
#2860=CARTESIAN_POINT('Ctrl Pts',(-37.4087918307209,7.16806055682231,-2.14593938873937));
#2861=CARTESIAN_POINT('Ctrl Pts',(-36.7967297249654,6.6124163913069,-3.70747674068019));
#2862=CARTESIAN_POINT('Ctrl Pts',(-36.324087885725,6.16032893223884,-4.95973611240363));
#2863=CARTESIAN_POINT('Ctrl Pts',(-39.0966148614543,8.6787459472583,2.05665123035636));
#2864=CARTESIAN_POINT('Ctrl Pts',(-38.9260147154464,8.55717462742273,1.84507489723749));
#2865=CARTESIAN_POINT('Ctrl Pts',(-38.5852007490187,8.3514688022833,1.41085219907119));
#2866=CARTESIAN_POINT('Ctrl Pts',(-38.12397887968,8.1031818698854,0.723353264661117));
#2867=CARTESIAN_POINT('Ctrl Pts',(-37.292912571057,7.64991649414605,-0.700121274590109));
#2868=CARTESIAN_POINT('Ctrl Pts',(-36.7064396427441,7.28664875501974,-1.93365557334732));
#2869=CARTESIAN_POINT('Ctrl Pts',(-36.2463125076597,6.98869689891394,-2.92220214915243));
#2870=CARTESIAN_POINT('Ctrl Pts',(-38.8775594284213,8.60258195627105,2.71045149724804));
#2871=CARTESIAN_POINT('Ctrl Pts',(-38.7013865589596,8.54340458852071,2.56965410614668));
#2872=CARTESIAN_POINT('Ctrl Pts',(-38.3783077931269,8.45840253325482,2.26617904424547));
#2873=CARTESIAN_POINT('Ctrl Pts',(-37.9566324645094,8.35399407090407,1.77121134884926));
#2874=CARTESIAN_POINT('Ctrl Pts',(-37.1881396971458,8.15150482874634,0.737702507460344));
#2875=CARTESIAN_POINT('Ctrl Pts',(-36.6231366542844,7.97346825423222,-0.16468404015178));
#2876=CARTESIAN_POINT('Ctrl Pts',(-36.1749695033915,7.8262584539884,-0.88835845850821));
#2877=CARTESIAN_POINT('Ctrl Pts',(-38.7481736275949,8.59571321805118,3.03621310972678));
#2878=CARTESIAN_POINT('Ctrl Pts',(-38.5818147705643,8.56769722722872,2.92911009041709));
#2879=CARTESIAN_POINT('Ctrl Pts',(-38.2802857100265,8.53311117334312,2.68991965819897));
#2880=CARTESIAN_POINT('Ctrl Pts',(-37.8810634127426,8.4910243954892,2.29232456013582));
#2881=CARTESIAN_POINT('Ctrl Pts',(-37.1420924417877,8.4046163311726,1.45547562803458));
#2882=CARTESIAN_POINT('Ctrl Pts',(-36.5844061010993,8.31904020442097,0.718968664745617));
#2883=CARTESIAN_POINT('Ctrl Pts',(-36.141628941239,8.24660441644091,0.127935127339273));
#2884=CARTESIAN_POINT('',(-37.941677742541,7.9985991127624,0.35003465306066));
#2885=CARTESIAN_POINT('Ctrl Pts',(-37.9416777425415,7.99859911276266,0.35003465306145));
#2886=CARTESIAN_POINT('Ctrl Pts',(-37.9595846369423,8.00941425775361,0.382983340323963));
#2887=CARTESIAN_POINT('Ctrl Pts',(-37.9774884224521,8.02025354833696,0.41592630722663));
#2888=CARTESIAN_POINT('Ctrl Pts',(-38.3154805860843,8.22535394320125,1.0378319178489));
#2889=CARTESIAN_POINT('Ctrl Pts',(-38.5866383593076,8.39791172629214,1.53676224427757));
#2890=CARTESIAN_POINT('Ctrl Pts',(-38.8413286869222,8.5542339920794,2.00539246934719));
#2891=CARTESIAN_POINT('Ctrl Pts',(-38.8795161153526,8.57749067126493,2.07565734099653));
#2892=CARTESIAN_POINT('Ctrl Pts',(-38.9169362391532,8.59999981268362,2.14451037206012));
#2893=CARTESIAN_POINT('',(-36.9424733105885,6.3782599320593,-4.34542284209924));
#2894=CARTESIAN_POINT('Ctrl Pts',(-36.9424733105885,6.37825993205929,-4.34542284209924));
#2895=CARTESIAN_POINT('Ctrl Pts',(-36.9624441400065,6.41399561986399,-4.25157599987502));
#2896=CARTESIAN_POINT('Ctrl Pts',(-36.9822737059975,6.44934759267212,-4.15839298218522));
#2897=CARTESIAN_POINT('Ctrl Pts',(-37.2498132520268,6.92448809840958,-2.90117221085594));
#2898=CARTESIAN_POINT('Ctrl Pts',(-37.5265860926974,7.39455010857023,-1.60056237783033));
#2899=CARTESIAN_POINT('Ctrl Pts',(-37.8340973347727,7.84839319168035,-0.155506771314318));
#2900=CARTESIAN_POINT('Ctrl Pts',(-37.8875589859346,7.92480207435543,0.0957200071180811));
#2901=CARTESIAN_POINT('Ctrl Pts',(-37.941677742541,7.9985991127624,0.350034653060675));
#2902=CARTESIAN_POINT('',(-36.7361430286542,6.16017115942931,-4.90905282271576));
#2903=CARTESIAN_POINT('Ctrl Pts',(-36.7359464806356,6.15925282346523,-4.90863944618501));
#2904=CARTESIAN_POINT('Ctrl Pts',(-36.7951857998739,6.2217002857568,-4.74608118958748));
#2905=CARTESIAN_POINT('Ctrl Pts',(-36.854715334223,6.28445399173689,-4.58322287065778));
#2906=CARTESIAN_POINT('Ctrl Pts',(-36.914456120471,6.34746458818556,-4.42036560515464));
#2907=CARTESIAN_POINT('Ctrl Pts',(-36.9237016440055,6.35721614970615,-4.39516170718929));
#2908=CARTESIAN_POINT('Ctrl Pts',(-36.9329521997042,6.36697379855625,-4.3699579071131));
#2909=CARTESIAN_POINT('Ctrl Pts',(-36.9422074641004,6.37673727895626,-4.34475539928009));
#2910=CARTESIAN_POINT('',(-36.3199421378401,6.20730507007762,-4.84644805875606));
#2911=CARTESIAN_POINT('Ctrl Pts',(-36.31994567934,6.20731232996799,-4.84645097286164));
#2912=CARTESIAN_POINT('Ctrl Pts',(-36.3649200796582,6.20216037029238,-4.84670887320272));
#2913=CARTESIAN_POINT('Ctrl Pts',(-36.4098534246505,6.19697121474641,-4.84879568375482));
#2914=CARTESIAN_POINT('Ctrl Pts',(-36.45468476932,6.19177598432533,-4.85294759308631));
#2915=CARTESIAN_POINT('Ctrl Pts',(-36.4573543054106,6.19146662811015,-4.85319482349813));
#2916=CARTESIAN_POINT('Ctrl Pts',(-36.4600234747078,6.19115724569581,-4.85344939019034));
#2917=CARTESIAN_POINT('Ctrl Pts',(-36.4626922623111,6.19084784178751,-4.8537113484453));
#2918=CARTESIAN_POINT('Ctrl Pts',(-36.5144152036141,6.1848513810095,-4.8587882797937));
#2919=CARTESIAN_POINT('Ctrl Pts',(-36.5655416704772,6.17890078996483,-4.86659389369568));
#2920=CARTESIAN_POINT('Ctrl Pts',(-36.6160875489651,6.17304922815175,-4.8773124715563));
#2921=CARTESIAN_POINT('Ctrl Pts',(-36.656413668725,6.16838078060439,-4.88586388400362));
#2922=CARTESIAN_POINT('Ctrl Pts',(-36.6963696351493,6.16377530619061,-4.89626991284672));
#2923=CARTESIAN_POINT('Ctrl Pts',(-36.7359464806356,6.15925282346523,-4.90863944618499));
#2924=CARTESIAN_POINT('',(-36.2935364342528,6.82728295432902,-3.30901719225671));
#2925=CARTESIAN_POINT('Ctrl Pts',(-36.3199456793399,6.20731232997228,-4.84645097285097));
#2926=CARTESIAN_POINT('Ctrl Pts',(-36.3113331158424,6.40956170002591,-4.34500281869127));
#2927=CARTESIAN_POINT('Ctrl Pts',(-36.3027403720314,6.610983702212,-3.84550401375023));
#2928=CARTESIAN_POINT('Ctrl Pts',(-36.2941634550299,6.81239239730128,-3.34594072695157));
#2929=CARTESIAN_POINT('Ctrl Pts',(-36.2939521212613,6.81735507311728,-3.33363157296565));
#2930=CARTESIAN_POINT('Ctrl Pts',(-36.2937408035646,6.82231761115152,-3.32132270467667));
#2931=CARTESIAN_POINT('Ctrl Pts',(-36.2935294924562,6.82728024902464,-3.30901353324724));
#2932=CARTESIAN_POINT('',(-36.2337529853817,8.24841122298747,0.217425066976054));
#2933=CARTESIAN_POINT('Ctrl Pts',(-36.2935294924562,6.82728024902464,-3.30901353324724));
#2934=CARTESIAN_POINT('Ctrl Pts',(-36.2933182702972,6.83224079792403,-3.29670954324279));
#2935=CARTESIAN_POINT('Ctrl Pts',(-36.2931070591964,6.8372013415018,-3.2844055109791));
#2936=CARTESIAN_POINT('Ctrl Pts',(-36.2928958609447,6.84216185288834,-3.27210150367096));
#2937=CARTESIAN_POINT('Ctrl Pts',(-36.290438378428,6.89988188564023,-3.12893325961991));
#2938=CARTESIAN_POINT('Ctrl Pts',(-36.2879817237554,6.95762292992411,-2.98570534184215));
#2939=CARTESIAN_POINT('Ctrl Pts',(-36.2855271080736,7.01537968736696,-2.84243205590826));
#2940=CARTESIAN_POINT('Ctrl Pts',(-36.2794171579205,7.15914594438253,-2.48580081549598));
#2941=CARTESIAN_POINT('Ctrl Pts',(-36.2733192486042,7.30300808435901,-2.1288917219037));
#2942=CARTESIAN_POINT('Ctrl Pts',(-36.2672410518494,7.44688739671648,-1.7718885144594));
#2943=CARTESIAN_POINT('Ctrl Pts',(-36.2612152118595,7.58952735213528,-1.41796048436354));
#2944=CARTESIAN_POINT('Ctrl Pts',(-36.2552087026035,7.73218423153324,-1.06393999726529));
#2945=CARTESIAN_POINT('Ctrl Pts',(-36.2492380780912,7.8748021359526,-0.709960405576326));
#2946=CARTESIAN_POINT('Ctrl Pts',(-36.24402287392,7.999375618759,-0.400767315419734));
#2947=CARTESIAN_POINT('Ctrl Pts',(-36.2388351729815,8.12391968016559,-0.0916047806174068));
#2948=CARTESIAN_POINT('Ctrl Pts',(-36.2336920671432,8.24840987667056,0.217467651039668));
#2949=CARTESIAN_POINT('',(-36.3117549292058,8.27416660329055,0.35418813817805));
#2950=CARTESIAN_POINT('Ctrl Pts',(-36.2336920671432,8.24840987667055,0.217467651039641));
#2951=CARTESIAN_POINT('Ctrl Pts',(-36.2602834631949,8.25668792995629,0.262776446039275));
#2952=CARTESIAN_POINT('Ctrl Pts',(-36.2862519899679,8.26526660368847,0.308380434766482));
#2953=CARTESIAN_POINT('Ctrl Pts',(-36.3115668849254,8.27416228430107,0.354321434645739));
#2954=CARTESIAN_POINT('',(-37.9372715533378,8.49547063076884,2.33732372370224));
#2955=CARTESIAN_POINT('Ctrl Pts',(-37.937271553338,8.49547063076887,2.33732372370249));
#2956=CARTESIAN_POINT('Ctrl Pts',(-37.7803359307209,8.47695222697351,2.16895272107415));
#2957=CARTESIAN_POINT('Ctrl Pts',(-37.6246183224451,8.45786007506777,1.99075016254227));
#2958=CARTESIAN_POINT('Ctrl Pts',(-37.0893713626491,8.38891655258438,1.35707497775126));
#2959=CARTESIAN_POINT('Ctrl Pts',(-36.6622909015789,8.32724688249484,0.810570868050183));
#2960=CARTESIAN_POINT('Ctrl Pts',(-36.3117549292058,8.27416660329055,0.354188138178053));
#2961=CARTESIAN_POINT('Ctrl Pts',(-38.7988482706255,8.59999980027805,2.90649682221219));
#2962=CARTESIAN_POINT('Ctrl Pts',(-38.6283911521712,8.55986176778192,2.79388977941846));
#2963=CARTESIAN_POINT('Ctrl Pts',(-38.456936535116,8.53252581469343,2.6806237710816));
#2964=CARTESIAN_POINT('Ctrl Pts',(-38.1680849370017,8.50453724381017,2.48980320245503));
#2965=CARTESIAN_POINT('Ctrl Pts',(-38.0527144080154,8.49809083951164,2.41358735290588));
#2966=CARTESIAN_POINT('Ctrl Pts',(-37.9372715533378,8.49547063076884,2.33732372370224));
#2967=CARTESIAN_POINT('Origin',(-39.1409601677187,-9.39999978989363,3.13250210369041));
#2968=CARTESIAN_POINT('',(-38.9403871372594,-4.69999989494681,2.99999994696611));
#2969=CARTESIAN_POINT('',(-36.6697859672436,8.49597333420969,1.49999991506338));
#2970=CARTESIAN_POINT('Ctrl Pts',(-37.9372715533378,8.49547063076884,2.33732372370224));
#2971=CARTESIAN_POINT('Ctrl Pts',(-37.582476873687,8.47713307017405,2.10293996761912));
#2972=CARTESIAN_POINT('Ctrl Pts',(-37.1685100087819,8.47878690381747,1.8294660001235));
#2973=CARTESIAN_POINT('Ctrl Pts',(-36.6697859672436,8.49597333420969,1.49999991506338));
#2974=CARTESIAN_POINT('',(-36.6697859672436,-8.49597333420969,1.49999991506338));
#2975=CARTESIAN_POINT('',(-36.6697859672436,-9.49999989494681,1.49999991506338));
#2976=CARTESIAN_POINT('Ctrl Pts',(-36.6697859672437,-8.49597333420969,1.49999991506342));
#2977=CARTESIAN_POINT('Ctrl Pts',(-37.0120656553343,-8.48417810168812,1.7261160422968));
#2978=CARTESIAN_POINT('Ctrl Pts',(-37.3798546442677,-8.47778759514514,1.96908407315086));
#2979=CARTESIAN_POINT('Ctrl Pts',(-37.7841802655851,-8.48862992735987,2.23618886147036));
#2980=CARTESIAN_POINT('Ctrl Pts',(-37.8607761469065,-8.4915169662098,2.28678948034744));
#2981=CARTESIAN_POINT('Ctrl Pts',(-37.9372715533424,-8.49547063076908,2.3373237237053));
#2982=CARTESIAN_POINT('Ctrl Pts',(-36.306593363208,-8.24285636411455,0.231059219034101));
#2983=CARTESIAN_POINT('Ctrl Pts',(-33.2930040966783,-8.31863192781393,-0.935204203468194));
#2984=CARTESIAN_POINT('Ctrl Pts',(-27.9622487285152,-8.52624936320782,-2.80177020861884));
#2985=CARTESIAN_POINT('Ctrl Pts',(-22.6299255226114,-8.7164279889076,-4.66562674571191));
#2986=CARTESIAN_POINT('Ctrl Pts',(-20.3427435882318,-8.80035396060234,-5.45861360332341));
#2987=CARTESIAN_POINT('Ctrl Pts',(-36.3349279633348,-8.41484839499521,0.907788624799682));
#2988=CARTESIAN_POINT('Ctrl Pts',(-33.3099611956046,-8.45984464036732,0.0518765934790832));
#2989=CARTESIAN_POINT('Ctrl Pts',(-27.9751384203818,-8.60889627805717,-1.26878525916057));
#2990=CARTESIAN_POINT('Ctrl Pts',(-22.6395353966327,-8.74113635015105,-2.58759931774635));
#2991=CARTESIAN_POINT('Ctrl Pts',(-20.3514744215449,-8.80008843767598,-3.14689646850323));
#2992=CARTESIAN_POINT('Ctrl Pts',(-36.3638205630973,-8.58827731453181,1.58414529011271));
#2993=CARTESIAN_POINT('Ctrl Pts',(-33.3267832776177,-8.60141277223369,1.03910844959108));
#2994=CARTESIAN_POINT('Ctrl Pts',(-27.9881823386317,-8.69191326579318,0.264098008696793));
#2995=CARTESIAN_POINT('Ctrl Pts',(-22.6491658057996,-8.76601618360903,-0.509573440635861));
#2996=CARTESIAN_POINT('Ctrl Pts',(-20.3602210162422,-8.79996566710642,-0.835179337074365));
#2997=CARTESIAN_POINT('Ctrl Pts',(-36.3927778168766,-8.76324058484615,2.26010393251639));
#2998=CARTESIAN_POINT('Ctrl Pts',(-33.3435841634859,-8.74327560348891,2.02652362652655));
#2999=CARTESIAN_POINT('Ctrl Pts',(-28.0012457165097,-8.77533580278401,1.79686462489662));
#3000=CARTESIAN_POINT('Ctrl Pts',(-22.6587984161239,-8.79106869398561,1.5684508762932));
#3001=CARTESIAN_POINT('Ctrl Pts',(-20.3689692977717,-8.79998650693466,1.4765377909428));
#3002=CARTESIAN_POINT('',(-20.429754159754,-8.7992202748426,-0.141459700128324));
#3003=CARTESIAN_POINT('',(-20.3620374447676,-8.79999999845958,-0.356434963311635));
#3004=CARTESIAN_POINT('Ctrl Pts',(-20.4297540655583,-8.79922086568197,-0.14145875713984));
#3005=CARTESIAN_POINT('Ctrl Pts',(-20.4071807894122,-8.79945829658845,-0.213121294767302));
#3006=CARTESIAN_POINT('Ctrl Pts',(-20.384608485638,-8.79971807818685,-0.284780347378322));
#3007=CARTESIAN_POINT('Ctrl Pts',(-20.3620374459959,-8.80000001153589,-0.356434963313046));
#3008=CARTESIAN_POINT('',(-20.3523900068203,-8.79999999535533,-5.45526908453802));
#3009=CARTESIAN_POINT('Ctrl Pts',(-20.3523900028181,-8.79999999550227,-5.45526908452975));
#3010=CARTESIAN_POINT('Ctrl Pts',(-20.3547905855576,-8.79999999623814,-4.18640345102455));
#3011=CARTESIAN_POINT('Ctrl Pts',(-20.3571915958169,-8.79999999697414,-2.9175378183282));
#3012=CARTESIAN_POINT('Ctrl Pts',(-20.3604074727891,-8.79999999795993,-1.21792644470819));
#3013=CARTESIAN_POINT('Ctrl Pts',(-20.3612224792949,-8.79999999820976,-0.787180704048971));
#3014=CARTESIAN_POINT('Ctrl Pts',(-20.3620374447676,-8.79999999845958,-0.356434963312119));
#3015=CARTESIAN_POINT('Ctrl Pts',(-20.3523900068203,-8.79999999535533,-5.45526908453802));
#3016=CARTESIAN_POINT('Ctrl Pts',(-21.1967440394484,-8.76901786397773,-5.15567594987008));
#3017=CARTESIAN_POINT('Ctrl Pts',(-22.0596698259429,-8.73745936944925,-4.84989978147114));
#3018=CARTESIAN_POINT('Ctrl Pts',(-23.7542581886089,-8.67573879556258,-4.24962063107414));
#3019=CARTESIAN_POINT('Ctrl Pts',(-24.6165796072387,-8.6444602039806,-3.94426168680789));
#3020=CARTESIAN_POINT('Ctrl Pts',(-27.0801684176689,-8.5556145843497,-3.0714170878304));
#3021=CARTESIAN_POINT('Ctrl Pts',(-28.9301304118336,-8.48957643236089,-2.41544886776542));
#3022=CARTESIAN_POINT('Ctrl Pts',(-32.1555058685065,-8.37770738250409,-1.2649587711422));
#3023=CARTESIAN_POINT('Ctrl Pts',(-34.4642806762526,-8.29926197630076,-0.438190758573063));
#3024=CARTESIAN_POINT('Ctrl Pts',(-36.2337529853817,-8.24841122298747,0.217425066976057));
#3025=CARTESIAN_POINT('',(-36.3221317419282,-8.56927781145372,1.49999991506356));
#3026=CARTESIAN_POINT('Ctrl Pts',(-36.3221327726209,-8.5692782274249,1.49999705161153));
#3027=CARTESIAN_POINT('Ctrl Pts',(-36.3187328159063,-8.4711977841623,1.11804768132149));
#3028=CARTESIAN_POINT('Ctrl Pts',(-36.3152682460954,-8.37285745326535,0.736238972802246));
#3029=CARTESIAN_POINT('Ctrl Pts',(-36.3117549790838,-8.27416672440491,0.354188106760017));
#3030=CARTESIAN_POINT('',(-20.9520368112835,-8.79771894309099,1.49999991506338));
#3031=CARTESIAN_POINT('Ctrl Pts',(-20.9520368112835,-8.79771894309098,1.49999991506338));
#3032=CARTESIAN_POINT('Ctrl Pts',(-23.2609934751992,-8.7884867839915,1.49999991506338));
#3033=CARTESIAN_POINT('Ctrl Pts',(-25.9644733717305,-8.7745702232704,1.49999991506338));
#3034=CARTESIAN_POINT('Ctrl Pts',(-29.9252857931091,-8.73707301547844,1.49999991506338));
#3035=CARTESIAN_POINT('Ctrl Pts',(-32.0459074909317,-8.71142801062515,1.49999991506338));
#3036=CARTESIAN_POINT('Ctrl Pts',(-34.5841817150501,-8.64461781407983,1.49999991506338));
#3037=CARTESIAN_POINT('Ctrl Pts',(-35.4958637898706,-8.61443318310169,1.49999991506338));
#3038=CARTESIAN_POINT('Ctrl Pts',(-36.3221317418906,-8.56927781145572,1.49999991506338));
#3039=CARTESIAN_POINT('Ctrl Pts',(-20.9520345195504,-8.79775956976802,1.50006731451404));
#3040=CARTESIAN_POINT('Ctrl Pts',(-20.7779378625403,-8.79687049019159,0.952869180674135));
#3041=CARTESIAN_POINT('Ctrl Pts',(-20.6037996347002,-8.79738832678411,0.40554800043866));
#3042=CARTESIAN_POINT('Ctrl Pts',(-20.4297540655583,-8.79922086568197,-0.14145875713984));
#3043=CARTESIAN_POINT('Origin',(-20.4301019628383,-9.59999978542328,-0.140355555315697));
#3044=CARTESIAN_POINT('',(-20.429754159754,8.7992202748426,-0.141459700128324));
#3045=CARTESIAN_POINT('',(-20.429754159754,-9.59999989271164,-0.141459700128324));
#3046=CARTESIAN_POINT('',(-20.3620374447676,8.79999999845958,-0.356434963311637));
#3047=CARTESIAN_POINT('Ctrl Pts',(-20.4297540655583,8.79922086568197,-0.14145875713984));
#3048=CARTESIAN_POINT('Ctrl Pts',(-20.4071807894122,8.79945829658845,-0.213121294767303));
#3049=CARTESIAN_POINT('Ctrl Pts',(-20.384608485638,8.79971807818685,-0.284780347378324));
#3050=CARTESIAN_POINT('Ctrl Pts',(-20.3620374459959,8.80000001153589,-0.356434963313048));
#3051=CARTESIAN_POINT('',(-19.6670625449147,8.79999978542328,-2.56272054629793));
#3052=CARTESIAN_POINT('',(-19.613395062178,8.79999978542328,-2.73309474752776));
#3053=CARTESIAN_POINT('',(-19.591670142708,8.79999978542328,-2.8020632478697));
#3054=CARTESIAN_POINT('',(-19.613395062178,8.79999978542328,-2.73309474752776));
#3055=CARTESIAN_POINT('',(-19.591670142708,-8.79999978542328,-2.8020632478697));
#3056=CARTESIAN_POINT('',(-19.591670142708,-9.59999978542328,-2.8020632478697));
#3057=CARTESIAN_POINT('',(-19.6670625449147,-8.79999978542328,-2.56272054629792));
#3058=CARTESIAN_POINT('',(-19.6449885321134,-8.79999977865671,-2.63279728750468));
#3059=CARTESIAN_POINT('',(-19.613395062178,-8.79999978542328,-2.73309474752776));
#3060=CARTESIAN_POINT('Ctrl Pts',(-36.3065933632027,8.24285636408244,0.231059218907779));
#3061=CARTESIAN_POINT('Ctrl Pts',(-33.2930040966752,8.31863192778757,-0.935204203652446));
#3062=CARTESIAN_POINT('Ctrl Pts',(-27.9622487285128,8.5262493631924,-2.80177020890498));
#3063=CARTESIAN_POINT('Ctrl Pts',(-22.6299255226096,8.71642798890298,-4.6656267460998));
#3064=CARTESIAN_POINT('Ctrl Pts',(-20.3427435882301,8.80035396060239,-5.45861360375492));
#3065=CARTESIAN_POINT('Ctrl Pts',(-36.3349279633312,8.41484839497363,0.907788624715513));
#3066=CARTESIAN_POINT('Ctrl Pts',(-33.3099611956025,8.4598446403497,0.0518765933562276));
#3067=CARTESIAN_POINT('Ctrl Pts',(-27.9751384203801,8.60889627804685,-1.26878525935132));
#3068=CARTESIAN_POINT('Ctrl Pts',(-22.6395353966315,8.74113635014795,-2.58759931800495));
#3069=CARTESIAN_POINT('Ctrl Pts',(-20.3514744215438,8.800088437676,-3.1468964687909));
#3070=CARTESIAN_POINT('Ctrl Pts',(-36.3638205630955,8.58827731452092,1.58414529007065));
#3071=CARTESIAN_POINT('Ctrl Pts',(-33.3267832776166,8.60141277222486,1.03910844952964));
#3072=CARTESIAN_POINT('Ctrl Pts',(-27.9881823386309,8.691913265788,0.264098008601428));
#3073=CARTESIAN_POINT('Ctrl Pts',(-22.649165805799,8.76601618360747,-0.509573440765161));
#3074=CARTESIAN_POINT('Ctrl Pts',(-20.3602210162417,8.79996566710642,-0.835179337218206));
#3075=CARTESIAN_POINT('Ctrl Pts',(-36.3927778168766,8.76324058484614,2.26010393251638));
#3076=CARTESIAN_POINT('Ctrl Pts',(-33.3435841634859,8.74327560348891,2.02652362652655));
#3077=CARTESIAN_POINT('Ctrl Pts',(-28.0012457165097,8.77533580278402,1.79686462489663));
#3078=CARTESIAN_POINT('Ctrl Pts',(-22.6587984161239,8.79106869398561,1.5684508762932));
#3079=CARTESIAN_POINT('Ctrl Pts',(-20.3689692977717,8.79998650693466,1.47653779094279));
#3080=CARTESIAN_POINT('',(-20.9520368112835,8.79771894309099,1.49999991506338));
#3081=CARTESIAN_POINT('Ctrl Pts',(-20.4297540655583,8.79922086568197,-0.141458757139841));
#3082=CARTESIAN_POINT('Ctrl Pts',(-20.6037996475696,8.79738832663494,0.405548000878466));
#3083=CARTESIAN_POINT('Ctrl Pts',(-20.77793786377,8.79687049018669,0.952869180621957));
#3084=CARTESIAN_POINT('Ctrl Pts',(-20.9520345195504,8.79775956976802,1.50006731451404));
#3085=CARTESIAN_POINT('',(-36.3221317419282,8.56927781145366,1.49999991506335));
#3086=CARTESIAN_POINT('Ctrl Pts',(-36.3221317419282,8.56927781145367,1.49999991506338));
#3087=CARTESIAN_POINT('Ctrl Pts',(-35.4481218452756,8.61704227044017,1.49999991506338));
#3088=CARTESIAN_POINT('Ctrl Pts',(-34.4734979891532,8.64826827111066,1.49999991506338));
#3089=CARTESIAN_POINT('Ctrl Pts',(-31.3406346335798,8.72773831238511,1.49999991506338));
#3090=CARTESIAN_POINT('Ctrl Pts',(-28.1898632273322,8.75557226574136,1.49999991506338));
#3091=CARTESIAN_POINT('Ctrl Pts',(-24.4847462563568,8.78190615376482,1.49999991506338));
#3092=CARTESIAN_POINT('Ctrl Pts',(-22.6629830802705,8.79087787568907,1.49999991506338));
#3093=CARTESIAN_POINT('Ctrl Pts',(-20.9520368112835,8.79771894309099,1.49999991506338));
#3094=CARTESIAN_POINT('Ctrl Pts',(-36.3117549790838,8.27416672440491,0.354188106760025));
#3095=CARTESIAN_POINT('Ctrl Pts',(-36.3152684784629,8.37285744790062,0.736239058475532));
#3096=CARTESIAN_POINT('Ctrl Pts',(-36.3187328515189,8.47119778397245,1.11804768814073));
#3097=CARTESIAN_POINT('Ctrl Pts',(-36.3221327726209,8.56927822742483,1.49999705161126));
#3098=CARTESIAN_POINT('',(-20.3523900028154,8.79999999550227,-5.45526908595901));
#3099=CARTESIAN_POINT('Ctrl Pts',(-36.2337529853817,8.24841122298747,0.217425066976054));
#3100=CARTESIAN_POINT('Ctrl Pts',(-33.0234995557145,8.34066686574771,-0.972021606845571));
#3101=CARTESIAN_POINT('Ctrl Pts',(-26.713867693198,8.56851686881877,-3.201373824931));
#3102=CARTESIAN_POINT('Ctrl Pts',(-23.0137712997194,8.70259083248031,-4.51192501507762));
#3103=CARTESIAN_POINT('Ctrl Pts',(-21.6623332480253,8.75193386192274,-4.99047589743157));
#3104=CARTESIAN_POINT('Ctrl Pts',(-20.3523900028142,8.79999999550233,-5.45526908595947));
#3105=CARTESIAN_POINT('Ctrl Pts',(-20.3523900028154,8.79999999550227,-5.45526908595901));
#3106=CARTESIAN_POINT('Ctrl Pts',(-20.3547905855558,8.79999999623814,-4.18640345197739));
#3107=CARTESIAN_POINT('Ctrl Pts',(-20.357191595816,8.79999999697414,-2.91753781880462));
#3108=CARTESIAN_POINT('Ctrl Pts',(-20.3604074727891,8.79999999795993,-1.21792644470803));
#3109=CARTESIAN_POINT('Ctrl Pts',(-20.3612224792949,8.79999999820976,-0.787180704048649));
#3110=CARTESIAN_POINT('Ctrl Pts',(-20.3620374447676,8.79999999845958,-0.356434963311637));
#3111=CARTESIAN_POINT('Origin',(-21.1294031626593,-9.6,2.05743696954873));
#3112=CARTESIAN_POINT('',(-20.9520368112835,-9.6,1.49999991506338));
#3113=CARTESIAN_POINT('Origin',(-19.6670625449147,-8.79999978542328,-5.59999987483025));
#3114=CARTESIAN_POINT('',(-19.0018184535864,-8.79999978542328,-2.81791319015095));
#3115=CARTESIAN_POINT('',(-19.3066841191596,-8.79999978542328,-2.80972112544725));
#3116=CARTESIAN_POINT('',(-19.0018184535864,-8.79999978542328,-5.37745054181142));
#3117=CARTESIAN_POINT('',(-19.0018184535864,-8.79999978542328,-5.54999997839332));
#3118=CARTESIAN_POINT('',(-19.0172917413039,-8.79999978542328,-5.37742075502831));
#3119=CARTESIAN_POINT('Ctrl Pts',(-19.0018184535997,-8.79999978528926,-5.37745054231078));
#3120=CARTESIAN_POINT('Ctrl Pts',(-19.0069765771101,-8.79999978429425,-5.37744063835534));
#3121=CARTESIAN_POINT('Ctrl Pts',(-19.0121343441789,-8.79999978544286,-5.377430705837));
#3122=CARTESIAN_POINT('Ctrl Pts',(-19.0172917413102,-8.79999978552124,-5.37742075505916));
#3123=CARTESIAN_POINT('',(-19.6670625449147,-8.79999978542328,-5.47251169499237));
#3124=CARTESIAN_POINT('Ctrl Pts',(-19.6670625449147,-8.79999978542328,-5.47251169499237));
#3125=CARTESIAN_POINT('Ctrl Pts',(-19.5602214614733,-8.79999978542328,-5.4568828720936));
#3126=CARTESIAN_POINT('Ctrl Pts',(-19.4533756856285,-8.79999978542328,-5.44124991253288));
#3127=CARTESIAN_POINT('Ctrl Pts',(-19.2367905916472,-8.79999978542328,-5.4095538148777));
#3128=CARTESIAN_POINT('Ctrl Pts',(-19.1270380446552,-8.79999978542328,-5.39348855533577));
#3129=CARTESIAN_POINT('Ctrl Pts',(-19.0172917413039,-8.79999978542328,-5.37742075502831));
#3130=CARTESIAN_POINT('',(-19.6670625449147,-8.79999978542328,0.100000111758708));
#3131=CARTESIAN_POINT('Origin',(-19.6670625449147,8.79999978542328,-5.59999987483025));
#3132=CARTESIAN_POINT('',(-19.0018184535864,8.79999978542328,-5.37745054181142));
#3133=CARTESIAN_POINT('',(-19.0018184535864,8.79999978542328,-2.81791319015096));
#3134=CARTESIAN_POINT('',(-19.0018184535864,8.79999978542328,-5.54999997839332));
#3135=CARTESIAN_POINT('',(-19.3066841191596,8.79999978542328,-2.80972112544725));
#3136=CARTESIAN_POINT('',(-19.6670625449147,8.79999978542328,-5.47251169499237));
#3137=CARTESIAN_POINT('',(-19.6670625449147,8.79999978542328,0.100000111758708));
#3138=CARTESIAN_POINT('',(-19.0172917413047,8.79999978542328,-5.37742075502842));
#3139=CARTESIAN_POINT('Ctrl Pts',(-19.0172917413047,8.79999978542328,-5.37742075502842));
#3140=CARTESIAN_POINT('Ctrl Pts',(-19.127038251574,8.79999978542328,-5.39348858563045));
#3141=CARTESIAN_POINT('Ctrl Pts',(-19.2367910055018,8.79999978542328,-5.40955387545654));
#3142=CARTESIAN_POINT('Ctrl Pts',(-19.4533760994274,8.79999978542328,-5.44124997307717));
#3143=CARTESIAN_POINT('Ctrl Pts',(-19.5602216683568,8.79999978542328,-5.45688290235674));
#3144=CARTESIAN_POINT('Ctrl Pts',(-19.6670625449147,8.79999978542328,-5.47251169499237));
#3145=CARTESIAN_POINT('Ctrl Pts',(-19.0018184535993,8.79999978528926,-5.37745054231078));
#3146=CARTESIAN_POINT('Ctrl Pts',(-19.0069765771098,8.79999978429425,-5.37744063835534));
#3147=CARTESIAN_POINT('Ctrl Pts',(-19.0121343441788,8.79999978544286,-5.377430705837));
#3148=CARTESIAN_POINT('Ctrl Pts',(-19.0172917413103,8.79999978552124,-5.37742075505916));
#3149=CARTESIAN_POINT('Origin',(-20.3670627901452,-8.80000000000004,-5.59999976307154));
#3150=CARTESIAN_POINT('',(-19.6848862951758,-8.7999997908869,-5.47511892230329));
#3151=CARTESIAN_POINT('Ctrl Pts',(-19.6670625449147,-8.79999978542324,-5.47251169499248));
#3152=CARTESIAN_POINT('Ctrl Pts',(-19.6730038110023,-8.79999978724447,-5.47338078377153));
#3153=CARTESIAN_POINT('Ctrl Pts',(-19.6789450625745,-8.79999978906569,-5.4742498597611));
#3154=CARTESIAN_POINT('Ctrl Pts',(-19.6848862976194,-8.7999997908869,-5.47511892265161));
#3155=CARTESIAN_POINT('',(-20.3100932301567,-8.79999998253669,-5.47511882248569));
#3156=CARTESIAN_POINT('',(-20.3670621258386,-8.79999999999983,-5.47511881339031));
#3157=CARTESIAN_POINT('Ctrl Pts',(-20.3100932302758,-8.79999998266234,-5.47511882252598));
#3158=CARTESIAN_POINT('Ctrl Pts',(-20.3171403139647,-8.79999998364082,-5.47181047538161));
#3159=CARTESIAN_POINT('Ctrl Pts',(-20.3241885987159,-8.79999999008588,-5.4685021288226));
#3160=CARTESIAN_POINT('Ctrl Pts',(-20.3312380576405,-8.80000000090343,-5.46519379608992));
#3161=CARTESIAN_POINT('Ctrl Pts',(-20.3382875165652,-8.80000001172098,-5.46188546335723));
#3162=CARTESIAN_POINT('Ctrl Pts',(-20.3453381496633,-8.800000026911,-5.45857714445086));
#3163=CARTESIAN_POINT('Ctrl Pts',(-20.3523899300454,-8.80000004537415,-5.45526885262223));
#3164=CARTESIAN_POINT('Origin',(-20.3670627901452,8.80000000000004,-5.59999976307154));
#3165=CARTESIAN_POINT('',(-20.3100932301567,8.79999998253669,-5.47511882248569));
#3166=CARTESIAN_POINT('Ctrl Pts',(-20.3100932302758,8.79999998266234,-5.47511882252596));
#3167=CARTESIAN_POINT('Ctrl Pts',(-20.3241873963773,8.7999999846193,-5.46850212883635));
#3168=CARTESIAN_POINT('Ctrl Pts',(-20.338286366728,8.80000000844784,-5.46188543747774));
#3169=CARTESIAN_POINT('Ctrl Pts',(-20.3523899262143,8.80000004537414,-5.4552688544196));
#3170=CARTESIAN_POINT('',(-19.6848862952381,8.7999997908869,-5.47511892230329));
#3171=CARTESIAN_POINT('',(-20.3670621258386,8.79999999999983,-5.47511881339031));
#3172=CARTESIAN_POINT('Ctrl Pts',(-19.6848862976224,8.7999997908869,-5.47511892265205));
#3173=CARTESIAN_POINT('Ctrl Pts',(-19.6789450625764,8.79999978906569,-5.47424985976139));
#3174=CARTESIAN_POINT('Ctrl Pts',(-19.6730038110032,8.79999978724447,-5.47338078377167));
#3175=CARTESIAN_POINT('Ctrl Pts',(-19.6670625449147,8.79999978542324,-5.47251169499248));
#3176=CARTESIAN_POINT('Origin',(-36.4293979685606,-1.11022302462516E-15,
-9.79999976307154));
#3177=CARTESIAN_POINT('',(-19.6670625449147,7.41602703444795,-9.79999979015611));
#3178=CARTESIAN_POINT('',(-19.6690954507206,7.41603791780731,-9.79999976307153));
#3179=CARTESIAN_POINT('Ctrl Pts',(-19.6670625447172,7.41602707145332,-9.79999976307154));
#3180=CARTESIAN_POINT('Ctrl Pts',(-19.6677401802327,7.41603068672911,-9.79999976307154));
#3181=CARTESIAN_POINT('Ctrl Pts',(-19.6684178155679,7.41603430218044,-9.79999976307154));
#3182=CARTESIAN_POINT('Ctrl Pts',(-19.6690954507206,7.41603791780731,-9.79999976307154));
#3183=CARTESIAN_POINT('',(-20.3341267146318,7.41603808768854,-9.79999976307154));
#3184=CARTESIAN_POINT('',(-28.3982293841154,7.41604014765129,-9.79999976307154));
#3185=CARTESIAN_POINT('',(-35.781726473996,6.24316650006596,-9.79999976307154));
#3186=CARTESIAN_POINT('Ctrl Pts',(-20.3341267146316,7.41603808768855,-9.79999976307154));
#3187=CARTESIAN_POINT('Ctrl Pts',(-23.1000269506704,7.17661681086097,-9.79999976307154));
#3188=CARTESIAN_POINT('Ctrl Pts',(-26.0701125864138,6.94655011388127,-9.79999976297301));
#3189=CARTESIAN_POINT('Ctrl Pts',(-31.0728017296491,6.57534410287992,-9.79999976297301));
#3190=CARTESIAN_POINT('Ctrl Pts',(-33.4650258517814,6.40480455604729,-9.79999976307154));
#3191=CARTESIAN_POINT('Ctrl Pts',(-35.7817264739996,6.24316650006571,-9.79999976307154));
#3192=CARTESIAN_POINT('',(-35.781726473996,-6.24316650006596,-9.79999976307153));
#3193=CARTESIAN_POINT('',(-35.781726473996,-5.55111512312578E-16,-9.79999976307154));
#3194=CARTESIAN_POINT('',(-20.3341267146318,-7.41603808768854,-9.79999976307154));
#3195=CARTESIAN_POINT('Ctrl Pts',(-35.781726473996,-6.24316650006596,-9.79999976307154));
#3196=CARTESIAN_POINT('Ctrl Pts',(-33.4910514236767,-6.40298873107335,-9.79999976307154));
#3197=CARTESIAN_POINT('Ctrl Pts',(-31.1279624319233,-6.57141379771519,-9.79999976307153));
#3198=CARTESIAN_POINT('Ctrl Pts',(-26.1272287642384,-6.94212174297328,-9.79999976307153));
#3199=CARTESIAN_POINT('Ctrl Pts',(-23.1255681610484,-7.17440591795863,-9.79999976307154));
#3200=CARTESIAN_POINT('Ctrl Pts',(-20.3341267146318,-7.41603808768854,-9.79999976307154));
#3201=CARTESIAN_POINT('',(-19.6690954507207,-7.41603791780731,-9.79999976307154));
#3202=CARTESIAN_POINT('',(-28.3982293841154,-7.41604014765129,-9.79999976307154));
#3203=CARTESIAN_POINT('',(-19.6670625449147,-7.41602703444795,-9.79999979015611));
#3204=CARTESIAN_POINT('Ctrl Pts',(-19.6690954507207,-7.41603791780731,-9.79999976307154));
#3205=CARTESIAN_POINT('Ctrl Pts',(-19.6684160452983,-7.41603429273489,-9.79999976307154));
#3206=CARTESIAN_POINT('Ctrl Pts',(-19.667736639687,-7.41603066783891,-9.79999976307154));
#3207=CARTESIAN_POINT('Ctrl Pts',(-19.6670572338893,-7.41602704311935,-9.79999976307154));
#3208=CARTESIAN_POINT('',(-19.6670625449147,0.,-9.80000013411045));
#3209=CARTESIAN_POINT('',(-19.6670625449147,-7.99999982118607,-9.79999976307154));
#3210=CARTESIAN_POINT('',(-19.6670625449147,7.99999982118607,-9.79999976307154));
#3211=CARTESIAN_POINT('Ctrl Pts',(-19.6690460924727,7.41387686705862,-9.80675264015038));
#3212=CARTESIAN_POINT('Ctrl Pts',(-19.4414382807179,7.41339390502196,-9.80451272338632));
#3213=CARTESIAN_POINT('Ctrl Pts',(-19.2138309067338,7.41292438718678,-9.80224623073171));
#3214=CARTESIAN_POINT('Ctrl Pts',(-18.9862239494143,7.41246738165463,-9.79995444349117));
#3215=CARTESIAN_POINT('Ctrl Pts',(-19.6796054746443,7.8761974650363,-8.36208666894921));
#3216=CARTESIAN_POINT('Ctrl Pts',(-19.451932312443,7.87571391124933,-8.34998937223058));
#3217=CARTESIAN_POINT('Ctrl Pts',(-19.2242607394002,7.87524381288919,-8.33786550903857));
#3218=CARTESIAN_POINT('Ctrl Pts',(-18.9965906779258,7.87478624408961,-8.3257163625773));
#3219=CARTESIAN_POINT('Ctrl Pts',(-19.6901616826427,8.33871740651444,-6.91748448378112));
#3220=CARTESIAN_POINT('Ctrl Pts',(-19.4624232293713,8.338230915917,-6.89552862141223));
#3221=CARTESIAN_POINT('Ctrl Pts',(-19.2346875141244,8.33775795380559,-6.87354624631771));
#3222=CARTESIAN_POINT('Ctrl Pts',(-19.0069544037266,8.33729758994709,-6.85153863718634));
#3223=CARTESIAN_POINT('Ctrl Pts',(-19.7006900073478,8.80143493627665,-5.47294552301111));
#3224=CARTESIAN_POINT('Ctrl Pts',(-19.4728867797381,8.8009432060948,-5.44112992666034));
#3225=CARTESIAN_POINT('Ctrl Pts',(-19.2450874196013,8.80046513737812,-5.40928791469184));
#3226=CARTESIAN_POINT('Ctrl Pts',(-19.0172917413041,8.79999978542589,-5.37742075502003));
#3227=CARTESIAN_POINT('',(-18.9999986566661,7.41252293095434,-9.80000424530354));
#3228=CARTESIAN_POINT('Ctrl Pts',(-19.6670572339355,7.41602703444795,-9.79999979017374));
#3229=CARTESIAN_POINT('Ctrl Pts',(-19.4447169999159,7.41484034772759,-9.80000126628422));
#3230=CARTESIAN_POINT('Ctrl Pts',(-19.2223387442188,7.41367246571806,-9.80000275163688));
#3231=CARTESIAN_POINT('Ctrl Pts',(-18.9999986566661,7.41252293095434,-9.80000424530354));
#3232=CARTESIAN_POINT('',(-18.9911706994475,7.41247731664969,-9.80000424674462));
#3233=CARTESIAN_POINT('Ctrl Pts',(-18.9911706994475,7.41247731664969,-9.80000424674462));
#3234=CARTESIAN_POINT('Ctrl Pts',(-18.9941138613382,7.41249252087226,-9.80000424626678));
#3235=CARTESIAN_POINT('Ctrl Pts',(-18.9970554951105,7.41250772037577,-9.80000424578897));
#3236=CARTESIAN_POINT('Ctrl Pts',(-18.9999986566662,7.41252293095209,-9.80000424531072));
#3237=CARTESIAN_POINT('Ctrl Pts',(-19.0172917413046,8.79999978542328,-5.37742075502842));
#3238=CARTESIAN_POINT('Ctrl Pts',(-19.0124588097085,8.54301572833393,-6.19627646085014));
#3239=CARTESIAN_POINT('Ctrl Pts',(-19.0076232619243,8.28611773719282,-7.01499891447301));
#3240=CARTESIAN_POINT('Ctrl Pts',(-18.9989140083492,7.82359122559756,-8.48930477263269));
#3241=CARTESIAN_POINT('Ctrl Pts',(-18.9950422106562,7.61803014638093,-9.14462240725796));
#3242=CARTESIAN_POINT('Ctrl Pts',(-18.9911706994475,7.41247731664969,-9.80000424674462));
#3243=CARTESIAN_POINT('Ctrl Pts',(-19.6690954507208,7.41603791780732,-9.79999976307154));
#3244=CARTESIAN_POINT('Ctrl Pts',(-19.6714647783961,7.62349256574371,-9.15170399016168));
#3245=CARTESIAN_POINT('Ctrl Pts',(-19.6738362521668,7.8311893582051,-8.50265151561292));
#3246=CARTESIAN_POINT('Ctrl Pts',(-19.6791014832346,8.29255466333066,-7.06088494129865));
#3247=CARTESIAN_POINT('Ctrl Pts',(-19.6819947625867,8.54623225983577,-6.26814245452984));
#3248=CARTESIAN_POINT('Ctrl Pts',(-19.6848862952381,8.79999979088683,-5.4751189223035));
#3249=CARTESIAN_POINT('Ctrl Pts',(-19.0000013928941,-6.10374616440904E-6,
-9.80006080055587));
#3250=CARTESIAN_POINT('Ctrl Pts',(-4.33333463185337,-3.71311219671983E-6,
-9.80004045471754));
#3251=CARTESIAN_POINT('Ctrl Pts',(10.3333321291873,-1.73155915692407E-6,
-9.8000201088924));
#3252=CARTESIAN_POINT('Ctrl Pts',(24.999998890228,0.,-9.79999976307231));
#3253=CARTESIAN_POINT('Ctrl Pts',(-19.0000009901522,2.47083690782075,-9.80004194880712));
#3254=CARTESIAN_POINT('Ctrl Pts',(-4.33333425260478,2.61497182909362,-9.80002788688488));
#3255=CARTESIAN_POINT('Ctrl Pts',(10.3333324889628,2.75910634128556,-9.80001382497584));
#3256=CARTESIAN_POINT('Ctrl Pts',(24.9999992329871,2.90324060348361,-9.79999976307183));
#3257=CARTESIAN_POINT('Ctrl Pts',(-19.0000005874103,4.94167991938767,-9.80002309705867));
#3258=CARTESIAN_POINT('Ctrl Pts',(-4.33333387335612,5.22994737129943,-9.8000153190525));
#3259=CARTESIAN_POINT('Ctrl Pts',(10.3333328487382,5.51821441413027,-9.80000754105951));
#3260=CARTESIAN_POINT('Ctrl Pts',(24.9999995757461,5.80648120696722,-9.79999976307158));
#3261=CARTESIAN_POINT('Ctrl Pts',(-19.0000001846684,7.41252293095458,-9.80000424531053));
#3262=CARTESIAN_POINT('Ctrl Pts',(-4.33333349410752,7.84492291350524,-9.80000275122038));
#3263=CARTESIAN_POINT('Ctrl Pts',(10.3333332085137,8.27732248697498,-9.80000125714344));
#3264=CARTESIAN_POINT('Ctrl Pts',(24.9999999185052,8.70972181045083,-9.79999976307154));
#3265=CARTESIAN_POINT('',(-18.9999275265899,6.10374613917253E-6,-9.80006080386355));
#3266=CARTESIAN_POINT('Ctrl Pts',(-18.9999275267009,6.10374610817316E-6,
-9.80006080036027));
#3267=CARTESIAN_POINT('Ctrl Pts',(-18.9999499979107,2.47084572052089,-9.80004194870633));
#3268=CARTESIAN_POINT('Ctrl Pts',(-18.9999724691203,4.9416846629349,-9.8000230970233));
#3269=CARTESIAN_POINT('Ctrl Pts',(-18.9999949403298,7.41252293098813,-9.80000424531117));
#3270=CARTESIAN_POINT('',(24.999998890228,0.,-9.79999976307231));
#3271=CARTESIAN_POINT('Ctrl Pts',(-18.9999275265879,-6.10373412436936E-6,
-9.8000608004534));
#3272=CARTESIAN_POINT('Ctrl Pts',(-4.33328538764929,-3.71310554353861E-6,
-9.80004045464923));
#3273=CARTESIAN_POINT('Ctrl Pts',(10.3333567512894,-1.73155625001775E-6,
-9.80002010885825));
#3274=CARTESIAN_POINT('Ctrl Pts',(24.999998890228,0.,-9.79999976307231));
#3275=CARTESIAN_POINT('',(24.999999905521,8.59974346106098,-9.79999976307154));
#3276=CARTESIAN_POINT('',(25.,0.,-9.79999976307154));
#3277=CARTESIAN_POINT('Ctrl Pts',(-18.9911706994475,7.41247731664483,-9.80000424674462));
#3278=CARTESIAN_POINT('Ctrl Pts',(-12.9798383908102,7.58263958469087,-9.80000368787053));
#3279=CARTESIAN_POINT('Ctrl Pts',(-6.92593542351187,7.75147730758076,-9.80000311866612));
#3280=CARTESIAN_POINT('Ctrl Pts',(-0.896121996522429,7.9162503683864,-9.80000252677503));
#3281=CARTESIAN_POINT('Ctrl Pts',(0.310006940969929,7.94920952361786,-9.80000240838049));
#3282=CARTESIAN_POINT('Ctrl Pts',(1.51517203115541,7.98200587781619,-9.80000228907084));
#3283=CARTESIAN_POINT('Ctrl Pts',(2.71883977185903,8.01461727818711,-9.80000216873746));
#3284=CARTESIAN_POINT('Ctrl Pts',(8.15063555625224,8.16178286306385,-9.80000162570857));
#3285=CARTESIAN_POINT('Ctrl Pts',(13.6101087820055,8.30676266899482,-9.80000105622285));
#3286=CARTESIAN_POINT('Ctrl Pts',(19.0598885261088,8.44769057835578,-9.80000044592911));
#3287=CARTESIAN_POINT('Ctrl Pts',(21.0418068147949,8.49894175070838,-9.80000022398393));
#3288=CARTESIAN_POINT('Ctrl Pts',(23.0224430876666,8.54965650522085,-9.79999999661845));
#3289=CARTESIAN_POINT('Ctrl Pts',(24.999999905521,8.59974346106098,-9.79999976307154));
#3290=CARTESIAN_POINT('Origin',(43.000000487566,8.60000000000002,-5.4599998703599));
#3291=CARTESIAN_POINT('',(43.0000005799305,8.6,-3.80043150429529));
#3292=CARTESIAN_POINT('',(43.2000006556511,8.59999995797871,-3.8003452352821));
#3293=CARTESIAN_POINT('',(42.9998170773995,8.60000000003855,-3.80043158344817));
#3294=CARTESIAN_POINT('',(43.000000487566,8.60000000000002,-4.23477194363301));
#3295=CARTESIAN_POINT('',(43.000000487566,8.60000000000002,-5.4599998703599));
#3296=CARTESIAN_POINT('',(43.2000006556511,8.59999995797871,-4.00277175535983));
#3297=CARTESIAN_POINT('',(42.3940730431783,8.60000012730923,-4.93764775880742));
#3298=CARTESIAN_POINT('',(43.2000006556511,8.59999995797871,-4.55499993238598));
#3299=CARTESIAN_POINT('Origin',(25.,8.6,-10.5999997630715));
#3300=CARTESIAN_POINT('',(25.,8.6,-6.6793212136654));
#3301=CARTESIAN_POINT('',(24.9981818296622,8.59999999999971,-6.11925647978127));
#3302=CARTESIAN_POINT('Ctrl Pts',(24.9981818296622,8.6,-6.11925647978127));
#3303=CARTESIAN_POINT('Ctrl Pts',(24.9987705456557,8.6,-6.30060394193113));
#3304=CARTESIAN_POINT('Ctrl Pts',(24.9993592673661,8.6,-6.48195140406243));
#3305=CARTESIAN_POINT('Ctrl Pts',(24.9999653238159,8.6,-6.66863964869154));
#3306=CARTESIAN_POINT('Ctrl Pts',(24.9999826619203,8.6,-6.67398043117843));
#3307=CARTESIAN_POINT('Ctrl Pts',(25.,8.6,-6.6793212136654));
#3308=CARTESIAN_POINT('',(25.010128886183,8.6,-9.79999976292995));
#3309=CARTESIAN_POINT('Ctrl Pts',(24.9999999997768,8.60000000478874,-6.67932121367379));
#3310=CARTESIAN_POINT('Ctrl Pts',(25.0000173378585,8.60000000486513,-6.68466199790621));
#3311=CARTESIAN_POINT('Ctrl Pts',(25.0000346759137,8.60000000494201,-6.69000278213871));
#3312=CARTESIAN_POINT('Ctrl Pts',(25.0000520139953,8.60000000501935,-6.69534356637113));
#3313=CARTESIAN_POINT('Ctrl Pts',(25.0014888204562,8.60000001142829,-7.1379342449519));
#3314=CARTESIAN_POINT('Ctrl Pts',(25.0041720091765,8.6000000304697,-7.96433375423844));
#3315=CARTESIAN_POINT('Ctrl Pts',(25.0069997864469,8.60000002012209,-8.83565004240216));
#3316=CARTESIAN_POINT('Ctrl Pts',(25.0080415730343,8.60000001630991,-9.1566532670662));
#3317=CARTESIAN_POINT('Ctrl Pts',(25.009102937847,8.60000000838459,-9.48375246828471));
#3318=CARTESIAN_POINT('Ctrl Pts',(25.0101288860645,8.60000000158456,-9.79999976329618));
#3319=CARTESIAN_POINT('',(35.5687978389704,8.6,-9.79999976307154));
#3320=CARTESIAN_POINT('',(25.,8.6,-9.79999976307154));
#3321=CARTESIAN_POINT('',(37.4341021363064,8.6,-7.93603503689871));
#3322=CARTESIAN_POINT('',(32.6075608483296,8.6,-12.7591106228072));
#3323=CARTESIAN_POINT('',(39.6684531747756,8.6,-5.70000015234093));
#3324=CARTESIAN_POINT('',(33.6619273662428,8.6,-11.7110525839579));
#3325=CARTESIAN_POINT('',(41.7343421408482,8.6,-5.69999989947099));
#3326=CARTESIAN_POINT('',(32.4999999491763,8.6,-5.70000102977743));
#3327=CARTESIAN_POINT('',(42.394072693837,8.60000012730931,-4.93764816404329));
#3328=CARTESIAN_POINT('',(36.8194913905761,8.6,-11.3793728276486));
#3329=CARTESIAN_POINT('',(37.2861256539542,8.6,-10.8628665590501));
#3330=CARTESIAN_POINT('',(42.0996155069211,8.6,-3.79999984099965));
#3331=CARTESIAN_POINT('',(33.5514398148372,8.6,-3.79590150242073));
#3332=CARTESIAN_POINT('',(39.9998489567795,8.6,-3.79960186578162));
#3333=CARTESIAN_POINT('',(32.500569252437,8.6,-3.79818038415956));
#3334=CARTESIAN_POINT('',(38.0001598588832,8.6,-3.8000000214));
#3335=CARTESIAN_POINT('',(31.4994033200375,8.6,-3.80129418258482));
#3336=CARTESIAN_POINT('',(35.9073392467636,8.6,-3.80000008476998));
#3337=CARTESIAN_POINT('',(30.4500001349087,8.6,-3.80000020868722));
#3338=CARTESIAN_POINT('',(24.9981818295357,8.6,-4.00016810331732));
#3339=CARTESIAN_POINT('',(24.9468093743326,8.6,-4.00111071713914));
#3340=CARTESIAN_POINT('',(24.9981818295357,8.6,-8.04999992251396));
#3341=CARTESIAN_POINT('Ctrl Pts',(-18.9961553134246,7.41234544337003,-9.79997484865442));
#3342=CARTESIAN_POINT('Ctrl Pts',(-4.3225062170322,7.80055185045471,-9.88651544398543));
#3343=CARTESIAN_POINT('Ctrl Pts',(10.3510233912576,8.19213256684519,-9.98961285952297));
#3344=CARTESIAN_POINT('Ctrl Pts',(25.0240669281681,8.60036002367056,-10.1075372828985));
#3345=CARTESIAN_POINT('Ctrl Pts',(-19.0033823301368,7.88706669332025,-8.28668528003603));
#3346=CARTESIAN_POINT('Ctrl Pts',(-4.33021527701507,8.11694279702017,-8.43450437552045));
#3347=CARTESIAN_POINT('Ctrl Pts',(10.342799590766,8.35019159927803,-8.5988892913905));
#3348=CARTESIAN_POINT('Ctrl Pts',(25.0154456916954,8.60010054990371,-8.77811033789003));
#3349=CARTESIAN_POINT('Ctrl Pts',(-19.0106172888876,8.36188132986775,-6.77342501956041));
#3350=CARTESIAN_POINT('Ctrl Pts',(-4.33793350805222,8.4334420459487,-6.9825187121489));
#3351=CARTESIAN_POINT('Ctrl Pts',(10.3345651431189,8.50837707946447,-7.20818231319277));
#3352=CARTESIAN_POINT('Ctrl Pts',(25.0068128109129,8.5999803843531,-7.44868339082576));
#3353=CARTESIAN_POINT('Ctrl Pts',(-19.0178522143652,8.8367896600107,-5.26019416357485));
#3354=CARTESIAN_POINT('Ctrl Pts',(-4.34565133736699,8.75004996620175,-5.53055854144391));
#3355=CARTESIAN_POINT('Ctrl Pts',(10.326331718127,8.66668945276099,-5.8174919812585));
#3356=CARTESIAN_POINT('Ctrl Pts',(24.9981818303219,8.59999999999643,-6.11925644169875));
#3357=CARTESIAN_POINT('Ctrl Pts',(25.0101288861825,8.59999999999998,-9.79999976307154));
#3358=CARTESIAN_POINT('Ctrl Pts',(25.0067525677872,8.5999144888332,-9.79999976307154));
#3359=CARTESIAN_POINT('Ctrl Pts',(25.0033762408971,8.59982897585339,-9.79999976307154));
#3360=CARTESIAN_POINT('Ctrl Pts',(24.999999905521,8.59974346106098,-9.79999976307154));
#3361=CARTESIAN_POINT('',(24.9963636778535,8.60000826431691,-6.11922495049268));
#3362=CARTESIAN_POINT('Ctrl Pts',(24.9981818303219,8.59999999999643,-6.11925644169875));
#3363=CARTESIAN_POINT('Ctrl Pts',(24.9975757667216,8.60000275479896,-6.11924397643677));
#3364=CARTESIAN_POINT('Ctrl Pts',(24.996969703121,8.60000550962994,-6.1192315112001));
#3365=CARTESIAN_POINT('Ctrl Pts',(24.9963636395202,8.60000826448936,-6.11921904598874));
#3366=CARTESIAN_POINT('Ctrl Pts',(24.9963636778533,8.60000826431512,-6.11922495050119));
#3367=CARTESIAN_POINT('Ctrl Pts',(24.9434286995179,8.60024887748918,-6.11830809470727));
#3368=CARTESIAN_POINT('Ctrl Pts',(24.8904941787007,8.60048948403601,-6.11739135421764));
#3369=CARTESIAN_POINT('Ctrl Pts',(24.8375591967522,8.60073008817055,-6.11647471269323));
#3370=CARTESIAN_POINT('Ctrl Pts',(21.1798471177628,8.6173554012765,-6.05313643141807));
#3371=CARTESIAN_POINT('Ctrl Pts',(17.5448868497049,8.63385522108741,-5.9906860478659));
#3372=CARTESIAN_POINT('Ctrl Pts',(13.9111769006096,8.65034852969517,-5.92866093165563));
#3373=CARTESIAN_POINT('Ctrl Pts',(10.2774669515142,8.66684183830292,-5.86663581544536));
#3374=CARTESIAN_POINT('Ctrl Pts',(6.64500733804888,8.68332964553234,-5.80503599209953));
#3375=CARTESIAN_POINT('Ctrl Pts',(2.99229632696323,8.69992864600124,-5.743459345107));
#3376=CARTESIAN_POINT('Ctrl Pts',(-0.713325880755189,8.71676809061561,-5.68099073210153));
#3377=CARTESIAN_POINT('Ctrl Pts',(-4.40884129436835,8.73358211825062,-5.61907505266666));
#3378=CARTESIAN_POINT('Ctrl Pts',(-8.10344466670213,8.75040151052676,-5.55758500696052));
#3379=CARTESIAN_POINT('Ctrl Pts',(-11.7342078928464,8.76693027554106,-5.49715746597044));
#3380=CARTESIAN_POINT('Ctrl Pts',(-15.364090316361,8.78346456643198,-5.43714108051589));
#3381=CARTESIAN_POINT('Ctrl Pts',(-19.0018184535993,8.79999978528926,-5.37745054231078));
#3382=CARTESIAN_POINT('Origin',(-19.0036366052686,8.80000804974019,-5.50000008195639));
#3383=CARTESIAN_POINT('',(24.9965919257277,8.60000722682769,-4.00019727586317));
#3384=CARTESIAN_POINT('',(3.04006360780321,8.69980952055426,-4.40306934008299));
#3385=CARTESIAN_POINT('',(-18.9347665127969,8.79969500420319,-2.81971494711963));
#3386=CARTESIAN_POINT('Ctrl Pts',(-19.6669897883826,-3.71038921906805E-8,
-9.8000001374189));
#3387=CARTESIAN_POINT('Ctrl Pts',(-19.4446357011183,-2.05931797457718E-6,
-9.80002035955945));
#3388=CARTESIAN_POINT('Ctrl Pts',(-19.2222816138541,-4.0815320569626E-6,
-9.80004058170766));
#3389=CARTESIAN_POINT('Ctrl Pts',(-18.9999275265899,-6.10374613917253E-6,
-9.80006080386355));
#3390=CARTESIAN_POINT('Ctrl Pts',(-19.6670122702335,2.47200899906575,-9.80000002072283));
#3391=CARTESIAN_POINT('Ctrl Pts',(-19.4446581829693,2.47200697685166,-9.80001399419899));
#3392=CARTESIAN_POINT('Ctrl Pts',(-19.2223040957051,2.47200495463757,-9.80002796768283));
#3393=CARTESIAN_POINT('Ctrl Pts',(-18.9999500084408,2.47200293242348,-9.80004194117433));
#3394=CARTESIAN_POINT('Ctrl Pts',(-19.6670347520847,4.94401803523538,-9.79999990497444));
#3395=CARTESIAN_POINT('Ctrl Pts',(-19.4446806648205,4.94401601302129,-9.80000762978623));
#3396=CARTESIAN_POINT('Ctrl Pts',(-19.2223265775562,4.9440139908072,-9.80001535460568));
#3397=CARTESIAN_POINT('Ctrl Pts',(-18.999972490292,4.94401196859311,-9.8000230794328));
#3398=CARTESIAN_POINT('Ctrl Pts',(-19.6670572339359,7.41602707140502,-9.79999979017374));
#3399=CARTESIAN_POINT('Ctrl Pts',(-19.4447031466717,7.41602504919093,-9.80000126632115));
#3400=CARTESIAN_POINT('Ctrl Pts',(-19.2223490594075,7.41602302697684,-9.80000274247622));
#3401=CARTESIAN_POINT('Ctrl Pts',(-18.9999949721432,7.41602100476275,-9.80000421863896));
#3402=CARTESIAN_POINT('Ctrl Pts',(-19.6670625449147,-3.64422030544052E-8,
-9.80000013080201));
#3403=CARTESIAN_POINT('Ctrl Pts',(-19.4446842055101,-2.05887684814991E-6,
-9.80002035514818));
#3404=CARTESIAN_POINT('Ctrl Pts',(-19.2223058661055,-4.08131149324443E-6,
-9.80004057950202));
#3405=CARTESIAN_POINT('Ctrl Pts',(-18.9999275267009,-6.10374613816331E-6,
-9.80006080386354));
#3406=CARTESIAN_POINT('Origin',(-20.3670627395509,7.23806068224056,-10.3561791813885));
#3407=CARTESIAN_POINT('',(-20.3012853605532,8.05636201651854,-7.7989874592613));
#3408=CARTESIAN_POINT('Ctrl Pts',(-20.3012853605532,8.05636201651854,-7.7989874592613));
#3409=CARTESIAN_POINT('Ctrl Pts',(-20.3026197813809,8.16938381952243,-7.44579432593939));
#3410=CARTESIAN_POINT('Ctrl Pts',(-20.3039561415049,8.28240064276013,-7.09261675438834));
#3411=CARTESIAN_POINT('Ctrl Pts',(-20.3068914935678,8.53029063651393,-6.31796052625095));
#3412=CARTESIAN_POINT('Ctrl Pts',(-20.308491005932,8.66513935627222,-5.89655827828317));
#3413=CARTESIAN_POINT('Ctrl Pts',(-20.3100932301567,8.7999999825367,-5.47511882248569));
#3414=CARTESIAN_POINT('Ctrl Pts',(-20.3341267849356,7.41603819544273,-9.79999979739845));
#3415=CARTESIAN_POINT('Ctrl Pts',(-20.3292270182188,7.51074325131172,-9.50404756585753));
#3416=CARTESIAN_POINT('Ctrl Pts',(-20.3243457715765,7.60539683566671,-9.2082573198087));
#3417=CARTESIAN_POINT('Ctrl Pts',(-20.3194760537052,7.70020829017758,-8.9119715371465));
#3418=CARTESIAN_POINT('Ctrl Pts',(-20.3133722293745,7.81904730265666,-8.54059963904812));
#3419=CARTESIAN_POINT('Ctrl Pts',(-20.3073112916414,7.93764953313678,-8.16996395262605));
#3420=CARTESIAN_POINT('Ctrl Pts',(-20.3012853786117,8.05636159679284,-7.79898774993009));
#3421=CARTESIAN_POINT('Ctrl Pts',(-36.7701162617722,6.17434790993248,-9.77998486586548));
#3422=CARTESIAN_POINT('Ctrl Pts',(-31.293811343021,6.55547099305054,-9.89219981114225));
#3423=CARTESIAN_POINT('Ctrl Pts',(-25.8164113922486,6.92215803526594,-10.0011470571997));
#3424=CARTESIAN_POINT('Ctrl Pts',(-20.3402956870943,7.35583539302664,-9.98738241985865));
#3425=CARTESIAN_POINT('Ctrl Pts',(-36.7583986646762,6.16923864944105,-8.10895638351697));
#3426=CARTESIAN_POINT('Ctrl Pts',(-31.2799476187713,6.63239078054076,-8.52744115000265));
#3427=CARTESIAN_POINT('Ctrl Pts',(-25.800009922555,7.08122672316499,-8.94256623777018));
#3428=CARTESIAN_POINT('Ctrl Pts',(-20.3155247853609,7.5972665424058,-9.23561153904892));
#3429=CARTESIAN_POINT('Ctrl Pts',(-36.7467350504904,6.16438530360796,-6.43792699393588));
#3430=CARTESIAN_POINT('Ctrl Pts',(-31.2661587877559,6.70966037563873,-7.16269362351091));
#3431=CARTESIAN_POINT('Ctrl Pts',(-25.7836855300078,7.24071999148253,-7.88385962939048));
#3432=CARTESIAN_POINT('Ctrl Pts',(-20.2910163997109,7.83979091008512,-8.48418892133185));
#3433=CARTESIAN_POINT('Ctrl Pts',(-36.7351579460863,6.15977867462588,-4.76689672972898));
#3434=CARTESIAN_POINT('Ctrl Pts',(-31.2524950298684,6.78726501340272,-5.7979568392037));
#3435=CARTESIAN_POINT('Ctrl Pts',(-25.7674434090594,7.40064502817242,-6.82505505242983));
#3436=CARTESIAN_POINT('Ctrl Pts',(-20.2670635557312,8.0833016294833,-7.73308052255896));
#3437=CARTESIAN_POINT('Ctrl Pts',(-20.3012853786173,8.05636159679236,-7.79898774992849));
#3438=CARTESIAN_POINT('Ctrl Pts',(-20.7695477184031,8.00168026176669,-7.71544818319909));
#3439=CARTESIAN_POINT('Ctrl Pts',(-21.2469280806206,7.94574672709971,-7.62988057543786));
#3440=CARTESIAN_POINT('Ctrl Pts',(-21.7299404481542,7.88912014459907,-7.54296142328676));
#3441=CARTESIAN_POINT('Ctrl Pts',(-22.223753833777,7.83122729070867,-7.45409860385553));
#3442=CARTESIAN_POINT('Ctrl Pts',(-22.7234539318241,7.77261019782675,-7.36382509583608));
#3443=CARTESIAN_POINT('Ctrl Pts',(-23.225326452638,7.71381529118672,-7.27287578898307));
#3444=CARTESIAN_POINT('Ctrl Pts',(-23.7094777694545,7.65709644269167,-7.18513791761081));
#3445=CARTESIAN_POINT('Ctrl Pts',(-24.1956509421841,7.60021159655688,-7.09677267092116));
#3446=CARTESIAN_POINT('Ctrl Pts',(-24.6805201018538,7.54360793066936,-7.00842482039169));
#3447=CARTESIAN_POINT('Ctrl Pts',(-25.1505618361692,7.48873521964664,-6.92277867017209));
#3448=CARTESIAN_POINT('Ctrl Pts',(-25.6193782241253,7.43412622056541,-6.83714985092424));
#3449=CARTESIAN_POINT('Ctrl Pts',(-26.083945616888,7.38015444726835,-6.75209342170288));
#3450=CARTESIAN_POINT('Ctrl Pts',(-26.5328225659188,7.32800553344274,-6.66990971479806));
#3451=CARTESIAN_POINT('Ctrl Pts',(-26.9777328025731,7.27645100836924,-6.58826088305557));
#3452=CARTESIAN_POINT('Ctrl Pts',(-27.4159530254165,7.22580334282342,-6.50760649866216));
#3453=CARTESIAN_POINT('Ctrl Pts',(-27.8099990525439,7.1802611465685,-6.43508237018991));
#3454=CARTESIAN_POINT('Ctrl Pts',(-28.1986359378522,7.13545168256629,-6.36336198307789));
#3455=CARTESIAN_POINT('Ctrl Pts',(-28.5798856881122,7.09158938252052,-6.29274572148448));
#3456=CARTESIAN_POINT('Ctrl Pts',(-29.1884105674515,7.02157936723608,-6.18003285534825));
#3457=CARTESIAN_POINT('Ctrl Pts',(-29.8061470046681,6.95073310322337,-6.06519805712406));
#3458=CARTESIAN_POINT('Ctrl Pts',(-30.4287803215474,6.87948808849001,-5.94915408846203));
#3459=CARTESIAN_POINT('Ctrl Pts',(-31.2136310784019,6.7896812917451,-5.80287666615948));
#3460=CARTESIAN_POINT('Ctrl Pts',(-32.0062625204777,6.69924107714981,-5.65468058982784));
#3461=CARTESIAN_POINT('Ctrl Pts',(-32.7980495874127,6.60897448461069,-5.50643891341616));
#3462=CARTESIAN_POINT('Ctrl Pts',(-33.4826317329142,6.53092964128338,-5.37826858943819));
#3463=CARTESIAN_POINT('Ctrl Pts',(-34.1665832135129,6.45301197728453,-5.25006720324719));
#3464=CARTESIAN_POINT('Ctrl Pts',(-34.8443361470513,6.37572324520043,-5.12302835329018));
#3465=CARTESIAN_POINT('Ctrl Pts',(-35.3402509778721,6.31917073675796,-5.0300734627002));
#3466=CARTESIAN_POINT('Ctrl Pts',(-35.8328473012961,6.26295449885654,-4.93774072099299));
#3467=CARTESIAN_POINT('Ctrl Pts',(-36.319944594341,6.20727308029365,-4.84647938851704));
#3468=CARTESIAN_POINT('',(-36.7373557715132,6.16145301490459,-5.30931036645504));
#3469=CARTESIAN_POINT('Ctrl Pts',(-36.7361430286518,6.16017115942674,-4.90905282271578));
#3470=CARTESIAN_POINT('Ctrl Pts',(-36.7365474533811,6.16059863178803,-5.04247266856129));
#3471=CARTESIAN_POINT('Ctrl Pts',(-36.7369517017582,6.16102591774716,-5.17589171985097));
#3472=CARTESIAN_POINT('Ctrl Pts',(-36.7373557715132,6.16145301490459,-5.30931036645504));
#3473=CARTESIAN_POINT('Ctrl Pts',(-35.781719434058,6.24299551269441,-9.80017637901995));
#3474=CARTESIAN_POINT('Ctrl Pts',(-35.9477625316684,6.23574210465388,-9.01987551948395));
#3475=CARTESIAN_POINT('Ctrl Pts',(-36.1138205457351,6.2247599371576,-8.2394991268749));
#3476=CARTESIAN_POINT('Ctrl Pts',(-36.2798098162763,6.21025124045301,-7.45945415933746));
#3477=CARTESIAN_POINT('Ctrl Pts',(-36.4323122311829,6.19692139523239,-6.74278891406365));
#3478=CARTESIAN_POINT('Ctrl Pts',(-36.5848480208851,6.18060679653964,-6.02597407866831));
#3479=CARTESIAN_POINT('Ctrl Pts',(-36.7373557763694,6.16145302397594,-5.30931036688616));
#3480=CARTESIAN_POINT('Ctrl Pts',(-36.3199403833728,6.20689947728427,-4.84746269144116));
#3481=CARTESIAN_POINT('Ctrl Pts',(-30.976082791865,6.81938677588733,-5.84621777160533));
#3482=CARTESIAN_POINT('Ctrl Pts',(-25.6319958106952,7.43147599154315,-6.84398267805602));
#3483=CARTESIAN_POINT('Ctrl Pts',(-20.2923335570958,8.03481381578345,-7.87106325076827));
#3484=CARTESIAN_POINT('Ctrl Pts',(-36.3228788352271,6.88620183343014,-3.14811697055083));
#3485=CARTESIAN_POINT('Ctrl Pts',(-30.9795346338766,7.36126453567699,-4.43481714011289));
#3486=CARTESIAN_POINT('Ctrl Pts',(-25.6359149680913,7.83592696530177,-5.72051251624776));
#3487=CARTESIAN_POINT('Ctrl Pts',(-20.2984938334892,8.3015924850438,-7.03551163733317));
#3488=CARTESIAN_POINT('Ctrl Pts',(-36.3258259596511,7.565518508903,-1.4487769784073));
#3489=CARTESIAN_POINT('Ctrl Pts',(-30.9829981057987,7.903161695312,-3.02342408340578));
#3490=CARTESIAN_POINT('Ctrl Pts',(-25.6398454481522,8.24039433542765,-4.59705111024432));
#3491=CARTESIAN_POINT('Ctrl Pts',(-20.3046901228181,8.56843606596885,-6.19998083277049));
#3492=CARTESIAN_POINT('Ctrl Pts',(-36.3287812654379,8.24484976175098,0.250557181751869));
#3493=CARTESIAN_POINT('Ctrl Pts',(-30.9864724568062,8.44507864583256,-1.61203875456636));
#3494=CARTESIAN_POINT('Ctrl Pts',(-25.6437877549987,8.64487801664522,-3.47359855275267));
#3495=CARTESIAN_POINT('Ctrl Pts',(-20.3109177799752,8.83534678509927,-5.36447155084718));
#3496=CARTESIAN_POINT('Origin',(-39.2811337920204,8.85019759051836,0.0700000033248216));
#3497=CARTESIAN_POINT('',(-37.7992024646996,7.28381295096107,-0.319484606284729));
#3498=CARTESIAN_POINT('Ctrl Pts',(-37.9377724607739,8.49462744141078,2.33225099370452));
#3499=CARTESIAN_POINT('Ctrl Pts',(-37.3621310349005,8.42359761242657,1.69764672616457));
#3500=CARTESIAN_POINT('Ctrl Pts',(-36.8368109725726,8.35055976747846,1.02581325413994));
#3501=CARTESIAN_POINT('Ctrl Pts',(-36.3117549292045,8.27416660329028,0.35418813817608));
#3502=CARTESIAN_POINT('Ctrl Pts',(-37.9188349500478,8.52649797064299,2.52402398464507));
#3503=CARTESIAN_POINT('Ctrl Pts',(-37.3495093794982,8.47852090884092,1.94867728768111));
#3504=CARTESIAN_POINT('Ctrl Pts',(-36.8259888226192,8.42679087970754,1.33636693479876));
#3505=CARTESIAN_POINT('Ctrl Pts',(-36.3025534750114,8.37212058241064,0.724259061143006));
#3506=CARTESIAN_POINT('Ctrl Pts',(-37.9000060494491,8.5590319049581,2.7156902591401));
#3507=CARTESIAN_POINT('Ctrl Pts',(-37.3370944009389,8.53364697901478,2.19963286404355));
#3508=CARTESIAN_POINT('Ctrl Pts',(-36.8152747018462,8.50322196589843,1.64687111552743));
#3509=CARTESIAN_POINT('Ctrl Pts',(-36.2934398113776,8.4702205568333,1.09429201994097));
#3510=CARTESIAN_POINT('Ctrl Pts',(-37.8814222070905,8.59219237793475,2.90725574758349));
#3511=CARTESIAN_POINT('Ctrl Pts',(-37.3248781446902,8.58894653378944,2.45052052176301));
#3512=CARTESIAN_POINT('Ctrl Pts',(-36.8046902865595,8.57983963140386,1.95732911958914));
#3513=CARTESIAN_POINT('Ctrl Pts',(-36.2844278838907,8.56845719558994,1.46428944096626));
#3514=CARTESIAN_POINT('Ctrl Pts',(-36.3221317419282,8.56927781145367,1.49999991506338));
#3515=CARTESIAN_POINT('Ctrl Pts',(-36.4359448016343,8.5438625568966,1.49999991506338));
#3516=CARTESIAN_POINT('Ctrl Pts',(-36.552571467213,8.51907008341209,1.49999991506338));
#3517=CARTESIAN_POINT('Ctrl Pts',(-36.6697859672436,8.49597333420969,1.49999991506338));
#3518=CARTESIAN_POINT('Origin',(43.2000006556511,-4.69999989494681,-3.64999999441207));
#3519=CARTESIAN_POINT('',(43.2000006556511,-8.59999995797871,-4.00277175535983));
#3520=CARTESIAN_POINT('',(43.2000006556511,-2.34999994747341,-4.00277175535983));
#3521=CARTESIAN_POINT('',(43.2000006556511,-8.59999995797871,-3.8003452352821));
#3522=CARTESIAN_POINT('',(43.2000006556511,-8.59999995797871,-4.55499993238598));
#3523=CARTESIAN_POINT('',(43.2000006556511,-7.04999994747341,-3.8003452352821));
#3524=CARTESIAN_POINT('Origin',(42.394072693837,0.,-4.93764816404329));
#3525=CARTESIAN_POINT('',(42.394072693837,-8.6,-4.93764816404329));
#3526=CARTESIAN_POINT('',(42.394072693837,0.,-4.93764816404329));
#3527=CARTESIAN_POINT('',(43.000000487566,-8.60000000000002,-4.23477194363301));
#3528=CARTESIAN_POINT('',(37.2861256539542,-8.6,-10.8628665590501));
#3529=CARTESIAN_POINT('',(42.3940730431783,-8.60000012730923,-4.93764775880742));
#3530=CARTESIAN_POINT('Origin',(43.000000487566,-8.60000000000002,-5.4599998703599));
#3531=CARTESIAN_POINT('',(43.000000487566,-8.60000000000002,-3.80043150433513));
#3532=CARTESIAN_POINT('',(43.000000487566,-8.60000000000002,-5.4599998703599));
#3533=CARTESIAN_POINT('',(42.9998151024,-8.60000000003897,-3.80043158430008));
#3534=CARTESIAN_POINT('Origin',(43.0003457315411,-9.4,-3.8004313554159));
#3535=CARTESIAN_POINT('',(43.0003457315411,-9.4,-3.8004313554159));
#3536=CARTESIAN_POINT('Origin',(41.4950645764699,1.17506208437973E-15,-5.97649792362257));
#3537=CARTESIAN_POINT('',(41.7343421408482,-8.6,-5.69999989947099));
#3538=CARTESIAN_POINT('',(41.7343421408481,4.8176121657334E-16,-5.69999989947099));
#3539=CARTESIAN_POINT('',(36.8194913905761,-8.6,-11.3793728276486));
#3540=CARTESIAN_POINT('Origin',(42.0996155069211,-9.4,-3.79999984099965));
#3541=CARTESIAN_POINT('',(42.0996155069211,-8.6,-3.79999984099965));
#3542=CARTESIAN_POINT('',(42.0996155069211,0.,-3.79999984099965));
#3543=CARTESIAN_POINT('',(33.5514398148372,-8.6,-3.79590150242073));
#3544=CARTESIAN_POINT('Origin',(39.9998489567795,-9.4,-3.79960186578162));
#3545=CARTESIAN_POINT('',(39.9998489567795,-8.6,-3.79960186578162));
#3546=CARTESIAN_POINT('',(39.9998489567795,-9.4,-3.79960186578162));
#3547=CARTESIAN_POINT('',(32.500569252437,-8.6,-3.79818038415956));
#3548=CARTESIAN_POINT('Origin',(40.0000004981245,0.,-5.70000011175872));
#3549=CARTESIAN_POINT('',(39.6684531747756,-8.6,-5.70000015234093));
#3550=CARTESIAN_POINT('',(39.6684531747756,7.65894579532762E-17,-5.70000015234093));
#3551=CARTESIAN_POINT('',(32.4999999491763,-8.6,-5.70000102977743));
#3552=CARTESIAN_POINT('Origin',(38.0001598588832,-9.4,-3.8000000214));
#3553=CARTESIAN_POINT('',(38.0001598588832,-8.6,-3.8000000214));
#3554=CARTESIAN_POINT('',(38.0001598588832,0.,-3.8000000214));
#3555=CARTESIAN_POINT('',(31.4994033200375,-8.6,-3.80129418258483));
#3556=CARTESIAN_POINT('Origin',(37.4341021363064,-6.48390597545732E-17,
-7.93603503689871));
#3557=CARTESIAN_POINT('',(37.4341021363064,-8.6,-7.93603503689871));
#3558=CARTESIAN_POINT('',(37.4341021363064,-9.4,-7.93603503689871));
#3559=CARTESIAN_POINT('',(33.6619273662428,-8.6,-11.7110525839579));
#3560=CARTESIAN_POINT('Origin',(35.3345181680112,0.,-10.0341112241744));
#3561=CARTESIAN_POINT('',(35.5687978389704,-8.6,-9.79999976307154));
#3562=CARTESIAN_POINT('',(35.5687978389704,0.,-9.79999976307154));
#3563=CARTESIAN_POINT('',(32.6075608483296,-8.6,-12.7591106228072));
#3564=CARTESIAN_POINT('Origin',(35.9000004242219,-9.4,-3.80000008493662));
#3565=CARTESIAN_POINT('',(35.9073392467636,-8.6,-3.80000008476998));
#3566=CARTESIAN_POINT('',(35.9073392467636,-9.4,-3.80000008476998));
#3567=CARTESIAN_POINT('',(30.4500001349087,-8.6,-3.80000020868722));
#3568=CARTESIAN_POINT('Origin',(25.,0.,-9.79999976307154));
#3569=CARTESIAN_POINT('',(25.,-8.59974346345392,-9.79999976307154));
#3570=CARTESIAN_POINT('',(25.,0.,-9.79999976307154));
#3571=CARTESIAN_POINT('',(25.0101288861825,-8.6,-9.79999976292995));
#3572=CARTESIAN_POINT('Ctrl Pts',(25.0101288861825,-8.59999999999998,-9.79999976307154));
#3573=CARTESIAN_POINT('Ctrl Pts',(25.0067525993949,-8.59991448963372,-9.79999976307154));
#3574=CARTESIAN_POINT('Ctrl Pts',(25.0033763039978,-8.59982897745155,-9.79999976307154));
#3575=CARTESIAN_POINT('Ctrl Pts',(25.,-8.59974346345392,-9.79999976307154));
#3576=CARTESIAN_POINT('',(25.,-8.6,-9.79999976307154));
#3577=CARTESIAN_POINT('Origin',(25.,-8.6,-10.5999997630715));
#3578=CARTESIAN_POINT('',(25.,-8.6,-6.67932121366541));
#3579=CARTESIAN_POINT('',(24.9981818295359,-8.6,-6.11925644168513));
#3580=CARTESIAN_POINT('Ctrl Pts',(25.,-8.6,-6.6793212136654));
#3581=CARTESIAN_POINT('Ctrl Pts',(24.9999826619203,-8.6,-6.67398043117843));
#3582=CARTESIAN_POINT('Ctrl Pts',(24.9999653238159,-8.6,-6.66863964869154));
#3583=CARTESIAN_POINT('Ctrl Pts',(24.9993592673249,-8.6,-6.48195139136371));
#3584=CARTESIAN_POINT('Ctrl Pts',(24.9987705455733,-8.6,-6.3006039165337));
#3585=CARTESIAN_POINT('Ctrl Pts',(24.9981818295385,-8.6,-6.11925644168513));
#3586=CARTESIAN_POINT('',(24.9981818295357,-8.6,-4.00016810331732));
#3587=CARTESIAN_POINT('',(24.9981818295357,-8.6,-8.04999992251396));
#3588=CARTESIAN_POINT('',(24.9468093743326,-8.6,-4.00111071713914));
#3589=CARTESIAN_POINT('Ctrl Pts',(25.0101288860645,-8.60000000158456,-9.79999976329618));
#3590=CARTESIAN_POINT('Ctrl Pts',(25.0074890257304,-8.60000001908167,-8.98626601374979));
#3591=CARTESIAN_POINT('Ctrl Pts',(25.0046143203996,-8.60000002588424,-8.10068777640396));
#3592=CARTESIAN_POINT('Ctrl Pts',(25.0024433962339,-8.60000001643288,-7.43197140153122));
#3593=CARTESIAN_POINT('Ctrl Pts',(25.0014805122898,-8.60000001224086,-7.13537133108438));
#3594=CARTESIAN_POINT('Ctrl Pts',(25.0006561248452,-8.60000000771401,-6.88143253402033));
#3595=CARTESIAN_POINT('Ctrl Pts',(25.0000520139953,-8.60000000501935,-6.69534356637113));
#3596=CARTESIAN_POINT('Ctrl Pts',(25.0000346759137,-8.60000000494201,-6.69000278213871));
#3597=CARTESIAN_POINT('Ctrl Pts',(25.0000173378585,-8.60000000486513,-6.68466199790621));
#3598=CARTESIAN_POINT('Ctrl Pts',(24.9999999997768,-8.60000000478874,-6.67932121367379));
#3599=CARTESIAN_POINT('Origin',(25.0146764281726,-9.4,-3.9998654501426));
#3600=CARTESIAN_POINT('',(24.9965919257277,-8.60000722682769,-4.00019727586317));
#3601=CARTESIAN_POINT('',(2.99735164359019,-8.70000366563659,-4.40385304581917));
#3602=CARTESIAN_POINT('',(24.9965919257277,-9.49999989271164,-4.00019727586317));
#3603=CARTESIAN_POINT('Origin',(-19.0214893772965,-9.59999978542328,-2.81738461150793));
#3604=CARTESIAN_POINT('',(-18.9783704430597,-8.79989320367228,-2.81854326313424));
#3605=CARTESIAN_POINT('Ctrl Pts',(-19.0000013928941,6.10374616440904E-6,
-9.80006080055587));
#3606=CARTESIAN_POINT('Ctrl Pts',(-4.33333463185337,3.71311219671983E-6,
-9.80004045471754));
#3607=CARTESIAN_POINT('Ctrl Pts',(10.3333321291873,1.73155915692407E-6,
-9.8000201088924));
#3608=CARTESIAN_POINT('Ctrl Pts',(24.999998890228,0.,-9.79999976307231));
#3609=CARTESIAN_POINT('Ctrl Pts',(-19.0000009901522,-2.47083691045221,-9.8000419488071));
#3610=CARTESIAN_POINT('Ctrl Pts',(-4.33333425260475,-2.61497183187858,-9.80002788688487));
#3611=CARTESIAN_POINT('Ctrl Pts',(10.3333324889628,-2.75910634422402,-9.80001382497583));
#3612=CARTESIAN_POINT('Ctrl Pts',(24.9999992329871,-2.90324060657558,-9.79999976307183));
#3613=CARTESIAN_POINT('Ctrl Pts',(-19.0000005874103,-4.94167992465059,-9.80002309705863));
#3614=CARTESIAN_POINT('Ctrl Pts',(-4.33333387335615,-5.22994737686936,-9.80001531905247));
#3615=CARTESIAN_POINT('Ctrl Pts',(10.3333328487383,-5.5182144200072,-9.8000075410595));
#3616=CARTESIAN_POINT('Ctrl Pts',(24.9999995757461,-5.80648121315116,-9.79999976307158));
#3617=CARTESIAN_POINT('Ctrl Pts',(-19.0000001846684,-7.41252293884897,-9.80000424531047));
#3618=CARTESIAN_POINT('Ctrl Pts',(-4.33333349410752,-7.84492292186014,-9.80000275122034));
#3619=CARTESIAN_POINT('Ctrl Pts',(10.3333332085137,-8.27732249579038,-9.80000125714341));
#3620=CARTESIAN_POINT('Ctrl Pts',(24.9999999185052,-8.70972181972674,-9.79999976307154));
#3621=CARTESIAN_POINT('',(-19.0000001846684,-7.41252291174112,-9.80000424531067));
#3622=CARTESIAN_POINT('Ctrl Pts',(-19.0000013928941,6.10374616440904E-6,
-9.80006080055587));
#3623=CARTESIAN_POINT('Ctrl Pts',(-19.0000009901522,-2.47083690141626,-9.80004194880717));
#3624=CARTESIAN_POINT('Ctrl Pts',(-19.0000005874103,-4.94167990657868,-9.80002309705877));
#3625=CARTESIAN_POINT('Ctrl Pts',(-19.0000001846684,-7.41252291174111,-9.80000424531067));
#3626=CARTESIAN_POINT('',(-18.9911706994475,-7.41247731664969,-9.80000424674462));
#3627=CARTESIAN_POINT('Ctrl Pts',(-18.9911706994475,-7.41247731664969,-9.80000424674462));
#3628=CARTESIAN_POINT('Ctrl Pts',(-18.994113861491,-7.41249252087305,-9.80000424626677));
#3629=CARTESIAN_POINT('Ctrl Pts',(-18.9970570232878,-7.41250772827245,-9.80000424578872));
#3630=CARTESIAN_POINT('Ctrl Pts',(-19.0000001846684,-7.41252293884897,-9.80000424531046));
#3631=CARTESIAN_POINT('Ctrl Pts',(24.999999905521,-8.59974346106098,-9.79999976307154));
#3632=CARTESIAN_POINT('Ctrl Pts',(19.5724348047354,-8.46227574783621,-9.80000040405998));
#3633=CARTESIAN_POINT('Ctrl Pts',(14.1225281547649,-8.32010495751867,-9.80000099853498));
#3634=CARTESIAN_POINT('Ctrl Pts',(8.6870814431203,-8.17509721248909,-9.8000015616564));
#3635=CARTESIAN_POINT('Ctrl Pts',(6.91274362087679,-8.1277611350379,-9.80000174548078));
#3636=CARTESIAN_POINT('Ctrl Pts',(5.13994667777444,-8.08012235131939,-9.80000192594684));
#3637=CARTESIAN_POINT('Ctrl Pts',(3.36997078655634,-8.03224451089665,-9.80000210352678));
#3638=CARTESIAN_POINT('Ctrl Pts',(-2.63961301938897,-7.86968529418884,-9.8000027064624));
#3639=CARTESIAN_POINT('Ctrl Pts',(-8.68757880000815,-7.70245397820413,-9.80000328337635));
#3640=CARTESIAN_POINT('Ctrl Pts',(-14.7074994151516,-7.53329599352619,-9.80000384714817));
#3641=CARTESIAN_POINT('Ctrl Pts',(-16.1372685034923,-7.49311990599936,-9.80000398104753));
#3642=CARTESIAN_POINT('Ctrl Pts',(-17.5654555852554,-7.45283491198493,-9.80000411419576));
#3643=CARTESIAN_POINT('Ctrl Pts',(-18.9911706994475,-7.41247731664449,-9.80000424674462));
#3644=CARTESIAN_POINT('Ctrl Pts',(-18.9961553134245,-7.41234544336698,-9.79997484866415));
#3645=CARTESIAN_POINT('Ctrl Pts',(-4.32250621729325,-7.80055185044576,-9.88651544399323));
#3646=CARTESIAN_POINT('Ctrl Pts',(10.3510233907354,-8.19213256683025,-9.98961285952818));
#3647=CARTESIAN_POINT('Ctrl Pts',(25.0240669273847,-8.60036002364876,-10.1075372829008));
#3648=CARTESIAN_POINT('Ctrl Pts',(-19.0033823301367,-7.88706669331795,-8.28668528004335));
#3649=CARTESIAN_POINT('Ctrl Pts',(-4.33021527727611,-8.11694279701455,-8.43450437552484));
#3650=CARTESIAN_POINT('Ctrl Pts',(10.3427995902438,-8.35019159926898,-8.59888929139131));
#3651=CARTESIAN_POINT('Ctrl Pts',(25.015445690912,-8.60010054989037,-8.77811033788689));
#3652=CARTESIAN_POINT('Ctrl Pts',(-19.0106172888875,-8.36188132986621,-6.77342501956532));
#3653=CARTESIAN_POINT('Ctrl Pts',(-4.33793350831328,-8.4334420459464,-6.9825187121499));
#3654=CARTESIAN_POINT('Ctrl Pts',(10.3345651425967,-8.5083770794613,-7.20818231318919));
#3655=CARTESIAN_POINT('Ctrl Pts',(25.0068128101295,-8.59998038434821,-7.44868339081723));
#3656=CARTESIAN_POINT('Ctrl Pts',(-19.0178522143651,-8.83678966000992,-5.26019416357735));
#3657=CARTESIAN_POINT('Ctrl Pts',(-4.34565133762805,-8.75004996620277,-5.5305585414415));
#3658=CARTESIAN_POINT('Ctrl Pts',(10.3263317176047,-8.66668945276371,-5.81749198125053));
#3659=CARTESIAN_POINT('Ctrl Pts',(24.9981818295386,-8.59999999999999,-6.11925644168483));
#3660=CARTESIAN_POINT('Ctrl Pts',(-18.9911706994475,-7.4124773166497,-9.80000424674462));
#3661=CARTESIAN_POINT('Ctrl Pts',(-18.9951387270693,-7.62315455924079,-9.12828379916982));
#3662=CARTESIAN_POINT('Ctrl Pts',(-18.9991070435066,-7.83383982406414,-8.45663284996084));
#3663=CARTESIAN_POINT('Ctrl Pts',(-19.0078162217604,-8.29636919587955,-6.98232802796499));
#3664=CARTESIAN_POINT('Ctrl Pts',(-19.0125552465992,-8.54814361871505,-6.17993691689176));
#3665=CARTESIAN_POINT('Ctrl Pts',(-19.0172917413046,-8.79999978542343,-5.37742075502794));
#3666=CARTESIAN_POINT('',(24.9963636778535,-8.60000826431691,-6.11922495049268));
#3667=CARTESIAN_POINT('Ctrl Pts',(-19.0018184535997,-8.79999978528926,-5.37745054231077));
#3668=CARTESIAN_POINT('Ctrl Pts',(-15.3001277053051,-8.78317382569145,-5.43819062642336));
#3669=CARTESIAN_POINT('Ctrl Pts',(-11.606560999826,-8.76634893759903,-5.49926800955051));
#3670=CARTESIAN_POINT('Ctrl Pts',(-7.91192336377981,-8.7495296309984,-5.56077290573681));
#3671=CARTESIAN_POINT('Ctrl Pts',(-4.28112646597167,-8.7330009501792,-5.62121504060126));
#3672=CARTESIAN_POINT('Ctrl Pts',(-0.64929533684702,-8.71647711686348,-5.68207014577181));
#3673=CARTESIAN_POINT('Ctrl Pts',(2.99229632696321,-8.69992864600125,-5.74345934510699));
#3674=CARTESIAN_POINT('Ctrl Pts',(6.64500733318928,-8.68332964555443,-5.80503599201759));
#3675=CARTESIAN_POINT('Ctrl Pts',(10.2774669336839,-8.66684183838298,-5.8666358151504));
#3676=CARTESIAN_POINT('Ctrl Pts',(13.9111768775088,-8.65034852979937,-5.92866093126888));
#3677=CARTESIAN_POINT('Ctrl Pts',(17.5448868213338,-8.63385522121576,-5.99068604738737));
#3678=CARTESIAN_POINT('Ctrl Pts',(21.1798470918216,-8.61735540139442,-6.05313643096891));
#3679=CARTESIAN_POINT('Ctrl Pts',(24.8375591967522,-8.60073008817055,-6.11647471269323));
#3680=CARTESIAN_POINT('Ctrl Pts',(24.8904941791625,-8.60048948403391,-6.11739135422563));
#3681=CARTESIAN_POINT('Ctrl Pts',(24.9434286990561,-8.60024887749128,-6.11830809469927));
#3682=CARTESIAN_POINT('Ctrl Pts',(24.9963636778533,-8.60000826431512,-6.11922495050119));
#3683=CARTESIAN_POINT('Ctrl Pts',(24.9963636778533,-8.60000826431512,-6.11922495050119));
#3684=CARTESIAN_POINT('Ctrl Pts',(24.9969697411922,-8.60000550948593,-6.11923741569593));
#3685=CARTESIAN_POINT('Ctrl Pts',(24.9975758045308,-8.60000275468518,-6.11924988091597));
#3686=CARTESIAN_POINT('Ctrl Pts',(24.9981818678692,-8.59999999991288,-6.11926234616132));
#3687=CARTESIAN_POINT('Origin',(-19.0036366052686,-8.80000804974019,-5.50000008195639));
#3688=CARTESIAN_POINT('Ctrl Pts',(-19.6669897883826,3.71038921906805E-8,
-9.8000001374189));
#3689=CARTESIAN_POINT('Ctrl Pts',(-19.4446357011183,2.05931797457718E-6,
-9.80002035955945));
#3690=CARTESIAN_POINT('Ctrl Pts',(-19.2222816138541,4.0815320569626E-6,
-9.80004058170766));
#3691=CARTESIAN_POINT('Ctrl Pts',(-18.9999275265899,6.10374613917253E-6,
-9.80006080386355));
#3692=CARTESIAN_POINT('Ctrl Pts',(-19.6670122702334,-2.47200898674672,-9.80000002072283));
#3693=CARTESIAN_POINT('Ctrl Pts',(-19.4446581829692,-2.47200696453263,-9.80001399419903));
#3694=CARTESIAN_POINT('Ctrl Pts',(-19.2223040957049,-2.47200494231855,-9.80002796768289));
#3695=CARTESIAN_POINT('Ctrl Pts',(-18.9999500084407,-2.47200292010446,-9.80004194117442));
#3696=CARTESIAN_POINT('Ctrl Pts',(-19.6670347520844,-4.94401801059734,-9.79999990497444));
#3697=CARTESIAN_POINT('Ctrl Pts',(-19.4446806648202,-4.94401598838324,-9.80000762978629));
#3698=CARTESIAN_POINT('Ctrl Pts',(-19.222326577556,-4.94401396616916,-9.8000153546058));
#3699=CARTESIAN_POINT('Ctrl Pts',(-18.9999724902918,-4.94401194395506,-9.80002307943299));
#3700=CARTESIAN_POINT('Ctrl Pts',(-19.6670572339355,-7.41602703444795,-9.79999979017374));
#3701=CARTESIAN_POINT('Ctrl Pts',(-19.4447031466713,-7.41602501223386,-9.80000126632124));
#3702=CARTESIAN_POINT('Ctrl Pts',(-19.2223490594071,-7.41602299001977,-9.8000027424764));
#3703=CARTESIAN_POINT('Ctrl Pts',(-18.9999949721429,-7.41602096780568,-9.80000421863924));
#3704=CARTESIAN_POINT('Ctrl Pts',(-19.0000001845282,-7.41252293885363,-9.80000424529328));
#3705=CARTESIAN_POINT('Ctrl Pts',(-19.2223397629683,-7.41367247106832,-9.80000275163007));
#3706=CARTESIAN_POINT('Ctrl Pts',(-19.4447175092036,-7.41484035044579,-9.80000126628084));
#3707=CARTESIAN_POINT('Ctrl Pts',(-19.6670572339355,-7.41602703444795,-9.79999979017374));
#3708=CARTESIAN_POINT('Ctrl Pts',(-19.6690460924719,-7.41387686702924,-9.80675264024216));
#3709=CARTESIAN_POINT('Ctrl Pts',(-19.4414382807168,-7.41339390499259,-9.80451272347873));
#3710=CARTESIAN_POINT('Ctrl Pts',(-19.2138309067326,-7.41292438715741,-9.80224623082474));
#3711=CARTESIAN_POINT('Ctrl Pts',(-18.9862239494129,-7.41246738162526,-9.79995444358482));
#3712=CARTESIAN_POINT('Ctrl Pts',(-19.6796054746437,-7.87619746501671,-8.36208666901038));
#3713=CARTESIAN_POINT('Ctrl Pts',(-19.4519323124422,-7.87571391122974,-8.34998937229216));
#3714=CARTESIAN_POINT('Ctrl Pts',(-19.2242607393992,-7.8752438128696,-8.33786550910056));
#3715=CARTESIAN_POINT('Ctrl Pts',(-18.9965906779246,-7.87478624407002,-8.32571636263969));
#3716=CARTESIAN_POINT('Ctrl Pts',(-19.6901616826423,-8.33871740650464,-6.9174844838117));
#3717=CARTESIAN_POINT('Ctrl Pts',(-19.4624232293708,-8.3382309159072,-6.895528621443));
#3718=CARTESIAN_POINT('Ctrl Pts',(-19.2346875141236,-8.3377579537958,-6.87354624634867));
#3719=CARTESIAN_POINT('Ctrl Pts',(-19.0069544037256,-8.33729758993729,-6.85153863721748));
#3720=CARTESIAN_POINT('Ctrl Pts',(-19.7006900073477,-8.80143493627665,-5.47294552301109));
#3721=CARTESIAN_POINT('Ctrl Pts',(-19.4728867797377,-8.8009432060948,-5.44112992666029));
#3722=CARTESIAN_POINT('Ctrl Pts',(-19.2450874196008,-8.80046513737812,-5.40928791469175));
#3723=CARTESIAN_POINT('Ctrl Pts',(-19.0172917413033,-8.79999978542589,-5.37742075501991));
#3724=CARTESIAN_POINT('Ctrl Pts',(-19.6848862951758,-8.79999978542328,-5.47511893937711));
#3725=CARTESIAN_POINT('Ctrl Pts',(-19.6819947625452,-8.54623225619469,-6.26814246590821));
#3726=CARTESIAN_POINT('Ctrl Pts',(-19.6791014832139,-8.29255466150929,-7.06088494699043));
#3727=CARTESIAN_POINT('Ctrl Pts',(-19.6738362521668,-7.83118935820507,-8.50265151561303));
#3728=CARTESIAN_POINT('Ctrl Pts',(-19.6714647783962,-7.62349256574364,-9.1517039901619));
#3729=CARTESIAN_POINT('Ctrl Pts',(-19.6690954507206,-7.41603791780721,-9.79999976307187));
#3730=CARTESIAN_POINT('Origin',(-20.3670627395509,-7.23806068224056,-10.3561791813885));
#3731=CARTESIAN_POINT('',(-20.301285360554,-8.05636201650335,-7.79898745930876));
#3732=CARTESIAN_POINT('Ctrl Pts',(-20.3012853786117,-8.05636159679297,-7.79898774992965));
#3733=CARTESIAN_POINT('Ctrl Pts',(-20.3073114058118,-7.93764728391049,-8.16997098147835));
#3734=CARTESIAN_POINT('Ctrl Pts',(-20.3133724588724,-7.81904281153526,-8.54061367390142));
#3735=CARTESIAN_POINT('Ctrl Pts',(-20.3194764002015,-7.70020154403391,-8.91199261884453));
#3736=CARTESIAN_POINT('Ctrl Pts',(-20.3243460032675,-7.60539234299799,-9.20827135931845));
#3737=CARTESIAN_POINT('Ctrl Pts',(-20.3292271345759,-7.51074100234191,-9.50405459386234));
#3738=CARTESIAN_POINT('Ctrl Pts',(-20.3341267849356,-7.41603819544273,-9.79999979739845));
#3739=CARTESIAN_POINT('Ctrl Pts',(-20.3100932301567,-8.79999998253669,-5.4751188224857));
#3740=CARTESIAN_POINT('Ctrl Pts',(-20.3084910046502,-8.66513924837771,-5.89655861545349));
#3741=CARTESIAN_POINT('Ctrl Pts',(-20.3068914910005,-8.53029042007753,-6.3179612026147));
#3742=CARTESIAN_POINT('Ctrl Pts',(-20.3039561389389,-8.28240042575974,-7.09261743251457));
#3743=CARTESIAN_POINT('Ctrl Pts',(-20.3026197800991,-8.16938371095365,-7.44579466521683));
#3744=CARTESIAN_POINT('Ctrl Pts',(-20.301285360553,-8.05636201650336,-7.79898745930876));
#3745=CARTESIAN_POINT('Ctrl Pts',(-36.7701162617722,-6.17434790993248,-9.7799848658654));
#3746=CARTESIAN_POINT('Ctrl Pts',(-31.293811343021,-6.55547099305055,-9.89219981114219));
#3747=CARTESIAN_POINT('Ctrl Pts',(-25.8164113922487,-6.92215803526594,-10.0011470571996));
#3748=CARTESIAN_POINT('Ctrl Pts',(-20.3402956870944,-7.35583539302665,-9.98738241985862));
#3749=CARTESIAN_POINT('Ctrl Pts',(-36.7583986646762,-6.16923864944105,-8.10895638351692));
#3750=CARTESIAN_POINT('Ctrl Pts',(-31.2799476187714,-6.63239078054076,-8.52744115000261));
#3751=CARTESIAN_POINT('Ctrl Pts',(-25.8000099225551,-7.08122672316499,-8.94256623777015));
#3752=CARTESIAN_POINT('Ctrl Pts',(-20.315524785361,-7.5972665424058,-9.2356115390489));
#3753=CARTESIAN_POINT('Ctrl Pts',(-36.7467350504904,-6.16438530360796,-6.43792699393586));
#3754=CARTESIAN_POINT('Ctrl Pts',(-31.2661587877559,-6.70966037563873,-7.16269362351088));
#3755=CARTESIAN_POINT('Ctrl Pts',(-25.7836855300078,-7.24071999148252,-7.88385962939045));
#3756=CARTESIAN_POINT('Ctrl Pts',(-20.291016399711,-7.83979091008511,-8.48418892133182));
#3757=CARTESIAN_POINT('Ctrl Pts',(-36.7351579460863,-6.15977867462588,-4.76689672972898));
#3758=CARTESIAN_POINT('Ctrl Pts',(-31.2524950298684,-6.78726501340272,-5.79795683920369));
#3759=CARTESIAN_POINT('Ctrl Pts',(-25.7674434090595,-7.40064502817241,-6.82505505242982));
#3760=CARTESIAN_POINT('Ctrl Pts',(-20.2670635557313,-8.08330162948328,-7.73308052255895));
#3761=CARTESIAN_POINT('',(-36.7373557715132,-6.16145301490459,-5.30931036645507));
#3762=CARTESIAN_POINT('Ctrl Pts',(-35.781719434058,-6.24299551269441,-9.80017637901995));
#3763=CARTESIAN_POINT('Ctrl Pts',(-35.9509298539759,-6.23560374379665,-9.00499102725486));
#3764=CARTESIAN_POINT('Ctrl Pts',(-36.1201565411992,-6.22433957115972,-8.20972360189898));
#3765=CARTESIAN_POINT('Ctrl Pts',(-36.2893109849997,-6.20941691091862,-7.41480466358035));
#3766=CARTESIAN_POINT('Ctrl Pts',(-36.4386471019269,-6.19624260651042,-6.71301933147078));
#3767=CARTESIAN_POINT('Ctrl Pts',(-36.5880145786232,-6.18020910188817,-6.01109382073112));
#3768=CARTESIAN_POINT('Ctrl Pts',(-36.7373557763694,-6.16145302397594,-5.30931036688618));
#3769=CARTESIAN_POINT('Ctrl Pts',(-36.7373557715132,-6.16145301490459,-5.30931036645507));
#3770=CARTESIAN_POINT('Ctrl Pts',(-36.7369517017583,-6.16102591774719,-5.17589171986155));
#3771=CARTESIAN_POINT('Ctrl Pts',(-36.7365474533811,-6.16059863178806,-5.04247266857224));
#3772=CARTESIAN_POINT('Ctrl Pts',(-36.7361430286518,-6.16017115942674,-4.90905282271578));
#3773=CARTESIAN_POINT('Ctrl Pts',(-36.319944594341,-6.20727308029365,-4.84647938851704));
#3774=CARTESIAN_POINT('Ctrl Pts',(-35.6934592970226,-6.27888832135858,-4.96385610940265));
#3775=CARTESIAN_POINT('Ctrl Pts',(-35.0578774369185,-6.35138791671236,-5.0830068536431));
#3776=CARTESIAN_POINT('Ctrl Pts',(-34.4178383072907,-6.4243506205096,-5.20297007635469));
#3777=CARTESIAN_POINT('Ctrl Pts',(-33.6127668558522,-6.51612655596074,-5.35386548470859));
#3778=CARTESIAN_POINT('Ctrl Pts',(-32.8006425429319,-6.60863797253793,-5.50604489008079));
#3779=CARTESIAN_POINT('Ctrl Pts',(-31.9907033150392,-6.70104794758324,-5.65751305560121));
#3780=CARTESIAN_POINT('Ctrl Pts',(-31.3264926891395,-6.77683102519008,-5.78172825787748));
#3781=CARTESIAN_POINT('Ctrl Pts',(-30.6637515139195,-6.85254689663396,-5.90546168472905));
#3782=CARTESIAN_POINT('Ctrl Pts',(-30.0075820266861,-6.92770894335586,-6.02760900270737));
#3783=CARTESIAN_POINT('Ctrl Pts',(-29.5274980049123,-6.98270098181096,-6.11697764420146));
#3784=CARTESIAN_POINT('Ctrl Pts',(-29.0509319840147,-7.03739610383056,-6.20549706510798));
#3785=CARTESIAN_POINT('Ctrl Pts',(-28.5798856881122,-7.09158938252052,-6.29274572148448));
#3786=CARTESIAN_POINT('Ctrl Pts',(-28.1575007314678,-7.14018423586933,-6.37098117362885));
#3787=CARTESIAN_POINT('Ctrl Pts',(-27.7260485258421,-7.18994191752361,-6.45057264409274));
#3788=CARTESIAN_POINT('Ctrl Pts',(-27.2882189955652,-7.24057004640037,-6.53110919544052));
#3789=CARTESIAN_POINT('Ctrl Pts',(-26.8415758699519,-7.2922173295591,-6.61326696355025));
#3790=CARTESIAN_POINT('Ctrl Pts',(-26.3882959812769,-7.34477093803882,-6.69640792525979));
#3791=CARTESIAN_POINT('Ctrl Pts',(-25.9312381201933,-7.39790051875627,-6.78004475212615));
#3792=CARTESIAN_POINT('Ctrl Pts',(-25.4499843219082,-7.45384269741379,-6.8681091834227));
#3793=CARTESIAN_POINT('Ctrl Pts',(-24.9645418052523,-7.51042416622323,-6.95672284420729));
#3794=CARTESIAN_POINT('Ctrl Pts',(-24.4782533294633,-7.56722774657566,-7.04526681883601));
#3795=CARTESIAN_POINT('Ctrl Pts',(-23.979221795834,-7.62551984937107,-7.13613106434567));
#3796=CARTESIAN_POINT('Ctrl Pts',(-23.479299232694,-7.68404645745778,-7.22692061369613));
#3797=CARTESIAN_POINT('Ctrl Pts',(-22.9821061868041,-7.74231412207413,-7.31692975489815));
#3798=CARTESIAN_POINT('Ctrl Pts',(-22.48711243716,-7.80032404403479,-7.40654074739723));
#3799=CARTESIAN_POINT('Ctrl Pts',(-21.9948240285804,-7.8580775142657,-7.4953764202373));
#3800=CARTESIAN_POINT('Ctrl Pts',(-21.5088232904782,-7.91504007315415,-7.58272817691305));
#3801=CARTESIAN_POINT('Ctrl Pts',(-21.1011803378717,-7.96281857197699,-7.65599623026152));
#3802=CARTESIAN_POINT('Ctrl Pts',(-20.697961146119,-8.0100397837906,-7.72821946699485));
#3803=CARTESIAN_POINT('Ctrl Pts',(-20.301285378611,-8.05636159679309,-7.79898774992964));
#3804=CARTESIAN_POINT('Ctrl Pts',(-36.3199403833728,-6.20689947728427,-4.84746269144116));
#3805=CARTESIAN_POINT('Ctrl Pts',(-30.976082791865,-6.81938677588733,-5.84621777160533));
#3806=CARTESIAN_POINT('Ctrl Pts',(-25.6319958106951,-7.43147599154315,-6.84398267805602));
#3807=CARTESIAN_POINT('Ctrl Pts',(-20.2923335570957,-8.03481381578345,-7.87106325076827));
#3808=CARTESIAN_POINT('Ctrl Pts',(-36.3228788352271,-6.88620183343014,-3.14811697055083));
#3809=CARTESIAN_POINT('Ctrl Pts',(-30.9795346338766,-7.36126453567699,-4.4348171401129));
#3810=CARTESIAN_POINT('Ctrl Pts',(-25.6359149680913,-7.83592696530177,-5.72051251624776));
#3811=CARTESIAN_POINT('Ctrl Pts',(-20.2984938334892,-8.3015924850438,-7.03551163733317));
#3812=CARTESIAN_POINT('Ctrl Pts',(-36.3258259596511,-7.565518508903,-1.4487769784073));
#3813=CARTESIAN_POINT('Ctrl Pts',(-30.9829981057987,-7.903161695312,-3.02342408340578));
#3814=CARTESIAN_POINT('Ctrl Pts',(-25.6398454481521,-8.24039433542765,-4.59705111024432));
#3815=CARTESIAN_POINT('Ctrl Pts',(-20.3046901228181,-8.56843606596885,-6.19998083277049));
#3816=CARTESIAN_POINT('Ctrl Pts',(-36.3287812654379,-8.24484976175098,0.250557181751866));
#3817=CARTESIAN_POINT('Ctrl Pts',(-30.9864724568062,-8.44507864583255,-1.61203875456636));
#3818=CARTESIAN_POINT('Ctrl Pts',(-25.6437877549987,-8.64487801664523,-3.47359855275267));
#3819=CARTESIAN_POINT('Ctrl Pts',(-20.3109177799752,-8.83534678509928,-5.36447155084718));
#3820=CARTESIAN_POINT('Origin',(-36.4293979685606,-9.6,1.49999991506338));
#3821=CARTESIAN_POINT('Ctrl Pts',(-36.3221317412895,-8.56927781159629,1.49999991506338));
#3822=CARTESIAN_POINT('Ctrl Pts',(-36.4406871063184,-8.54280356699157,1.49999991506338));
#3823=CARTESIAN_POINT('Ctrl Pts',(-36.5566213731281,-8.51827206216735,1.49999991506338));
#3824=CARTESIAN_POINT('Ctrl Pts',(-36.6697859672437,-8.49597333420967,1.49999991506338));
#3825=CARTESIAN_POINT('Origin',(-37.9175201454279,0.,0.236513368724418));
#3826=CARTESIAN_POINT('',(-37.9416777425409,-4.7,0.350034653060467));
#3827=CARTESIAN_POINT('',(-37.7992024646996,-7.28381295096107,-0.319484606284731));
#3828=CARTESIAN_POINT('Origin',(-39.2811337920204,-8.85019759051836,0.0700000033248216));
#3829=CARTESIAN_POINT('Ctrl Pts',(-37.9377724607781,-8.4946274414113,2.33225099370917));
#3830=CARTESIAN_POINT('Ctrl Pts',(-37.3621310349035,-8.42359761242697,1.69764672616845));
#3831=CARTESIAN_POINT('Ctrl Pts',(-36.8368109725748,-8.35055976747878,1.02581325414272));
#3832=CARTESIAN_POINT('Ctrl Pts',(-36.3117549292058,-8.27416660329049,0.354188138177808));
#3833=CARTESIAN_POINT('Ctrl Pts',(-37.9188349500414,-8.52649797066107,2.52402398475599));
#3834=CARTESIAN_POINT('Ctrl Pts',(-37.3495093794941,-8.47852090887177,1.94867728782433));
#3835=CARTESIAN_POINT('Ctrl Pts',(-36.8259888226154,-8.42679087975019,1.33636693497408));
#3836=CARTESIAN_POINT('Ctrl Pts',(-36.3025534750076,-8.37212058246529,0.724259061350491));
#3837=CARTESIAN_POINT('Ctrl Pts',(-37.9000060494322,-8.55903190499449,2.71569025935717));
#3838=CARTESIAN_POINT('Ctrl Pts',(-37.3370944009281,-8.53364697907629,2.19963286432602));
#3839=CARTESIAN_POINT('Ctrl Pts',(-36.8152747018365,-8.50322196598362,1.64687111587525));
#3840=CARTESIAN_POINT('Ctrl Pts',(-36.2934398113688,-8.47022055694256,1.09429202035417));
#3841=CARTESIAN_POINT('Ctrl Pts',(-37.8814222070636,-8.59219237799013,2.90725574790661));
#3842=CARTESIAN_POINT('Ctrl Pts',(-37.3248781446728,-8.58894653388179,2.45052052218466));
#3843=CARTESIAN_POINT('Ctrl Pts',(-36.804690286544,-8.5798396315318,1.95732912010941));
#3844=CARTESIAN_POINT('Ctrl Pts',(-36.284427883877,-8.56845719575396,1.46428944158513));
#3845=CARTESIAN_POINT('Origin',(-40.6999991964549,0.,3.00000018049032));
#3846=CARTESIAN_POINT('',(-39.381876235275,-4.7,3.00000000555765));
#3847=CARTESIAN_POINT('Origin',(-39.9970994750134,-9.4,4.1320108204441));
#3848=CARTESIAN_POINT('Origin',(-22.1076895986499,-4.47034834662087E-8,
9.79999991506338));
#3849=CARTESIAN_POINT('',(-28.4926895986499,6.,9.79999991506338));
#3850=CARTESIAN_POINT('',(-15.7226895986499,6.,9.79999991506338));
#3851=CARTESIAN_POINT('',(-28.4926895986499,6.,9.79999991506338));
#3852=CARTESIAN_POINT('',(-28.4926895986499,-6.00000008940697,9.79999991506338));
#3853=CARTESIAN_POINT('',(-28.4926895986499,-6.00000008940697,9.79999991506338));
#3854=CARTESIAN_POINT('',(-15.7226895986499,-6.00000008940697,9.79999991506338));
#3855=CARTESIAN_POINT('',(-15.7226895986499,-6.00000008940697,9.79999991506338));
#3856=CARTESIAN_POINT('',(-15.7226895986499,6.,9.79999991506338));
#3857=CARTESIAN_POINT('Origin',(-31.000000461936,7.00000010430813,7.29999991506338));
#3858=CARTESIAN_POINT('',(-31.000000461936,7.00000010430813,7.29999991506338));
#3859=CARTESIAN_POINT('',(-20.0000002980232,7.00000010430813,7.29999991506338));
#3860=CARTESIAN_POINT('',(-31.000000461936,7.00000010430813,7.29999991506338));
#3861=CARTESIAN_POINT('',(-31.000000461936,7.00000010430813,7.29999991506338));
#3862=CARTESIAN_POINT('',(-20.0000002980232,7.00000010430813,7.29999991506338));
#3863=CARTESIAN_POINT('Origin',(-20.0000002980232,7.00000010430813,7.29999991506338));
#3864=CARTESIAN_POINT('',(-20.0000002980232,-7.00000010430813,7.29999991506338));
#3865=CARTESIAN_POINT('',(-20.0000002980232,7.00000010430813,7.29999991506338));
#3866=CARTESIAN_POINT('',(-20.0000002980232,-7.00000010430813,7.29999991506338));
#3867=CARTESIAN_POINT('Origin',(-20.0000002980232,-7.00000010430813,7.29999991506338));
#3868=CARTESIAN_POINT('',(-31.000000461936,-7.00000010430813,7.29999991506338));
#3869=CARTESIAN_POINT('',(-31.000000461936,-7.00000010430813,7.29999991506338));
#3870=CARTESIAN_POINT('',(-31.000000461936,-7.00000010430813,7.29999991506338));
#3871=CARTESIAN_POINT('Origin',(-31.000000461936,-7.00000010430813,7.29999991506338));
#3872=CARTESIAN_POINT('',(-31.000000461936,0.,7.29999991506338));
#3873=CARTESIAN_POINT('Origin',(-33.0000004917383,5.00000007450581,2.29999991506338));
#3874=CARTESIAN_POINT('',(-33.0000004917383,5.00000007450581,2.29999991506338));
#3875=CARTESIAN_POINT('',(-21.0000003129244,5.00000007450581,2.29999991506338));
#3876=CARTESIAN_POINT('',(-34.7146992301494,5.00000007450581,2.29999991506338));
#3877=CARTESIAN_POINT('',(-33.0000004917383,5.00000007450581,2.29999991506338));
#3878=CARTESIAN_POINT('',(-21.0000003129244,5.00000007450581,2.29999991506338));
#3879=CARTESIAN_POINT('Origin',(-33.0000004917383,0.,2.29999991506338));
#3880=CARTESIAN_POINT('',(-33.0000004917383,-5.00000007450581,2.29999991506338));
#3881=CARTESIAN_POINT('',(-33.0000004917383,-4.8,2.29999991506338));
#3882=CARTESIAN_POINT('',(-33.0000004917383,-5.00000007450581,2.29999991506338));
#3883=CARTESIAN_POINT('Origin',(-33.0000004917383,-5.00000007450581,2.29999991506338));
#3884=CARTESIAN_POINT('',(-21.0000003129244,-5.00000007450581,2.29999991506338));
#3885=CARTESIAN_POINT('',(-34.7146992301494,-5.00000007450581,2.29999991506338));
#3886=CARTESIAN_POINT('',(-21.0000003129244,-5.00000007450581,2.29999991506338));
#3887=CARTESIAN_POINT('Origin',(-21.0000003129244,-5.00000007450581,2.29999991506338));
#3888=CARTESIAN_POINT('',(-21.0000003129244,-7.3000000372529,2.29999991506338));
#3889=CARTESIAN_POINT('Origin',(43.0000006556511,9.4,-5.4599998703599));
#3890=CARTESIAN_POINT('',(43.0000006556511,9.4,-5.4599998703599));
#3891=CARTESIAN_POINT('',(43.0000006556511,9.4,-3.00043142983926));
#3892=CARTESIAN_POINT('',(43.0000006556511,9.4,-5.4599998703599));
#3893=CARTESIAN_POINT('',(44.0000006556511,9.39999978989363,-3.00000008493662));
#3894=CARTESIAN_POINT('',(43.0000006556511,9.4,-3.00043142983926));
#3895=CARTESIAN_POINT('',(44.0000006556511,9.39999978989363,-4.29999990388751));
#3896=CARTESIAN_POINT('',(44.0000006556511,9.39999978989363,-3.00000008493662));
#3897=CARTESIAN_POINT('',(43.0000006556511,9.4,-5.4599998703599));
#3898=CARTESIAN_POINT('Origin',(25.,9.4,-10.5999997630715));
#3899=CARTESIAN_POINT('',(25.,9.4,-10.5999997630715));
#3900=CARTESIAN_POINT('',(25.,9.4,-6.11922495049268));
#3901=CARTESIAN_POINT('',(25.,9.4,-10.5999997630715));
#3902=CARTESIAN_POINT('',(25.,9.4,-3.20000008493662));
#3903=CARTESIAN_POINT('',(25.,9.4,-10.5999997630715));
#3904=CARTESIAN_POINT('',(35.9000004060566,9.4,-3.00000008493662));
#3905=CARTESIAN_POINT('',(25.,9.4,-3.20000008493662));
#3906=CARTESIAN_POINT('',(38.0000005960464,9.4,-3.0000000372529));
#3907=CARTESIAN_POINT('',(35.9000004060566,9.4,-3.00000008493662));
#3908=CARTESIAN_POINT('',(40.0000005960464,9.4,-2.99960188015316));
#3909=CARTESIAN_POINT('',(38.0000005960464,9.4,-3.0000000372529));
#3910=CARTESIAN_POINT('',(42.0999990589917,9.4,-2.99999993294477));
#3911=CARTESIAN_POINT('',(40.0000005960464,9.4,-2.99960188015316));
#3912=CARTESIAN_POINT('',(42.0999990589917,9.4,-2.99999993294477));
#3913=CARTESIAN_POINT('',(42.0999990589917,9.4,-6.49999985471368));
#3914=CARTESIAN_POINT('',(42.0999990589917,9.4,-6.49999985471368));
#3915=CARTESIAN_POINT('',(40.0000005960464,9.4,-6.50000011175871));
#3916=CARTESIAN_POINT('',(40.0000005960464,9.4,-6.50000011175871));
#3917=CARTESIAN_POINT('',(38.0000005960464,9.4,-8.50150734679889));
#3918=CARTESIAN_POINT('',(38.0000005960464,9.4,-8.50150734679889));
#3919=CARTESIAN_POINT('',(35.9000004060566,9.4,-10.5999997630715));
#3920=CARTESIAN_POINT('',(35.9000004060566,9.4,-10.5999997630715));
#3921=CARTESIAN_POINT('',(25.,9.4,-10.5999997630715));
#3922=CARTESIAN_POINT('Ctrl Pts',(-19.0000002831221,0.,-10.6000608005318));
#3923=CARTESIAN_POINT('Ctrl Pts',(-4.33333352208138,0.,-10.6000404547117));
#3924=CARTESIAN_POINT('Ctrl Pts',(10.3333332389593,0.,-10.6000201088916));
#3925=CARTESIAN_POINT('Ctrl Pts',(25.,0.,-10.5999997630715));
#3926=CARTESIAN_POINT('Ctrl Pts',(-19.0000002831221,2.66666660706202,-10.6000404547117));
#3927=CARTESIAN_POINT('Ctrl Pts',(-4.33333352208138,2.82222218248579,-10.6000268908317));
#3928=CARTESIAN_POINT('Ctrl Pts',(10.3333332389593,2.97777775790956,-10.6000133269516));
#3929=CARTESIAN_POINT('Ctrl Pts',(25.,3.13333333333333,-10.5999997630715));
#3930=CARTESIAN_POINT('Ctrl Pts',(-19.0000002831221,5.33333321412404,-10.6000201088916));
#3931=CARTESIAN_POINT('Ctrl Pts',(-4.33333352208137,5.64444436497159,-10.6000133269516));
#3932=CARTESIAN_POINT('Ctrl Pts',(10.3333332389593,5.95555551581913,-10.6000065450116));
#3933=CARTESIAN_POINT('Ctrl Pts',(25.,6.26666666666667,-10.5999997630715));
#3934=CARTESIAN_POINT('Ctrl Pts',(-19.0000002831221,7.99999982118606,-10.5999997630715));
#3935=CARTESIAN_POINT('Ctrl Pts',(-4.33333352208138,8.46666654745738,-10.5999997630715));
#3936=CARTESIAN_POINT('Ctrl Pts',(10.3333332389593,8.93333327372869,-10.5999997630715));
#3937=CARTESIAN_POINT('Ctrl Pts',(25.,9.4,-10.5999997630715));
#3938=CARTESIAN_POINT('',(-19.0000002831221,0.,-10.6000608005318));
#3939=CARTESIAN_POINT('',(-19.0000002831221,7.99999982118607,-10.5999997630715));
#3940=CARTESIAN_POINT('',(-19.0000002831221,7.99999982118607,-10.5999997630715));
#3941=CARTESIAN_POINT('',(-19.0000002831221,7.99999982118607,-10.5999997630715));
#3942=CARTESIAN_POINT('',(25.,0.,-10.5999997630715));
#3943=CARTESIAN_POINT('',(25.,0.,-10.5999997630715));
#3944=CARTESIAN_POINT('',(-19.0000002831221,0.,-10.6000608005318));
#3945=CARTESIAN_POINT('Ctrl Pts',(-19.0000002831221,7.99999982118607,-10.5999997630715));
#3946=CARTESIAN_POINT('Ctrl Pts',(-4.33333352208138,8.46666654745738,-10.5999997630715));
#3947=CARTESIAN_POINT('Ctrl Pts',(10.3333332389593,8.93333327372869,-10.5999997630715));
#3948=CARTESIAN_POINT('Ctrl Pts',(25.,9.4,-10.5999997630715));
#3949=CARTESIAN_POINT('Ctrl Pts',(-19.0000002831221,8.53333314259847,-8.89999986936649));
#3950=CARTESIAN_POINT('Ctrl Pts',(-4.33333352208138,8.82222209506565,-8.96880263253719));
#3951=CARTESIAN_POINT('Ctrl Pts',(10.3333332389593,9.11111104753282,-9.03760539570789));
#3952=CARTESIAN_POINT('Ctrl Pts',(25.,9.4,-9.10640815887859));
#3953=CARTESIAN_POINT('Ctrl Pts',(-19.0000002831221,9.06666646401087,-7.19999997566144));
#3954=CARTESIAN_POINT('Ctrl Pts',(-4.33333352208137,9.17777764267392,-7.33760550200284));
#3955=CARTESIAN_POINT('Ctrl Pts',(10.3333332389593,9.28888882133696,-7.47521102834423));
#3956=CARTESIAN_POINT('Ctrl Pts',(25.,9.4,-7.61281655468563));
#3957=CARTESIAN_POINT('Ctrl Pts',(-19.0000002831221,9.59999978542328,-5.50000008195639));
#3958=CARTESIAN_POINT('Ctrl Pts',(-4.33333352208138,9.53333319028219,-5.70640837146848));
#3959=CARTESIAN_POINT('Ctrl Pts',(10.3333332389593,9.46666659514109,-5.91281666098058));
#3960=CARTESIAN_POINT('Ctrl Pts',(25.,9.4,-6.11922495049268));
#3961=CARTESIAN_POINT('',(-19.0000002831221,9.59999978542328,-5.50000008195639));
#3962=CARTESIAN_POINT('',(-19.0000002831221,9.59999978542328,-5.50000008195639));
#3963=CARTESIAN_POINT('',(-19.0000002831221,9.59999978542328,-5.50000008195639));
#3964=CARTESIAN_POINT('Origin',(-19.0000002831221,9.59999978542328,-5.50000008195639));
#3965=CARTESIAN_POINT('',(-19.0000002831221,9.59999978542328,-2.01767327681799));
#3966=CARTESIAN_POINT('',(-19.0000002831221,9.59999978542328,-2.01767327681799));
#3967=CARTESIAN_POINT('',(-19.0000002831221,9.59999978542328,-2.01767327681799));
#3968=CARTESIAN_POINT('Origin',(-19.6670625449147,9.59999978542328,-5.59999987483025));
#3969=CARTESIAN_POINT('',(-19.6670625449147,9.59999978542328,-5.59999987483025));
#3970=CARTESIAN_POINT('',(-19.6670625449147,9.59999978542328,0.100000111758708));
#3971=CARTESIAN_POINT('',(-19.6670625449147,9.59999978542328,0.100000111758708));
#3972=CARTESIAN_POINT('',(-19.6670625449147,9.59999978542328,0.100000111758708));
#3973=CARTESIAN_POINT('',(-19.6670625449147,9.59999978542328,-5.59999987483025));
#3974=CARTESIAN_POINT('Ctrl Pts',(-19.6670625449147,0.,-10.6000001341105));
#3975=CARTESIAN_POINT('Ctrl Pts',(-19.4447084576505,0.,-10.6000203562509));
#3976=CARTESIAN_POINT('Ctrl Pts',(-19.2223543703863,0.,-10.6000405783914));
#3977=CARTESIAN_POINT('Ctrl Pts',(-19.0000002831221,0.,-10.6000608005318));
#3978=CARTESIAN_POINT('Ctrl Pts',(-19.6670625449147,2.66666660706202,-10.6000000104308));
#3979=CARTESIAN_POINT('Ctrl Pts',(-19.4447084576505,2.66666660706202,-10.6000134918578));
#3980=CARTESIAN_POINT('Ctrl Pts',(-19.2223543703863,2.66666660706202,-10.6000269732848));
#3981=CARTESIAN_POINT('Ctrl Pts',(-19.0000002831221,2.66666660706202,-10.6000404547117));
#3982=CARTESIAN_POINT('Ctrl Pts',(-19.6670625449147,5.33333321412404,-10.5999998867512));
#3983=CARTESIAN_POINT('Ctrl Pts',(-19.4447084576505,5.33333321412405,-10.6000066274647));
#3984=CARTESIAN_POINT('Ctrl Pts',(-19.2223543703863,5.33333321412404,-10.6000133681781));
#3985=CARTESIAN_POINT('Ctrl Pts',(-19.0000002831221,5.33333321412404,-10.6000201088916));
#3986=CARTESIAN_POINT('Ctrl Pts',(-19.6670625449147,7.99999982118607,-10.5999997630715));
#3987=CARTESIAN_POINT('Ctrl Pts',(-19.4447084576505,7.99999982118607,-10.5999997630715));
#3988=CARTESIAN_POINT('Ctrl Pts',(-19.2223543703863,7.99999982118606,-10.5999997630715));
#3989=CARTESIAN_POINT('Ctrl Pts',(-19.0000002831221,7.99999982118606,-10.5999997630715));
#3990=CARTESIAN_POINT('',(-19.6670625449147,0.,-10.6000001341105));
#3991=CARTESIAN_POINT('',(-19.6670625449147,7.99999982118607,-10.5999997630715));
#3992=CARTESIAN_POINT('',(-19.6670625449147,7.99999982118607,-10.5999997630715));
#3993=CARTESIAN_POINT('',(-19.6670625449147,7.99999982118607,-10.5999997630715));
#3994=CARTESIAN_POINT('',(-19.6670625449147,0.,-10.6000001341105));
#3995=CARTESIAN_POINT('Ctrl Pts',(-19.6670625449147,7.99999982118607,-10.5999997630715));
#3996=CARTESIAN_POINT('Ctrl Pts',(-19.4447084576505,7.99999982118607,-10.5999997630715));
#3997=CARTESIAN_POINT('Ctrl Pts',(-19.2223543703863,7.99999982118607,-10.5999997630715));
#3998=CARTESIAN_POINT('Ctrl Pts',(-19.0000002831221,7.99999982118607,-10.5999997630715));
#3999=CARTESIAN_POINT('Ctrl Pts',(-19.6670625449147,8.53333314259847,-8.93333313365777));
#4000=CARTESIAN_POINT('Ctrl Pts',(-19.4447084576505,8.53333314259847,-8.92222204556068));
#4001=CARTESIAN_POINT('Ctrl Pts',(-19.2223543703863,8.53333314259847,-8.91111095746358));
#4002=CARTESIAN_POINT('Ctrl Pts',(-19.0000002831221,8.53333314259847,-8.89999986936649));
#4003=CARTESIAN_POINT('Ctrl Pts',(-19.6670625449147,9.06666646401088,-7.26666650424401));
#4004=CARTESIAN_POINT('Ctrl Pts',(-19.4447084576505,9.06666646401088,-7.24444432804982));
#4005=CARTESIAN_POINT('Ctrl Pts',(-19.2223543703863,9.06666646401087,-7.22222215185563));
#4006=CARTESIAN_POINT('Ctrl Pts',(-19.0000002831221,9.06666646401087,-7.19999997566144));
#4007=CARTESIAN_POINT('Ctrl Pts',(-19.6670625449147,9.59999978542328,-5.59999987483025));
#4008=CARTESIAN_POINT('Ctrl Pts',(-19.4447084576505,9.59999978542328,-5.56666661053896));
#4009=CARTESIAN_POINT('Ctrl Pts',(-19.2223543703863,9.59999978542328,-5.53333334624767));
#4010=CARTESIAN_POINT('Ctrl Pts',(-19.0000002831221,9.59999978542328,-5.50000008195639));
#4011=CARTESIAN_POINT('',(-19.6670625449147,9.59999978542328,-5.59999987483025));
#4012=CARTESIAN_POINT('Origin',(-20.3670625449147,8.,-10.5999997630715));
#4013=CARTESIAN_POINT('',(-20.3670625449147,8.,-10.5999997630715));
#4014=CARTESIAN_POINT('',(-20.3670625449147,8.81564544980283,-8.05110773243768));
#4015=CARTESIAN_POINT('',(-20.3670625449147,8.,-10.5999997630715));
#4016=CARTESIAN_POINT('',(-20.3670625449147,9.6,-5.59999976307154));
#4017=CARTESIAN_POINT('',(-20.3670625449147,8.,-10.5999997630715));
#4018=CARTESIAN_POINT('',(-20.3670625449147,9.6,-5.59999976307154));
#4019=CARTESIAN_POINT('',(-20.3670625449147,8.,-10.5999997630715));
#4020=CARTESIAN_POINT('Origin',(-20.3670625449147,9.6,-5.59999976307154));
#4021=CARTESIAN_POINT('',(-20.3670625449147,9.6,2.29999991506338));
#4022=CARTESIAN_POINT('',(-20.3670625449147,9.6,-5.59999976307154));
#4023=CARTESIAN_POINT('',(-20.3670625449147,9.6,2.29999991506338));
#4024=CARTESIAN_POINT('Ctrl Pts',(-36.4293979685606,7.00000010430813,-10.5999997630715));
#4025=CARTESIAN_POINT('Ctrl Pts',(-31.0752861606786,7.33333340287208,-10.5999997630715));
#4026=CARTESIAN_POINT('Ctrl Pts',(-25.7211743527967,7.66666670143604,-10.5999997630715));
#4027=CARTESIAN_POINT('Ctrl Pts',(-20.3670625449147,8.,-10.5999997630715));
#4028=CARTESIAN_POINT('Ctrl Pts',(-36.4293979685606,7.00000010430813,-8.73333320021629));
#4029=CARTESIAN_POINT('Ctrl Pts',(-31.0752861606786,7.4239606750724,-9.07234516220873));
#4030=CARTESIAN_POINT('Ctrl Pts',(-25.7211743527967,7.84792124583667,-9.41135712420115));
#4031=CARTESIAN_POINT('Ctrl Pts',(-20.3670625449147,8.27188181660094,-9.75036908619358));
#4032=CARTESIAN_POINT('Ctrl Pts',(-36.4293979685606,7.00000010430813,-6.86666663736105));
#4033=CARTESIAN_POINT('Ctrl Pts',(-31.0752861606786,7.51458794727272,-7.54469056134591));
#4034=CARTESIAN_POINT('Ctrl Pts',(-25.7211743527967,8.0291757902373,-8.22271448533077));
#4035=CARTESIAN_POINT('Ctrl Pts',(-20.3670625449147,8.54376363320189,-8.90073840931563));
#4036=CARTESIAN_POINT('Ctrl Pts',(-36.4293979685606,7.00000010430813,-5.00000007450581));
#4037=CARTESIAN_POINT('Ctrl Pts',(-31.0752861606786,7.60521521947303,-6.0170359604831));
#4038=CARTESIAN_POINT('Ctrl Pts',(-25.7211743527967,8.21043033463793,-7.03407184646039));
#4039=CARTESIAN_POINT('Ctrl Pts',(-20.3670625449147,8.81564544980283,-8.05110773243768));
#4040=CARTESIAN_POINT('',(-36.4293979685606,7.00000010430813,-10.5999997630715));
#4041=CARTESIAN_POINT('',(-36.4293979685606,7.00000010430813,-5.00000007450581));
#4042=CARTESIAN_POINT('',(-36.4293979685606,7.00000010430813,-5.00000007450581));
#4043=CARTESIAN_POINT('',(-36.4293979685606,7.00000010430813,-5.00000007450581));
#4044=CARTESIAN_POINT('',(-36.4293979685606,7.00000010430812,-10.5999997630715));
#4045=CARTESIAN_POINT('Ctrl Pts',(-36.4293979685606,7.00000010430813,-5.00000007450581));
#4046=CARTESIAN_POINT('Ctrl Pts',(-31.0752861606786,7.60521521947303,-6.0170359604831));
#4047=CARTESIAN_POINT('Ctrl Pts',(-25.7211743527967,8.21043033463793,-7.03407184646039));
#4048=CARTESIAN_POINT('Ctrl Pts',(-20.3670625449147,8.81564544980283,-8.05110773243768));
#4049=CARTESIAN_POINT('Ctrl Pts',(-36.4293979685606,7.6666667809089,-3.33333338300387));
#4050=CARTESIAN_POINT('Ctrl Pts',(-31.0752861606786,8.13681017611768,-4.63357950288557));
#4051=CARTESIAN_POINT('Ctrl Pts',(-25.7211743527967,8.60695357132645,-5.93382562276727));
#4052=CARTESIAN_POINT('Ctrl Pts',(-20.3670625449147,9.07709696653522,-7.23407174264897));
#4053=CARTESIAN_POINT('Ctrl Pts',(-36.4293979685606,8.33333345750968,-1.66666669150194));
#4054=CARTESIAN_POINT('Ctrl Pts',(-31.0752861606786,8.66840513276232,-3.25012304528804));
#4055=CARTESIAN_POINT('Ctrl Pts',(-25.7211743527967,9.00347680801497,-4.83357939907415));
#4056=CARTESIAN_POINT('Ctrl Pts',(-20.3670625449147,9.33854848326761,-6.41703575286025));
#4057=CARTESIAN_POINT('Ctrl Pts',(-36.4293979685606,9.00000013411045,-1.03081620004859E-15));
#4058=CARTESIAN_POINT('Ctrl Pts',(-31.0752861606786,9.20000008940697,-1.86666658769051));
#4059=CARTESIAN_POINT('Ctrl Pts',(-25.7211743527967,9.40000004470348,-3.73333317538103));
#4060=CARTESIAN_POINT('Ctrl Pts',(-20.3670625449147,9.6,-5.59999976307154));
#4061=CARTESIAN_POINT('',(-36.4293979685606,7.55927459474173,-3.6018138484218));
#4062=CARTESIAN_POINT('',(-36.4293979685606,9.00000013411045,0.));
#4063=CARTESIAN_POINT('',(-36.4293979685606,9.00000013411045,-2.77555756156289E-16));
#4064=CARTESIAN_POINT('',(-36.4293979685606,9.00000013411045,0.));
#4065=CARTESIAN_POINT('',(-36.4293979685606,9.00000013411045,-2.77555756156289E-16));
#4066=CARTESIAN_POINT('Ctrl Pts',(-36.4293979685606,9.00000013411045,-2.77555756156289E-16));
#4067=CARTESIAN_POINT('Ctrl Pts',(-31.0752861606786,9.20000008940697,-1.86666658769051));
#4068=CARTESIAN_POINT('Ctrl Pts',(-25.7211743527967,9.40000004470348,-3.73333317538103));
#4069=CARTESIAN_POINT('Ctrl Pts',(-20.3670625449147,9.6,-5.59999976307154));
#4070=CARTESIAN_POINT('Ctrl Pts',(-36.4293979685606,9.20000008940697,0.76666663835446));
#4071=CARTESIAN_POINT('Ctrl Pts',(-31.0752861606786,9.33333339293798,-0.477777753439214));
#4072=CARTESIAN_POINT('Ctrl Pts',(-25.7211743527967,9.46666669646899,-1.72222214523289));
#4073=CARTESIAN_POINT('Ctrl Pts',(-20.3670625449147,9.6,-2.96666653702657));
#4074=CARTESIAN_POINT('Ctrl Pts',(-36.4293979685606,9.40000004470349,1.53333327670892));
#4075=CARTESIAN_POINT('Ctrl Pts',(-31.0752861606786,9.46666669646899,0.911111080812083));
#4076=CARTESIAN_POINT('Ctrl Pts',(-25.7211743527967,9.53333334823449,0.288888884915247));
#4077=CARTESIAN_POINT('Ctrl Pts',(-20.3670625449147,9.6,-0.333333310981592));
#4078=CARTESIAN_POINT('Ctrl Pts',(-36.4293979685606,9.6,2.29999991506338));
#4079=CARTESIAN_POINT('Ctrl Pts',(-31.0752861606786,9.6,2.29999991506338));
#4080=CARTESIAN_POINT('Ctrl Pts',(-25.7211743527967,9.6,2.29999991506338));
#4081=CARTESIAN_POINT('Ctrl Pts',(-20.3670625449147,9.6,2.29999991506338));
#4082=CARTESIAN_POINT('',(-36.4293979685606,9.6,2.29999991506338));
#4083=CARTESIAN_POINT('',(-36.4293979685606,9.6,2.29999991506338));
#4084=CARTESIAN_POINT('',(-36.4293979685606,9.6,2.29999991506338));
#4085=CARTESIAN_POINT('Origin',(-38.6999990902841,9.39999978989363,0.0700000033248216));
#4086=CARTESIAN_POINT('',(-38.6999990902841,9.39999978989363,1.63322284982725));
#4087=CARTESIAN_POINT('',(-38.6999990902841,9.39999978989363,0.0700000033248216));
#4088=CARTESIAN_POINT('',(-38.6999990902841,9.39999978989363,0.0700000033248216));
#4089=CARTESIAN_POINT('',(-38.6999990902841,9.39999978989363,1.63322284982725));
#4090=CARTESIAN_POINT('',(-38.6999990902841,9.39999978989363,0.0700000033248216));
#4091=CARTESIAN_POINT('Ctrl Pts',(-38.6999990902841,9.39999978989363,1.63322284982725));
#4092=CARTESIAN_POINT('Ctrl Pts',(-37.9431320497096,8.59999989469846,-0.577851458283768));
#4093=CARTESIAN_POINT('Ctrl Pts',(-37.1862650091351,7.79999999950329,-2.78892576639479));
#4094=CARTESIAN_POINT('Ctrl Pts',(-36.4293979685606,7.00000010430813,-5.00000007450581));
#4095=CARTESIAN_POINT('Ctrl Pts',(-38.6999990902841,9.39999978989363,2.1343069719879));
#4096=CARTESIAN_POINT('Ctrl Pts',(-37.9431320497096,8.82222212023205,0.311760186990647));
#4097=CARTESIAN_POINT('Ctrl Pts',(-37.1862650091351,8.24444445057048,-1.51078659800661));
#4098=CARTESIAN_POINT('Ctrl Pts',(-36.4293979685606,7.6666667809089,-3.33333338300387));
#4099=CARTESIAN_POINT('Ctrl Pts',(-38.6999990902841,9.39999978989363,2.63539109414855));
#4100=CARTESIAN_POINT('Ctrl Pts',(-37.9431320497096,9.04444434576564,1.20137183226506));
#4101=CARTESIAN_POINT('Ctrl Pts',(-37.1862650091351,8.68888890163766,-0.232647429618437));
#4102=CARTESIAN_POINT('Ctrl Pts',(-36.4293979685606,8.33333345750968,-1.66666669150194));
#4103=CARTESIAN_POINT('Ctrl Pts',(-38.6999990902841,9.39999978989363,3.13647521630921));
#4104=CARTESIAN_POINT('Ctrl Pts',(-37.9431320497096,9.26666657129923,2.09098347753947));
#4105=CARTESIAN_POINT('Ctrl Pts',(-37.1862650091351,9.13333335270484,1.04549173876973));
#4106=CARTESIAN_POINT('Ctrl Pts',(-36.4293979685606,9.00000013411045,-1.03081620004859E-15));
#4107=CARTESIAN_POINT('',(-38.6999990902841,9.39999978989363,3.13647521630921));
#4108=CARTESIAN_POINT('',(-38.6999990902841,9.39999978989363,0.0700000033248216));
#4109=CARTESIAN_POINT('',(-38.6999990902841,9.39999978989363,3.13647521630921));
#4110=CARTESIAN_POINT('Ctrl Pts',(-38.6999990902841,9.39999978989363,3.13647521630921));
#4111=CARTESIAN_POINT('Ctrl Pts',(-37.9431320497096,9.26666657129924,2.09098347753947));
#4112=CARTESIAN_POINT('Ctrl Pts',(-37.1862650091351,9.13333335270484,1.04549173876974));
#4113=CARTESIAN_POINT('Ctrl Pts',(-36.4293979685606,9.00000013411045,-2.77555756156289E-16));
#4114=CARTESIAN_POINT('Ctrl Pts',(-38.6999990902841,9.39999978989363,3.35765011589393));
#4115=CARTESIAN_POINT('Ctrl Pts',(-37.9431320497096,9.33333322306474,2.49398895671411));
#4116=CARTESIAN_POINT('Ctrl Pts',(-37.1862650091351,9.26666665623586,1.63032779753428));
#4117=CARTESIAN_POINT('Ctrl Pts',(-36.4293979685606,9.20000008940697,0.76666663835446));
#4118=CARTESIAN_POINT('Ctrl Pts',(-38.6999990902841,9.39999978989363,3.57882501547866));
#4119=CARTESIAN_POINT('Ctrl Pts',(-37.9431320497096,9.39999987483025,2.89699443588874));
#4120=CARTESIAN_POINT('Ctrl Pts',(-37.1862650091351,9.39999995976686,2.21516385629883));
#4121=CARTESIAN_POINT('Ctrl Pts',(-36.4293979685606,9.40000004470349,1.53333327670892));
#4122=CARTESIAN_POINT('Ctrl Pts',(-38.6999990902841,9.39999978989363,3.79999991506338));
#4123=CARTESIAN_POINT('Ctrl Pts',(-37.9431320497096,9.46666652659575,3.29999991506338));
#4124=CARTESIAN_POINT('Ctrl Pts',(-37.1862650091351,9.53333326329788,2.79999991506338));
#4125=CARTESIAN_POINT('Ctrl Pts',(-36.4293979685606,9.6,2.29999991506338));
#4126=CARTESIAN_POINT('',(-38.6999990902841,9.39999978989363,3.79999991506338));
#4127=CARTESIAN_POINT('',(-38.6999990902841,9.39999978989363,3.57882446990227));
#4128=CARTESIAN_POINT('',(-38.6999990902841,9.39999978989363,0.0700000033248216));
#4129=CARTESIAN_POINT('',(-38.6999990902841,9.39999978989363,3.79999991506338));
#4130=CARTESIAN_POINT('',(-38.6999990902841,9.39999978989363,0.0700000033248216));
#4131=CARTESIAN_POINT('Origin',(-40.6999990902841,9.4,3.80000018049031));
#4132=CARTESIAN_POINT('',(-40.6999990902841,9.4,3.80000018049031));
#4133=CARTESIAN_POINT('',(-40.6999990902841,9.4,3.75000017811544));
#4134=CARTESIAN_POINT('',(-40.6999990902841,9.4,3.80000018049031));
#4135=CARTESIAN_POINT('',(-40.6999990902841,9.4,3.80000018049031));
#4136=CARTESIAN_POINT('',(-40.6999990902841,9.4,3.75000017811544));
#4137=CARTESIAN_POINT('Origin',(44.0000006556511,-4.69999989494681,-3.64999999441207));
#4138=CARTESIAN_POINT('',(44.0000006556511,-9.39999978989363,-4.29999990388751));
#4139=CARTESIAN_POINT('',(44.0000006556511,9.39999978989363,-4.29999990388751));
#4140=CARTESIAN_POINT('',(44.0000006556511,-9.39999978989363,-3.00000008493662));
#4141=CARTESIAN_POINT('',(44.0000006556511,0.,-3.00000008493662));
#4142=CARTESIAN_POINT('',(44.0000006556511,-9.39999978989363,-3.00000008493662));
#4143=CARTESIAN_POINT('Origin',(43.0000006556511,0.,-5.4599998703599));
#4144=CARTESIAN_POINT('',(43.0000006556511,-9.4,-5.4599998703599));
#4145=CARTESIAN_POINT('',(43.0000006556511,0.,-5.4599998703599));
#4146=CARTESIAN_POINT('',(43.0000006556511,-9.4,-5.4599998703599));
#4147=CARTESIAN_POINT('Origin',(43.0000006556511,-9.4,-5.4599998703599));
#4148=CARTESIAN_POINT('',(43.0000006556511,-9.4,-3.00043142983926));
#4149=CARTESIAN_POINT('',(43.0000006556511,-9.4,-5.4599998703599));
#4150=CARTESIAN_POINT('',(43.0000006556511,-9.4,-3.00043142983926));
#4151=CARTESIAN_POINT('Origin',(43.0000006556511,-9.4,-3.00043142983926));
#4152=CARTESIAN_POINT('',(43.0000006556511,-9.4,-3.00043142983926));
#4153=CARTESIAN_POINT('Origin',(42.0999990589917,1.11022302462516E-15,-6.49999985471368));
#4154=CARTESIAN_POINT('',(42.0999990589917,-9.4,-6.49999985471368));
#4155=CARTESIAN_POINT('',(42.0999990589917,-9.4,-6.49999985471368));
#4156=CARTESIAN_POINT('',(42.0999990589917,-9.4,-6.49999985471368));
#4157=CARTESIAN_POINT('Origin',(42.0999990589917,-9.4,-2.99999993294477));
#4158=CARTESIAN_POINT('',(42.0999990589917,-9.4,-2.99999993294477));
#4159=CARTESIAN_POINT('',(42.0999990589917,0.,-2.99999993294477));
#4160=CARTESIAN_POINT('',(42.0999990589917,-9.4,-2.99999993294477));
#4161=CARTESIAN_POINT('Origin',(40.0000005960464,-9.4,-2.99960188015316));
#4162=CARTESIAN_POINT('',(40.0000005960464,-9.4,-2.99960188015316));
#4163=CARTESIAN_POINT('',(40.0000005960464,-9.4,-2.99960188015316));
#4164=CARTESIAN_POINT('',(40.0000005960464,-9.4,-2.99960188015316));
#4165=CARTESIAN_POINT('Origin',(40.0000005960464,0.,-6.50000011175871));
#4166=CARTESIAN_POINT('',(40.0000005960464,-9.4,-6.50000011175871));
#4167=CARTESIAN_POINT('',(40.0000005960464,0.,-6.50000011175871));
#4168=CARTESIAN_POINT('',(40.0000005960464,-9.4,-6.50000011175871));
#4169=CARTESIAN_POINT('Origin',(38.0000005960464,-9.4,-3.0000000372529));
#4170=CARTESIAN_POINT('',(38.0000005960464,-9.4,-3.0000000372529));
#4171=CARTESIAN_POINT('',(38.0000005960464,0.,-3.0000000372529));
#4172=CARTESIAN_POINT('',(38.0000005960464,-9.4,-3.0000000372529));
#4173=CARTESIAN_POINT('Origin',(38.0000005960464,0.,-8.50150734679889));
#4174=CARTESIAN_POINT('',(38.0000005960464,-9.4,-8.50150734679889));
#4175=CARTESIAN_POINT('',(38.0000005960464,-9.4,-8.50150734679889));
#4176=CARTESIAN_POINT('',(38.0000005960464,-9.4,-8.50150734679889));
#4177=CARTESIAN_POINT('Origin',(35.9000004060566,0.,-10.5999997630715));
#4178=CARTESIAN_POINT('',(35.9000004060566,-9.4,-10.5999997630715));
#4179=CARTESIAN_POINT('',(35.9000004060566,-9.4,-10.5999997630715));
#4180=CARTESIAN_POINT('',(35.9000004060566,-9.4,-10.5999997630715));
#4181=CARTESIAN_POINT('Origin',(35.9000004060566,-9.4,-3.00000008493662));
#4182=CARTESIAN_POINT('',(35.9000004060566,-9.4,-3.00000008493662));
#4183=CARTESIAN_POINT('',(35.9000004060566,0.,-3.00000008493662));
#4184=CARTESIAN_POINT('',(35.9000004060566,-9.4,-3.00000008493662));
#4185=CARTESIAN_POINT('Origin',(25.,0.,-10.5999997630715));
#4186=CARTESIAN_POINT('',(25.,-9.4,-10.5999997630715));
#4187=CARTESIAN_POINT('',(25.,0.,-10.5999997630715));
#4188=CARTESIAN_POINT('',(25.,-9.4,-10.5999997630715));
#4189=CARTESIAN_POINT('Origin',(25.,-9.4,-10.5999997630715));
#4190=CARTESIAN_POINT('',(25.,-9.4,-6.11922495049268));
#4191=CARTESIAN_POINT('',(25.,-9.4,-10.5999997630715));
#4192=CARTESIAN_POINT('',(25.,-9.4,-3.20000008493662));
#4193=CARTESIAN_POINT('',(25.,-9.4,-3.20000008493662));
#4194=CARTESIAN_POINT('',(25.,-9.4,-10.5999997630715));
#4195=CARTESIAN_POINT('Origin',(25.,-9.4,-3.20000008493662));
#4196=CARTESIAN_POINT('',(25.,0.,-3.20000008493662));
#4197=CARTESIAN_POINT('Origin',(-19.0000002831221,-9.59999978542328,-2.01767327681799));
#4198=CARTESIAN_POINT('',(-19.0000002831221,-9.59999978542328,-2.01767327681799));
#4199=CARTESIAN_POINT('',(-19.0000002831221,0.,-2.01767327681799));
#4200=CARTESIAN_POINT('',(-19.0000002831221,-9.59999978542328,-2.01767327681799));
#4201=CARTESIAN_POINT('Ctrl Pts',(-19.0000002831221,0.,-10.6000608005318));
#4202=CARTESIAN_POINT('Ctrl Pts',(-4.33333352208138,0.,-10.6000404547117));
#4203=CARTESIAN_POINT('Ctrl Pts',(10.3333332389593,0.,-10.6000201088916));
#4204=CARTESIAN_POINT('Ctrl Pts',(25.,0.,-10.5999997630715));
#4205=CARTESIAN_POINT('Ctrl Pts',(-19.0000002831221,-2.66666660706202,-10.6000404547117));
#4206=CARTESIAN_POINT('Ctrl Pts',(-4.33333352208138,-2.82222218248579,-10.6000268908317));
#4207=CARTESIAN_POINT('Ctrl Pts',(10.3333332389593,-2.97777775790956,-10.6000133269516));
#4208=CARTESIAN_POINT('Ctrl Pts',(25.,-3.13333333333333,-10.5999997630715));
#4209=CARTESIAN_POINT('Ctrl Pts',(-19.0000002831221,-5.33333321412404,-10.6000201088916));
#4210=CARTESIAN_POINT('Ctrl Pts',(-4.33333352208137,-5.64444436497159,-10.6000133269516));
#4211=CARTESIAN_POINT('Ctrl Pts',(10.3333332389593,-5.95555551581913,-10.6000065450116));
#4212=CARTESIAN_POINT('Ctrl Pts',(25.,-6.26666666666667,-10.5999997630715));
#4213=CARTESIAN_POINT('Ctrl Pts',(-19.0000002831221,-7.99999982118606,-10.5999997630715));
#4214=CARTESIAN_POINT('Ctrl Pts',(-4.33333352208138,-8.46666654745738,-10.5999997630715));
#4215=CARTESIAN_POINT('Ctrl Pts',(10.3333332389593,-8.93333327372869,-10.5999997630715));
#4216=CARTESIAN_POINT('Ctrl Pts',(25.,-9.4,-10.5999997630715));
#4217=CARTESIAN_POINT('',(-19.0000002831221,-7.99999982118607,-10.5999997630715));
#4218=CARTESIAN_POINT('',(-19.0000002831221,-7.99999982118607,-10.5999997630715));
#4219=CARTESIAN_POINT('',(-19.0000002831221,-7.99999982118607,-10.5999997630715));
#4220=CARTESIAN_POINT('Ctrl Pts',(-19.0000002831221,-7.99999982118607,-10.5999997630715));
#4221=CARTESIAN_POINT('Ctrl Pts',(-4.33333352208138,-8.46666654745738,-10.5999997630715));
#4222=CARTESIAN_POINT('Ctrl Pts',(10.3333332389593,-8.93333327372869,-10.5999997630715));
#4223=CARTESIAN_POINT('Ctrl Pts',(25.,-9.4,-10.5999997630715));
#4224=CARTESIAN_POINT('Ctrl Pts',(-19.0000002831221,-8.53333314259847,-8.89999986936649));
#4225=CARTESIAN_POINT('Ctrl Pts',(-4.33333352208138,-8.82222209506565,-8.96880263253719));
#4226=CARTESIAN_POINT('Ctrl Pts',(10.3333332389593,-9.11111104753282,-9.03760539570789));
#4227=CARTESIAN_POINT('Ctrl Pts',(25.,-9.4,-9.10640815887859));
#4228=CARTESIAN_POINT('Ctrl Pts',(-19.0000002831221,-9.06666646401087,-7.19999997566144));
#4229=CARTESIAN_POINT('Ctrl Pts',(-4.33333352208137,-9.17777764267392,-7.33760550200284));
#4230=CARTESIAN_POINT('Ctrl Pts',(10.3333332389593,-9.28888882133696,-7.47521102834423));
#4231=CARTESIAN_POINT('Ctrl Pts',(25.,-9.4,-7.61281655468563));
#4232=CARTESIAN_POINT('Ctrl Pts',(-19.0000002831221,-9.59999978542328,-5.50000008195639));
#4233=CARTESIAN_POINT('Ctrl Pts',(-4.33333352208138,-9.53333319028219,-5.70640837146848));
#4234=CARTESIAN_POINT('Ctrl Pts',(10.3333332389593,-9.46666659514109,-5.91281666098058));
#4235=CARTESIAN_POINT('Ctrl Pts',(25.,-9.4,-6.11922495049268));
#4236=CARTESIAN_POINT('',(-19.0000002831221,-9.59999978542328,-5.50000008195639));
#4237=CARTESIAN_POINT('',(-19.0000002831221,-9.59999978542328,-5.50000008195639));
#4238=CARTESIAN_POINT('',(-19.0000002831221,-9.59999978542328,-5.50000008195639));
#4239=CARTESIAN_POINT('Origin',(-19.0000002831221,-9.59999978542328,-5.50000008195639));
#4240=CARTESIAN_POINT('',(-19.0000002831221,-9.59999978542328,-2.01767327681799));
#4241=CARTESIAN_POINT('Origin',(-19.6670625449147,-9.59999978542328,-5.59999987483025));
#4242=CARTESIAN_POINT('',(-19.6670625449147,-9.59999978542328,-5.59999987483025));
#4243=CARTESIAN_POINT('',(-19.6670625449147,-9.59999978542328,0.100000111758708));
#4244=CARTESIAN_POINT('',(-19.6670625449147,-9.59999978542328,0.100000111758708));
#4245=CARTESIAN_POINT('',(-19.6670625449147,-9.59999978542328,-5.59999987483025));
#4246=CARTESIAN_POINT('',(-19.6670625449147,-9.59999978542328,0.100000111758708));
#4247=CARTESIAN_POINT('Origin',(-19.6670625449147,-9.59999978542328,0.100000111758708));
#4248=CARTESIAN_POINT('',(-19.6670625449147,0.,0.100000111758708));
#4249=CARTESIAN_POINT('Ctrl Pts',(-19.6670625449147,0.,-10.6000001341105));
#4250=CARTESIAN_POINT('Ctrl Pts',(-19.4447084576505,0.,-10.6000203562509));
#4251=CARTESIAN_POINT('Ctrl Pts',(-19.2223543703863,0.,-10.6000405783914));
#4252=CARTESIAN_POINT('Ctrl Pts',(-19.0000002831221,0.,-10.6000608005318));
#4253=CARTESIAN_POINT('Ctrl Pts',(-19.6670625449147,-2.66666660706202,-10.6000000104308));
#4254=CARTESIAN_POINT('Ctrl Pts',(-19.4447084576505,-2.66666660706202,-10.6000134918578));
#4255=CARTESIAN_POINT('Ctrl Pts',(-19.2223543703863,-2.66666660706202,-10.6000269732848));
#4256=CARTESIAN_POINT('Ctrl Pts',(-19.0000002831221,-2.66666660706202,-10.6000404547117));
#4257=CARTESIAN_POINT('Ctrl Pts',(-19.6670625449147,-5.33333321412404,-10.5999998867512));
#4258=CARTESIAN_POINT('Ctrl Pts',(-19.4447084576505,-5.33333321412405,-10.6000066274647));
#4259=CARTESIAN_POINT('Ctrl Pts',(-19.2223543703863,-5.33333321412404,-10.6000133681781));
#4260=CARTESIAN_POINT('Ctrl Pts',(-19.0000002831221,-5.33333321412404,-10.6000201088916));
#4261=CARTESIAN_POINT('Ctrl Pts',(-19.6670625449147,-7.99999982118607,-10.5999997630715));
#4262=CARTESIAN_POINT('Ctrl Pts',(-19.4447084576505,-7.99999982118607,-10.5999997630715));
#4263=CARTESIAN_POINT('Ctrl Pts',(-19.2223543703863,-7.99999982118606,-10.5999997630715));
#4264=CARTESIAN_POINT('Ctrl Pts',(-19.0000002831221,-7.99999982118606,-10.5999997630715));
#4265=CARTESIAN_POINT('',(-19.6670625449147,-7.99999982118607,-10.5999997630715));
#4266=CARTESIAN_POINT('',(-19.6670625449147,-7.99999982118607,-10.5999997630715));
#4267=CARTESIAN_POINT('',(-19.6670625449147,-7.99999982118607,-10.5999997630715));
#4268=CARTESIAN_POINT('Ctrl Pts',(-19.6670625449147,-7.99999982118607,-10.5999997630715));
#4269=CARTESIAN_POINT('Ctrl Pts',(-19.4447084576505,-7.99999982118607,-10.5999997630715));
#4270=CARTESIAN_POINT('Ctrl Pts',(-19.2223543703863,-7.99999982118607,-10.5999997630715));
#4271=CARTESIAN_POINT('Ctrl Pts',(-19.0000002831221,-7.99999982118607,-10.5999997630715));
#4272=CARTESIAN_POINT('Ctrl Pts',(-19.6670625449147,-8.53333314259847,-8.93333313365777));
#4273=CARTESIAN_POINT('Ctrl Pts',(-19.4447084576505,-8.53333314259847,-8.92222204556068));
#4274=CARTESIAN_POINT('Ctrl Pts',(-19.2223543703863,-8.53333314259847,-8.91111095746358));
#4275=CARTESIAN_POINT('Ctrl Pts',(-19.0000002831221,-8.53333314259847,-8.89999986936649));
#4276=CARTESIAN_POINT('Ctrl Pts',(-19.6670625449147,-9.06666646401088,-7.26666650424401));
#4277=CARTESIAN_POINT('Ctrl Pts',(-19.4447084576505,-9.06666646401088,-7.24444432804982));
#4278=CARTESIAN_POINT('Ctrl Pts',(-19.2223543703863,-9.06666646401087,-7.22222215185563));
#4279=CARTESIAN_POINT('Ctrl Pts',(-19.0000002831221,-9.06666646401087,-7.19999997566144));
#4280=CARTESIAN_POINT('Ctrl Pts',(-19.6670625449147,-9.59999978542328,-5.59999987483025));
#4281=CARTESIAN_POINT('Ctrl Pts',(-19.4447084576505,-9.59999978542328,-5.56666661053896));
#4282=CARTESIAN_POINT('Ctrl Pts',(-19.2223543703863,-9.59999978542328,-5.53333334624767));
#4283=CARTESIAN_POINT('Ctrl Pts',(-19.0000002831221,-9.59999978542328,-5.50000008195639));
#4284=CARTESIAN_POINT('',(-19.6670625449147,-9.59999978542328,-5.59999987483025));
#4285=CARTESIAN_POINT('Origin',(-20.3670625449147,-8.,-10.5999997630715));
#4286=CARTESIAN_POINT('',(-20.3670625449147,-8.,-10.5999997630715));
#4287=CARTESIAN_POINT('',(-20.3670625449147,-8.81564544980283,-8.05110773243768));
#4288=CARTESIAN_POINT('',(-20.3670625449147,-8.,-10.5999997630715));
#4289=CARTESIAN_POINT('',(-20.3670625449147,-8.,-10.5999997630715));
#4290=CARTESIAN_POINT('',(-20.3670625449147,-9.6,-5.59999976307154));
#4291=CARTESIAN_POINT('',(-20.3670625449147,-9.6,-5.59999976307154));
#4292=CARTESIAN_POINT('',(-20.3670625449147,-8.,-10.5999997630715));
#4293=CARTESIAN_POINT('Origin',(-20.3670625449147,-9.6,-5.59999976307154));
#4294=CARTESIAN_POINT('',(-20.3670625449147,-9.6,2.29999991506338));
#4295=CARTESIAN_POINT('',(-20.3670625449147,-9.6,-5.59999976307154));
#4296=CARTESIAN_POINT('',(-20.3670625449147,-9.6,2.29999991506338));
#4297=CARTESIAN_POINT('Origin',(-20.3670625449147,-9.6,2.29999991506338));
#4298=CARTESIAN_POINT('',(-20.3670625449147,-9.6,2.29999991506338));
#4299=CARTESIAN_POINT('Ctrl Pts',(-36.4293979685606,-7.00000010430813,-10.5999997630715));
#4300=CARTESIAN_POINT('Ctrl Pts',(-31.0752861606786,-7.33333340287208,-10.5999997630715));
#4301=CARTESIAN_POINT('Ctrl Pts',(-25.7211743527967,-7.66666670143604,-10.5999997630715));
#4302=CARTESIAN_POINT('Ctrl Pts',(-20.3670625449147,-8.,-10.5999997630715));
#4303=CARTESIAN_POINT('Ctrl Pts',(-36.4293979685606,-7.00000010430813,-8.73333320021629));
#4304=CARTESIAN_POINT('Ctrl Pts',(-31.0752861606786,-7.4239606750724,-9.07234516220873));
#4305=CARTESIAN_POINT('Ctrl Pts',(-25.7211743527967,-7.84792124583667,-9.41135712420115));
#4306=CARTESIAN_POINT('Ctrl Pts',(-20.3670625449147,-8.27188181660094,-9.75036908619358));
#4307=CARTESIAN_POINT('Ctrl Pts',(-36.4293979685606,-7.00000010430813,-6.86666663736105));
#4308=CARTESIAN_POINT('Ctrl Pts',(-31.0752861606786,-7.51458794727272,-7.54469056134591));
#4309=CARTESIAN_POINT('Ctrl Pts',(-25.7211743527967,-8.0291757902373,-8.22271448533077));
#4310=CARTESIAN_POINT('Ctrl Pts',(-20.3670625449147,-8.54376363320189,-8.90073840931563));
#4311=CARTESIAN_POINT('Ctrl Pts',(-36.4293979685606,-7.00000010430813,-5.00000007450581));
#4312=CARTESIAN_POINT('Ctrl Pts',(-31.0752861606786,-7.60521521947303,-6.0170359604831));
#4313=CARTESIAN_POINT('Ctrl Pts',(-25.7211743527967,-8.21043033463793,-7.03407184646039));
#4314=CARTESIAN_POINT('Ctrl Pts',(-20.3670625449147,-8.81564544980283,-8.05110773243768));
#4315=CARTESIAN_POINT('',(-36.4293979685606,-7.00000010430813,-10.5999997630715));
#4316=CARTESIAN_POINT('',(-36.4293979685606,-7.00000010430813,-5.00000007450581));
#4317=CARTESIAN_POINT('',(-36.4293979685606,-7.00000010430813,-5.00000007450581));
#4318=CARTESIAN_POINT('',(-36.4293979685606,-7.00000010430812,-10.5999997630715));
#4319=CARTESIAN_POINT('',(-36.4293979685606,-7.00000010430813,-5.00000007450581));
#4320=CARTESIAN_POINT('Ctrl Pts',(-36.4293979685606,-7.00000010430813,-5.00000007450581));
#4321=CARTESIAN_POINT('Ctrl Pts',(-31.0752861606786,-7.60521521947303,-6.0170359604831));
#4322=CARTESIAN_POINT('Ctrl Pts',(-25.7211743527967,-8.21043033463793,-7.03407184646039));
#4323=CARTESIAN_POINT('Ctrl Pts',(-20.3670625449147,-8.81564544980283,-8.05110773243768));
#4324=CARTESIAN_POINT('Ctrl Pts',(-36.4293979685606,-7.6666667809089,-3.33333338300387));
#4325=CARTESIAN_POINT('Ctrl Pts',(-31.0752861606786,-8.13681017611768,-4.63357950288557));
#4326=CARTESIAN_POINT('Ctrl Pts',(-25.7211743527967,-8.60695357132645,-5.93382562276727));
#4327=CARTESIAN_POINT('Ctrl Pts',(-20.3670625449147,-9.07709696653522,-7.23407174264897));
#4328=CARTESIAN_POINT('Ctrl Pts',(-36.4293979685606,-8.33333345750968,-1.66666669150194));
#4329=CARTESIAN_POINT('Ctrl Pts',(-31.0752861606786,-8.66840513276232,-3.25012304528804));
#4330=CARTESIAN_POINT('Ctrl Pts',(-25.7211743527967,-9.00347680801497,-4.83357939907415));
#4331=CARTESIAN_POINT('Ctrl Pts',(-20.3670625449147,-9.33854848326761,-6.41703575286025));
#4332=CARTESIAN_POINT('Ctrl Pts',(-36.4293979685606,-9.00000013411045,-1.03081620004859E-15));
#4333=CARTESIAN_POINT('Ctrl Pts',(-31.0752861606786,-9.20000008940697,-1.86666658769051));
#4334=CARTESIAN_POINT('Ctrl Pts',(-25.7211743527967,-9.40000004470348,-3.73333317538103));
#4335=CARTESIAN_POINT('Ctrl Pts',(-20.3670625449147,-9.6,-5.59999976307154));
#4336=CARTESIAN_POINT('',(-36.4293979685606,-7.55927459474173,-3.6018138484218));
#4337=CARTESIAN_POINT('',(-36.4293979685606,-9.00000013411045,0.));
#4338=CARTESIAN_POINT('',(-36.4293979685606,-9.00000013411045,-2.77555756156289E-16));
#4339=CARTESIAN_POINT('',(-36.4293979685606,-9.00000013411045,-2.77555756156289E-16));
#4340=CARTESIAN_POINT('',(-36.4293979685606,-9.00000013411045,0.));
#4341=CARTESIAN_POINT('Ctrl Pts',(-36.4293979685606,-9.00000013411045,-2.77555756156289E-16));
#4342=CARTESIAN_POINT('Ctrl Pts',(-31.0752861606786,-9.20000008940697,-1.86666658769051));
#4343=CARTESIAN_POINT('Ctrl Pts',(-25.7211743527967,-9.40000004470348,-3.73333317538103));
#4344=CARTESIAN_POINT('Ctrl Pts',(-20.3670625449147,-9.6,-5.59999976307154));
#4345=CARTESIAN_POINT('Ctrl Pts',(-36.4293979685606,-9.20000008940697,0.76666663835446));
#4346=CARTESIAN_POINT('Ctrl Pts',(-31.0752861606786,-9.33333339293798,-0.477777753439214));
#4347=CARTESIAN_POINT('Ctrl Pts',(-25.7211743527967,-9.46666669646899,-1.72222214523289));
#4348=CARTESIAN_POINT('Ctrl Pts',(-20.3670625449147,-9.6,-2.96666653702657));
#4349=CARTESIAN_POINT('Ctrl Pts',(-36.4293979685606,-9.40000004470349,1.53333327670892));
#4350=CARTESIAN_POINT('Ctrl Pts',(-31.0752861606786,-9.46666669646899,0.911111080812083));
#4351=CARTESIAN_POINT('Ctrl Pts',(-25.7211743527967,-9.53333334823449,0.288888884915247));
#4352=CARTESIAN_POINT('Ctrl Pts',(-20.3670625449147,-9.6,-0.333333310981592));
#4353=CARTESIAN_POINT('Ctrl Pts',(-36.4293979685606,-9.6,2.29999991506338));
#4354=CARTESIAN_POINT('Ctrl Pts',(-31.0752861606786,-9.6,2.29999991506338));
#4355=CARTESIAN_POINT('Ctrl Pts',(-25.7211743527967,-9.6,2.29999991506338));
#4356=CARTESIAN_POINT('Ctrl Pts',(-20.3670625449147,-9.6,2.29999991506338));
#4357=CARTESIAN_POINT('',(-36.4293979685606,-9.6,2.29999991506338));
#4358=CARTESIAN_POINT('',(-36.4293979685606,-9.6,2.29999991506338));
#4359=CARTESIAN_POINT('',(-36.4293979685606,-9.6,2.29999991506338));
#4360=CARTESIAN_POINT('Origin',(-36.4293979685606,-9.6,2.29999991506338));
#4361=CARTESIAN_POINT('',(-36.4293979685606,0.,2.29999991506338));
#4362=CARTESIAN_POINT('Origin',(-36.4293979685606,-1.11022302462516E-15,
-10.5999997630715));
#4363=CARTESIAN_POINT('',(-36.4293979685606,-7.00000010430813,-10.5999997630715));
#4364=CARTESIAN_POINT('Origin',(-38.6999990902841,0.,0.0700000033248216));
#4365=CARTESIAN_POINT('',(-38.6999990902841,-9.39999978989363,0.0700000033248216));
#4366=CARTESIAN_POINT('',(-38.6999990902841,0.,0.0700000033248216));
#4367=CARTESIAN_POINT('',(-38.6999990902841,-9.39999978989363,0.0700000033248216));
#4368=CARTESIAN_POINT('Origin',(-38.6999990902841,-9.39999978989363,0.0700000033248216));
#4369=CARTESIAN_POINT('',(-38.6999990902841,-9.39999978989363,1.63322284982725));
#4370=CARTESIAN_POINT('',(-38.6999990902841,-9.39999978989363,0.0700000033248216));
#4371=CARTESIAN_POINT('',(-38.6999990902841,-9.39999978989363,1.63322284982725));
#4372=CARTESIAN_POINT('Ctrl Pts',(-38.6999990902841,-9.39999978989363,1.63322284982725));
#4373=CARTESIAN_POINT('Ctrl Pts',(-37.9431320497096,-8.59999989469846,-0.577851458283768));
#4374=CARTESIAN_POINT('Ctrl Pts',(-37.1862650091351,-7.79999999950329,-2.78892576639479));
#4375=CARTESIAN_POINT('Ctrl Pts',(-36.4293979685606,-7.00000010430813,-5.00000007450581));
#4376=CARTESIAN_POINT('Ctrl Pts',(-38.6999990902841,-9.39999978989363,2.1343069719879));
#4377=CARTESIAN_POINT('Ctrl Pts',(-37.9431320497096,-8.82222212023205,0.311760186990647));
#4378=CARTESIAN_POINT('Ctrl Pts',(-37.1862650091351,-8.24444445057048,-1.51078659800661));
#4379=CARTESIAN_POINT('Ctrl Pts',(-36.4293979685606,-7.6666667809089,-3.33333338300387));
#4380=CARTESIAN_POINT('Ctrl Pts',(-38.6999990902841,-9.39999978989363,2.63539109414855));
#4381=CARTESIAN_POINT('Ctrl Pts',(-37.9431320497096,-9.04444434576564,1.20137183226506));
#4382=CARTESIAN_POINT('Ctrl Pts',(-37.1862650091351,-8.68888890163766,-0.232647429618437));
#4383=CARTESIAN_POINT('Ctrl Pts',(-36.4293979685606,-8.33333345750968,-1.66666669150194));
#4384=CARTESIAN_POINT('Ctrl Pts',(-38.6999990902841,-9.39999978989363,3.13647521630921));
#4385=CARTESIAN_POINT('Ctrl Pts',(-37.9431320497096,-9.26666657129923,2.09098347753947));
#4386=CARTESIAN_POINT('Ctrl Pts',(-37.1862650091351,-9.13333335270484,1.04549173876973));
#4387=CARTESIAN_POINT('Ctrl Pts',(-36.4293979685606,-9.00000013411045,-1.03081620004859E-15));
#4388=CARTESIAN_POINT('',(-38.6999990902841,-9.39999978989363,3.13647521630921));
#4389=CARTESIAN_POINT('',(-38.6999990902841,-9.39999978989363,0.0700000033248216));
#4390=CARTESIAN_POINT('',(-38.6999990902841,-9.39999978989363,3.13647521630921));
#4391=CARTESIAN_POINT('Ctrl Pts',(-38.6999990902841,-9.39999978989363,3.13647521630921));
#4392=CARTESIAN_POINT('Ctrl Pts',(-37.9431320497096,-9.26666657129924,2.09098347753947));
#4393=CARTESIAN_POINT('Ctrl Pts',(-37.1862650091351,-9.13333335270484,1.04549173876974));
#4394=CARTESIAN_POINT('Ctrl Pts',(-36.4293979685606,-9.00000013411045,-2.77555756156289E-16));
#4395=CARTESIAN_POINT('Ctrl Pts',(-38.6999990902841,-9.39999978989363,3.35765011589393));
#4396=CARTESIAN_POINT('Ctrl Pts',(-37.9431320497096,-9.33333322306474,2.49398895671411));
#4397=CARTESIAN_POINT('Ctrl Pts',(-37.1862650091351,-9.26666665623586,1.63032779753428));
#4398=CARTESIAN_POINT('Ctrl Pts',(-36.4293979685606,-9.20000008940697,0.76666663835446));
#4399=CARTESIAN_POINT('Ctrl Pts',(-38.6999990902841,-9.39999978989363,3.57882501547866));
#4400=CARTESIAN_POINT('Ctrl Pts',(-37.9431320497096,-9.39999987483025,2.89699443588874));
#4401=CARTESIAN_POINT('Ctrl Pts',(-37.1862650091351,-9.39999995976686,2.21516385629883));
#4402=CARTESIAN_POINT('Ctrl Pts',(-36.4293979685606,-9.40000004470349,1.53333327670892));
#4403=CARTESIAN_POINT('Ctrl Pts',(-38.6999990902841,-9.39999978989363,3.79999991506338));
#4404=CARTESIAN_POINT('Ctrl Pts',(-37.9431320497096,-9.46666652659575,3.29999991506338));
#4405=CARTESIAN_POINT('Ctrl Pts',(-37.1862650091351,-9.53333326329788,2.79999991506338));
#4406=CARTESIAN_POINT('Ctrl Pts',(-36.4293979685606,-9.6,2.29999991506338));
#4407=CARTESIAN_POINT('',(-38.6999990902841,-9.39999978989363,3.79999991506338));
#4408=CARTESIAN_POINT('',(-38.6999990902841,-9.39999978989363,3.57882446990227));
#4409=CARTESIAN_POINT('',(-38.6999990902841,-9.39999978989363,0.0700000033248216));
#4410=CARTESIAN_POINT('',(-38.6999990902841,-9.39999978989363,0.0700000033248216));
#4411=CARTESIAN_POINT('',(-38.6999990902841,-9.39999978989363,3.79999991506338));
#4412=CARTESIAN_POINT('Origin',(-38.6999990902841,-9.39999978989363,3.79999991506338));
#4413=CARTESIAN_POINT('',(-38.6999990902841,-9.39999978989363,3.79999991506338));
#4414=CARTESIAN_POINT('Origin',(-40.6999990902841,-4.7,3.77500017930288));
#4415=CARTESIAN_POINT('',(-40.6999990902841,-9.4,3.75000017811544));
#4416=CARTESIAN_POINT('',(-40.6999990902841,-9.4,3.75000017811544));
#4417=CARTESIAN_POINT('',(-40.6999990902841,-9.4,3.80000018049031));
#4418=CARTESIAN_POINT('',(-40.6999990902841,-9.4,3.80000018049031));
#4419=CARTESIAN_POINT('',(-40.6999990902841,0.,3.80000018049031));
#4420=CARTESIAN_POINT('Origin',(-40.6999990902841,0.,3.80000018049031));
#4421=CARTESIAN_POINT('',(-40.6999990902841,-9.4,3.80000018049031));
#4422=CARTESIAN_POINT('Origin',(-40.6999990902841,-9.4,3.80000018049031));
#4423=CARTESIAN_POINT('',(-40.6999990902841,-9.4,3.75000017811544));
#4424=CARTESIAN_POINT('Origin',(-40.6999990902841,-9.4,3.75000017811544));
#4425=UNCERTAINTY_MEASURE_WITH_UNIT(LENGTH_MEASURE(0.01),#4429,
'DISTANCE_ACCURACY_VALUE',
'Maximum model space distance between geometric entities at asserted c
onnectivities');
#4426=UNCERTAINTY_MEASURE_WITH_UNIT(LENGTH_MEASURE(0.01),#4429,
'DISTANCE_ACCURACY_VALUE',
'Maximum model space distance between geometric entities at asserted c
onnectivities');
#4427=(
GEOMETRIC_REPRESENTATION_CONTEXT(3)
GLOBAL_UNCERTAINTY_ASSIGNED_CONTEXT((#4425))
GLOBAL_UNIT_ASSIGNED_CONTEXT((#4429,#4431,#4432))
REPRESENTATION_CONTEXT('','3D')
);
#4428=(
GEOMETRIC_REPRESENTATION_CONTEXT(3)
GLOBAL_UNCERTAINTY_ASSIGNED_CONTEXT((#4426))
GLOBAL_UNIT_ASSIGNED_CONTEXT((#4429,#4431,#4432))
REPRESENTATION_CONTEXT('','3D')
);
#4429=(
LENGTH_UNIT()
NAMED_UNIT(*)
SI_UNIT(.MILLI.,.METRE.)
);
#4430=(
LENGTH_UNIT()
NAMED_UNIT(*)
SI_UNIT($,.METRE.)
);
#4431=(
NAMED_UNIT(*)
PLANE_ANGLE_UNIT()
SI_UNIT($,.RADIAN.)
);
#4432=(
NAMED_UNIT(*)
SI_UNIT($,.STERADIAN.)
SOLID_ANGLE_UNIT()
);
#4433=SHAPE_DEFINITION_REPRESENTATION(#4434,#4435);
#4434=PRODUCT_DEFINITION_SHAPE('',$,#4437);
#4435=SHAPE_REPRESENTATION('',(#2223),#4427);
#4436=PRODUCT_DEFINITION_CONTEXT('part definition',#4441,'design');
#4437=PRODUCT_DEFINITION('sar_brage','sar_brage',#4438,#4436);
#4438=PRODUCT_DEFINITION_FORMATION('',$,#4443);
#4439=PRODUCT_RELATED_PRODUCT_CATEGORY('sar_brage','sar_brage',(#4443));
#4440=APPLICATION_PROTOCOL_DEFINITION('international standard',
'automotive_design',2009,#4441);
#4441=APPLICATION_CONTEXT(
'Core Data for Automotive Mechanical Design Process');
#4442=PRODUCT_CONTEXT('part definition',#4441,'mechanical');
#4443=PRODUCT('sar_brage','sar_brage',$,(#4442));
#4444=PRESENTATION_STYLE_ASSIGNMENT((#4445));
#4445=SURFACE_STYLE_USAGE(.BOTH.,#4446);
#4446=SURFACE_SIDE_STYLE('',(#4447));
#4447=SURFACE_STYLE_FILL_AREA(#4448);
#4448=FILL_AREA_STYLE(
'PA 11 - Nylon- HP 11-30 (with EOS P 396 3D Printer)',(#4449));
#4449=FILL_AREA_STYLE_COLOUR(
'PA 11 - Nylon- HP 11-30 (with EOS P 396 3D Printer)',#4450);
#4450=COLOUR_RGB('PA 11 - Nylon- HP 11-30 (with EOS P 396 3D Printer)',
0.247058823529412,0.247058823529412,0.247058823529412);
ENDSEC;
END-ISO-10303-21;
