ISO-10303-21;
HEADER;
/* Generated by software containing ST-Developer
 * from STEP Tools, Inc. (www.steptools.com) 
 */

FILE_DESCRIPTION(
/* description */ ('STEP AP214'),
/* implementation_level */ '2;1');

FILE_NAME(
/* name */ 'rsb-01_axis-main.step',
/* time_stamp */ '2026-07-31T10:00:36+02:00',
/* author */ (''),
/* organization */ (''),
/* preprocessor_version */ 'ST-DEVELOPER v20.1',
/* originating_system */ 'Autodesk Translation Framework v15.8.0.0',
/* authorisation */ '');

FILE_SCHEMA (('AUTOMOTIVE_DESIGN { 1 0 10303 214 3 1 1 }'));
ENDSEC;

DATA;
#10=MECHANICAL_DESIGN_GEOMETRIC_PRESENTATION_REPRESENTATION('',(#13),#2013);
#11=SHAPE_REPRESENTATION_RELATIONSHIP('SRR','None',#2020,#12);
#12=ADVANCED_BREP_SHAPE_REPRESENTATION('',(#14),#2012);
#13=STYLED_ITEM('',(#2030),#14);
#14=MANIFOLD_SOLID_BREP('Body1',#1150);
#15=FACE_BOUND('',#143,.T.);
#16=FACE_BOUND('',#145,.T.);
#17=FACE_BOUND('',#148,.T.);
#18=FACE_BOUND('',#201,.T.);
#19=FACE_BOUND('',#202,.T.);
#20=FACE_BOUND('',#203,.T.);
#21=FACE_BOUND('',#204,.T.);
#22=FACE_BOUND('',#217,.T.);
#23=FACE_BOUND('',#218,.T.);
#24=FACE_BOUND('',#219,.T.);
#25=FACE_BOUND('',#220,.T.);
#26=PLANE('',#1173);
#27=PLANE('',#1174);
#28=PLANE('',#1179);
#29=PLANE('',#1185);
#30=PLANE('',#1192);
#31=PLANE('',#1193);
#32=PLANE('',#1203);
#33=PLANE('',#1210);
#34=PLANE('',#1220);
#35=PLANE('',#1230);
#36=PLANE('',#1231);
#37=PLANE('',#1238);
#38=PLANE('',#1239);
#39=PLANE('',#1258);
#40=PLANE('',#1259);
#41=PLANE('',#1271);
#42=PLANE('',#1272);
#43=PLANE('',#1273);
#44=PLANE('',#1274);
#45=PLANE('',#1275);
#46=PLANE('',#1276);
#47=PLANE('',#1278);
#48=PLANE('',#1305);
#49=CYLINDRICAL_SURFACE('',#1171,13.8);
#50=CYLINDRICAL_SURFACE('',#1177,24.8);
#51=CYLINDRICAL_SURFACE('',#1180,13.8);
#52=CYLINDRICAL_SURFACE('',#1260,15.);
#53=CYLINDRICAL_SURFACE('',#1261,15.);
#54=CYLINDRICAL_SURFACE('',#1262,15.);
#55=CYLINDRICAL_SURFACE('',#1263,15.);
#56=CYLINDRICAL_SURFACE('',#1264,15.);
#57=CYLINDRICAL_SURFACE('',#1265,15.);
#58=CYLINDRICAL_SURFACE('',#1266,10.5);
#59=CYLINDRICAL_SURFACE('',#1268,10.5);
#60=CYLINDRICAL_SURFACE('',#1270,10.5);
#61=CYLINDRICAL_SURFACE('',#1277,15.75);
#62=CYLINDRICAL_SURFACE('',#1284,15.75);
#63=CYLINDRICAL_SURFACE('',#1285,15.75);
#64=CYLINDRICAL_SURFACE('',#1286,2.4);
#65=CYLINDRICAL_SURFACE('',#1289,2.4);
#66=CYLINDRICAL_SURFACE('',#1292,2.4);
#67=CYLINDRICAL_SURFACE('',#1304,9.);
#68=FACE_OUTER_BOUND('',#139,.T.);
#69=FACE_OUTER_BOUND('',#140,.T.);
#70=FACE_OUTER_BOUND('',#141,.T.);
#71=FACE_OUTER_BOUND('',#142,.T.);
#72=FACE_OUTER_BOUND('',#144,.T.);
#73=FACE_OUTER_BOUND('',#146,.T.);
#74=FACE_OUTER_BOUND('',#147,.T.);
#75=FACE_OUTER_BOUND('',#149,.T.);
#76=FACE_OUTER_BOUND('',#150,.T.);
#77=FACE_OUTER_BOUND('',#151,.T.);
#78=FACE_OUTER_BOUND('',#152,.T.);
#79=FACE_OUTER_BOUND('',#153,.T.);
#80=FACE_OUTER_BOUND('',#154,.T.);
#81=FACE_OUTER_BOUND('',#155,.T.);
#82=FACE_OUTER_BOUND('',#156,.T.);
#83=FACE_OUTER_BOUND('',#157,.T.);
#84=FACE_OUTER_BOUND('',#158,.T.);
#85=FACE_OUTER_BOUND('',#159,.T.);
#86=FACE_OUTER_BOUND('',#160,.T.);
#87=FACE_OUTER_BOUND('',#161,.T.);
#88=FACE_OUTER_BOUND('',#162,.T.);
#89=FACE_OUTER_BOUND('',#163,.T.);
#90=FACE_OUTER_BOUND('',#164,.T.);
#91=FACE_OUTER_BOUND('',#165,.T.);
#92=FACE_OUTER_BOUND('',#166,.T.);
#93=FACE_OUTER_BOUND('',#167,.T.);
#94=FACE_OUTER_BOUND('',#168,.T.);
#95=FACE_OUTER_BOUND('',#169,.T.);
#96=FACE_OUTER_BOUND('',#170,.T.);
#97=FACE_OUTER_BOUND('',#171,.T.);
#98=FACE_OUTER_BOUND('',#172,.T.);
#99=FACE_OUTER_BOUND('',#173,.T.);
#100=FACE_OUTER_BOUND('',#174,.T.);
#101=FACE_OUTER_BOUND('',#175,.T.);
#102=FACE_OUTER_BOUND('',#176,.T.);
#103=FACE_OUTER_BOUND('',#177,.T.);
#104=FACE_OUTER_BOUND('',#178,.T.);
#105=FACE_OUTER_BOUND('',#179,.T.);
#106=FACE_OUTER_BOUND('',#180,.T.);
#107=FACE_OUTER_BOUND('',#181,.T.);
#108=FACE_OUTER_BOUND('',#182,.T.);
#109=FACE_OUTER_BOUND('',#183,.T.);
#110=FACE_OUTER_BOUND('',#184,.T.);
#111=FACE_OUTER_BOUND('',#185,.T.);
#112=FACE_OUTER_BOUND('',#186,.T.);
#113=FACE_OUTER_BOUND('',#187,.T.);
#114=FACE_OUTER_BOUND('',#188,.T.);
#115=FACE_OUTER_BOUND('',#189,.T.);
#116=FACE_OUTER_BOUND('',#190,.T.);
#117=FACE_OUTER_BOUND('',#191,.T.);
#118=FACE_OUTER_BOUND('',#192,.T.);
#119=FACE_OUTER_BOUND('',#193,.T.);
#120=FACE_OUTER_BOUND('',#194,.T.);
#121=FACE_OUTER_BOUND('',#195,.T.);
#122=FACE_OUTER_BOUND('',#196,.T.);
#123=FACE_OUTER_BOUND('',#197,.T.);
#124=FACE_OUTER_BOUND('',#198,.T.);
#125=FACE_OUTER_BOUND('',#199,.T.);
#126=FACE_OUTER_BOUND('',#200,.T.);
#127=FACE_OUTER_BOUND('',#205,.T.);
#128=FACE_OUTER_BOUND('',#206,.T.);
#129=FACE_OUTER_BOUND('',#207,.T.);
#130=FACE_OUTER_BOUND('',#208,.T.);
#131=FACE_OUTER_BOUND('',#209,.T.);
#132=FACE_OUTER_BOUND('',#210,.T.);
#133=FACE_OUTER_BOUND('',#211,.T.);
#134=FACE_OUTER_BOUND('',#212,.T.);
#135=FACE_OUTER_BOUND('',#213,.T.);
#136=FACE_OUTER_BOUND('',#214,.T.);
#137=FACE_OUTER_BOUND('',#215,.T.);
#138=FACE_OUTER_BOUND('',#216,.T.);
#139=EDGE_LOOP('',(#728,#729,#730,#731));
#140=EDGE_LOOP('',(#732,#733,#734,#735,#736));
#141=EDGE_LOOP('',(#737,#738,#739,#740));
#142=EDGE_LOOP('',(#741));
#143=EDGE_LOOP('',(#742));
#144=EDGE_LOOP('',(#743));
#145=EDGE_LOOP('',(#744));
#146=EDGE_LOOP('',(#745,#746,#747,#748));
#147=EDGE_LOOP('',(#749));
#148=EDGE_LOOP('',(#750));
#149=EDGE_LOOP('',(#751,#752,#753,#754));
#150=EDGE_LOOP('',(#755,#756,#757,#758));
#151=EDGE_LOOP('',(#759,#760,#761,#762));
#152=EDGE_LOOP('',(#763,#764,#765,#766));
#153=EDGE_LOOP('',(#767,#768,#769,#770));
#154=EDGE_LOOP('',(#771,#772,#773,#774));
#155=EDGE_LOOP('',(#775,#776,#777,#778));
#156=EDGE_LOOP('',(#779,#780,#781,#782));
#157=EDGE_LOOP('',(#783,#784,#785,#786));
#158=EDGE_LOOP('',(#787,#788,#789,#790));
#159=EDGE_LOOP('',(#791,#792,#793,#794));
#160=EDGE_LOOP('',(#795,#796,#797,#798));
#161=EDGE_LOOP('',(#799,#800,#801,#802));
#162=EDGE_LOOP('',(#803,#804,#805,#806));
#163=EDGE_LOOP('',(#807,#808,#809,#810));
#164=EDGE_LOOP('',(#811,#812,#813,#814));
#165=EDGE_LOOP('',(#815,#816,#817,#818));
#166=EDGE_LOOP('',(#819,#820,#821,#822));
#167=EDGE_LOOP('',(#823,#824,#825,#826));
#168=EDGE_LOOP('',(#827,#828,#829,#830));
#169=EDGE_LOOP('',(#831,#832,#833,#834));
#170=EDGE_LOOP('',(#835,#836,#837,#838));
#171=EDGE_LOOP('',(#839,#840,#841,#842));
#172=EDGE_LOOP('',(#843,#844,#845,#846));
#173=EDGE_LOOP('',(#847,#848,#849,#850));
#174=EDGE_LOOP('',(#851,#852,#853,#854));
#175=EDGE_LOOP('',(#855,#856,#857,#858));
#176=EDGE_LOOP('',(#859,#860,#861,#862));
#177=EDGE_LOOP('',(#863,#864,#865,#866));
#178=EDGE_LOOP('',(#867,#868,#869,#870));
#179=EDGE_LOOP('',(#871,#872,#873,#874));
#180=EDGE_LOOP('',(#875,#876,#877,#878));
#181=EDGE_LOOP('',(#879,#880,#881,#882));
#182=EDGE_LOOP('',(#883,#884,#885,#886));
#183=EDGE_LOOP('',(#887,#888,#889,#890));
#184=EDGE_LOOP('',(#891,#892,#893,#894));
#185=EDGE_LOOP('',(#895,#896,#897,#898));
#186=EDGE_LOOP('',(#899,#900,#901,#902));
#187=EDGE_LOOP('',(#903,#904,#905,#906));
#188=EDGE_LOOP('',(#907,#908,#909,#910));
#189=EDGE_LOOP('',(#911,#912,#913,#914));
#190=EDGE_LOOP('',(#915,#916,#917,#918));
#191=EDGE_LOOP('',(#919,#920,#921,#922));
#192=EDGE_LOOP('',(#923,#924,#925,#926));
#193=EDGE_LOOP('',(#927,#928,#929,#930));
#194=EDGE_LOOP('',(#931,#932,#933,#934));
#195=EDGE_LOOP('',(#935,#936,#937,#938));
#196=EDGE_LOOP('',(#939,#940,#941,#942));
#197=EDGE_LOOP('',(#943,#944,#945,#946));
#198=EDGE_LOOP('',(#947,#948,#949,#950));
#199=EDGE_LOOP('',(#951,#952,#953,#954));
#200=EDGE_LOOP('',(#955,#956,#957,#958,#959,#960,#961,#962,#963,#964,#965,
#966,#967,#968,#969,#970,#971,#972));
#201=EDGE_LOOP('',(#973));
#202=EDGE_LOOP('',(#974));
#203=EDGE_LOOP('',(#975));
#204=EDGE_LOOP('',(#976));
#205=EDGE_LOOP('',(#977,#978,#979,#980));
#206=EDGE_LOOP('',(#981,#982,#983,#984));
#207=EDGE_LOOP('',(#985,#986,#987,#988,#989));
#208=EDGE_LOOP('',(#990,#991,#992,#993,#994));
#209=EDGE_LOOP('',(#995,#996,#997,#998,#999));
#210=EDGE_LOOP('',(#1000,#1001,#1002,#1003,#1004));
#211=EDGE_LOOP('',(#1005,#1006,#1007,#1008,#1009));
#212=EDGE_LOOP('',(#1010,#1011,#1012,#1013,#1014));
#213=EDGE_LOOP('',(#1015,#1016,#1017,#1018));
#214=EDGE_LOOP('',(#1019,#1020,#1021,#1022));
#215=EDGE_LOOP('',(#1023,#1024,#1025,#1026,#1027));
#216=EDGE_LOOP('',(#1028,#1029,#1030,#1031,#1032,#1033,#1034,#1035,#1036,
#1037,#1038,#1039,#1040,#1041,#1042,#1043,#1044,#1045));
#217=EDGE_LOOP('',(#1046));
#218=EDGE_LOOP('',(#1047));
#219=EDGE_LOOP('',(#1048));
#220=EDGE_LOOP('',(#1049));
#221=LINE('',#1687,#311);
#222=LINE('',#1694,#312);
#223=LINE('',#1700,#313);
#224=LINE('',#1709,#314);
#225=LINE('',#1715,#315);
#226=LINE('',#1719,#316);
#227=LINE('',#1723,#317);
#228=LINE('',#1728,#318);
#229=LINE('',#1729,#319);
#230=LINE('',#1730,#320);
#231=LINE('',#1734,#321);
#232=LINE('',#1740,#322);
#233=LINE('',#1746,#323);
#234=LINE('',#1747,#324);
#235=LINE('',#1748,#325);
#236=LINE('',#1752,#326);
#237=LINE('',#1754,#327);
#238=LINE('',#1756,#328);
#239=LINE('',#1757,#329);
#240=LINE('',#1761,#330);
#241=LINE('',#1767,#331);
#242=LINE('',#1773,#332);
#243=LINE('',#1779,#333);
#244=LINE('',#1780,#334);
#245=LINE('',#1781,#335);
#246=LINE('',#1785,#336);
#247=LINE('',#1791,#337);
#248=LINE('',#1797,#338);
#249=LINE('',#1798,#339);
#250=LINE('',#1799,#340);
#251=LINE('',#1803,#341);
#252=LINE('',#1809,#342);
#253=LINE('',#1815,#343);
#254=LINE('',#1819,#344);
#255=LINE('',#1820,#345);
#256=LINE('',#1824,#346);
#257=LINE('',#1828,#347);
#258=LINE('',#1833,#348);
#259=LINE('',#1839,#349);
#260=LINE('',#1845,#350);
#261=LINE('',#1846,#351);
#262=LINE('',#1847,#352);
#263=LINE('',#1851,#353);
#264=LINE('',#1852,#354);
#265=LINE('',#1853,#355);
#266=LINE('',#1857,#356);
#267=LINE('',#1863,#357);
#268=LINE('',#1869,#358);
#269=LINE('',#1870,#359);
#270=LINE('',#1871,#360);
#271=LINE('',#1875,#361);
#272=LINE('',#1876,#362);
#273=LINE('',#1877,#363);
#274=LINE('',#1881,#364);
#275=LINE('',#1887,#365);
#276=LINE('',#1893,#366);
#277=LINE('',#1899,#367);
#278=LINE('',#1905,#368);
#279=LINE('',#1911,#369);
#280=LINE('',#1917,#370);
#281=LINE('',#1918,#371);
#282=LINE('',#1919,#372);
#283=LINE('',#1923,#373);
#284=LINE('',#1924,#374);
#285=LINE('',#1925,#375);
#286=LINE('',#1927,#376);
#287=LINE('',#1928,#377);
#288=LINE('',#1930,#378);
#289=LINE('',#1931,#379);
#290=LINE('',#1933,#380);
#291=LINE('',#1934,#381);
#292=LINE('',#1936,#382);
#293=LINE('',#1937,#383);
#294=LINE('',#1939,#384);
#295=LINE('',#1940,#385);
#296=LINE('',#1942,#386);
#297=LINE('',#1943,#387);
#298=LINE('',#1945,#388);
#299=LINE('',#1947,#389);
#300=LINE('',#1949,#390);
#301=LINE('',#1950,#391);
#302=LINE('',#1953,#392);
#303=LINE('',#1954,#393);
#304=LINE('',#1979,#394);
#305=LINE('',#1985,#395);
#306=LINE('',#1991,#396);
#307=LINE('',#1994,#397);
#308=LINE('',#1998,#398);
#309=LINE('',#2002,#399);
#310=LINE('',#2008,#400);
#311=VECTOR('',#1312,12.);
#312=VECTOR('',#1319,8.4);
#313=VECTOR('',#1328,12.);
#314=VECTOR('',#1339,13.8);
#315=VECTOR('',#1348,13.8);
#316=VECTOR('',#1351,1500.);
#317=VECTOR('',#1354,1500.);
#318=VECTOR('',#1359,1500.);
#319=VECTOR('',#1360,1500.);
#320=VECTOR('',#1361,1500.);
#321=VECTOR('',#1364,1500.);
#322=VECTOR('',#1371,1500.);
#323=VECTOR('',#1378,1500.);
#324=VECTOR('',#1379,1500.);
#325=VECTOR('',#1380,1500.);
#326=VECTOR('',#1383,1500.);
#327=VECTOR('',#1384,1500.);
#328=VECTOR('',#1385,1500.);
#329=VECTOR('',#1386,1500.);
#330=VECTOR('',#1389,1500.);
#331=VECTOR('',#1396,1500.);
#332=VECTOR('',#1403,1500.);
#333=VECTOR('',#1410,1500.);
#334=VECTOR('',#1411,1500.);
#335=VECTOR('',#1412,1500.);
#336=VECTOR('',#1415,1500.);
#337=VECTOR('',#1422,1500.);
#338=VECTOR('',#1429,1500.);
#339=VECTOR('',#1430,1500.);
#340=VECTOR('',#1431,1500.);
#341=VECTOR('',#1434,1500.);
#342=VECTOR('',#1441,1500.);
#343=VECTOR('',#1448,1500.);
#344=VECTOR('',#1455,1500.);
#345=VECTOR('',#1456,1500.);
#346=VECTOR('',#1459,1500.);
#347=VECTOR('',#1462,1500.);
#348=VECTOR('',#1467,1500.);
#349=VECTOR('',#1474,1500.);
#350=VECTOR('',#1481,1500.);
#351=VECTOR('',#1482,1500.);
#352=VECTOR('',#1483,1500.);
#353=VECTOR('',#1486,1500.);
#354=VECTOR('',#1487,1500.);
#355=VECTOR('',#1488,1500.);
#356=VECTOR('',#1491,1500.);
#357=VECTOR('',#1498,1500.);
#358=VECTOR('',#1505,1500.);
#359=VECTOR('',#1506,1500.);
#360=VECTOR('',#1507,1500.);
#361=VECTOR('',#1510,1500.);
#362=VECTOR('',#1511,1500.);
#363=VECTOR('',#1512,1500.);
#364=VECTOR('',#1515,1500.);
#365=VECTOR('',#1522,1500.);
#366=VECTOR('',#1529,1500.);
#367=VECTOR('',#1536,1500.);
#368=VECTOR('',#1543,1500.);
#369=VECTOR('',#1550,1500.);
#370=VECTOR('',#1557,1500.);
#371=VECTOR('',#1558,1500.);
#372=VECTOR('',#1559,1500.);
#373=VECTOR('',#1562,1500.);
#374=VECTOR('',#1563,1500.);
#375=VECTOR('',#1564,1500.);
#376=VECTOR('',#1567,1500.);
#377=VECTOR('',#1568,1500.);
#378=VECTOR('',#1571,1500.);
#379=VECTOR('',#1572,1500.);
#380=VECTOR('',#1575,1500.);
#381=VECTOR('',#1576,1500.);
#382=VECTOR('',#1579,1500.);
#383=VECTOR('',#1580,1500.);
#384=VECTOR('',#1583,1500.);
#385=VECTOR('',#1584,1500.);
#386=VECTOR('',#1587,1500.);
#387=VECTOR('',#1588,1500.);
#388=VECTOR('',#1591,1500.);
#389=VECTOR('',#1594,1500.);
#390=VECTOR('',#1597,1500.);
#391=VECTOR('',#1598,1500.);
#392=VECTOR('',#1603,1500.);
#393=VECTOR('',#1604,1500.);
#394=VECTOR('',#1641,2.4);
#395=VECTOR('',#1648,2.4);
#396=VECTOR('',#1655,2.4);
#397=VECTOR('',#1658,3.89999999999999);
#398=VECTOR('',#1663,3.89999999999999);
#399=VECTOR('',#1668,3.89999999999999);
#400=VECTOR('',#1679,9.);
#401=CIRCLE('',#1165,13.8);
#402=CIRCLE('',#1166,10.8);
#403=CIRCLE('',#1168,9.);
#404=CIRCLE('',#1169,9.60000000000002);
#405=CIRCLE('',#1170,9.);
#406=CIRCLE('',#1172,13.8);
#407=CIRCLE('',#1175,24.8);
#408=CIRCLE('',#1176,13.8);
#409=CIRCLE('',#1178,24.8);
#410=CIRCLE('',#1181,13.8);
#411=CIRCLE('',#1183,15.);
#412=CIRCLE('',#1184,16.2);
#413=CIRCLE('',#1187,15.75);
#414=CIRCLE('',#1188,14.55);
#415=CIRCLE('',#1190,15.);
#416=CIRCLE('',#1191,16.2);
#417=CIRCLE('',#1195,16.2);
#418=CIRCLE('',#1196,15.);
#419=CIRCLE('',#1198,10.5);
#420=CIRCLE('',#1199,9.3);
#421=CIRCLE('',#1201,14.55);
#422=CIRCLE('',#1202,15.75);
#423=CIRCLE('',#1205,16.2);
#424=CIRCLE('',#1206,15.);
#425=CIRCLE('',#1208,15.);
#426=CIRCLE('',#1209,16.2);
#427=CIRCLE('',#1212,15.75);
#428=CIRCLE('',#1213,14.55);
#429=CIRCLE('',#1215,15.);
#430=CIRCLE('',#1216,16.2);
#431=CIRCLE('',#1218,9.3);
#432=CIRCLE('',#1219,10.5);
#433=CIRCLE('',#1222,15.75);
#434=CIRCLE('',#1223,14.55);
#435=CIRCLE('',#1225,16.2);
#436=CIRCLE('',#1226,15.);
#437=CIRCLE('',#1228,15.);
#438=CIRCLE('',#1229,16.2);
#439=CIRCLE('',#1233,9.30000000000002);
#440=CIRCLE('',#1234,10.5);
#441=CIRCLE('',#1236,10.5);
#442=CIRCLE('',#1237,9.30000000000002);
#443=CIRCLE('',#1241,16.2);
#444=CIRCLE('',#1242,15.);
#445=CIRCLE('',#1244,15.);
#446=CIRCLE('',#1245,16.2);
#447=CIRCLE('',#1247,14.55);
#448=CIRCLE('',#1248,15.75);
#449=CIRCLE('',#1250,15.75);
#450=CIRCLE('',#1251,14.55);
#451=CIRCLE('',#1253,16.2);
#452=CIRCLE('',#1254,15.);
#453=CIRCLE('',#1256,15.);
#454=CIRCLE('',#1257,16.2);
#455=CIRCLE('',#1267,10.5);
#456=CIRCLE('',#1269,10.5);
#457=CIRCLE('',#1279,9.30000000000002);
#458=CIRCLE('',#1280,9.);
#459=CIRCLE('',#1281,2.4);
#460=CIRCLE('',#1282,2.4);
#461=CIRCLE('',#1283,2.4);
#462=CIRCLE('',#1287,2.4);
#463=CIRCLE('',#1288,2.4);
#464=CIRCLE('',#1290,2.4);
#465=CIRCLE('',#1291,2.4);
#466=CIRCLE('',#1293,2.4);
#467=CIRCLE('',#1294,2.4);
#468=CIRCLE('',#1296,3.89999999999999);
#469=CIRCLE('',#1298,3.89999999999999);
#470=CIRCLE('',#1300,3.89999999999999);
#471=CIRCLE('',#1303,9.3);
#472=VERTEX_POINT('',#1684);
#473=VERTEX_POINT('',#1686);
#474=VERTEX_POINT('',#1690);
#475=VERTEX_POINT('',#1691);
#476=VERTEX_POINT('',#1693);
#477=VERTEX_POINT('',#1698);
#478=VERTEX_POINT('',#1703);
#479=VERTEX_POINT('',#1705);
#480=VERTEX_POINT('',#1708);
#481=VERTEX_POINT('',#1713);
#482=VERTEX_POINT('',#1717);
#483=VERTEX_POINT('',#1718);
#484=VERTEX_POINT('',#1720);
#485=VERTEX_POINT('',#1722);
#486=VERTEX_POINT('',#1726);
#487=VERTEX_POINT('',#1727);
#488=VERTEX_POINT('',#1732);
#489=VERTEX_POINT('',#1733);
#490=VERTEX_POINT('',#1738);
#491=VERTEX_POINT('',#1739);
#492=VERTEX_POINT('',#1744);
#493=VERTEX_POINT('',#1745);
#494=VERTEX_POINT('',#1750);
#495=VERTEX_POINT('',#1751);
#496=VERTEX_POINT('',#1753);
#497=VERTEX_POINT('',#1755);
#498=VERTEX_POINT('',#1759);
#499=VERTEX_POINT('',#1760);
#500=VERTEX_POINT('',#1765);
#501=VERTEX_POINT('',#1766);
#502=VERTEX_POINT('',#1771);
#503=VERTEX_POINT('',#1772);
#504=VERTEX_POINT('',#1777);
#505=VERTEX_POINT('',#1778);
#506=VERTEX_POINT('',#1783);
#507=VERTEX_POINT('',#1784);
#508=VERTEX_POINT('',#1789);
#509=VERTEX_POINT('',#1790);
#510=VERTEX_POINT('',#1795);
#511=VERTEX_POINT('',#1796);
#512=VERTEX_POINT('',#1801);
#513=VERTEX_POINT('',#1802);
#514=VERTEX_POINT('',#1807);
#515=VERTEX_POINT('',#1808);
#516=VERTEX_POINT('',#1813);
#517=VERTEX_POINT('',#1814);
#518=VERTEX_POINT('',#1822);
#519=VERTEX_POINT('',#1823);
#520=VERTEX_POINT('',#1825);
#521=VERTEX_POINT('',#1827);
#522=VERTEX_POINT('',#1831);
#523=VERTEX_POINT('',#1832);
#524=VERTEX_POINT('',#1837);
#525=VERTEX_POINT('',#1838);
#526=VERTEX_POINT('',#1843);
#527=VERTEX_POINT('',#1844);
#528=VERTEX_POINT('',#1849);
#529=VERTEX_POINT('',#1850);
#530=VERTEX_POINT('',#1855);
#531=VERTEX_POINT('',#1856);
#532=VERTEX_POINT('',#1861);
#533=VERTEX_POINT('',#1862);
#534=VERTEX_POINT('',#1867);
#535=VERTEX_POINT('',#1868);
#536=VERTEX_POINT('',#1873);
#537=VERTEX_POINT('',#1874);
#538=VERTEX_POINT('',#1879);
#539=VERTEX_POINT('',#1880);
#540=VERTEX_POINT('',#1885);
#541=VERTEX_POINT('',#1886);
#542=VERTEX_POINT('',#1891);
#543=VERTEX_POINT('',#1892);
#544=VERTEX_POINT('',#1897);
#545=VERTEX_POINT('',#1898);
#546=VERTEX_POINT('',#1903);
#547=VERTEX_POINT('',#1904);
#548=VERTEX_POINT('',#1909);
#549=VERTEX_POINT('',#1910);
#550=VERTEX_POINT('',#1915);
#551=VERTEX_POINT('',#1916);
#552=VERTEX_POINT('',#1921);
#553=VERTEX_POINT('',#1922);
#554=VERTEX_POINT('',#1964);
#555=VERTEX_POINT('',#1966);
#556=VERTEX_POINT('',#1968);
#557=VERTEX_POINT('',#1970);
#558=VERTEX_POINT('',#1975);
#559=VERTEX_POINT('',#1976);
#560=VERTEX_POINT('',#1981);
#561=VERTEX_POINT('',#1982);
#562=VERTEX_POINT('',#1987);
#563=VERTEX_POINT('',#1988);
#564=VERTEX_POINT('',#1993);
#565=VERTEX_POINT('',#1997);
#566=VERTEX_POINT('',#2001);
#567=EDGE_CURVE('',#472,#472,#401,.T.);
#568=EDGE_CURVE('',#472,#473,#221,.T.);
#569=EDGE_CURVE('',#473,#473,#402,.T.);
#570=EDGE_CURVE('',#474,#475,#403,.T.);
#571=EDGE_CURVE('',#475,#476,#222,.T.);
#572=EDGE_CURVE('',#476,#476,#404,.T.);
#573=EDGE_CURVE('',#475,#474,#405,.T.);
#574=EDGE_CURVE('',#477,#477,#406,.T.);
#575=EDGE_CURVE('',#477,#472,#223,.T.);
#576=EDGE_CURVE('',#478,#478,#407,.T.);
#577=EDGE_CURVE('',#479,#479,#408,.T.);
#578=EDGE_CURVE('',#478,#480,#224,.T.);
#579=EDGE_CURVE('',#480,#480,#409,.T.);
#580=EDGE_CURVE('',#481,#481,#410,.T.);
#581=EDGE_CURVE('',#481,#479,#225,.T.);
#582=EDGE_CURVE('',#482,#483,#226,.T.);
#583=EDGE_CURVE('',#484,#483,#411,.T.);
#584=EDGE_CURVE('',#484,#485,#227,.T.);
#585=EDGE_CURVE('',#482,#485,#412,.T.);
#586=EDGE_CURVE('',#486,#487,#228,.T.);
#587=EDGE_CURVE('',#485,#487,#229,.T.);
#588=EDGE_CURVE('',#486,#484,#230,.T.);
#589=EDGE_CURVE('',#488,#489,#231,.T.);
#590=EDGE_CURVE('',#483,#489,#413,.T.);
#591=EDGE_CURVE('',#488,#482,#414,.T.);
#592=EDGE_CURVE('',#490,#491,#232,.T.);
#593=EDGE_CURVE('',#489,#491,#415,.T.);
#594=EDGE_CURVE('',#490,#488,#416,.T.);
#595=EDGE_CURVE('',#492,#493,#233,.T.);
#596=EDGE_CURVE('',#491,#493,#234,.T.);
#597=EDGE_CURVE('',#492,#490,#235,.T.);
#598=EDGE_CURVE('',#494,#495,#236,.T.);
#599=EDGE_CURVE('',#496,#495,#237,.T.);
#600=EDGE_CURVE('',#497,#496,#238,.T.);
#601=EDGE_CURVE('',#494,#497,#239,.T.);
#602=EDGE_CURVE('',#498,#499,#240,.T.);
#603=EDGE_CURVE('',#495,#499,#417,.T.);
#604=EDGE_CURVE('',#498,#494,#418,.T.);
#605=EDGE_CURVE('',#500,#501,#241,.T.);
#606=EDGE_CURVE('',#493,#501,#419,.T.);
#607=EDGE_CURVE('',#500,#492,#420,.T.);
#608=EDGE_CURVE('',#502,#503,#242,.T.);
#609=EDGE_CURVE('',#499,#503,#421,.T.);
#610=EDGE_CURVE('',#502,#498,#422,.T.);
#611=EDGE_CURVE('',#504,#505,#243,.T.);
#612=EDGE_CURVE('',#501,#505,#244,.T.);
#613=EDGE_CURVE('',#504,#500,#245,.T.);
#614=EDGE_CURVE('',#506,#507,#246,.T.);
#615=EDGE_CURVE('',#503,#507,#423,.T.);
#616=EDGE_CURVE('',#506,#502,#424,.T.);
#617=EDGE_CURVE('',#508,#509,#247,.T.);
#618=EDGE_CURVE('',#505,#509,#425,.T.);
#619=EDGE_CURVE('',#508,#504,#426,.T.);
#620=EDGE_CURVE('',#510,#511,#248,.T.);
#621=EDGE_CURVE('',#507,#511,#249,.T.);
#622=EDGE_CURVE('',#510,#506,#250,.T.);
#623=EDGE_CURVE('',#512,#513,#251,.T.);
#624=EDGE_CURVE('',#509,#513,#427,.T.);
#625=EDGE_CURVE('',#512,#508,#428,.T.);
#626=EDGE_CURVE('',#514,#515,#252,.T.);
#627=EDGE_CURVE('',#513,#515,#429,.T.);
#628=EDGE_CURVE('',#514,#512,#430,.T.);
#629=EDGE_CURVE('',#516,#517,#253,.T.);
#630=EDGE_CURVE('',#511,#517,#431,.T.);
#631=EDGE_CURVE('',#516,#510,#432,.T.);
#632=EDGE_CURVE('',#517,#514,#254,.T.);
#633=EDGE_CURVE('',#515,#516,#255,.T.);
#634=EDGE_CURVE('',#518,#519,#256,.T.);
#635=EDGE_CURVE('',#520,#519,#433,.T.);
#636=EDGE_CURVE('',#520,#521,#257,.T.);
#637=EDGE_CURVE('',#518,#521,#434,.T.);
#638=EDGE_CURVE('',#522,#523,#258,.T.);
#639=EDGE_CURVE('',#521,#523,#435,.T.);
#640=EDGE_CURVE('',#522,#520,#436,.T.);
#641=EDGE_CURVE('',#524,#525,#259,.T.);
#642=EDGE_CURVE('',#519,#525,#437,.T.);
#643=EDGE_CURVE('',#524,#518,#438,.T.);
#644=EDGE_CURVE('',#526,#527,#260,.T.);
#645=EDGE_CURVE('',#523,#527,#261,.T.);
#646=EDGE_CURVE('',#526,#522,#262,.T.);
#647=EDGE_CURVE('',#528,#529,#263,.T.);
#648=EDGE_CURVE('',#525,#529,#264,.T.);
#649=EDGE_CURVE('',#528,#524,#265,.T.);
#650=EDGE_CURVE('',#530,#531,#266,.T.);
#651=EDGE_CURVE('',#527,#531,#439,.T.);
#652=EDGE_CURVE('',#530,#526,#440,.T.);
#653=EDGE_CURVE('',#532,#533,#267,.T.);
#654=EDGE_CURVE('',#529,#533,#441,.T.);
#655=EDGE_CURVE('',#532,#528,#442,.T.);
#656=EDGE_CURVE('',#534,#535,#268,.T.);
#657=EDGE_CURVE('',#531,#535,#269,.T.);
#658=EDGE_CURVE('',#534,#530,#270,.T.);
#659=EDGE_CURVE('',#536,#537,#271,.T.);
#660=EDGE_CURVE('',#533,#537,#272,.T.);
#661=EDGE_CURVE('',#536,#532,#273,.T.);
#662=EDGE_CURVE('',#538,#539,#274,.T.);
#663=EDGE_CURVE('',#535,#539,#443,.T.);
#664=EDGE_CURVE('',#538,#534,#444,.T.);
#665=EDGE_CURVE('',#540,#541,#275,.T.);
#666=EDGE_CURVE('',#537,#541,#445,.T.);
#667=EDGE_CURVE('',#540,#536,#446,.T.);
#668=EDGE_CURVE('',#542,#543,#276,.T.);
#669=EDGE_CURVE('',#539,#543,#447,.T.);
#670=EDGE_CURVE('',#542,#538,#448,.T.);
#671=EDGE_CURVE('',#544,#545,#277,.T.);
#672=EDGE_CURVE('',#541,#545,#449,.T.);
#673=EDGE_CURVE('',#544,#540,#450,.T.);
#674=EDGE_CURVE('',#546,#547,#278,.T.);
#675=EDGE_CURVE('',#543,#547,#451,.T.);
#676=EDGE_CURVE('',#546,#542,#452,.T.);
#677=EDGE_CURVE('',#548,#549,#279,.T.);
#678=EDGE_CURVE('',#545,#549,#453,.T.);
#679=EDGE_CURVE('',#548,#544,#454,.T.);
#680=EDGE_CURVE('',#550,#551,#280,.T.);
#681=EDGE_CURVE('',#547,#551,#281,.T.);
#682=EDGE_CURVE('',#550,#546,#282,.T.);
#683=EDGE_CURVE('',#552,#553,#283,.T.);
#684=EDGE_CURVE('',#549,#553,#284,.T.);
#685=EDGE_CURVE('',#552,#548,#285,.T.);
#686=EDGE_CURVE('',#537,#515,#286,.T.);
#687=EDGE_CURVE('',#513,#541,#287,.T.);
#688=EDGE_CURVE('',#545,#509,#288,.T.);
#689=EDGE_CURVE('',#505,#549,#289,.T.);
#690=EDGE_CURVE('',#546,#491,#290,.T.);
#691=EDGE_CURVE('',#489,#542,#291,.T.);
#692=EDGE_CURVE('',#538,#483,#292,.T.);
#693=EDGE_CURVE('',#484,#534,#293,.T.);
#694=EDGE_CURVE('',#519,#502,#294,.T.);
#695=EDGE_CURVE('',#506,#525,#295,.T.);
#696=EDGE_CURVE('',#522,#494,#296,.T.);
#697=EDGE_CURVE('',#498,#520,#297,.T.);
#698=EDGE_CURVE('',#553,#501,#298,.T.);
#699=EDGE_CURVE('',#553,#550,#455,.T.);
#700=EDGE_CURVE('',#493,#550,#299,.T.);
#701=EDGE_CURVE('',#530,#486,#300,.T.);
#702=EDGE_CURVE('',#497,#526,#301,.T.);
#703=EDGE_CURVE('',#497,#486,#456,.T.);
#704=EDGE_CURVE('',#516,#533,#302,.T.);
#705=EDGE_CURVE('',#529,#510,#303,.T.);
#706=EDGE_CURVE('',#551,#552,#457,.T.);
#707=EDGE_CURVE('',#554,#554,#458,.T.);
#708=EDGE_CURVE('',#555,#555,#459,.T.);
#709=EDGE_CURVE('',#556,#556,#460,.T.);
#710=EDGE_CURVE('',#557,#557,#461,.T.);
#711=EDGE_CURVE('',#558,#559,#462,.T.);
#712=EDGE_CURVE('',#559,#558,#463,.T.);
#713=EDGE_CURVE('',#558,#555,#304,.T.);
#714=EDGE_CURVE('',#560,#561,#464,.T.);
#715=EDGE_CURVE('',#561,#560,#465,.T.);
#716=EDGE_CURVE('',#560,#556,#305,.T.);
#717=EDGE_CURVE('',#562,#563,#466,.T.);
#718=EDGE_CURVE('',#563,#562,#467,.T.);
#719=EDGE_CURVE('',#562,#557,#306,.T.);
#720=EDGE_CURVE('',#563,#564,#307,.T.);
#721=EDGE_CURVE('',#564,#564,#468,.T.);
#722=EDGE_CURVE('',#561,#565,#308,.T.);
#723=EDGE_CURVE('',#565,#565,#469,.T.);
#724=EDGE_CURVE('',#559,#566,#309,.T.);
#725=EDGE_CURVE('',#566,#566,#470,.T.);
#726=EDGE_CURVE('',#487,#496,#471,.T.);
#727=EDGE_CURVE('',#554,#474,#310,.T.);
#728=ORIENTED_EDGE('',*,*,#567,.F.);
#729=ORIENTED_EDGE('',*,*,#568,.T.);
#730=ORIENTED_EDGE('',*,*,#569,.F.);
#731=ORIENTED_EDGE('',*,*,#568,.F.);
#732=ORIENTED_EDGE('',*,*,#570,.T.);
#733=ORIENTED_EDGE('',*,*,#571,.T.);
#734=ORIENTED_EDGE('',*,*,#572,.F.);
#735=ORIENTED_EDGE('',*,*,#571,.F.);
#736=ORIENTED_EDGE('',*,*,#573,.T.);
#737=ORIENTED_EDGE('',*,*,#574,.F.);
#738=ORIENTED_EDGE('',*,*,#575,.T.);
#739=ORIENTED_EDGE('',*,*,#567,.T.);
#740=ORIENTED_EDGE('',*,*,#575,.F.);
#741=ORIENTED_EDGE('',*,*,#569,.T.);
#742=ORIENTED_EDGE('',*,*,#572,.T.);
#743=ORIENTED_EDGE('',*,*,#576,.T.);
#744=ORIENTED_EDGE('',*,*,#577,.F.);
#745=ORIENTED_EDGE('',*,*,#576,.F.);
#746=ORIENTED_EDGE('',*,*,#578,.T.);
#747=ORIENTED_EDGE('',*,*,#579,.T.);
#748=ORIENTED_EDGE('',*,*,#578,.F.);
#749=ORIENTED_EDGE('',*,*,#579,.F.);
#750=ORIENTED_EDGE('',*,*,#574,.T.);
#751=ORIENTED_EDGE('',*,*,#580,.F.);
#752=ORIENTED_EDGE('',*,*,#581,.T.);
#753=ORIENTED_EDGE('',*,*,#577,.T.);
#754=ORIENTED_EDGE('',*,*,#581,.F.);
#755=ORIENTED_EDGE('',*,*,#582,.T.);
#756=ORIENTED_EDGE('',*,*,#583,.F.);
#757=ORIENTED_EDGE('',*,*,#584,.T.);
#758=ORIENTED_EDGE('',*,*,#585,.F.);
#759=ORIENTED_EDGE('',*,*,#586,.T.);
#760=ORIENTED_EDGE('',*,*,#587,.F.);
#761=ORIENTED_EDGE('',*,*,#584,.F.);
#762=ORIENTED_EDGE('',*,*,#588,.F.);
#763=ORIENTED_EDGE('',*,*,#589,.T.);
#764=ORIENTED_EDGE('',*,*,#590,.F.);
#765=ORIENTED_EDGE('',*,*,#582,.F.);
#766=ORIENTED_EDGE('',*,*,#591,.F.);
#767=ORIENTED_EDGE('',*,*,#592,.T.);
#768=ORIENTED_EDGE('',*,*,#593,.F.);
#769=ORIENTED_EDGE('',*,*,#589,.F.);
#770=ORIENTED_EDGE('',*,*,#594,.F.);
#771=ORIENTED_EDGE('',*,*,#595,.T.);
#772=ORIENTED_EDGE('',*,*,#596,.F.);
#773=ORIENTED_EDGE('',*,*,#592,.F.);
#774=ORIENTED_EDGE('',*,*,#597,.F.);
#775=ORIENTED_EDGE('',*,*,#598,.T.);
#776=ORIENTED_EDGE('',*,*,#599,.F.);
#777=ORIENTED_EDGE('',*,*,#600,.F.);
#778=ORIENTED_EDGE('',*,*,#601,.F.);
#779=ORIENTED_EDGE('',*,*,#602,.T.);
#780=ORIENTED_EDGE('',*,*,#603,.F.);
#781=ORIENTED_EDGE('',*,*,#598,.F.);
#782=ORIENTED_EDGE('',*,*,#604,.F.);
#783=ORIENTED_EDGE('',*,*,#605,.T.);
#784=ORIENTED_EDGE('',*,*,#606,.F.);
#785=ORIENTED_EDGE('',*,*,#595,.F.);
#786=ORIENTED_EDGE('',*,*,#607,.F.);
#787=ORIENTED_EDGE('',*,*,#608,.T.);
#788=ORIENTED_EDGE('',*,*,#609,.F.);
#789=ORIENTED_EDGE('',*,*,#602,.F.);
#790=ORIENTED_EDGE('',*,*,#610,.F.);
#791=ORIENTED_EDGE('',*,*,#611,.T.);
#792=ORIENTED_EDGE('',*,*,#612,.F.);
#793=ORIENTED_EDGE('',*,*,#605,.F.);
#794=ORIENTED_EDGE('',*,*,#613,.F.);
#795=ORIENTED_EDGE('',*,*,#614,.T.);
#796=ORIENTED_EDGE('',*,*,#615,.F.);
#797=ORIENTED_EDGE('',*,*,#608,.F.);
#798=ORIENTED_EDGE('',*,*,#616,.F.);
#799=ORIENTED_EDGE('',*,*,#617,.T.);
#800=ORIENTED_EDGE('',*,*,#618,.F.);
#801=ORIENTED_EDGE('',*,*,#611,.F.);
#802=ORIENTED_EDGE('',*,*,#619,.F.);
#803=ORIENTED_EDGE('',*,*,#620,.T.);
#804=ORIENTED_EDGE('',*,*,#621,.F.);
#805=ORIENTED_EDGE('',*,*,#614,.F.);
#806=ORIENTED_EDGE('',*,*,#622,.F.);
#807=ORIENTED_EDGE('',*,*,#623,.T.);
#808=ORIENTED_EDGE('',*,*,#624,.F.);
#809=ORIENTED_EDGE('',*,*,#617,.F.);
#810=ORIENTED_EDGE('',*,*,#625,.F.);
#811=ORIENTED_EDGE('',*,*,#626,.T.);
#812=ORIENTED_EDGE('',*,*,#627,.F.);
#813=ORIENTED_EDGE('',*,*,#623,.F.);
#814=ORIENTED_EDGE('',*,*,#628,.F.);
#815=ORIENTED_EDGE('',*,*,#629,.T.);
#816=ORIENTED_EDGE('',*,*,#630,.F.);
#817=ORIENTED_EDGE('',*,*,#620,.F.);
#818=ORIENTED_EDGE('',*,*,#631,.F.);
#819=ORIENTED_EDGE('',*,*,#626,.F.);
#820=ORIENTED_EDGE('',*,*,#632,.F.);
#821=ORIENTED_EDGE('',*,*,#629,.F.);
#822=ORIENTED_EDGE('',*,*,#633,.F.);
#823=ORIENTED_EDGE('',*,*,#634,.T.);
#824=ORIENTED_EDGE('',*,*,#635,.F.);
#825=ORIENTED_EDGE('',*,*,#636,.T.);
#826=ORIENTED_EDGE('',*,*,#637,.F.);
#827=ORIENTED_EDGE('',*,*,#638,.T.);
#828=ORIENTED_EDGE('',*,*,#639,.F.);
#829=ORIENTED_EDGE('',*,*,#636,.F.);
#830=ORIENTED_EDGE('',*,*,#640,.F.);
#831=ORIENTED_EDGE('',*,*,#641,.T.);
#832=ORIENTED_EDGE('',*,*,#642,.F.);
#833=ORIENTED_EDGE('',*,*,#634,.F.);
#834=ORIENTED_EDGE('',*,*,#643,.F.);
#835=ORIENTED_EDGE('',*,*,#644,.T.);
#836=ORIENTED_EDGE('',*,*,#645,.F.);
#837=ORIENTED_EDGE('',*,*,#638,.F.);
#838=ORIENTED_EDGE('',*,*,#646,.F.);
#839=ORIENTED_EDGE('',*,*,#647,.T.);
#840=ORIENTED_EDGE('',*,*,#648,.F.);
#841=ORIENTED_EDGE('',*,*,#641,.F.);
#842=ORIENTED_EDGE('',*,*,#649,.F.);
#843=ORIENTED_EDGE('',*,*,#650,.T.);
#844=ORIENTED_EDGE('',*,*,#651,.F.);
#845=ORIENTED_EDGE('',*,*,#644,.F.);
#846=ORIENTED_EDGE('',*,*,#652,.F.);
#847=ORIENTED_EDGE('',*,*,#653,.T.);
#848=ORIENTED_EDGE('',*,*,#654,.F.);
#849=ORIENTED_EDGE('',*,*,#647,.F.);
#850=ORIENTED_EDGE('',*,*,#655,.F.);
#851=ORIENTED_EDGE('',*,*,#656,.T.);
#852=ORIENTED_EDGE('',*,*,#657,.F.);
#853=ORIENTED_EDGE('',*,*,#650,.F.);
#854=ORIENTED_EDGE('',*,*,#658,.F.);
#855=ORIENTED_EDGE('',*,*,#659,.T.);
#856=ORIENTED_EDGE('',*,*,#660,.F.);
#857=ORIENTED_EDGE('',*,*,#653,.F.);
#858=ORIENTED_EDGE('',*,*,#661,.F.);
#859=ORIENTED_EDGE('',*,*,#662,.T.);
#860=ORIENTED_EDGE('',*,*,#663,.F.);
#861=ORIENTED_EDGE('',*,*,#656,.F.);
#862=ORIENTED_EDGE('',*,*,#664,.F.);
#863=ORIENTED_EDGE('',*,*,#665,.T.);
#864=ORIENTED_EDGE('',*,*,#666,.F.);
#865=ORIENTED_EDGE('',*,*,#659,.F.);
#866=ORIENTED_EDGE('',*,*,#667,.F.);
#867=ORIENTED_EDGE('',*,*,#668,.T.);
#868=ORIENTED_EDGE('',*,*,#669,.F.);
#869=ORIENTED_EDGE('',*,*,#662,.F.);
#870=ORIENTED_EDGE('',*,*,#670,.F.);
#871=ORIENTED_EDGE('',*,*,#671,.T.);
#872=ORIENTED_EDGE('',*,*,#672,.F.);
#873=ORIENTED_EDGE('',*,*,#665,.F.);
#874=ORIENTED_EDGE('',*,*,#673,.F.);
#875=ORIENTED_EDGE('',*,*,#674,.T.);
#876=ORIENTED_EDGE('',*,*,#675,.F.);
#877=ORIENTED_EDGE('',*,*,#668,.F.);
#878=ORIENTED_EDGE('',*,*,#676,.F.);
#879=ORIENTED_EDGE('',*,*,#677,.T.);
#880=ORIENTED_EDGE('',*,*,#678,.F.);
#881=ORIENTED_EDGE('',*,*,#671,.F.);
#882=ORIENTED_EDGE('',*,*,#679,.F.);
#883=ORIENTED_EDGE('',*,*,#680,.T.);
#884=ORIENTED_EDGE('',*,*,#681,.F.);
#885=ORIENTED_EDGE('',*,*,#674,.F.);
#886=ORIENTED_EDGE('',*,*,#682,.F.);
#887=ORIENTED_EDGE('',*,*,#683,.T.);
#888=ORIENTED_EDGE('',*,*,#684,.F.);
#889=ORIENTED_EDGE('',*,*,#677,.F.);
#890=ORIENTED_EDGE('',*,*,#685,.F.);
#891=ORIENTED_EDGE('',*,*,#686,.F.);
#892=ORIENTED_EDGE('',*,*,#666,.T.);
#893=ORIENTED_EDGE('',*,*,#687,.F.);
#894=ORIENTED_EDGE('',*,*,#627,.T.);
#895=ORIENTED_EDGE('',*,*,#688,.F.);
#896=ORIENTED_EDGE('',*,*,#678,.T.);
#897=ORIENTED_EDGE('',*,*,#689,.F.);
#898=ORIENTED_EDGE('',*,*,#618,.T.);
#899=ORIENTED_EDGE('',*,*,#690,.F.);
#900=ORIENTED_EDGE('',*,*,#676,.T.);
#901=ORIENTED_EDGE('',*,*,#691,.F.);
#902=ORIENTED_EDGE('',*,*,#593,.T.);
#903=ORIENTED_EDGE('',*,*,#692,.F.);
#904=ORIENTED_EDGE('',*,*,#664,.T.);
#905=ORIENTED_EDGE('',*,*,#693,.F.);
#906=ORIENTED_EDGE('',*,*,#583,.T.);
#907=ORIENTED_EDGE('',*,*,#694,.F.);
#908=ORIENTED_EDGE('',*,*,#642,.T.);
#909=ORIENTED_EDGE('',*,*,#695,.F.);
#910=ORIENTED_EDGE('',*,*,#616,.T.);
#911=ORIENTED_EDGE('',*,*,#696,.F.);
#912=ORIENTED_EDGE('',*,*,#640,.T.);
#913=ORIENTED_EDGE('',*,*,#697,.F.);
#914=ORIENTED_EDGE('',*,*,#604,.T.);
#915=ORIENTED_EDGE('',*,*,#698,.F.);
#916=ORIENTED_EDGE('',*,*,#699,.T.);
#917=ORIENTED_EDGE('',*,*,#700,.F.);
#918=ORIENTED_EDGE('',*,*,#606,.T.);
#919=ORIENTED_EDGE('',*,*,#701,.F.);
#920=ORIENTED_EDGE('',*,*,#652,.T.);
#921=ORIENTED_EDGE('',*,*,#702,.F.);
#922=ORIENTED_EDGE('',*,*,#703,.T.);
#923=ORIENTED_EDGE('',*,*,#654,.T.);
#924=ORIENTED_EDGE('',*,*,#704,.F.);
#925=ORIENTED_EDGE('',*,*,#631,.T.);
#926=ORIENTED_EDGE('',*,*,#705,.F.);
#927=ORIENTED_EDGE('',*,*,#702,.T.);
#928=ORIENTED_EDGE('',*,*,#646,.T.);
#929=ORIENTED_EDGE('',*,*,#696,.T.);
#930=ORIENTED_EDGE('',*,*,#601,.T.);
#931=ORIENTED_EDGE('',*,*,#693,.T.);
#932=ORIENTED_EDGE('',*,*,#658,.T.);
#933=ORIENTED_EDGE('',*,*,#701,.T.);
#934=ORIENTED_EDGE('',*,*,#588,.T.);
#935=ORIENTED_EDGE('',*,*,#700,.T.);
#936=ORIENTED_EDGE('',*,*,#682,.T.);
#937=ORIENTED_EDGE('',*,*,#690,.T.);
#938=ORIENTED_EDGE('',*,*,#596,.T.);
#939=ORIENTED_EDGE('',*,*,#689,.T.);
#940=ORIENTED_EDGE('',*,*,#684,.T.);
#941=ORIENTED_EDGE('',*,*,#698,.T.);
#942=ORIENTED_EDGE('',*,*,#612,.T.);
#943=ORIENTED_EDGE('',*,*,#704,.T.);
#944=ORIENTED_EDGE('',*,*,#660,.T.);
#945=ORIENTED_EDGE('',*,*,#686,.T.);
#946=ORIENTED_EDGE('',*,*,#633,.T.);
#947=ORIENTED_EDGE('',*,*,#695,.T.);
#948=ORIENTED_EDGE('',*,*,#648,.T.);
#949=ORIENTED_EDGE('',*,*,#705,.T.);
#950=ORIENTED_EDGE('',*,*,#622,.T.);
#951=ORIENTED_EDGE('',*,*,#697,.T.);
#952=ORIENTED_EDGE('',*,*,#635,.T.);
#953=ORIENTED_EDGE('',*,*,#694,.T.);
#954=ORIENTED_EDGE('',*,*,#610,.T.);
#955=ORIENTED_EDGE('',*,*,#643,.T.);
#956=ORIENTED_EDGE('',*,*,#637,.T.);
#957=ORIENTED_EDGE('',*,*,#639,.T.);
#958=ORIENTED_EDGE('',*,*,#645,.T.);
#959=ORIENTED_EDGE('',*,*,#651,.T.);
#960=ORIENTED_EDGE('',*,*,#657,.T.);
#961=ORIENTED_EDGE('',*,*,#663,.T.);
#962=ORIENTED_EDGE('',*,*,#669,.T.);
#963=ORIENTED_EDGE('',*,*,#675,.T.);
#964=ORIENTED_EDGE('',*,*,#681,.T.);
#965=ORIENTED_EDGE('',*,*,#706,.T.);
#966=ORIENTED_EDGE('',*,*,#685,.T.);
#967=ORIENTED_EDGE('',*,*,#679,.T.);
#968=ORIENTED_EDGE('',*,*,#673,.T.);
#969=ORIENTED_EDGE('',*,*,#667,.T.);
#970=ORIENTED_EDGE('',*,*,#661,.T.);
#971=ORIENTED_EDGE('',*,*,#655,.T.);
#972=ORIENTED_EDGE('',*,*,#649,.T.);
#973=ORIENTED_EDGE('',*,*,#707,.T.);
#974=ORIENTED_EDGE('',*,*,#708,.F.);
#975=ORIENTED_EDGE('',*,*,#709,.F.);
#976=ORIENTED_EDGE('',*,*,#710,.F.);
#977=ORIENTED_EDGE('',*,*,#687,.T.);
#978=ORIENTED_EDGE('',*,*,#672,.T.);
#979=ORIENTED_EDGE('',*,*,#688,.T.);
#980=ORIENTED_EDGE('',*,*,#624,.T.);
#981=ORIENTED_EDGE('',*,*,#691,.T.);
#982=ORIENTED_EDGE('',*,*,#670,.T.);
#983=ORIENTED_EDGE('',*,*,#692,.T.);
#984=ORIENTED_EDGE('',*,*,#590,.T.);
#985=ORIENTED_EDGE('',*,*,#711,.T.);
#986=ORIENTED_EDGE('',*,*,#712,.T.);
#987=ORIENTED_EDGE('',*,*,#713,.T.);
#988=ORIENTED_EDGE('',*,*,#708,.T.);
#989=ORIENTED_EDGE('',*,*,#713,.F.);
#990=ORIENTED_EDGE('',*,*,#714,.T.);
#991=ORIENTED_EDGE('',*,*,#715,.T.);
#992=ORIENTED_EDGE('',*,*,#716,.T.);
#993=ORIENTED_EDGE('',*,*,#709,.T.);
#994=ORIENTED_EDGE('',*,*,#716,.F.);
#995=ORIENTED_EDGE('',*,*,#717,.T.);
#996=ORIENTED_EDGE('',*,*,#718,.T.);
#997=ORIENTED_EDGE('',*,*,#719,.T.);
#998=ORIENTED_EDGE('',*,*,#710,.T.);
#999=ORIENTED_EDGE('',*,*,#719,.F.);
#1000=ORIENTED_EDGE('',*,*,#717,.F.);
#1001=ORIENTED_EDGE('',*,*,#718,.F.);
#1002=ORIENTED_EDGE('',*,*,#720,.T.);
#1003=ORIENTED_EDGE('',*,*,#721,.F.);
#1004=ORIENTED_EDGE('',*,*,#720,.F.);
#1005=ORIENTED_EDGE('',*,*,#714,.F.);
#1006=ORIENTED_EDGE('',*,*,#715,.F.);
#1007=ORIENTED_EDGE('',*,*,#722,.T.);
#1008=ORIENTED_EDGE('',*,*,#723,.F.);
#1009=ORIENTED_EDGE('',*,*,#722,.F.);
#1010=ORIENTED_EDGE('',*,*,#711,.F.);
#1011=ORIENTED_EDGE('',*,*,#712,.F.);
#1012=ORIENTED_EDGE('',*,*,#724,.T.);
#1013=ORIENTED_EDGE('',*,*,#725,.F.);
#1014=ORIENTED_EDGE('',*,*,#724,.F.);
#1015=ORIENTED_EDGE('',*,*,#706,.F.);
#1016=ORIENTED_EDGE('',*,*,#680,.F.);
#1017=ORIENTED_EDGE('',*,*,#699,.F.);
#1018=ORIENTED_EDGE('',*,*,#683,.F.);
#1019=ORIENTED_EDGE('',*,*,#726,.F.);
#1020=ORIENTED_EDGE('',*,*,#586,.F.);
#1021=ORIENTED_EDGE('',*,*,#703,.F.);
#1022=ORIENTED_EDGE('',*,*,#600,.T.);
#1023=ORIENTED_EDGE('',*,*,#707,.F.);
#1024=ORIENTED_EDGE('',*,*,#727,.T.);
#1025=ORIENTED_EDGE('',*,*,#573,.F.);
#1026=ORIENTED_EDGE('',*,*,#570,.F.);
#1027=ORIENTED_EDGE('',*,*,#727,.F.);
#1028=ORIENTED_EDGE('',*,*,#591,.T.);
#1029=ORIENTED_EDGE('',*,*,#585,.T.);
#1030=ORIENTED_EDGE('',*,*,#587,.T.);
#1031=ORIENTED_EDGE('',*,*,#726,.T.);
#1032=ORIENTED_EDGE('',*,*,#599,.T.);
#1033=ORIENTED_EDGE('',*,*,#603,.T.);
#1034=ORIENTED_EDGE('',*,*,#609,.T.);
#1035=ORIENTED_EDGE('',*,*,#615,.T.);
#1036=ORIENTED_EDGE('',*,*,#621,.T.);
#1037=ORIENTED_EDGE('',*,*,#630,.T.);
#1038=ORIENTED_EDGE('',*,*,#632,.T.);
#1039=ORIENTED_EDGE('',*,*,#628,.T.);
#1040=ORIENTED_EDGE('',*,*,#625,.T.);
#1041=ORIENTED_EDGE('',*,*,#619,.T.);
#1042=ORIENTED_EDGE('',*,*,#613,.T.);
#1043=ORIENTED_EDGE('',*,*,#607,.T.);
#1044=ORIENTED_EDGE('',*,*,#597,.T.);
#1045=ORIENTED_EDGE('',*,*,#594,.T.);
#1046=ORIENTED_EDGE('',*,*,#580,.T.);
#1047=ORIENTED_EDGE('',*,*,#725,.T.);
#1048=ORIENTED_EDGE('',*,*,#723,.T.);
#1049=ORIENTED_EDGE('',*,*,#721,.T.);
#1050=CONICAL_SURFACE('',#1164,12.,0.785398163397453);
#1051=CONICAL_SURFACE('',#1167,8.4,0.785398163397453);
#1052=CONICAL_SURFACE('',#1182,16.2,0.785398163397448);
#1053=CONICAL_SURFACE('',#1186,15.75,0.785398163397448);
#1054=CONICAL_SURFACE('',#1189,16.2,0.785398163397448);
#1055=CONICAL_SURFACE('',#1194,16.2,0.785398163397448);
#1056=CONICAL_SURFACE('',#1197,9.3,0.785398163397449);
#1057=CONICAL_SURFACE('',#1200,15.75,0.785398163397448);
#1058=CONICAL_SURFACE('',#1204,16.2,0.785398163397448);
#1059=CONICAL_SURFACE('',#1207,16.2,0.785398163397448);
#1060=CONICAL_SURFACE('',#1211,15.75,0.785398163397448);
#1061=CONICAL_SURFACE('',#1214,16.2,0.785398163397448);
#1062=CONICAL_SURFACE('',#1217,9.3,0.785398163397449);
#1063=CONICAL_SURFACE('',#1221,14.55,0.785398163397443);
#1064=CONICAL_SURFACE('',#1224,16.2,0.785398163397443);
#1065=CONICAL_SURFACE('',#1227,16.2,0.785398163397443);
#1066=CONICAL_SURFACE('',#1232,9.30000000000002,0.785398163397442);
#1067=CONICAL_SURFACE('',#1235,9.30000000000002,0.785398163397442);
#1068=CONICAL_SURFACE('',#1240,16.2,0.785398163397443);
#1069=CONICAL_SURFACE('',#1243,16.2,0.785398163397443);
#1070=CONICAL_SURFACE('',#1246,14.55,0.785398163397443);
#1071=CONICAL_SURFACE('',#1249,14.55,0.785398163397444);
#1072=CONICAL_SURFACE('',#1252,16.2,0.785398163397443);
#1073=CONICAL_SURFACE('',#1255,16.2,0.785398163397443);
#1074=CONICAL_SURFACE('',#1295,3.89999999999999,0.785398163397444);
#1075=CONICAL_SURFACE('',#1297,3.89999999999999,0.785398163397444);
#1076=CONICAL_SURFACE('',#1299,3.89999999999999,0.785398163397444);
#1077=CONICAL_SURFACE('',#1301,9.30000000000002,0.785398163397442);
#1078=CONICAL_SURFACE('',#1302,9.3,0.785398163397448);
#1079=ADVANCED_FACE('',(#68),#1050,.T.);
#1080=ADVANCED_FACE('',(#69),#1051,.F.);
#1081=ADVANCED_FACE('',(#70),#49,.T.);
#1082=ADVANCED_FACE('',(#71,#15),#26,.T.);
#1083=ADVANCED_FACE('',(#72,#16),#27,.F.);
#1084=ADVANCED_FACE('',(#73),#50,.T.);
#1085=ADVANCED_FACE('',(#74,#17),#28,.T.);
#1086=ADVANCED_FACE('',(#75),#51,.T.);
#1087=ADVANCED_FACE('',(#76),#1052,.F.);
#1088=ADVANCED_FACE('',(#77),#29,.F.);
#1089=ADVANCED_FACE('',(#78),#1053,.T.);
#1090=ADVANCED_FACE('',(#79),#1054,.F.);
#1091=ADVANCED_FACE('',(#80),#30,.F.);
#1092=ADVANCED_FACE('',(#81),#31,.F.);
#1093=ADVANCED_FACE('',(#82),#1055,.F.);
#1094=ADVANCED_FACE('',(#83),#1056,.T.);
#1095=ADVANCED_FACE('',(#84),#1057,.T.);
#1096=ADVANCED_FACE('',(#85),#32,.F.);
#1097=ADVANCED_FACE('',(#86),#1058,.F.);
#1098=ADVANCED_FACE('',(#87),#1059,.F.);
#1099=ADVANCED_FACE('',(#88),#33,.F.);
#1100=ADVANCED_FACE('',(#89),#1060,.T.);
#1101=ADVANCED_FACE('',(#90),#1061,.F.);
#1102=ADVANCED_FACE('',(#91),#1062,.T.);
#1103=ADVANCED_FACE('',(#92),#34,.F.);
#1104=ADVANCED_FACE('',(#93),#1063,.T.);
#1105=ADVANCED_FACE('',(#94),#1064,.F.);
#1106=ADVANCED_FACE('',(#95),#1065,.F.);
#1107=ADVANCED_FACE('',(#96),#35,.F.);
#1108=ADVANCED_FACE('',(#97),#36,.F.);
#1109=ADVANCED_FACE('',(#98),#1066,.T.);
#1110=ADVANCED_FACE('',(#99),#1067,.T.);
#1111=ADVANCED_FACE('',(#100),#37,.F.);
#1112=ADVANCED_FACE('',(#101),#38,.F.);
#1113=ADVANCED_FACE('',(#102),#1068,.F.);
#1114=ADVANCED_FACE('',(#103),#1069,.F.);
#1115=ADVANCED_FACE('',(#104),#1070,.T.);
#1116=ADVANCED_FACE('',(#105),#1071,.T.);
#1117=ADVANCED_FACE('',(#106),#1072,.F.);
#1118=ADVANCED_FACE('',(#107),#1073,.F.);
#1119=ADVANCED_FACE('',(#108),#39,.F.);
#1120=ADVANCED_FACE('',(#109),#40,.F.);
#1121=ADVANCED_FACE('',(#110),#52,.F.);
#1122=ADVANCED_FACE('',(#111),#53,.F.);
#1123=ADVANCED_FACE('',(#112),#54,.F.);
#1124=ADVANCED_FACE('',(#113),#55,.F.);
#1125=ADVANCED_FACE('',(#114),#56,.F.);
#1126=ADVANCED_FACE('',(#115),#57,.F.);
#1127=ADVANCED_FACE('',(#116),#58,.T.);
#1128=ADVANCED_FACE('',(#117),#59,.T.);
#1129=ADVANCED_FACE('',(#118),#60,.T.);
#1130=ADVANCED_FACE('',(#119),#41,.T.);
#1131=ADVANCED_FACE('',(#120),#42,.T.);
#1132=ADVANCED_FACE('',(#121),#43,.T.);
#1133=ADVANCED_FACE('',(#122),#44,.T.);
#1134=ADVANCED_FACE('',(#123),#45,.T.);
#1135=ADVANCED_FACE('',(#124),#46,.T.);
#1136=ADVANCED_FACE('',(#125),#61,.T.);
#1137=ADVANCED_FACE('',(#126,#18,#19,#20,#21),#47,.T.);
#1138=ADVANCED_FACE('',(#127),#62,.T.);
#1139=ADVANCED_FACE('',(#128),#63,.T.);
#1140=ADVANCED_FACE('',(#129),#64,.F.);
#1141=ADVANCED_FACE('',(#130),#65,.F.);
#1142=ADVANCED_FACE('',(#131),#66,.F.);
#1143=ADVANCED_FACE('',(#132),#1074,.F.);
#1144=ADVANCED_FACE('',(#133),#1075,.F.);
#1145=ADVANCED_FACE('',(#134),#1076,.F.);
#1146=ADVANCED_FACE('',(#135),#1077,.T.);
#1147=ADVANCED_FACE('',(#136),#1078,.T.);
#1148=ADVANCED_FACE('',(#137),#67,.F.);
#1149=ADVANCED_FACE('',(#138,#22,#23,#24,#25),#48,.T.);
#1150=CLOSED_SHELL('',(#1079,#1080,#1081,#1082,#1083,#1084,#1085,#1086,
#1087,#1088,#1089,#1090,#1091,#1092,#1093,#1094,#1095,#1096,#1097,#1098,
#1099,#1100,#1101,#1102,#1103,#1104,#1105,#1106,#1107,#1108,#1109,#1110,
#1111,#1112,#1113,#1114,#1115,#1116,#1117,#1118,#1119,#1120,#1121,#1122,
#1123,#1124,#1125,#1126,#1127,#1128,#1129,#1130,#1131,#1132,#1133,#1134,
#1135,#1136,#1137,#1138,#1139,#1140,#1141,#1142,#1143,#1144,#1145,#1146,
#1147,#1148,#1149));
#1151=DERIVED_UNIT_ELEMENT(#1153,1.);
#1152=DERIVED_UNIT_ELEMENT(#2015,-3.);
#1153=(
MASS_UNIT()
NAMED_UNIT(*)
SI_UNIT(.KILO.,.GRAM.)
);
#1154=DERIVED_UNIT((#1151,#1152));
#1155=MEASURE_REPRESENTATION_ITEM('density measure',
POSITIVE_RATIO_MEASURE(7850.),#1154);
#1156=PROPERTY_DEFINITION_REPRESENTATION(#1161,#1158);
#1157=PROPERTY_DEFINITION_REPRESENTATION(#1162,#1159);
#1158=REPRESENTATION('material name',(#1160),#2012);
#1159=REPRESENTATION('density',(#1155),#2012);
#1160=DESCRIPTIVE_REPRESENTATION_ITEM('Steel','Steel');
#1161=PROPERTY_DEFINITION('material property','material name',#2022);
#1162=PROPERTY_DEFINITION('material property','density of part',#2022);
#1163=AXIS2_PLACEMENT_3D('',#1682,#1306,#1307);
#1164=AXIS2_PLACEMENT_3D('',#1683,#1308,#1309);
#1165=AXIS2_PLACEMENT_3D('',#1685,#1310,#1311);
#1166=AXIS2_PLACEMENT_3D('',#1688,#1313,#1314);
#1167=AXIS2_PLACEMENT_3D('',#1689,#1315,#1316);
#1168=AXIS2_PLACEMENT_3D('',#1692,#1317,#1318);
#1169=AXIS2_PLACEMENT_3D('',#1695,#1320,#1321);
#1170=AXIS2_PLACEMENT_3D('',#1696,#1322,#1323);
#1171=AXIS2_PLACEMENT_3D('',#1697,#1324,#1325);
#1172=AXIS2_PLACEMENT_3D('',#1699,#1326,#1327);
#1173=AXIS2_PLACEMENT_3D('',#1701,#1329,#1330);
#1174=AXIS2_PLACEMENT_3D('',#1702,#1331,#1332);
#1175=AXIS2_PLACEMENT_3D('',#1704,#1333,#1334);
#1176=AXIS2_PLACEMENT_3D('',#1706,#1335,#1336);
#1177=AXIS2_PLACEMENT_3D('',#1707,#1337,#1338);
#1178=AXIS2_PLACEMENT_3D('',#1710,#1340,#1341);
#1179=AXIS2_PLACEMENT_3D('',#1711,#1342,#1343);
#1180=AXIS2_PLACEMENT_3D('',#1712,#1344,#1345);
#1181=AXIS2_PLACEMENT_3D('',#1714,#1346,#1347);
#1182=AXIS2_PLACEMENT_3D('',#1716,#1349,#1350);
#1183=AXIS2_PLACEMENT_3D('',#1721,#1352,#1353);
#1184=AXIS2_PLACEMENT_3D('',#1724,#1355,#1356);
#1185=AXIS2_PLACEMENT_3D('',#1725,#1357,#1358);
#1186=AXIS2_PLACEMENT_3D('',#1731,#1362,#1363);
#1187=AXIS2_PLACEMENT_3D('',#1735,#1365,#1366);
#1188=AXIS2_PLACEMENT_3D('',#1736,#1367,#1368);
#1189=AXIS2_PLACEMENT_3D('',#1737,#1369,#1370);
#1190=AXIS2_PLACEMENT_3D('',#1741,#1372,#1373);
#1191=AXIS2_PLACEMENT_3D('',#1742,#1374,#1375);
#1192=AXIS2_PLACEMENT_3D('',#1743,#1376,#1377);
#1193=AXIS2_PLACEMENT_3D('',#1749,#1381,#1382);
#1194=AXIS2_PLACEMENT_3D('',#1758,#1387,#1388);
#1195=AXIS2_PLACEMENT_3D('',#1762,#1390,#1391);
#1196=AXIS2_PLACEMENT_3D('',#1763,#1392,#1393);
#1197=AXIS2_PLACEMENT_3D('',#1764,#1394,#1395);
#1198=AXIS2_PLACEMENT_3D('',#1768,#1397,#1398);
#1199=AXIS2_PLACEMENT_3D('',#1769,#1399,#1400);
#1200=AXIS2_PLACEMENT_3D('',#1770,#1401,#1402);
#1201=AXIS2_PLACEMENT_3D('',#1774,#1404,#1405);
#1202=AXIS2_PLACEMENT_3D('',#1775,#1406,#1407);
#1203=AXIS2_PLACEMENT_3D('',#1776,#1408,#1409);
#1204=AXIS2_PLACEMENT_3D('',#1782,#1413,#1414);
#1205=AXIS2_PLACEMENT_3D('',#1786,#1416,#1417);
#1206=AXIS2_PLACEMENT_3D('',#1787,#1418,#1419);
#1207=AXIS2_PLACEMENT_3D('',#1788,#1420,#1421);
#1208=AXIS2_PLACEMENT_3D('',#1792,#1423,#1424);
#1209=AXIS2_PLACEMENT_3D('',#1793,#1425,#1426);
#1210=AXIS2_PLACEMENT_3D('',#1794,#1427,#1428);
#1211=AXIS2_PLACEMENT_3D('',#1800,#1432,#1433);
#1212=AXIS2_PLACEMENT_3D('',#1804,#1435,#1436);
#1213=AXIS2_PLACEMENT_3D('',#1805,#1437,#1438);
#1214=AXIS2_PLACEMENT_3D('',#1806,#1439,#1440);
#1215=AXIS2_PLACEMENT_3D('',#1810,#1442,#1443);
#1216=AXIS2_PLACEMENT_3D('',#1811,#1444,#1445);
#1217=AXIS2_PLACEMENT_3D('',#1812,#1446,#1447);
#1218=AXIS2_PLACEMENT_3D('',#1816,#1449,#1450);
#1219=AXIS2_PLACEMENT_3D('',#1817,#1451,#1452);
#1220=AXIS2_PLACEMENT_3D('',#1818,#1453,#1454);
#1221=AXIS2_PLACEMENT_3D('',#1821,#1457,#1458);
#1222=AXIS2_PLACEMENT_3D('',#1826,#1460,#1461);
#1223=AXIS2_PLACEMENT_3D('',#1829,#1463,#1464);
#1224=AXIS2_PLACEMENT_3D('',#1830,#1465,#1466);
#1225=AXIS2_PLACEMENT_3D('',#1834,#1468,#1469);
#1226=AXIS2_PLACEMENT_3D('',#1835,#1470,#1471);
#1227=AXIS2_PLACEMENT_3D('',#1836,#1472,#1473);
#1228=AXIS2_PLACEMENT_3D('',#1840,#1475,#1476);
#1229=AXIS2_PLACEMENT_3D('',#1841,#1477,#1478);
#1230=AXIS2_PLACEMENT_3D('',#1842,#1479,#1480);
#1231=AXIS2_PLACEMENT_3D('',#1848,#1484,#1485);
#1232=AXIS2_PLACEMENT_3D('',#1854,#1489,#1490);
#1233=AXIS2_PLACEMENT_3D('',#1858,#1492,#1493);
#1234=AXIS2_PLACEMENT_3D('',#1859,#1494,#1495);
#1235=AXIS2_PLACEMENT_3D('',#1860,#1496,#1497);
#1236=AXIS2_PLACEMENT_3D('',#1864,#1499,#1500);
#1237=AXIS2_PLACEMENT_3D('',#1865,#1501,#1502);
#1238=AXIS2_PLACEMENT_3D('',#1866,#1503,#1504);
#1239=AXIS2_PLACEMENT_3D('',#1872,#1508,#1509);
#1240=AXIS2_PLACEMENT_3D('',#1878,#1513,#1514);
#1241=AXIS2_PLACEMENT_3D('',#1882,#1516,#1517);
#1242=AXIS2_PLACEMENT_3D('',#1883,#1518,#1519);
#1243=AXIS2_PLACEMENT_3D('',#1884,#1520,#1521);
#1244=AXIS2_PLACEMENT_3D('',#1888,#1523,#1524);
#1245=AXIS2_PLACEMENT_3D('',#1889,#1525,#1526);
#1246=AXIS2_PLACEMENT_3D('',#1890,#1527,#1528);
#1247=AXIS2_PLACEMENT_3D('',#1894,#1530,#1531);
#1248=AXIS2_PLACEMENT_3D('',#1895,#1532,#1533);
#1249=AXIS2_PLACEMENT_3D('',#1896,#1534,#1535);
#1250=AXIS2_PLACEMENT_3D('',#1900,#1537,#1538);
#1251=AXIS2_PLACEMENT_3D('',#1901,#1539,#1540);
#1252=AXIS2_PLACEMENT_3D('',#1902,#1541,#1542);
#1253=AXIS2_PLACEMENT_3D('',#1906,#1544,#1545);
#1254=AXIS2_PLACEMENT_3D('',#1907,#1546,#1547);
#1255=AXIS2_PLACEMENT_3D('',#1908,#1548,#1549);
#1256=AXIS2_PLACEMENT_3D('',#1912,#1551,#1552);
#1257=AXIS2_PLACEMENT_3D('',#1913,#1553,#1554);
#1258=AXIS2_PLACEMENT_3D('',#1914,#1555,#1556);
#1259=AXIS2_PLACEMENT_3D('',#1920,#1560,#1561);
#1260=AXIS2_PLACEMENT_3D('',#1926,#1565,#1566);
#1261=AXIS2_PLACEMENT_3D('',#1929,#1569,#1570);
#1262=AXIS2_PLACEMENT_3D('',#1932,#1573,#1574);
#1263=AXIS2_PLACEMENT_3D('',#1935,#1577,#1578);
#1264=AXIS2_PLACEMENT_3D('',#1938,#1581,#1582);
#1265=AXIS2_PLACEMENT_3D('',#1941,#1585,#1586);
#1266=AXIS2_PLACEMENT_3D('',#1944,#1589,#1590);
#1267=AXIS2_PLACEMENT_3D('',#1946,#1592,#1593);
#1268=AXIS2_PLACEMENT_3D('',#1948,#1595,#1596);
#1269=AXIS2_PLACEMENT_3D('',#1951,#1599,#1600);
#1270=AXIS2_PLACEMENT_3D('',#1952,#1601,#1602);
#1271=AXIS2_PLACEMENT_3D('',#1955,#1605,#1606);
#1272=AXIS2_PLACEMENT_3D('',#1956,#1607,#1608);
#1273=AXIS2_PLACEMENT_3D('',#1957,#1609,#1610);
#1274=AXIS2_PLACEMENT_3D('',#1958,#1611,#1612);
#1275=AXIS2_PLACEMENT_3D('',#1959,#1613,#1614);
#1276=AXIS2_PLACEMENT_3D('',#1960,#1615,#1616);
#1277=AXIS2_PLACEMENT_3D('',#1961,#1617,#1618);
#1278=AXIS2_PLACEMENT_3D('',#1962,#1619,#1620);
#1279=AXIS2_PLACEMENT_3D('',#1963,#1621,#1622);
#1280=AXIS2_PLACEMENT_3D('',#1965,#1623,#1624);
#1281=AXIS2_PLACEMENT_3D('',#1967,#1625,#1626);
#1282=AXIS2_PLACEMENT_3D('',#1969,#1627,#1628);
#1283=AXIS2_PLACEMENT_3D('',#1971,#1629,#1630);
#1284=AXIS2_PLACEMENT_3D('',#1972,#1631,#1632);
#1285=AXIS2_PLACEMENT_3D('',#1973,#1633,#1634);
#1286=AXIS2_PLACEMENT_3D('',#1974,#1635,#1636);
#1287=AXIS2_PLACEMENT_3D('',#1977,#1637,#1638);
#1288=AXIS2_PLACEMENT_3D('',#1978,#1639,#1640);
#1289=AXIS2_PLACEMENT_3D('',#1980,#1642,#1643);
#1290=AXIS2_PLACEMENT_3D('',#1983,#1644,#1645);
#1291=AXIS2_PLACEMENT_3D('',#1984,#1646,#1647);
#1292=AXIS2_PLACEMENT_3D('',#1986,#1649,#1650);
#1293=AXIS2_PLACEMENT_3D('',#1989,#1651,#1652);
#1294=AXIS2_PLACEMENT_3D('',#1990,#1653,#1654);
#1295=AXIS2_PLACEMENT_3D('',#1992,#1656,#1657);
#1296=AXIS2_PLACEMENT_3D('',#1995,#1659,#1660);
#1297=AXIS2_PLACEMENT_3D('',#1996,#1661,#1662);
#1298=AXIS2_PLACEMENT_3D('',#1999,#1664,#1665);
#1299=AXIS2_PLACEMENT_3D('',#2000,#1666,#1667);
#1300=AXIS2_PLACEMENT_3D('',#2003,#1669,#1670);
#1301=AXIS2_PLACEMENT_3D('',#2004,#1671,#1672);
#1302=AXIS2_PLACEMENT_3D('',#2005,#1673,#1674);
#1303=AXIS2_PLACEMENT_3D('',#2006,#1675,#1676);
#1304=AXIS2_PLACEMENT_3D('',#2007,#1677,#1678);
#1305=AXIS2_PLACEMENT_3D('',#2009,#1680,#1681);
#1306=DIRECTION('axis',(0.,0.,1.));
#1307=DIRECTION('refdir',(1.,0.,0.));
#1308=DIRECTION('center_axis',(0.,2.22044604925031E-16,-1.));
#1309=DIRECTION('ref_axis',(0.,1.,2.22044604925031E-16));
#1310=DIRECTION('center_axis',(0.,2.22044604925031E-16,-1.));
#1311=DIRECTION('ref_axis',(0.,1.,2.22044604925031E-16));
#1312=DIRECTION('',(8.65956056235497E-17,0.70710678118655,0.707106781186545));
#1313=DIRECTION('center_axis',(0.,-2.22044604925031E-16,1.));
#1314=DIRECTION('ref_axis',(0.,-1.,-2.22044604925031E-16));
#1315=DIRECTION('center_axis',(0.,-2.22044604925031E-16,1.));
#1316=DIRECTION('ref_axis',(0.,-1.,-2.22044604925031E-16));
#1317=DIRECTION('center_axis',(0.,0.,-1.));
#1318=DIRECTION('ref_axis',(-1.,0.,0.));
#1319=DIRECTION('',(-8.65956056235497E-17,0.707106781186551,0.707106781186544));
#1320=DIRECTION('center_axis',(0.,2.22044604925031E-16,-1.));
#1321=DIRECTION('ref_axis',(0.,-1.,-2.22044604925031E-16));
#1322=DIRECTION('center_axis',(0.,0.,-1.));
#1323=DIRECTION('ref_axis',(-1.,0.,0.));
#1324=DIRECTION('center_axis',(0.,2.22044604925031E-16,-1.));
#1325=DIRECTION('ref_axis',(0.,1.,2.22044604925031E-16));
#1326=DIRECTION('center_axis',(0.,2.22044604925031E-16,-1.));
#1327=DIRECTION('ref_axis',(0.,1.,2.22044604925031E-16));
#1328=DIRECTION('',(0.,-2.22044604925031E-16,1.));
#1329=DIRECTION('center_axis',(0.,-2.22044604925031E-16,1.));
#1330=DIRECTION('ref_axis',(0.,-1.,-2.22044604925031E-16));
#1331=DIRECTION('center_axis',(0.,-2.22044604925031E-16,1.));
#1332=DIRECTION('ref_axis',(1.,0.,0.));
#1333=DIRECTION('center_axis',(0.,2.22044604925031E-16,-1.));
#1334=DIRECTION('ref_axis',(0.,1.,0.));
#1335=DIRECTION('center_axis',(0.,2.22044604925031E-16,-1.));
#1336=DIRECTION('ref_axis',(0.,1.,2.22044604925031E-16));
#1337=DIRECTION('center_axis',(0.,0.,-1.));
#1338=DIRECTION('ref_axis',(0.,1.,0.));
#1339=DIRECTION('',(0.,0.,1.));
#1340=DIRECTION('center_axis',(0.,2.22044604925031E-16,-1.));
#1341=DIRECTION('ref_axis',(0.,1.,0.));
#1342=DIRECTION('center_axis',(0.,-2.22044604925031E-16,1.));
#1343=DIRECTION('ref_axis',(1.,0.,0.));
#1344=DIRECTION('center_axis',(0.,1.53134210293125E-16,-1.));
#1345=DIRECTION('ref_axis',(0.,1.,1.53134210293125E-16));
#1346=DIRECTION('center_axis',(0.,2.22044604925031E-16,-1.));
#1347=DIRECTION('ref_axis',(0.,1.,1.53134210293125E-16));
#1348=DIRECTION('',(0.,-1.53134210293125E-16,1.));
#1349=DIRECTION('center_axis',(0.,-2.22044604925031E-16,1.));
#1350=DIRECTION('ref_axis',(0.,-1.,-2.22044604925031E-16));
#1351=DIRECTION('',(0.705404602113825,0.0490341443958775,-0.707106781186547));
#1352=DIRECTION('center_axis',(0.,-2.22044604925031E-16,1.));
#1353=DIRECTION('ref_axis',(0.,-1.,-2.22044604925031E-16));
#1354=DIRECTION('',(-0.612372435695792,0.353553390593273,0.70710678118655));
#1355=DIRECTION('center_axis',(0.,2.22044604925031E-16,-1.));
#1356=DIRECTION('ref_axis',(0.,-1.,-2.22044604925031E-16));
#1357=DIRECTION('center_axis',(-0.612372435695796,0.353553390593275,-0.707106781186546));
#1358=DIRECTION('ref_axis',(-0.5,-0.866025403784439,-1.64540693022727E-16));
#1359=DIRECTION('',(-0.612372435695795,0.353553390593274,0.707106781186547));
#1360=DIRECTION('',(0.5,0.866025403784439,1.92296268638356E-16));
#1361=DIRECTION('',(-0.5,-0.866025403784438,-1.92296268638356E-16));
#1362=DIRECTION('center_axis',(0.,2.22044604925031E-16,-1.));
#1363=DIRECTION('ref_axis',(0.,1.,2.22044604925031E-16));
#1364=DIRECTION('',(0.705404602113825,-0.0490341443958772,-0.707106781186547));
#1365=DIRECTION('center_axis',(0.,2.22044604925031E-16,-1.));
#1366=DIRECTION('ref_axis',(-1.50990331349021E-14,-1.,-2.22044604925031E-16));
#1367=DIRECTION('center_axis',(0.,-2.22044604925031E-16,1.));
#1368=DIRECTION('ref_axis',(0.,-1.,-2.22044604925031E-16));
#1369=DIRECTION('center_axis',(0.,-2.22044604925031E-16,1.));
#1370=DIRECTION('ref_axis',(0.,-1.,-2.22044604925031E-16));
#1371=DIRECTION('',(0.612372435695795,0.353553390593274,-0.707106781186547));
#1372=DIRECTION('center_axis',(0.,-2.22044604925031E-16,1.));
#1373=DIRECTION('ref_axis',(0.,-1.,-2.22044604925031E-16));
#1374=DIRECTION('center_axis',(0.,2.22044604925031E-16,-1.));
#1375=DIRECTION('ref_axis',(0.,-1.,-2.22044604925031E-16));
#1376=DIRECTION('center_axis',(-0.612372435695794,-0.353553390593273,-0.707106781186548));
#1377=DIRECTION('ref_axis',(0.5,-0.866025403784439,-2.20051844253985E-16));
#1378=DIRECTION('',(0.612372435695795,0.353553390593274,-0.707106781186547));
#1379=DIRECTION('',(0.5,-0.866025403784439,-1.92296268638356E-16));
#1380=DIRECTION('',(-0.5,0.866025403784439,1.92296268638356E-16));
#1381=DIRECTION('center_axis',(0.612372435695794,-0.353553390593274,-0.707106781186548));
#1382=DIRECTION('ref_axis',(0.5,0.866025403784439,2.20051844253985E-16));
#1383=DIRECTION('',(0.612372435695795,-0.353553390593274,0.707106781186547));
#1384=DIRECTION('',(-0.5,-0.866025403784439,-1.92296268638356E-16));
#1385=DIRECTION('',(0.612372435695794,-0.353553390593274,0.707106781186548));
#1386=DIRECTION('',(0.5,0.866025403784438,1.92296268638356E-16));
#1387=DIRECTION('center_axis',(0.,-2.22044604925031E-16,1.));
#1388=DIRECTION('ref_axis',(0.,-1.,-2.22044604925031E-16));
#1389=DIRECTION('',(0.310237486357248,-0.635415377574966,0.707106781186547));
#1390=DIRECTION('center_axis',(0.,2.22044604925031E-16,-1.));
#1391=DIRECTION('ref_axis',(-1.76684798479119E-15,-1.,-2.22044604925031E-16));
#1392=DIRECTION('center_axis',(0.,-2.22044604925031E-16,1.));
#1393=DIRECTION('ref_axis',(0.,-1.,-2.22044604925031E-16));
#1394=DIRECTION('center_axis',(0.,2.22044604925031E-16,-1.));
#1395=DIRECTION('ref_axis',(0.5,-0.866025403784439,-1.92296268638356E-16));
#1396=DIRECTION('',(-0.612372435695794,-0.353553390593274,-0.707106781186548));
#1397=DIRECTION('center_axis',(0.,2.22044604925031E-16,-1.));
#1398=DIRECTION('ref_axis',(0.,-1.,-2.22044604925031E-16));
#1399=DIRECTION('center_axis',(0.,-2.22044604925031E-16,1.));
#1400=DIRECTION('ref_axis',(0.,-1.,-2.22044604925031E-16));
#1401=DIRECTION('center_axis',(0.,2.22044604925031E-16,-1.));
#1402=DIRECTION('ref_axis',(0.,1.,2.22044604925031E-16));
#1403=DIRECTION('',(0.395167115756576,-0.586381233179089,0.707106781186547));
#1404=DIRECTION('center_axis',(0.,-2.22044604925031E-16,1.));
#1405=DIRECTION('ref_axis',(0.,-1.,-2.22044604925031E-16));
#1406=DIRECTION('center_axis',(0.,2.22044604925031E-16,-1.));
#1407=DIRECTION('ref_axis',(0.,-1.,-2.22044604925031E-16));
#1408=DIRECTION('center_axis',(0.612372435695796,0.353553390593274,-0.707106781186546));
#1409=DIRECTION('ref_axis',(-0.5,0.866025403784439,1.64540693022727E-16));
#1410=DIRECTION('',(-0.612372435695795,-0.353553390593274,-0.707106781186547));
#1411=DIRECTION('',(-0.5,0.866025403784439,1.92296268638356E-16));
#1412=DIRECTION('',(0.5,-0.866025403784439,-1.92296268638356E-16));
#1413=DIRECTION('center_axis',(0.,-2.22044604925031E-16,1.));
#1414=DIRECTION('ref_axis',(0.,-1.,-2.22044604925031E-16));
#1415=DIRECTION('',(0.,-0.707106781186548,0.707106781186547));
#1416=DIRECTION('center_axis',(0.,2.22044604925031E-16,-1.));
#1417=DIRECTION('ref_axis',(-3.53369596958238E-15,-1.,-2.22044604925031E-16));
#1418=DIRECTION('center_axis',(0.,-2.22044604925031E-16,1.));
#1419=DIRECTION('ref_axis',(0.,-1.,-2.22044604925031E-16));
#1420=DIRECTION('center_axis',(0.,-2.22044604925031E-16,1.));
#1421=DIRECTION('ref_axis',(0.,-1.,-2.22044604925031E-16));
#1422=DIRECTION('',(-0.310237486357249,-0.635415377574965,-0.707106781186547));
#1423=DIRECTION('center_axis',(0.,-2.22044604925031E-16,1.));
#1424=DIRECTION('ref_axis',(0.,-1.,-2.22044604925031E-16));
#1425=DIRECTION('center_axis',(0.,2.22044604925031E-16,-1.));
#1426=DIRECTION('ref_axis',(-2.73058324922275E-15,-1.,-2.22044604925031E-16));
#1427=DIRECTION('center_axis',(0.,-0.707106781186547,-0.707106781186548));
#1428=DIRECTION('ref_axis',(1.,0.,0.));
#1429=DIRECTION('',(0.,-0.707106781186548,0.707106781186547));
#1430=DIRECTION('',(-1.,0.,0.));
#1431=DIRECTION('',(1.,0.,0.));
#1432=DIRECTION('center_axis',(0.,2.22044604925031E-16,-1.));
#1433=DIRECTION('ref_axis',(0.,1.,2.22044604925031E-16));
#1434=DIRECTION('',(-0.395167115756576,-0.586381233179088,-0.707106781186548));
#1435=DIRECTION('center_axis',(0.,2.22044604925031E-16,-1.));
#1436=DIRECTION('ref_axis',(0.,-1.,-2.22044604925031E-16));
#1437=DIRECTION('center_axis',(0.,-2.22044604925031E-16,1.));
#1438=DIRECTION('ref_axis',(0.,-1.,-2.22044604925031E-16));
#1439=DIRECTION('center_axis',(0.,-2.22044604925031E-16,1.));
#1440=DIRECTION('ref_axis',(0.,-1.,-2.22044604925031E-16));
#1441=DIRECTION('',(0.,-0.707106781186547,-0.707106781186548));
#1442=DIRECTION('center_axis',(0.,-2.22044604925031E-16,1.));
#1443=DIRECTION('ref_axis',(0.,-1.,-2.22044604925031E-16));
#1444=DIRECTION('center_axis',(0.,2.22044604925031E-16,-1.));
#1445=DIRECTION('ref_axis',(0.,-1.,-2.22044604925031E-16));
#1446=DIRECTION('center_axis',(0.,2.22044604925031E-16,-1.));
#1447=DIRECTION('ref_axis',(0.,1.,2.22044604925031E-16));
#1448=DIRECTION('',(0.,0.707106781186547,0.707106781186548));
#1449=DIRECTION('center_axis',(0.,-2.22044604925031E-16,1.));
#1450=DIRECTION('ref_axis',(0.,-1.,-2.22044604925031E-16));
#1451=DIRECTION('center_axis',(0.,2.22044604925031E-16,-1.));
#1452=DIRECTION('ref_axis',(0.,-1.,-2.22044604925031E-16));
#1453=DIRECTION('center_axis',(0.,0.707106781186548,-0.707106781186547));
#1454=DIRECTION('ref_axis',(-1.,0.,0.));
#1455=DIRECTION('',(1.,0.,0.));
#1456=DIRECTION('',(-1.,0.,0.));
#1457=DIRECTION('center_axis',(0.,-2.22044604925031E-16,1.));
#1458=DIRECTION('ref_axis',(0.,-1.,-2.22044604925031E-16));
#1459=DIRECTION('',(-0.395167115756575,0.586381233179085,0.707106781186551));
#1460=DIRECTION('center_axis',(0.,-2.22044604925031E-16,1.));
#1461=DIRECTION('ref_axis',(0.,1.,2.22044604925031E-16));
#1462=DIRECTION('',(0.310237486357246,-0.635415377574962,-0.707106781186552));
#1463=DIRECTION('center_axis',(0.,2.22044604925031E-16,-1.));
#1464=DIRECTION('ref_axis',(0.,1.,2.22044604925031E-16));
#1465=DIRECTION('center_axis',(0.,2.22044604925031E-16,-1.));
#1466=DIRECTION('ref_axis',(0.,1.,2.22044604925031E-16));
#1467=DIRECTION('',(0.61237243569579,-0.353553390593273,-0.707106781186552));
#1468=DIRECTION('center_axis',(0.,-2.22044604925031E-16,1.));
#1469=DIRECTION('ref_axis',(0.,1.,2.22044604925031E-16));
#1470=DIRECTION('center_axis',(0.,2.22044604925031E-16,-1.));
#1471=DIRECTION('ref_axis',(0.,1.,2.22044604925031E-16));
#1472=DIRECTION('center_axis',(0.,2.22044604925031E-16,-1.));
#1473=DIRECTION('ref_axis',(0.,1.,2.22044604925031E-16));
#1474=DIRECTION('',(0.,0.707106781186543,0.707106781186552));
#1475=DIRECTION('center_axis',(0.,2.22044604925031E-16,-1.));
#1476=DIRECTION('ref_axis',(0.,1.,2.22044604925031E-16));
#1477=DIRECTION('center_axis',(0.,-2.22044604925031E-16,1.));
#1478=DIRECTION('ref_axis',(0.,1.,2.22044604925031E-16));
#1479=DIRECTION('center_axis',(0.612372435695798,-0.353553390593276,0.707106781186543));
#1480=DIRECTION('ref_axis',(0.5,0.866025403784439,1.92296268638356E-16));
#1481=DIRECTION('',(0.612372435695791,-0.35355339059327,-0.707106781186553));
#1482=DIRECTION('',(0.5,0.866025403784439,1.92296268638356E-16));
#1483=DIRECTION('',(-0.5,-0.866025403784438,-1.92296268638356E-16));
#1484=DIRECTION('center_axis',(0.,-0.707106781186552,0.707106781186543));
#1485=DIRECTION('ref_axis',(1.,0.,0.));
#1486=DIRECTION('',(0.,0.707106781186545,0.70710678118655));
#1487=DIRECTION('',(-1.,0.,0.));
#1488=DIRECTION('',(1.,0.,0.));
#1489=DIRECTION('center_axis',(0.,-2.22044604925031E-16,1.));
#1490=DIRECTION('ref_axis',(0.500000000000001,0.866025403784438,1.92296268638356E-16));
#1491=DIRECTION('',(-0.612372435695791,0.353553390593273,-0.707106781186551));
#1492=DIRECTION('center_axis',(0.,2.22044604925031E-16,-1.));
#1493=DIRECTION('ref_axis',(0.,1.,2.22044604925031E-16));
#1494=DIRECTION('center_axis',(0.,-2.22044604925031E-16,1.));
#1495=DIRECTION('ref_axis',(9.91270557701033E-16,1.,2.22044604925031E-16));
#1496=DIRECTION('center_axis',(0.,-2.22044604925031E-16,1.));
#1497=DIRECTION('ref_axis',(0.,-1.,-2.22044604925031E-16));
#1498=DIRECTION('',(0.,-0.707106781186543,0.707106781186552));
#1499=DIRECTION('center_axis',(0.,-2.22044604925031E-16,1.));
#1500=DIRECTION('ref_axis',(0.,1.,2.22044604925031E-16));
#1501=DIRECTION('center_axis',(0.,2.22044604925031E-16,-1.));
#1502=DIRECTION('ref_axis',(0.,1.,2.22044604925031E-16));
#1503=DIRECTION('center_axis',(-0.612372435695799,0.353553390593277,0.707106781186542));
#1504=DIRECTION('ref_axis',(-0.5,-0.866025403784439,-1.92296268638356E-16));
#1505=DIRECTION('',(-0.612372435695792,0.353553390593272,-0.707106781186551));
#1506=DIRECTION('',(-0.5,-0.866025403784439,-1.92296268638356E-16));
#1507=DIRECTION('',(0.5,0.866025403784438,1.92296268638356E-16));
#1508=DIRECTION('center_axis',(0.,0.707106781186552,0.707106781186543));
#1509=DIRECTION('ref_axis',(-1.,0.,0.));
#1510=DIRECTION('',(0.,-0.707106781186543,0.707106781186552));
#1511=DIRECTION('',(1.,0.,0.));
#1512=DIRECTION('',(-1.,0.,0.));
#1513=DIRECTION('center_axis',(0.,2.22044604925031E-16,-1.));
#1514=DIRECTION('ref_axis',(0.,1.,2.22044604925031E-16));
#1515=DIRECTION('',(-0.705404602113822,-0.0490341443958769,-0.707106781186551));
#1516=DIRECTION('center_axis',(0.,-2.22044604925031E-16,1.));
#1517=DIRECTION('ref_axis',(0.,1.,2.22044604925031E-16));
#1518=DIRECTION('center_axis',(0.,2.22044604925031E-16,-1.));
#1519=DIRECTION('ref_axis',(0.,1.,2.22044604925031E-16));
#1520=DIRECTION('center_axis',(0.,2.22044604925031E-16,-1.));
#1521=DIRECTION('ref_axis',(0.,1.,2.22044604925031E-16));
#1522=DIRECTION('',(-0.395167115756575,-0.586381233179085,0.707106781186551));
#1523=DIRECTION('center_axis',(0.,2.22044604925031E-16,-1.));
#1524=DIRECTION('ref_axis',(0.,1.,2.22044604925031E-16));
#1525=DIRECTION('center_axis',(0.,-2.22044604925031E-16,1.));
#1526=DIRECTION('ref_axis',(-3.53369596958239E-15,1.,2.22044604925031E-16));
#1527=DIRECTION('center_axis',(0.,-2.22044604925031E-16,1.));
#1528=DIRECTION('ref_axis',(0.,-1.,-2.22044604925031E-16));
#1529=DIRECTION('',(-0.705404602113822,0.0490341443958772,-0.707106781186551));
#1530=DIRECTION('center_axis',(0.,2.22044604925031E-16,-1.));
#1531=DIRECTION('ref_axis',(0.,1.,2.22044604925031E-16));
#1532=DIRECTION('center_axis',(0.,-2.22044604925031E-16,1.));
#1533=DIRECTION('ref_axis',(-7.105427357601E-15,1.,2.22044604925031E-16));
#1534=DIRECTION('center_axis',(0.,-2.22044604925031E-16,1.));
#1535=DIRECTION('ref_axis',(0.,-1.,-2.22044604925031E-16));
#1536=DIRECTION('',(-0.310237486357246,-0.635415377574962,0.707106781186551));
#1537=DIRECTION('center_axis',(0.,-2.22044604925031E-16,1.));
#1538=DIRECTION('ref_axis',(0.,1.,2.22044604925031E-16));
#1539=DIRECTION('center_axis',(0.,2.22044604925031E-16,-1.));
#1540=DIRECTION('ref_axis',(0.,1.,2.22044604925031E-16));
#1541=DIRECTION('center_axis',(0.,2.22044604925031E-16,-1.));
#1542=DIRECTION('ref_axis',(0.,1.,2.22044604925031E-16));
#1543=DIRECTION('',(-0.612372435695791,-0.353553390593271,-0.707106781186552));
#1544=DIRECTION('center_axis',(0.,-2.22044604925031E-16,1.));
#1545=DIRECTION('ref_axis',(0.,1.,2.22044604925031E-16));
#1546=DIRECTION('center_axis',(0.,2.22044604925031E-16,-1.));
#1547=DIRECTION('ref_axis',(0.,1.,2.22044604925031E-16));
#1548=DIRECTION('center_axis',(0.,2.22044604925031E-16,-1.));
#1549=DIRECTION('ref_axis',(0.,1.,2.22044604925031E-16));
#1550=DIRECTION('',(-0.612372435695792,-0.353553390593273,0.707106781186549));
#1551=DIRECTION('center_axis',(0.,2.22044604925031E-16,-1.));
#1552=DIRECTION('ref_axis',(0.,1.,2.22044604925031E-16));
#1553=DIRECTION('center_axis',(0.,-2.22044604925031E-16,1.));
#1554=DIRECTION('ref_axis',(-1.76684798479119E-15,1.,2.22044604925031E-16));
#1555=DIRECTION('center_axis',(-0.612372435695798,-0.353553390593276,0.707106781186543));
#1556=DIRECTION('ref_axis',(0.5,-0.866025403784439,-2.20051844253985E-16));
#1557=DIRECTION('',(-0.612372435695792,-0.35355339059327,-0.707106781186552));
#1558=DIRECTION('',(0.5,-0.866025403784439,-1.92296268638356E-16));
#1559=DIRECTION('',(-0.5,0.866025403784439,1.92296268638356E-16));
#1560=DIRECTION('center_axis',(0.612372435695798,0.353553390593275,0.707106781186544));
#1561=DIRECTION('ref_axis',(-0.5,0.866025403784439,1.92296268638356E-16));
#1562=DIRECTION('',(-0.61237243569579,-0.353553390593273,0.707106781186552));
#1563=DIRECTION('',(0.5,-0.866025403784439,-1.92296268638356E-16));
#1564=DIRECTION('',(-0.5,0.866025403784439,1.92296268638356E-16));
#1565=DIRECTION('center_axis',(0.,2.22044604925031E-16,-1.));
#1566=DIRECTION('ref_axis',(0.,1.,2.22044604925031E-16));
#1567=DIRECTION('',(0.,-2.22044604925031E-16,1.));
#1568=DIRECTION('',(0.,2.22044604925031E-16,-1.));
#1569=DIRECTION('center_axis',(0.,2.22044604925031E-16,-1.));
#1570=DIRECTION('ref_axis',(0.,1.,2.22044604925031E-16));
#1571=DIRECTION('',(0.,-2.22044604925031E-16,1.));
#1572=DIRECTION('',(0.,2.22044604925031E-16,-1.));
#1573=DIRECTION('center_axis',(0.,2.22044604925031E-16,-1.));
#1574=DIRECTION('ref_axis',(0.,1.,2.22044604925031E-16));
#1575=DIRECTION('',(0.,-2.22044604925031E-16,1.));
#1576=DIRECTION('',(0.,2.22044604925031E-16,-1.));
#1577=DIRECTION('center_axis',(0.,2.22044604925031E-16,-1.));
#1578=DIRECTION('ref_axis',(0.,1.,2.22044604925031E-16));
#1579=DIRECTION('',(0.,-2.22044604925031E-16,1.));
#1580=DIRECTION('',(0.,2.22044604925031E-16,-1.));
#1581=DIRECTION('center_axis',(0.,2.22044604925031E-16,-1.));
#1582=DIRECTION('ref_axis',(0.,1.,2.22044604925031E-16));
#1583=DIRECTION('',(0.,-2.22044604925031E-16,1.));
#1584=DIRECTION('',(0.,2.22044604925031E-16,-1.));
#1585=DIRECTION('center_axis',(0.,2.22044604925031E-16,-1.));
#1586=DIRECTION('ref_axis',(0.,1.,2.22044604925031E-16));
#1587=DIRECTION('',(0.,-2.22044604925031E-16,1.));
#1588=DIRECTION('',(0.,2.22044604925031E-16,-1.));
#1589=DIRECTION('center_axis',(0.,2.22044604925031E-16,-1.));
#1590=DIRECTION('ref_axis',(0.499999999999999,-0.866025403784439,-1.92296268638356E-16));
#1591=DIRECTION('',(0.,-2.22044604925031E-16,1.));
#1592=DIRECTION('center_axis',(0.,-2.22044604925031E-16,1.));
#1593=DIRECTION('ref_axis',(0.,1.,2.22044604925031E-16));
#1594=DIRECTION('',(0.,2.22044604925031E-16,-1.));
#1595=DIRECTION('center_axis',(0.,2.22044604925031E-16,-1.));
#1596=DIRECTION('ref_axis',(0.,1.,2.22044604925031E-16));
#1597=DIRECTION('',(0.,-2.22044604925031E-16,1.));
#1598=DIRECTION('',(0.,2.22044604925031E-16,-1.));
#1599=DIRECTION('center_axis',(0.,2.22044604925031E-16,-1.));
#1600=DIRECTION('ref_axis',(-1.73472347597681E-15,-1.,-2.22044604925031E-16));
#1601=DIRECTION('center_axis',(0.,2.22044604925031E-16,-1.));
#1602=DIRECTION('ref_axis',(0.,1.,2.22044604925031E-16));
#1603=DIRECTION('',(0.,2.22044604925031E-16,-1.));
#1604=DIRECTION('',(0.,-2.22044604925031E-16,1.));
#1605=DIRECTION('center_axis',(-0.866025403784439,0.5,1.11022302462516E-16));
#1606=DIRECTION('ref_axis',(-0.5,-0.866025403784439,-1.92296268638356E-16));
#1607=DIRECTION('center_axis',(0.866025403784439,-0.5,-1.11022302462516E-16));
#1608=DIRECTION('ref_axis',(0.5,0.866025403784439,1.92296268638356E-16));
#1609=DIRECTION('center_axis',(0.866025403784439,0.5,1.11022302462516E-16));
#1610=DIRECTION('ref_axis',(-0.5,0.866025403784439,1.92296268638356E-16));
#1611=DIRECTION('center_axis',(-0.866025403784439,-0.5,-1.11022302462516E-16));
#1612=DIRECTION('ref_axis',(0.5,-0.866025403784439,-1.92296268638356E-16));
#1613=DIRECTION('center_axis',(0.,-1.,-2.22044604925031E-16));
#1614=DIRECTION('ref_axis',(1.,0.,0.));
#1615=DIRECTION('center_axis',(0.,1.,2.22044604925031E-16));
#1616=DIRECTION('ref_axis',(-1.,0.,0.));
#1617=DIRECTION('center_axis',(0.,2.22044604925031E-16,-1.));
#1618=DIRECTION('ref_axis',(0.,1.,2.22044604925031E-16));
#1619=DIRECTION('center_axis',(0.,2.22044604925031E-16,-1.));
#1620=DIRECTION('ref_axis',(0.,1.,2.22044604925031E-16));
#1621=DIRECTION('center_axis',(0.,2.22044604925031E-16,-1.));
#1622=DIRECTION('ref_axis',(0.,1.,2.22044604925031E-16));
#1623=DIRECTION('center_axis',(0.,-2.22044604925031E-16,1.));
#1624=DIRECTION('ref_axis',(-1.,0.,0.));
#1625=DIRECTION('center_axis',(0.,2.22044604925031E-16,-1.));
#1626=DIRECTION('ref_axis',(0.,1.,2.22044604925031E-16));
#1627=DIRECTION('center_axis',(0.,2.22044604925031E-16,-1.));
#1628=DIRECTION('ref_axis',(0.,1.,2.22044604925031E-16));
#1629=DIRECTION('center_axis',(0.,2.22044604925031E-16,-1.));
#1630=DIRECTION('ref_axis',(0.,1.,2.22044604925031E-16));
#1631=DIRECTION('center_axis',(0.,2.22044604925031E-16,-1.));
#1632=DIRECTION('ref_axis',(0.,1.,2.22044604925031E-16));
#1633=DIRECTION('center_axis',(0.,2.22044604925031E-16,-1.));
#1634=DIRECTION('ref_axis',(0.,1.,2.22044604925031E-16));
#1635=DIRECTION('center_axis',(0.,2.22044604925031E-16,-1.));
#1636=DIRECTION('ref_axis',(0.,1.,2.22044604925031E-16));
#1637=DIRECTION('center_axis',(0.,-2.22044604925031E-16,1.));
#1638=DIRECTION('ref_axis',(0.,-1.,-2.22044604925031E-16));
#1639=DIRECTION('center_axis',(0.,-2.22044604925031E-16,1.));
#1640=DIRECTION('ref_axis',(0.,-1.,-2.22044604925031E-16));
#1641=DIRECTION('',(0.,2.22044604925031E-16,-1.));
#1642=DIRECTION('center_axis',(0.,2.22044604925031E-16,-1.));
#1643=DIRECTION('ref_axis',(0.,1.,2.22044604925031E-16));
#1644=DIRECTION('center_axis',(0.,-2.22044604925031E-16,1.));
#1645=DIRECTION('ref_axis',(0.,-1.,-2.22044604925031E-16));
#1646=DIRECTION('center_axis',(0.,-2.22044604925031E-16,1.));
#1647=DIRECTION('ref_axis',(0.,-1.,-2.22044604925031E-16));
#1648=DIRECTION('',(0.,2.22044604925031E-16,-1.));
#1649=DIRECTION('center_axis',(0.,2.22044604925031E-16,-1.));
#1650=DIRECTION('ref_axis',(0.,1.,2.22044604925031E-16));
#1651=DIRECTION('center_axis',(0.,-2.22044604925031E-16,1.));
#1652=DIRECTION('ref_axis',(0.,-1.,-2.22044604925031E-16));
#1653=DIRECTION('center_axis',(0.,-2.22044604925031E-16,1.));
#1654=DIRECTION('ref_axis',(0.,-1.,-2.22044604925031E-16));
#1655=DIRECTION('',(0.,2.22044604925031E-16,-1.));
#1656=DIRECTION('center_axis',(0.,-2.22044604925031E-16,1.));
#1657=DIRECTION('ref_axis',(0.,-1.,-2.22044604925031E-16));
#1658=DIRECTION('',(-8.6595605623549E-17,0.707106781186544,0.707106781186551));
#1659=DIRECTION('center_axis',(0.,2.22044604925031E-16,-1.));
#1660=DIRECTION('ref_axis',(0.,-1.,-2.22044604925031E-16));
#1661=DIRECTION('center_axis',(0.,-2.22044604925031E-16,1.));
#1662=DIRECTION('ref_axis',(0.,-1.,-2.22044604925031E-16));
#1663=DIRECTION('',(-8.6595605623549E-17,0.707106781186544,0.707106781186551));
#1664=DIRECTION('center_axis',(0.,2.22044604925031E-16,-1.));
#1665=DIRECTION('ref_axis',(0.,-1.,-2.22044604925031E-16));
#1666=DIRECTION('center_axis',(0.,-2.22044604925031E-16,1.));
#1667=DIRECTION('ref_axis',(0.,-1.,-2.22044604925031E-16));
#1668=DIRECTION('',(-8.6595605623549E-17,0.707106781186544,0.707106781186551));
#1669=DIRECTION('center_axis',(0.,2.22044604925031E-16,-1.));
#1670=DIRECTION('ref_axis',(0.,-1.,-2.22044604925031E-16));
#1671=DIRECTION('center_axis',(0.,-2.22044604925031E-16,1.));
#1672=DIRECTION('ref_axis',(0.,-1.,-2.22044604925031E-16));
#1673=DIRECTION('center_axis',(0.,2.22044604925031E-16,-1.));
#1674=DIRECTION('ref_axis',(0.,1.,2.22044604925031E-16));
#1675=DIRECTION('center_axis',(0.,-2.22044604925031E-16,1.));
#1676=DIRECTION('ref_axis',(0.,-1.,-2.22044604925031E-16));
#1677=DIRECTION('center_axis',(0.,0.,1.));
#1678=DIRECTION('ref_axis',(-1.,0.,0.));
#1679=DIRECTION('',(0.,0.,1.));
#1680=DIRECTION('center_axis',(0.,-2.22044604925031E-16,1.));
#1681=DIRECTION('ref_axis',(1.,0.,0.));
#1682=CARTESIAN_POINT('',(0.,0.,0.));
#1683=CARTESIAN_POINT('Origin',(0.,-45.9487113059643,45.5512886940357));
#1684=CARTESIAN_POINT('',(-1.69001258282335E-15,-59.7487113059643,43.7512886940357));
#1685=CARTESIAN_POINT('Origin',(0.,-45.9487113059643,43.7512886940357));
#1686=CARTESIAN_POINT('',(-1.32261854307914E-15,-56.7487113059643,46.7512886940357));
#1687=CARTESIAN_POINT('',(-1.46957615897682E-15,-57.9487113059643,45.5512886940357));
#1688=CARTESIAN_POINT('Origin',(0.,-45.9487113059643,46.7512886940357));
#1689=CARTESIAN_POINT('Origin',(0.,-45.9487113059643,45.5512886940357));
#1690=CARTESIAN_POINT('',(9.,-45.9487113059643,46.1512886940357));
#1691=CARTESIAN_POINT('',(-1.10218211923262E-15,-36.9487113059643,46.1512886940357));
#1692=CARTESIAN_POINT('Origin',(0.,-45.9487113059643,46.1512886940357));
#1693=CARTESIAN_POINT('',(-1.17566092718146E-15,-36.3487113059643,46.7512886940357));
#1694=CARTESIAN_POINT('',(-1.02870331128378E-15,-37.5487113059643,45.5512886940357));
#1695=CARTESIAN_POINT('Origin',(0.,-45.9487113059643,46.7512886940357));
#1696=CARTESIAN_POINT('Origin',(0.,-45.9487113059643,46.1512886940357));
#1697=CARTESIAN_POINT('Origin',(0.,-45.9487113059643,46.7512886940357));
#1698=CARTESIAN_POINT('',(-1.69001258282335E-15,-59.7487113059643,24.8512886940357));
#1699=CARTESIAN_POINT('Origin',(0.,-45.9487113059643,24.8512886940357));
#1700=CARTESIAN_POINT('',(-1.69001258282335E-15,-59.7487113059643,46.7512886940357));
#1701=CARTESIAN_POINT('Origin',(0.,-45.9487113059643,46.7512886940357));
#1702=CARTESIAN_POINT('Origin',(-10.5,-45.9487113059643,21.3512886940357));
#1703=CARTESIAN_POINT('',(-3.03712406188544E-15,-70.7487113059643,21.3512886940357));
#1704=CARTESIAN_POINT('Origin',(0.,-45.9487113059643,21.3512886940357));
#1705=CARTESIAN_POINT('',(-1.69001258282335E-15,-59.7487113059643,21.3512886940357));
#1706=CARTESIAN_POINT('Origin',(0.,-45.9487113059643,21.3512886940357));
#1707=CARTESIAN_POINT('Origin',(0.,-45.9487113059643,24.8512886940357));
#1708=CARTESIAN_POINT('',(-3.03712406188544E-15,-70.7487113059643,24.8512886940357));
#1709=CARTESIAN_POINT('',(-3.03712406188544E-15,-70.7487113059643,24.8512886940357));
#1710=CARTESIAN_POINT('Origin',(0.,-45.9487113059643,24.8512886940357));
#1711=CARTESIAN_POINT('Origin',(-10.5,-45.9487113059643,24.8512886940357));
#1712=CARTESIAN_POINT('Origin',(0.,-45.9487113059643,21.3512886940357));
#1713=CARTESIAN_POINT('',(-1.69001258282335E-15,-59.7487113059643,-36.6487113059643));
#1714=CARTESIAN_POINT('Origin',(0.,-45.9487113059643,-36.6487113059643));
#1715=CARTESIAN_POINT('',(-1.69001258282335E-15,-59.7487113059643,21.3512886940357));
#1716=CARTESIAN_POINT('Origin',(30.6759772245454,-43.816360181226,-36.6487113059643));
#1717=CARTESIAN_POINT('',(14.5149745891751,-44.9397451640149,-36.6487113059643));
#1718=CARTESIAN_POINT('',(15.7120858954989,-44.8565314615861,-37.8487113059643));
#1719=CARTESIAN_POINT('',(14.5149745891751,-44.9397451640149,-36.6487113059643));
#1720=CARTESIAN_POINT('',(17.6855961677788,-36.316360181226,-37.8487113059643));
#1721=CARTESIAN_POINT('Origin',(30.6759772245454,-43.816360181226,-37.8487113059643));
#1722=CARTESIAN_POINT('',(16.6463656832375,-35.716360181226,-36.6487113059643));
#1723=CARTESIAN_POINT('',(17.6855961677788,-36.316360181226,-37.8487113059643));
#1724=CARTESIAN_POINT('Origin',(30.6759772245454,-43.816360181226,-36.6487113059643));
#1725=CARTESIAN_POINT('Origin',(14.9629451806736,-41.0321300221698,-37.8487113059643));
#1726=CARTESIAN_POINT('',(30.0932667397366,-14.8256443470179,-37.8487113059643));
#1727=CARTESIAN_POINT('',(29.0540362551953,-14.2256443470179,-36.6487113059643));
#1728=CARTESIAN_POINT('',(30.0932667397366,-14.8256443470179,-37.8487113059643));
#1729=CARTESIAN_POINT('',(11.0540362551953,-45.4025588832577,-36.6487113059643));
#1730=CARTESIAN_POINT('',(14.9629451806736,-41.0321300221698,-37.8487113059643));
#1731=CARTESIAN_POINT('Origin',(0.,-45.9487113059643,-37.8487113059643));
#1732=CARTESIAN_POINT('',(14.5149745891751,-46.9576774479136,-36.6487113059643));
#1733=CARTESIAN_POINT('',(15.7120858954989,-47.0408911503425,-37.8487113059643));
#1734=CARTESIAN_POINT('',(14.5149745891751,-46.9576774479136,-36.6487113059643));
#1735=CARTESIAN_POINT('Origin',(0.,-45.9487113059643,-37.8487113059643));
#1736=CARTESIAN_POINT('Origin',(0.,-45.9487113059643,-36.6487113059643));
#1737=CARTESIAN_POINT('Origin',(30.6759772245454,-48.0810624307026,-36.6487113059643));
#1738=CARTESIAN_POINT('',(16.6463656832375,-56.1810624307026,-36.6487113059643));
#1739=CARTESIAN_POINT('',(17.6855961677788,-55.5810624307026,-37.8487113059643));
#1740=CARTESIAN_POINT('',(16.6463656832375,-56.1810624307026,-36.6487113059643));
#1741=CARTESIAN_POINT('Origin',(30.6759772245454,-48.0810624307026,-37.8487113059643));
#1742=CARTESIAN_POINT('Origin',(30.6759772245454,-48.0810624307026,-36.6487113059643));
#1743=CARTESIAN_POINT('Origin',(14.9629451806736,-50.8652925897588,-37.8487113059643));
#1744=CARTESIAN_POINT('',(29.0540362551953,-77.6717782649107,-36.6487113059643));
#1745=CARTESIAN_POINT('',(30.0932667397366,-77.0717782649107,-37.8487113059643));
#1746=CARTESIAN_POINT('',(29.0540362551953,-77.6717782649107,-36.6487113059643));
#1747=CARTESIAN_POINT('',(14.9629451806736,-50.8652925897588,-37.8487113059643));
#1748=CARTESIAN_POINT('',(11.0540362551953,-46.4948637286709,-36.6487113059643));
#1749=CARTESIAN_POINT('Origin',(-3.22358829879965,-30.5321300221698,-37.8487113059643));
#1750=CARTESIAN_POINT('',(-0.500937311694395,-25.816360181226,-37.8487113059643));
#1751=CARTESIAN_POINT('',(0.538293172846931,-26.416360181226,-36.6487113059643));
#1752=CARTESIAN_POINT('',(-0.500937311694398,-25.816360181226,-37.8487113059643));
#1753=CARTESIAN_POINT('',(12.9459637448047,-4.92564434701786,-36.6487113059643));
#1754=CARTESIAN_POINT('',(-5.05403625519527,-36.1025588832577,-36.6487113059643));
#1755=CARTESIAN_POINT('',(11.9067332602634,-4.32564434701786,-37.8487113059643));
#1756=CARTESIAN_POINT('',(11.9067332602634,-4.32564434701786,-37.8487113059643));
#1757=CARTESIAN_POINT('',(-3.22358829879965,-30.5321300221698,-37.8487113059643));
#1758=CARTESIAN_POINT('Origin',(-13.491318368461,-18.316360181226,-36.6487113059643));
#1759=CARTESIAN_POINT('',(-6.9101874570166,-31.79555585183,-37.8487113059643));
#1760=CARTESIAN_POINT('',(-6.38369698410105,-32.8738915054784,-36.6487113059643));
#1761=CARTESIAN_POINT('',(-6.9101874570166,-31.79555585183,-37.8487113059643));
#1762=CARTESIAN_POINT('Origin',(-13.491318368461,-18.316360181226,-36.6487113059643));
#1763=CARTESIAN_POINT('Origin',(-13.491318368461,-18.3163601812259,-37.8487113059643));
#1764=CARTESIAN_POINT('Origin',(21.,-82.3217782649107,-36.6487113059643));
#1765=CARTESIAN_POINT('',(12.9459637448047,-86.9717782649107,-36.6487113059643));
#1766=CARTESIAN_POINT('',(11.9067332602634,-87.5717782649107,-37.8487113059643));
#1767=CARTESIAN_POINT('',(12.9459637448047,-86.9717782649107,-36.6487113059643));
#1768=CARTESIAN_POINT('Origin',(21.,-82.3217782649107,-37.8487113059643));
#1769=CARTESIAN_POINT('Origin',(21.,-82.3217782649107,-36.6487113059643));
#1770=CARTESIAN_POINT('Origin',(0.,-45.9487113059643,-37.8487113059643));
#1771=CARTESIAN_POINT('',(-8.80189843848225,-32.8877356962082,-37.8487113059643));
#1772=CARTESIAN_POINT('',(-8.13127760507408,-33.8828576474277,-36.6487113059643));
#1773=CARTESIAN_POINT('',(-8.80189843848225,-32.8877356962082,-37.8487113059643));
#1774=CARTESIAN_POINT('Origin',(0.,-45.9487113059643,-36.6487113059643));
#1775=CARTESIAN_POINT('Origin',(0.,-45.9487113059643,-37.8487113059643));
#1776=CARTESIAN_POINT('Origin',(-3.22358829879966,-61.3652925897588,-37.8487113059643));
#1777=CARTESIAN_POINT('',(0.538293172846919,-65.4810624307026,-36.6487113059643));
#1778=CARTESIAN_POINT('',(-0.500937311694408,-66.0810624307026,-37.8487113059643));
#1779=CARTESIAN_POINT('',(0.538293172846919,-65.4810624307026,-36.6487113059643));
#1780=CARTESIAN_POINT('',(-3.22358829879966,-61.3652925897588,-37.8487113059643));
#1781=CARTESIAN_POINT('',(-5.05403625519528,-55.7948637286709,-36.6487113059643));
#1782=CARTESIAN_POINT('Origin',(-17.1846588560844,-20.4487113059643,-36.6487113059643));
#1783=CARTESIAN_POINT('',(-17.1846588560844,-35.4487113059643,-37.8487113059643));
#1784=CARTESIAN_POINT('',(-17.1846588560844,-36.6487113059643,-36.6487113059643));
#1785=CARTESIAN_POINT('',(-17.1846588560844,-35.4487113059643,-37.8487113059643));
#1786=CARTESIAN_POINT('Origin',(-17.1846588560844,-20.4487113059643,-36.6487113059643));
#1787=CARTESIAN_POINT('Origin',(-17.1846588560844,-20.4487113059643,-37.8487113059643));
#1788=CARTESIAN_POINT('Origin',(-13.491318368461,-73.5810624307026,-36.6487113059643));
#1789=CARTESIAN_POINT('',(-6.38369698410105,-59.0235311064502,-36.6487113059643));
#1790=CARTESIAN_POINT('',(-6.91018745701661,-60.1018667600986,-37.8487113059643));
#1791=CARTESIAN_POINT('',(-6.38369698410105,-59.0235311064502,-36.6487113059643));
#1792=CARTESIAN_POINT('Origin',(-13.491318368461,-73.5810624307026,-37.8487113059643));
#1793=CARTESIAN_POINT('Origin',(-13.491318368461,-73.5810624307026,-36.6487113059643));
#1794=CARTESIAN_POINT('Origin',(-11.7393568818739,-35.4487113059643,-37.8487113059643));
#1795=CARTESIAN_POINT('',(-42.,-35.4487113059643,-37.8487113059643));
#1796=CARTESIAN_POINT('',(-42.,-36.6487113059643,-36.6487113059643));
#1797=CARTESIAN_POINT('',(-42.,-35.4487113059643,-37.8487113059643));
#1798=CARTESIAN_POINT('',(12.,-36.6487113059643,-36.6487113059643));
#1799=CARTESIAN_POINT('',(-11.7393568818739,-35.4487113059643,-37.8487113059643));
#1800=CARTESIAN_POINT('Origin',(0.,-45.9487113059643,-37.8487113059643));
#1801=CARTESIAN_POINT('',(-8.13127760507408,-58.0145649645009,-36.6487113059643));
#1802=CARTESIAN_POINT('',(-8.80189843848225,-59.0096869157204,-37.8487113059643));
#1803=CARTESIAN_POINT('',(-8.13127760507408,-58.0145649645009,-36.6487113059643));
#1804=CARTESIAN_POINT('Origin',(0.,-45.9487113059643,-37.8487113059643));
#1805=CARTESIAN_POINT('Origin',(0.,-45.9487113059643,-36.6487113059643));
#1806=CARTESIAN_POINT('Origin',(-17.1846588560844,-71.4487113059643,-36.6487113059643));
#1807=CARTESIAN_POINT('',(-17.1846588560844,-55.2487113059643,-36.6487113059643));
#1808=CARTESIAN_POINT('',(-17.1846588560844,-56.4487113059643,-37.8487113059643));
#1809=CARTESIAN_POINT('',(-17.1846588560844,-55.2487113059643,-36.6487113059643));
#1810=CARTESIAN_POINT('Origin',(-17.1846588560844,-71.4487113059643,-37.8487113059643));
#1811=CARTESIAN_POINT('Origin',(-17.1846588560844,-71.4487113059643,-36.6487113059643));
#1812=CARTESIAN_POINT('Origin',(-42.,-45.9487113059643,-36.6487113059643));
#1813=CARTESIAN_POINT('',(-42.,-56.4487113059643,-37.8487113059643));
#1814=CARTESIAN_POINT('',(-42.,-55.2487113059643,-36.6487113059643));
#1815=CARTESIAN_POINT('',(-42.,-56.4487113059643,-37.8487113059643));
#1816=CARTESIAN_POINT('Origin',(-42.,-45.9487113059643,-36.6487113059643));
#1817=CARTESIAN_POINT('Origin',(-42.,-45.9487113059643,-37.8487113059643));
#1818=CARTESIAN_POINT('Origin',(-11.7393568818739,-56.4487113059643,-37.8487113059643));
#1819=CARTESIAN_POINT('',(12.,-55.2487113059643,-36.6487113059643));
#1820=CARTESIAN_POINT('',(-11.7393568818739,-56.4487113059643,-37.8487113059643));
#1821=CARTESIAN_POINT('Origin',(0.,-45.9487113059643,-40.2487113059643));
#1822=CARTESIAN_POINT('',(-8.13127760507409,-33.8828576474277,-40.2487113059643));
#1823=CARTESIAN_POINT('',(-8.80189843848225,-32.8877356962082,-39.0487113059643));
#1824=CARTESIAN_POINT('',(-8.13127760507409,-33.8828576474277,-40.2487113059643));
#1825=CARTESIAN_POINT('',(-6.9101874570166,-31.79555585183,-39.0487113059643));
#1826=CARTESIAN_POINT('Origin',(0.,-45.9487113059643,-39.0487113059643));
#1827=CARTESIAN_POINT('',(-6.38369698410106,-32.8738915054783,-40.2487113059643));
#1828=CARTESIAN_POINT('',(-6.9101874570166,-31.79555585183,-39.0487113059643));
#1829=CARTESIAN_POINT('Origin',(0.,-45.9487113059643,-40.2487113059643));
#1830=CARTESIAN_POINT('Origin',(-13.491318368461,-18.3163601812259,-40.2487113059643));
#1831=CARTESIAN_POINT('',(-0.500937311694395,-25.816360181226,-39.0487113059643));
#1832=CARTESIAN_POINT('',(0.538293172846911,-26.416360181226,-40.2487113059643));
#1833=CARTESIAN_POINT('',(-0.500937311694395,-25.816360181226,-39.0487113059643));
#1834=CARTESIAN_POINT('Origin',(-13.491318368461,-18.3163601812259,-40.2487113059643));
#1835=CARTESIAN_POINT('Origin',(-13.491318368461,-18.3163601812259,-39.0487113059643));
#1836=CARTESIAN_POINT('Origin',(-17.1846588560844,-20.4487113059643,-40.2487113059643));
#1837=CARTESIAN_POINT('',(-17.1846588560844,-36.6487113059643,-40.2487113059643));
#1838=CARTESIAN_POINT('',(-17.1846588560844,-35.4487113059643,-39.0487113059643));
#1839=CARTESIAN_POINT('',(-17.1846588560844,-36.6487113059643,-40.2487113059643));
#1840=CARTESIAN_POINT('Origin',(-17.1846588560844,-20.4487113059643,-39.0487113059643));
#1841=CARTESIAN_POINT('Origin',(-17.1846588560844,-20.4487113059643,-40.2487113059643));
#1842=CARTESIAN_POINT('Origin',(-8.0540362551953,-41.2987113059643,-40.2487113059643));
#1843=CARTESIAN_POINT('',(11.9067332602634,-4.32564434701786,-39.0487113059643));
#1844=CARTESIAN_POINT('',(12.9459637448047,-4.92564434701785,-40.2487113059643));
#1845=CARTESIAN_POINT('',(11.9067332602634,-4.32564434701786,-39.0487113059643));
#1846=CARTESIAN_POINT('',(-8.0540362551953,-41.2987113059643,-40.2487113059643));
#1847=CARTESIAN_POINT('',(-3.22358829879965,-30.5321300221698,-39.0487113059643));
#1848=CARTESIAN_POINT('Origin',(3.12284933782575E-15,-36.6487113059643,
-40.2487113059643));
#1849=CARTESIAN_POINT('',(-42.,-36.6487113059643,-40.2487113059643));
#1850=CARTESIAN_POINT('',(-42.,-35.4487113059643,-39.0487113059643));
#1851=CARTESIAN_POINT('',(-42.,-36.6487113059643,-40.2487113059643));
#1852=CARTESIAN_POINT('',(-11.7393568818739,-35.4487113059643,-39.0487113059643));
#1853=CARTESIAN_POINT('',(3.12284933782575E-15,-36.6487113059643,-40.2487113059643));
#1854=CARTESIAN_POINT('Origin',(21.,-9.57564434701786,-40.2487113059643));
#1855=CARTESIAN_POINT('',(30.0932667397366,-14.8256443470179,-39.0487113059643));
#1856=CARTESIAN_POINT('',(29.0540362551953,-14.2256443470179,-40.2487113059643));
#1857=CARTESIAN_POINT('',(30.0932667397366,-14.8256443470179,-39.0487113059643));
#1858=CARTESIAN_POINT('Origin',(21.,-9.57564434701786,-40.2487113059643));
#1859=CARTESIAN_POINT('Origin',(21.,-9.57564434701786,-39.0487113059643));
#1860=CARTESIAN_POINT('Origin',(-42.,-45.9487113059643,-40.2487113059643));
#1861=CARTESIAN_POINT('',(-42.,-55.2487113059643,-40.2487113059643));
#1862=CARTESIAN_POINT('',(-42.,-56.4487113059643,-39.0487113059643));
#1863=CARTESIAN_POINT('',(-42.,-55.2487113059643,-40.2487113059643));
#1864=CARTESIAN_POINT('Origin',(-42.,-45.9487113059643,-39.0487113059643));
#1865=CARTESIAN_POINT('Origin',(-42.,-45.9487113059643,-40.2487113059643));
#1866=CARTESIAN_POINT('Origin',(8.0540362551953,-50.5987113059643,-40.2487113059643));
#1867=CARTESIAN_POINT('',(17.6855961677788,-36.316360181226,-39.0487113059643));
#1868=CARTESIAN_POINT('',(16.6463656832375,-35.716360181226,-40.2487113059643));
#1869=CARTESIAN_POINT('',(17.6855961677788,-36.316360181226,-39.0487113059643));
#1870=CARTESIAN_POINT('',(8.05403625519531,-50.5987113059643,-40.2487113059643));
#1871=CARTESIAN_POINT('',(14.9629451806736,-41.0321300221698,-39.0487113059643));
#1872=CARTESIAN_POINT('Origin',(3.12284933782575E-15,-55.2487113059643,
-40.2487113059643));
#1873=CARTESIAN_POINT('',(-17.1846588560844,-55.2487113059643,-40.2487113059643));
#1874=CARTESIAN_POINT('',(-17.1846588560844,-56.4487113059643,-39.0487113059643));
#1875=CARTESIAN_POINT('',(-17.1846588560844,-55.2487113059643,-40.2487113059643));
#1876=CARTESIAN_POINT('',(-11.7393568818739,-56.4487113059643,-39.0487113059643));
#1877=CARTESIAN_POINT('',(3.12284933782575E-15,-55.2487113059643,-40.2487113059643));
#1878=CARTESIAN_POINT('Origin',(30.6759772245454,-43.816360181226,-40.2487113059643));
#1879=CARTESIAN_POINT('',(15.7120858954989,-44.8565314615861,-39.0487113059643));
#1880=CARTESIAN_POINT('',(14.5149745891752,-44.9397451640149,-40.2487113059643));
#1881=CARTESIAN_POINT('',(15.7120858954989,-44.8565314615861,-39.0487113059643));
#1882=CARTESIAN_POINT('Origin',(30.6759772245454,-43.816360181226,-40.2487113059643));
#1883=CARTESIAN_POINT('Origin',(30.6759772245454,-43.816360181226,-39.0487113059643));
#1884=CARTESIAN_POINT('Origin',(-17.1846588560844,-71.4487113059643,-40.2487113059643));
#1885=CARTESIAN_POINT('',(-8.13127760507409,-58.0145649645009,-40.2487113059643));
#1886=CARTESIAN_POINT('',(-8.80189843848225,-59.0096869157204,-39.0487113059643));
#1887=CARTESIAN_POINT('',(-8.13127760507409,-58.0145649645009,-40.2487113059643));
#1888=CARTESIAN_POINT('Origin',(-17.1846588560844,-71.4487113059643,-39.0487113059643));
#1889=CARTESIAN_POINT('Origin',(-17.1846588560844,-71.4487113059643,-40.2487113059643));
#1890=CARTESIAN_POINT('Origin',(0.,-45.9487113059643,-40.2487113059643));
#1891=CARTESIAN_POINT('',(15.7120858954989,-47.0408911503425,-39.0487113059643));
#1892=CARTESIAN_POINT('',(14.5149745891752,-46.9576774479136,-40.2487113059643));
#1893=CARTESIAN_POINT('',(15.7120858954989,-47.0408911503425,-39.0487113059643));
#1894=CARTESIAN_POINT('Origin',(0.,-45.9487113059643,-40.2487113059643));
#1895=CARTESIAN_POINT('Origin',(0.,-45.9487113059643,-39.0487113059643));
#1896=CARTESIAN_POINT('Origin',(0.,-45.9487113059643,-40.2487113059643));
#1897=CARTESIAN_POINT('',(-6.38369698410107,-59.0235311064502,-40.2487113059643));
#1898=CARTESIAN_POINT('',(-6.91018745701661,-60.1018667600986,-39.0487113059643));
#1899=CARTESIAN_POINT('',(-6.38369698410107,-59.0235311064502,-40.2487113059643));
#1900=CARTESIAN_POINT('Origin',(0.,-45.9487113059643,-39.0487113059643));
#1901=CARTESIAN_POINT('Origin',(0.,-45.9487113059643,-40.2487113059643));
#1902=CARTESIAN_POINT('Origin',(30.6759772245454,-48.0810624307026,-40.2487113059643));
#1903=CARTESIAN_POINT('',(17.6855961677788,-55.5810624307026,-39.0487113059643));
#1904=CARTESIAN_POINT('',(16.6463656832375,-56.1810624307026,-40.2487113059643));
#1905=CARTESIAN_POINT('',(17.6855961677788,-55.5810624307026,-39.0487113059643));
#1906=CARTESIAN_POINT('Origin',(30.6759772245454,-48.0810624307026,-40.2487113059643));
#1907=CARTESIAN_POINT('Origin',(30.6759772245454,-48.0810624307026,-39.0487113059643));
#1908=CARTESIAN_POINT('Origin',(-13.491318368461,-73.5810624307026,-40.2487113059643));
#1909=CARTESIAN_POINT('',(0.5382931728469,-65.4810624307026,-40.2487113059643));
#1910=CARTESIAN_POINT('',(-0.500937311694408,-66.0810624307026,-39.0487113059643));
#1911=CARTESIAN_POINT('',(0.5382931728469,-65.4810624307026,-40.2487113059643));
#1912=CARTESIAN_POINT('Origin',(-13.491318368461,-73.5810624307026,-39.0487113059643));
#1913=CARTESIAN_POINT('Origin',(-13.491318368461,-73.5810624307026,-40.2487113059643));
#1914=CARTESIAN_POINT('Origin',(8.0540362551953,-41.2987113059643,-40.2487113059643));
#1915=CARTESIAN_POINT('',(30.0932667397366,-77.0717782649107,-39.0487113059643));
#1916=CARTESIAN_POINT('',(29.0540362551953,-77.6717782649107,-40.2487113059643));
#1917=CARTESIAN_POINT('',(30.0932667397366,-77.0717782649107,-39.0487113059643));
#1918=CARTESIAN_POINT('',(8.0540362551953,-41.2987113059643,-40.2487113059643));
#1919=CARTESIAN_POINT('',(14.9629451806736,-50.8652925897588,-39.0487113059643));
#1920=CARTESIAN_POINT('Origin',(-8.0540362551953,-50.5987113059643,-40.2487113059643));
#1921=CARTESIAN_POINT('',(12.9459637448047,-86.9717782649107,-40.2487113059643));
#1922=CARTESIAN_POINT('',(11.9067332602634,-87.5717782649107,-39.0487113059643));
#1923=CARTESIAN_POINT('',(12.9459637448047,-86.9717782649107,-40.2487113059643));
#1924=CARTESIAN_POINT('',(-3.22358829879966,-61.3652925897588,-39.0487113059643));
#1925=CARTESIAN_POINT('',(-8.0540362551953,-50.5987113059643,-40.2487113059643));
#1926=CARTESIAN_POINT('Origin',(-17.1846588560844,-71.4487113059643,-14.7487113059643));
#1927=CARTESIAN_POINT('',(-17.1846588560844,-56.4487113059643,-36.6487113059643));
#1928=CARTESIAN_POINT('',(-8.80189843848225,-59.0096869157204,-14.7487113059643));
#1929=CARTESIAN_POINT('Origin',(-13.491318368461,-73.5810624307026,-14.7487113059643));
#1930=CARTESIAN_POINT('',(-6.91018745701661,-60.1018667600986,-14.7487113059643));
#1931=CARTESIAN_POINT('',(-0.500937311694408,-66.0810624307026,-40.2487113059643));
#1932=CARTESIAN_POINT('Origin',(30.6759772245454,-48.0810624307026,-14.7487113059643));
#1933=CARTESIAN_POINT('',(17.6855961677788,-55.5810624307026,-36.6487113059643));
#1934=CARTESIAN_POINT('',(15.7120858954989,-47.0408911503425,-14.7487113059643));
#1935=CARTESIAN_POINT('Origin',(30.6759772245454,-43.816360181226,-14.7487113059643));
#1936=CARTESIAN_POINT('',(15.7120858954989,-44.8565314615861,-14.7487113059643));
#1937=CARTESIAN_POINT('',(17.6855961677788,-36.316360181226,-40.2487113059643));
#1938=CARTESIAN_POINT('Origin',(-17.1846588560844,-20.4487113059643,-14.7487113059643));
#1939=CARTESIAN_POINT('',(-8.80189843848225,-32.8877356962082,-14.7487113059643));
#1940=CARTESIAN_POINT('',(-17.1846588560844,-35.4487113059643,-40.2487113059643));
#1941=CARTESIAN_POINT('Origin',(-13.491318368461,-18.316360181226,-14.7487113059643));
#1942=CARTESIAN_POINT('',(-0.500937311694395,-25.816360181226,-36.6487113059643));
#1943=CARTESIAN_POINT('',(-6.9101874570166,-31.79555585183,-14.7487113059643));
#1944=CARTESIAN_POINT('Origin',(21.,-82.3217782649107,-36.6487113059643));
#1945=CARTESIAN_POINT('',(11.9067332602634,-87.5717782649107,-36.6487113059643));
#1946=CARTESIAN_POINT('Origin',(21.,-82.3217782649107,-39.0487113059643));
#1947=CARTESIAN_POINT('',(30.0932667397366,-77.0717782649107,-36.6487113059643));
#1948=CARTESIAN_POINT('Origin',(21.,-9.57564434701786,-36.6487113059643));
#1949=CARTESIAN_POINT('',(30.0932667397366,-14.8256443470179,-36.6487113059643));
#1950=CARTESIAN_POINT('',(11.9067332602634,-4.32564434701786,-36.6487113059643));
#1951=CARTESIAN_POINT('Origin',(21.,-9.57564434701786,-37.8487113059643));
#1952=CARTESIAN_POINT('Origin',(-42.,-45.9487113059643,-36.6487113059643));
#1953=CARTESIAN_POINT('',(-42.,-56.4487113059643,-36.6487113059643));
#1954=CARTESIAN_POINT('',(-42.,-35.4487113059643,-36.6487113059643));
#1955=CARTESIAN_POINT('Origin',(-3.22358829879965,-30.5321300221698,-36.6487113059643));
#1956=CARTESIAN_POINT('Origin',(14.9629451806736,-41.0321300221698,-36.6487113059643));
#1957=CARTESIAN_POINT('Origin',(14.9629451806736,-50.8652925897588,-36.6487113059643));
#1958=CARTESIAN_POINT('Origin',(-3.22358829879966,-61.3652925897588,-36.6487113059643));
#1959=CARTESIAN_POINT('Origin',(-11.7393568818739,-56.4487113059643,-36.6487113059643));
#1960=CARTESIAN_POINT('Origin',(-11.7393568818739,-35.4487113059643,-36.6487113059643));
#1961=CARTESIAN_POINT('Origin',(0.,-45.9487113059643,-14.7487113059643));
#1962=CARTESIAN_POINT('Origin',(3.12284933782575E-15,-45.9487113059643,
-40.2487113059643));
#1963=CARTESIAN_POINT('Origin',(21.,-82.3217782649107,-40.2487113059643));
#1964=CARTESIAN_POINT('',(9.,-45.9487113059643,-40.2487113059643));
#1965=CARTESIAN_POINT('Origin',(0.,-45.9487113059643,-40.2487113059643));
#1966=CARTESIAN_POINT('',(-42.,-48.3487113059643,-40.2487113059643));
#1967=CARTESIAN_POINT('Origin',(-42.,-45.9487113059643,-40.2487113059643));
#1968=CARTESIAN_POINT('',(21.,-84.7217782649108,-40.2487113059643));
#1969=CARTESIAN_POINT('Origin',(21.,-82.3217782649107,-40.2487113059643));
#1970=CARTESIAN_POINT('',(21.,-11.9756443470179,-40.2487113059643));
#1971=CARTESIAN_POINT('Origin',(21.,-9.57564434701786,-40.2487113059643));
#1972=CARTESIAN_POINT('Origin',(0.,-45.9487113059643,-14.7487113059643));
#1973=CARTESIAN_POINT('Origin',(0.,-45.9487113059643,-14.7487113059643));
#1974=CARTESIAN_POINT('Origin',(-42.,-45.9487113059643,-36.6487113059643));
#1975=CARTESIAN_POINT('',(-42.,-48.3487113059643,-38.1487113059643));
#1976=CARTESIAN_POINT('',(-42.,-43.5487113059643,-38.1487113059643));
#1977=CARTESIAN_POINT('Origin',(-42.,-45.9487113059643,-38.1487113059643));
#1978=CARTESIAN_POINT('Origin',(-42.,-45.9487113059643,-38.1487113059643));
#1979=CARTESIAN_POINT('',(-42.,-48.3487113059643,-36.6487113059643));
#1980=CARTESIAN_POINT('Origin',(21.,-82.3217782649107,-36.6487113059643));
#1981=CARTESIAN_POINT('',(21.,-84.7217782649107,-38.1487113059643));
#1982=CARTESIAN_POINT('',(21.,-79.9217782649107,-38.1487113059643));
#1983=CARTESIAN_POINT('Origin',(21.,-82.3217782649107,-38.1487113059643));
#1984=CARTESIAN_POINT('Origin',(21.,-82.3217782649107,-38.1487113059643));
#1985=CARTESIAN_POINT('',(21.,-84.7217782649108,-36.6487113059643));
#1986=CARTESIAN_POINT('Origin',(21.,-9.57564434701786,-36.6487113059643));
#1987=CARTESIAN_POINT('',(21.,-11.9756443470179,-38.1487113059643));
#1988=CARTESIAN_POINT('',(21.,-7.17564434701786,-38.1487113059643));
#1989=CARTESIAN_POINT('Origin',(21.,-9.57564434701786,-38.1487113059643));
#1990=CARTESIAN_POINT('Origin',(21.,-9.57564434701786,-38.1487113059643));
#1991=CARTESIAN_POINT('',(21.,-11.9756443470179,-36.6487113059643));
#1992=CARTESIAN_POINT('Origin',(21.,-9.57564434701786,-36.6487113059643));
#1993=CARTESIAN_POINT('',(21.,-5.67564434701787,-36.6487113059643));
#1994=CARTESIAN_POINT('',(21.,-5.67564434701788,-36.6487113059643));
#1995=CARTESIAN_POINT('Origin',(21.,-9.57564434701786,-36.6487113059643));
#1996=CARTESIAN_POINT('Origin',(21.,-82.3217782649107,-36.6487113059643));
#1997=CARTESIAN_POINT('',(21.,-78.4217782649108,-36.6487113059643));
#1998=CARTESIAN_POINT('',(21.,-78.4217782649108,-36.6487113059643));
#1999=CARTESIAN_POINT('Origin',(21.,-82.3217782649107,-36.6487113059643));
#2000=CARTESIAN_POINT('Origin',(-42.,-45.9487113059643,-36.6487113059643));
#2001=CARTESIAN_POINT('',(-42.,-42.0487113059643,-36.6487113059643));
#2002=CARTESIAN_POINT('',(-42.,-42.0487113059643,-36.6487113059643));
#2003=CARTESIAN_POINT('Origin',(-42.,-45.9487113059643,-36.6487113059643));
#2004=CARTESIAN_POINT('Origin',(21.,-82.3217782649107,-40.2487113059643));
#2005=CARTESIAN_POINT('Origin',(21.,-9.57564434701786,-36.6487113059643));
#2006=CARTESIAN_POINT('Origin',(21.,-9.57564434701786,-36.6487113059643));
#2007=CARTESIAN_POINT('Origin',(0.,-45.9487113059643,-36.6487113059643));
#2008=CARTESIAN_POINT('',(9.,-45.9487113059643,-36.6487113059643));
#2009=CARTESIAN_POINT('Origin',(-10.5,-45.9487113059643,-36.6487113059643));
#2010=UNCERTAINTY_MEASURE_WITH_UNIT(LENGTH_MEASURE(0.01),#2014,
'DISTANCE_ACCURACY_VALUE',
'Maximum model space distance between geometric entities at asserted c
onnectivities');
#2011=UNCERTAINTY_MEASURE_WITH_UNIT(LENGTH_MEASURE(0.01),#2014,
'DISTANCE_ACCURACY_VALUE',
'Maximum model space distance between geometric entities at asserted c
onnectivities');
#2012=(
GEOMETRIC_REPRESENTATION_CONTEXT(3)
GLOBAL_UNCERTAINTY_ASSIGNED_CONTEXT((#2010))
GLOBAL_UNIT_ASSIGNED_CONTEXT((#2014,#2016,#2017))
REPRESENTATION_CONTEXT('','3D')
);
#2013=(
GEOMETRIC_REPRESENTATION_CONTEXT(3)
GLOBAL_UNCERTAINTY_ASSIGNED_CONTEXT((#2011))
GLOBAL_UNIT_ASSIGNED_CONTEXT((#2014,#2016,#2017))
REPRESENTATION_CONTEXT('','3D')
);
#2014=(
LENGTH_UNIT()
NAMED_UNIT(*)
SI_UNIT(.MILLI.,.METRE.)
);
#2015=(
LENGTH_UNIT()
NAMED_UNIT(*)
SI_UNIT($,.METRE.)
);
#2016=(
NAMED_UNIT(*)
PLANE_ANGLE_UNIT()
SI_UNIT($,.RADIAN.)
);
#2017=(
NAMED_UNIT(*)
SI_UNIT($,.STERADIAN.)
SOLID_ANGLE_UNIT()
);
#2018=SHAPE_DEFINITION_REPRESENTATION(#2019,#2020);
#2019=PRODUCT_DEFINITION_SHAPE('',$,#2022);
#2020=SHAPE_REPRESENTATION('',(#1163),#2012);
#2021=PRODUCT_DEFINITION_CONTEXT('part definition',#2026,'design');
#2022=PRODUCT_DEFINITION('RSB-01_AXIS-MAIN','rsb-01_axis-main v2',#2023,
#2021);
#2023=PRODUCT_DEFINITION_FORMATION('',$,#2028);
#2024=PRODUCT_RELATED_PRODUCT_CATEGORY('rsb-01_axis-main v2',
'rsb-01_axis-main v2',(#2028));
#2025=APPLICATION_PROTOCOL_DEFINITION('international standard',
'automotive_design',2009,#2026);
#2026=APPLICATION_CONTEXT(
'Core Data for Automotive Mechanical Design Process');
#2027=PRODUCT_CONTEXT('part definition',#2026,'mechanical');
#2028=PRODUCT('RSB-01_AXIS-MAIN','rsb-01_axis-main v2','STEP AP214',(#2027));
#2029=PRESENTATION_STYLE_ASSIGNMENT((#2031));
#2030=PRESENTATION_STYLE_ASSIGNMENT((#2032));
#2031=SURFACE_STYLE_USAGE(.BOTH.,#2033);
#2032=SURFACE_STYLE_USAGE(.BOTH.,#2034);
#2033=SURFACE_SIDE_STYLE('',(#2035));
#2034=SURFACE_SIDE_STYLE('',(#2036));
#2035=SURFACE_STYLE_FILL_AREA(#2037);
#2036=SURFACE_STYLE_FILL_AREA(#2038);
#2037=FILL_AREA_STYLE('Steel - Satin',(#2039));
#2038=FILL_AREA_STYLE('Opaque(73,169,84)',(#2040));
#2039=FILL_AREA_STYLE_COLOUR('Steel - Satin',#2041);
#2040=FILL_AREA_STYLE_COLOUR('Opaque(73,169,84)',#2042);
#2041=COLOUR_RGB('Steel - Satin',0.627450980392157,0.627450980392157,0.627450980392157);
#2042=COLOUR_RGB('Opaque(73,169,84)',0.286274509803922,0.662745098039216,
0.329411764705882);
ENDSEC;
END-ISO-10303-21;
