ISO-10303-21;
HEADER;
/* Generated by software containing ST-Developer
 * from STEP Tools, Inc. (www.steptools.com) 
 */

FILE_DESCRIPTION(
/* description */ ('STEP AP214'),
/* implementation_level */ '2;1');

FILE_NAME(
/* name */ 'rsb-01_top.step',
/* time_stamp */ '2026-07-31T10:05:18+02:00',
/* author */ (''),
/* organization */ (''),
/* preprocessor_version */ 'ST-DEVELOPER v20.1',
/* originating_system */ 'Autodesk Translation Framework v15.8.0.0',
/* authorisation */ '');

FILE_SCHEMA (('AUTOMOTIVE_DESIGN { 1 0 10303 214 3 1 1 }'));
ENDSEC;

DATA;
#10=MECHANICAL_DESIGN_GEOMETRIC_PRESENTATION_REPRESENTATION('',(#13),#3510);
#11=SHAPE_REPRESENTATION_RELATIONSHIP('SRR','None',#3517,#12);
#12=ADVANCED_BREP_SHAPE_REPRESENTATION('',(#1993),#3509);
#13=STYLED_ITEM('',(#3527),#1993);
#14=ELLIPSE('',#2100,10.6066017177981,7.49999999999995);
#15=ELLIPSE('',#2104,10.6066017177981,7.49999999999981);
#16=ELLIPSE('',#2150,10.6066017177976,7.49999999999957);
#17=FACE_BOUND('',#562,.T.);
#18=FACE_BOUND('',#563,.T.);
#19=FACE_BOUND('',#564,.T.);
#20=FACE_BOUND('',#565,.T.);
#21=FACE_BOUND('',#587,.T.);
#22=FACE_BOUND('',#589,.T.);
#23=FACE_BOUND('',#591,.T.);
#24=FACE_BOUND('',#592,.T.);
#25=FACE_BOUND('',#593,.T.);
#26=FACE_BOUND('',#594,.T.);
#27=FACE_BOUND('',#595,.T.);
#28=FACE_BOUND('',#596,.T.);
#29=FACE_BOUND('',#597,.T.);
#30=FACE_BOUND('',#598,.T.);
#31=FACE_BOUND('',#599,.T.);
#32=FACE_BOUND('',#600,.T.);
#33=FACE_BOUND('',#602,.T.);
#34=FACE_BOUND('',#606,.T.);
#35=FACE_BOUND('',#612,.T.);
#36=FACE_BOUND('',#614,.T.);
#37=CONICAL_SURFACE('',#2020,2.4,0.785398163397448);
#38=CONICAL_SURFACE('',#2026,2.4,0.785398163397448);
#39=CONICAL_SURFACE('',#2032,2.4,0.785398163397448);
#40=CONICAL_SURFACE('',#2072,43.8,0.785398163397451);
#41=CONICAL_SURFACE('',#2075,10.2,0.785398163397452);
#42=CONICAL_SURFACE('',#2078,0.299999999999998,0.785398163397451);
#43=CONICAL_SURFACE('',#2081,0.300000000000029,0.785398163397444);
#44=CONICAL_SURFACE('',#2083,10.2,0.785398163397444);
#45=CONICAL_SURFACE('',#2085,43.8,0.785398163397444);
#46=CONICAL_SURFACE('',#2212,43.8,0.785398163397444);
#47=CONICAL_SURFACE('',#2213,10.2,0.785398163397446);
#48=CONICAL_SURFACE('',#2214,10.2,0.785398163397444);
#49=CONICAL_SURFACE('',#2217,0.300000000000029,0.785398163397443);
#50=CONICAL_SURFACE('',#2218,0.300000000000027,0.785398163397444);
#51=CONICAL_SURFACE('',#2219,76.5,0.78539816339744);
#52=CONICAL_SURFACE('',#2220,76.5,0.78539816339744);
#53=CONICAL_SURFACE('',#2221,0.300000000000029,0.785398163397444);
#54=CONICAL_SURFACE('',#2222,0.300000000000022,0.785398163397446);
#55=CONICAL_SURFACE('',#2225,10.2,0.785398163397445);
#56=CONICAL_SURFACE('',#2226,10.2,0.785398163397445);
#57=CONICAL_SURFACE('',#2227,43.8,0.785398163397442);
#58=CONICAL_SURFACE('',#2228,10.2,0.785398163397444);
#59=CONICAL_SURFACE('',#2231,0.300000000000029,0.785398163397443);
#60=CONICAL_SURFACE('',#2232,76.5,0.785398163397448);
#61=CONICAL_SURFACE('',#2234,75.3,0.785398163397448);
#62=CONICAL_SURFACE('',#2235,0.300000000000009,0.78539816339745);
#63=CONICAL_SURFACE('',#2236,10.2,0.785398163397451);
#64=CONICAL_SURFACE('',#2239,10.2,0.785398163397451);
#65=CONICAL_SURFACE('',#2240,0.300000000000002,0.785398163397451);
#66=CONICAL_SURFACE('',#2241,43.8,0.785398163397453);
#67=CONICAL_SURFACE('',#2242,75.3,0.785398163397448);
#68=CONICAL_SURFACE('',#2243,10.2,0.785398163397452);
#69=CONICAL_SURFACE('',#2244,0.300000000000003,0.78539816339745);
#70=CONICAL_SURFACE('',#2247,0.300000000000009,0.785398163397449);
#71=CONICAL_SURFACE('',#2248,10.2,0.78539816339745);
#72=CONICAL_SURFACE('',#2249,75.3,0.785398163397448);
#73=CONICAL_SURFACE('',#2250,43.8,0.785398163397453);
#74=CONICAL_SURFACE('',#2251,0.300000000000009,0.785398163397449);
#75=CONICAL_SURFACE('',#2252,10.2,0.785398163397451);
#76=ORIENTED_CLOSED_SHELL('',*,#1989,.F.);
#77=ORIENTED_CLOSED_SHELL('',*,#1991,.F.);
#78=ORIENTED_CLOSED_SHELL('',*,#1992,.F.);
#79=LINE('',#2940,#224);
#80=LINE('',#2947,#225);
#81=LINE('',#2954,#226);
#82=LINE('',#2961,#227);
#83=LINE('',#2965,#228);
#84=LINE('',#2972,#229);
#85=LINE('',#2976,#230);
#86=LINE('',#2983,#231);
#87=LINE('',#2987,#232);
#88=LINE('',#2994,#233);
#89=LINE('',#3005,#234);
#90=LINE('',#3013,#235);
#91=LINE('',#3021,#236);
#92=LINE('',#3029,#237);
#93=LINE('',#3037,#238);
#94=LINE('',#3044,#239);
#95=LINE('',#3074,#240);
#96=LINE('',#3077,#241);
#97=LINE('',#3082,#242);
#98=LINE('',#3089,#243);
#99=LINE('',#3092,#244);
#100=LINE('',#3095,#245);
#101=LINE('',#3098,#246);
#102=LINE('',#3103,#247);
#103=LINE('',#3104,#248);
#104=LINE('',#3107,#249);
#105=LINE('',#3111,#250);
#106=LINE('',#3114,#251);
#107=LINE('',#3119,#252);
#108=LINE('',#3120,#253);
#109=LINE('',#3125,#254);
#110=LINE('',#3126,#255);
#111=LINE('',#3131,#256);
#112=LINE('',#3132,#257);
#113=LINE('',#3137,#258);
#114=LINE('',#3138,#259);
#115=LINE('',#3141,#260);
#116=LINE('',#3144,#261);
#117=LINE('',#3150,#262);
#118=LINE('',#3153,#263);
#119=LINE('',#3159,#264);
#120=LINE('',#3162,#265);
#121=LINE('',#3167,#266);
#122=LINE('',#3173,#267);
#123=LINE('',#3179,#268);
#124=LINE('',#3184,#269);
#125=LINE('',#3187,#270);
#126=LINE('',#3193,#271);
#127=LINE('',#3198,#272);
#128=LINE('',#3202,#273);
#129=LINE('',#3206,#274);
#130=LINE('',#3208,#275);
#131=LINE('',#3209,#276);
#132=LINE('',#3212,#277);
#133=LINE('',#3214,#278);
#134=LINE('',#3215,#279);
#135=LINE('',#3221,#280);
#136=LINE('',#3229,#281);
#137=LINE('',#3237,#282);
#138=LINE('',#3239,#283);
#139=LINE('',#3245,#284);
#140=LINE('',#3253,#285);
#141=LINE('',#3274,#286);
#142=LINE('',#3276,#287);
#143=LINE('',#3279,#288);
#144=LINE('',#3280,#289);
#145=LINE('',#3281,#290);
#146=LINE('',#3282,#291);
#147=LINE('',#3283,#292);
#148=LINE('',#3288,#293);
#149=LINE('',#3289,#294);
#150=LINE('',#3291,#295);
#151=LINE('',#3293,#296);
#152=LINE('',#3307,#297);
#153=LINE('',#3309,#298);
#154=LINE('',#3311,#299);
#155=LINE('',#3312,#300);
#156=LINE('',#3315,#301);
#157=LINE('',#3316,#302);
#158=LINE('',#3318,#303);
#159=LINE('',#3319,#304);
#160=LINE('',#3322,#305);
#161=LINE('',#3325,#306);
#162=LINE('',#3326,#307);
#163=LINE('',#3330,#308);
#164=LINE('',#3332,#309);
#165=LINE('',#3334,#310);
#166=LINE('',#3335,#311);
#167=LINE('',#3339,#312);
#168=LINE('',#3343,#313);
#169=LINE('',#3348,#314);
#170=LINE('',#3350,#315);
#171=LINE('',#3352,#316);
#172=LINE('',#3353,#317);
#173=LINE('',#3357,#318);
#174=LINE('',#3359,#319);
#175=LINE('',#3361,#320);
#176=LINE('',#3362,#321);
#177=LINE('',#3364,#322);
#178=LINE('',#3366,#323);
#179=LINE('',#3368,#324);
#180=LINE('',#3370,#325);
#181=LINE('',#3372,#326);
#182=LINE('',#3374,#327);
#183=LINE('',#3407,#328);
#184=LINE('',#3408,#329);
#185=LINE('',#3410,#330);
#186=LINE('',#3412,#331);
#187=LINE('',#3414,#332);
#188=LINE('',#3416,#333);
#189=LINE('',#3418,#334);
#190=LINE('',#3420,#335);
#191=LINE('',#3422,#336);
#192=LINE('',#3424,#337);
#193=LINE('',#3426,#338);
#194=LINE('',#3428,#339);
#195=LINE('',#3430,#340);
#196=LINE('',#3432,#341);
#197=LINE('',#3434,#342);
#198=LINE('',#3437,#343);
#199=LINE('',#3439,#344);
#200=LINE('',#3441,#345);
#201=LINE('',#3444,#346);
#202=LINE('',#3448,#347);
#203=LINE('',#3450,#348);
#204=LINE('',#3452,#349);
#205=LINE('',#3454,#350);
#206=LINE('',#3456,#351);
#207=LINE('',#3458,#352);
#208=LINE('',#3460,#353);
#209=LINE('',#3462,#354);
#210=LINE('',#3464,#355);
#211=LINE('',#3466,#356);
#212=LINE('',#3468,#357);
#213=LINE('',#3470,#358);
#214=LINE('',#3472,#359);
#215=LINE('',#3474,#360);
#216=LINE('',#3476,#361);
#217=LINE('',#3478,#362);
#218=LINE('',#3480,#363);
#219=LINE('',#3482,#364);
#220=LINE('',#3484,#365);
#221=LINE('',#3490,#366);
#222=LINE('',#3498,#367);
#223=LINE('',#3505,#368);
#224=VECTOR('',#2275,2.24999999999997);
#225=VECTOR('',#2284,2.4);
#226=VECTOR('',#2293,2.4);
#227=VECTOR('',#2302,2.4);
#228=VECTOR('',#2307,2.7);
#229=VECTOR('',#2316,2.4);
#230=VECTOR('',#2321,2.7);
#231=VECTOR('',#2330,2.4);
#232=VECTOR('',#2335,2.7);
#233=VECTOR('',#2344,11.);
#234=VECTOR('',#2355,1500.);
#235=VECTOR('',#2362,1500.);
#236=VECTOR('',#2369,1500.);
#237=VECTOR('',#2376,1500.);
#238=VECTOR('',#2383,1500.);
#239=VECTOR('',#2390,1500.);
#240=VECTOR('',#2419,1500.);
#241=VECTOR('',#2422,1500.);
#242=VECTOR('',#2427,1500.);
#243=VECTOR('',#2434,1500.);
#244=VECTOR('',#2437,1500.);
#245=VECTOR('',#2440,1500.);
#246=VECTOR('',#2443,1500.);
#247=VECTOR('',#2448,1500.);
#248=VECTOR('',#2449,1500.);
#249=VECTOR('',#2452,1500.);
#250=VECTOR('',#2457,1500.);
#251=VECTOR('',#2460,1500.);
#252=VECTOR('',#2465,1500.);
#253=VECTOR('',#2466,1500.);
#254=VECTOR('',#2471,1500.);
#255=VECTOR('',#2472,1500.);
#256=VECTOR('',#2477,1500.);
#257=VECTOR('',#2478,1500.);
#258=VECTOR('',#2483,1500.);
#259=VECTOR('',#2484,1500.);
#260=VECTOR('',#2487,1500.);
#261=VECTOR('',#2490,1500.);
#262=VECTOR('',#2495,1500.);
#263=VECTOR('',#2498,1500.);
#264=VECTOR('',#2503,1500.);
#265=VECTOR('',#2506,1500.);
#266=VECTOR('',#2511,5.24999999999999);
#267=VECTOR('',#2518,5.24999999999999);
#268=VECTOR('',#2525,5.25);
#269=VECTOR('',#2530,1500.);
#270=VECTOR('',#2533,1500.);
#271=VECTOR('',#2540,1500.);
#272=VECTOR('',#2545,1500.);
#273=VECTOR('',#2548,1500.);
#274=VECTOR('',#2553,1500.);
#275=VECTOR('',#2554,1500.);
#276=VECTOR('',#2555,1500.);
#277=VECTOR('',#2558,1500.);
#278=VECTOR('',#2559,1500.);
#279=VECTOR('',#2560,1500.);
#280=VECTOR('',#2565,1500.);
#281=VECTOR('',#2572,1500.);
#282=VECTOR('',#2579,1500.);
#283=VECTOR('',#2582,1500.);
#284=VECTOR('',#2587,1500.);
#285=VECTOR('',#2594,1500.);
#286=VECTOR('',#2617,1500.);
#287=VECTOR('',#2618,1500.);
#288=VECTOR('',#2621,1500.);
#289=VECTOR('',#2622,1500.);
#290=VECTOR('',#2623,1500.);
#291=VECTOR('',#2624,1500.);
#292=VECTOR('',#2625,1500.);
#293=VECTOR('',#2630,1500.);
#294=VECTOR('',#2631,1500.);
#295=VECTOR('',#2634,1500.);
#296=VECTOR('',#2637,1500.);
#297=VECTOR('',#2658,1500.);
#298=VECTOR('',#2659,1500.);
#299=VECTOR('',#2660,1500.);
#300=VECTOR('',#2661,1500.);
#301=VECTOR('',#2664,1500.);
#302=VECTOR('',#2665,1500.);
#303=VECTOR('',#2666,1500.);
#304=VECTOR('',#2667,1500.);
#305=VECTOR('',#2670,1500.);
#306=VECTOR('',#2675,1500.);
#307=VECTOR('',#2676,1500.);
#308=VECTOR('',#2679,1500.);
#309=VECTOR('',#2680,1500.);
#310=VECTOR('',#2681,1500.);
#311=VECTOR('',#2682,1500.);
#312=VECTOR('',#2685,1500.);
#313=VECTOR('',#2688,1500.);
#314=VECTOR('',#2693,1500.);
#315=VECTOR('',#2694,1500.);
#316=VECTOR('',#2695,1500.);
#317=VECTOR('',#2696,1500.);
#318=VECTOR('',#2699,1500.);
#319=VECTOR('',#2700,1500.);
#320=VECTOR('',#2701,1500.);
#321=VECTOR('',#2702,1500.);
#322=VECTOR('',#2705,1500.);
#323=VECTOR('',#2708,1500.);
#324=VECTOR('',#2711,1500.);
#325=VECTOR('',#2714,1500.);
#326=VECTOR('',#2717,1500.);
#327=VECTOR('',#2720,1500.);
#328=VECTOR('',#2785,1500.);
#329=VECTOR('',#2786,1500.);
#330=VECTOR('',#2789,1500.);
#331=VECTOR('',#2792,1500.);
#332=VECTOR('',#2795,1500.);
#333=VECTOR('',#2798,1500.);
#334=VECTOR('',#2801,1500.);
#335=VECTOR('',#2804,1500.);
#336=VECTOR('',#2807,1500.);
#337=VECTOR('',#2810,1500.);
#338=VECTOR('',#2813,1500.);
#339=VECTOR('',#2816,1500.);
#340=VECTOR('',#2819,1500.);
#341=VECTOR('',#2822,1500.);
#342=VECTOR('',#2825,1500.);
#343=VECTOR('',#2830,1500.);
#344=VECTOR('',#2833,1500.);
#345=VECTOR('',#2836,1500.);
#346=VECTOR('',#2841,1500.);
#347=VECTOR('',#2848,1500.);
#348=VECTOR('',#2851,1500.);
#349=VECTOR('',#2854,1500.);
#350=VECTOR('',#2857,1500.);
#351=VECTOR('',#2860,1500.);
#352=VECTOR('',#2863,1500.);
#353=VECTOR('',#2866,1500.);
#354=VECTOR('',#2869,1500.);
#355=VECTOR('',#2872,1500.);
#356=VECTOR('',#2875,1500.);
#357=VECTOR('',#2878,1500.);
#358=VECTOR('',#2881,1500.);
#359=VECTOR('',#2884,1500.);
#360=VECTOR('',#2887,1500.);
#361=VECTOR('',#2890,1500.);
#362=VECTOR('',#2893,1500.);
#363=VECTOR('',#2896,1500.);
#364=VECTOR('',#2899,1500.);
#365=VECTOR('',#2902,1500.);
#366=VECTOR('',#2911,2.4);
#367=VECTOR('',#2922,2.24999999999997);
#368=VECTOR('',#2931,2.24999999999997);
#369=CYLINDRICAL_SURFACE('',#2009,0.649999999999966);
#370=CYLINDRICAL_SURFACE('',#2012,2.5);
#371=CYLINDRICAL_SURFACE('',#2016,2.5);
#372=CYLINDRICAL_SURFACE('',#2023,2.7);
#373=CYLINDRICAL_SURFACE('',#2029,2.7);
#374=CYLINDRICAL_SURFACE('',#2035,2.7);
#375=CYLINDRICAL_SURFACE('',#2038,11.);
#376=CYLINDRICAL_SURFACE('',#2087,1.5);
#377=CYLINDRICAL_SURFACE('',#2089,2.25);
#378=CYLINDRICAL_SURFACE('',#2091,2.25);
#379=CYLINDRICAL_SURFACE('',#2093,2.25);
#380=CYLINDRICAL_SURFACE('',#2095,9.);
#381=CYLINDRICAL_SURFACE('',#2097,45.);
#382=CYLINDRICAL_SURFACE('',#2099,7.5);
#383=CYLINDRICAL_SURFACE('',#2102,7.5);
#384=CYLINDRICAL_SURFACE('',#2105,5.24999999999999);
#385=CYLINDRICAL_SURFACE('',#2108,5.24999999999999);
#386=CYLINDRICAL_SURFACE('',#2111,5.25);
#387=CYLINDRICAL_SURFACE('',#2114,76.5);
#388=CYLINDRICAL_SURFACE('',#2117,76.5);
#389=CYLINDRICAL_SURFACE('',#2120,76.5);
#390=CYLINDRICAL_SURFACE('',#2163,7.5);
#391=CYLINDRICAL_SURFACE('',#2166,45.);
#392=CYLINDRICAL_SURFACE('',#2170,45.);
#393=CYLINDRICAL_SURFACE('',#2175,40.5);
#394=CYLINDRICAL_SURFACE('',#2176,36.);
#395=CYLINDRICAL_SURFACE('',#2177,40.5);
#396=CYLINDRICAL_SURFACE('',#2178,36.);
#397=CYLINDRICAL_SURFACE('',#2179,40.5);
#398=CYLINDRICAL_SURFACE('',#2180,36.);
#399=CYLINDRICAL_SURFACE('',#2181,9.);
#400=CYLINDRICAL_SURFACE('',#2184,9.);
#401=CYLINDRICAL_SURFACE('',#2187,9.);
#402=CYLINDRICAL_SURFACE('',#2190,9.);
#403=CYLINDRICAL_SURFACE('',#2192,9.);
#404=CYLINDRICAL_SURFACE('',#2195,2.25);
#405=CYLINDRICAL_SURFACE('',#2196,2.25);
#406=CYLINDRICAL_SURFACE('',#2197,2.25);
#407=CYLINDRICAL_SURFACE('',#2198,1.5);
#408=CYLINDRICAL_SURFACE('',#2200,1.5);
#409=CYLINDRICAL_SURFACE('',#2203,1.5);
#410=CYLINDRICAL_SURFACE('',#2206,1.5);
#411=CYLINDRICAL_SURFACE('',#2209,1.5);
#412=CYLINDRICAL_SURFACE('',#2256,2.5);
#413=CYLINDRICAL_SURFACE('',#2261,0.649999999999965);
#414=CYLINDRICAL_SURFACE('',#2264,2.24999999999997);
#415=FACE_OUTER_BOUND('',#544,.T.);
#416=FACE_OUTER_BOUND('',#545,.T.);
#417=FACE_OUTER_BOUND('',#546,.T.);
#418=FACE_OUTER_BOUND('',#547,.T.);
#419=FACE_OUTER_BOUND('',#548,.T.);
#420=FACE_OUTER_BOUND('',#549,.T.);
#421=FACE_OUTER_BOUND('',#550,.T.);
#422=FACE_OUTER_BOUND('',#551,.T.);
#423=FACE_OUTER_BOUND('',#552,.T.);
#424=FACE_OUTER_BOUND('',#553,.T.);
#425=FACE_OUTER_BOUND('',#554,.T.);
#426=FACE_OUTER_BOUND('',#555,.T.);
#427=FACE_OUTER_BOUND('',#556,.T.);
#428=FACE_OUTER_BOUND('',#557,.T.);
#429=FACE_OUTER_BOUND('',#558,.T.);
#430=FACE_OUTER_BOUND('',#559,.T.);
#431=FACE_OUTER_BOUND('',#560,.T.);
#432=FACE_OUTER_BOUND('',#561,.T.);
#433=FACE_OUTER_BOUND('',#566,.T.);
#434=FACE_OUTER_BOUND('',#567,.T.);
#435=FACE_OUTER_BOUND('',#568,.T.);
#436=FACE_OUTER_BOUND('',#569,.T.);
#437=FACE_OUTER_BOUND('',#570,.T.);
#438=FACE_OUTER_BOUND('',#571,.T.);
#439=FACE_OUTER_BOUND('',#572,.T.);
#440=FACE_OUTER_BOUND('',#573,.T.);
#441=FACE_OUTER_BOUND('',#574,.T.);
#442=FACE_OUTER_BOUND('',#575,.T.);
#443=FACE_OUTER_BOUND('',#576,.T.);
#444=FACE_OUTER_BOUND('',#577,.T.);
#445=FACE_OUTER_BOUND('',#578,.T.);
#446=FACE_OUTER_BOUND('',#579,.T.);
#447=FACE_OUTER_BOUND('',#580,.T.);
#448=FACE_OUTER_BOUND('',#581,.T.);
#449=FACE_OUTER_BOUND('',#582,.T.);
#450=FACE_OUTER_BOUND('',#583,.T.);
#451=FACE_OUTER_BOUND('',#584,.T.);
#452=FACE_OUTER_BOUND('',#585,.T.);
#453=FACE_OUTER_BOUND('',#586,.T.);
#454=FACE_OUTER_BOUND('',#588,.T.);
#455=FACE_OUTER_BOUND('',#590,.T.);
#456=FACE_OUTER_BOUND('',#601,.T.);
#457=FACE_OUTER_BOUND('',#603,.T.);
#458=FACE_OUTER_BOUND('',#604,.T.);
#459=FACE_OUTER_BOUND('',#605,.T.);
#460=FACE_OUTER_BOUND('',#607,.T.);
#461=FACE_OUTER_BOUND('',#608,.T.);
#462=FACE_OUTER_BOUND('',#609,.T.);
#463=FACE_OUTER_BOUND('',#610,.T.);
#464=FACE_OUTER_BOUND('',#611,.T.);
#465=FACE_OUTER_BOUND('',#613,.T.);
#466=FACE_OUTER_BOUND('',#615,.T.);
#467=FACE_OUTER_BOUND('',#616,.T.);
#468=FACE_OUTER_BOUND('',#617,.T.);
#469=FACE_OUTER_BOUND('',#618,.T.);
#470=FACE_OUTER_BOUND('',#619,.T.);
#471=FACE_OUTER_BOUND('',#620,.T.);
#472=FACE_OUTER_BOUND('',#621,.T.);
#473=FACE_OUTER_BOUND('',#622,.T.);
#474=FACE_OUTER_BOUND('',#623,.T.);
#475=FACE_OUTER_BOUND('',#624,.T.);
#476=FACE_OUTER_BOUND('',#625,.T.);
#477=FACE_OUTER_BOUND('',#626,.T.);
#478=FACE_OUTER_BOUND('',#627,.T.);
#479=FACE_OUTER_BOUND('',#628,.T.);
#480=FACE_OUTER_BOUND('',#629,.T.);
#481=FACE_OUTER_BOUND('',#630,.T.);
#482=FACE_OUTER_BOUND('',#631,.T.);
#483=FACE_OUTER_BOUND('',#632,.T.);
#484=FACE_OUTER_BOUND('',#633,.T.);
#485=FACE_OUTER_BOUND('',#634,.T.);
#486=FACE_OUTER_BOUND('',#635,.T.);
#487=FACE_OUTER_BOUND('',#636,.T.);
#488=FACE_OUTER_BOUND('',#637,.T.);
#489=FACE_OUTER_BOUND('',#638,.T.);
#490=FACE_OUTER_BOUND('',#639,.T.);
#491=FACE_OUTER_BOUND('',#640,.T.);
#492=FACE_OUTER_BOUND('',#641,.T.);
#493=FACE_OUTER_BOUND('',#642,.T.);
#494=FACE_OUTER_BOUND('',#643,.T.);
#495=FACE_OUTER_BOUND('',#644,.T.);
#496=FACE_OUTER_BOUND('',#645,.T.);
#497=FACE_OUTER_BOUND('',#646,.T.);
#498=FACE_OUTER_BOUND('',#647,.T.);
#499=FACE_OUTER_BOUND('',#648,.T.);
#500=FACE_OUTER_BOUND('',#649,.T.);
#501=FACE_OUTER_BOUND('',#650,.T.);
#502=FACE_OUTER_BOUND('',#651,.T.);
#503=FACE_OUTER_BOUND('',#652,.T.);
#504=FACE_OUTER_BOUND('',#653,.T.);
#505=FACE_OUTER_BOUND('',#654,.T.);
#506=FACE_OUTER_BOUND('',#655,.T.);
#507=FACE_OUTER_BOUND('',#656,.T.);
#508=FACE_OUTER_BOUND('',#657,.T.);
#509=FACE_OUTER_BOUND('',#658,.T.);
#510=FACE_OUTER_BOUND('',#659,.T.);
#511=FACE_OUTER_BOUND('',#660,.T.);
#512=FACE_OUTER_BOUND('',#661,.T.);
#513=FACE_OUTER_BOUND('',#662,.T.);
#514=FACE_OUTER_BOUND('',#663,.T.);
#515=FACE_OUTER_BOUND('',#664,.T.);
#516=FACE_OUTER_BOUND('',#665,.T.);
#517=FACE_OUTER_BOUND('',#666,.T.);
#518=FACE_OUTER_BOUND('',#667,.T.);
#519=FACE_OUTER_BOUND('',#668,.T.);
#520=FACE_OUTER_BOUND('',#669,.T.);
#521=FACE_OUTER_BOUND('',#670,.T.);
#522=FACE_OUTER_BOUND('',#671,.T.);
#523=FACE_OUTER_BOUND('',#672,.T.);
#524=FACE_OUTER_BOUND('',#673,.T.);
#525=FACE_OUTER_BOUND('',#674,.T.);
#526=FACE_OUTER_BOUND('',#675,.T.);
#527=FACE_OUTER_BOUND('',#676,.T.);
#528=FACE_OUTER_BOUND('',#677,.T.);
#529=FACE_OUTER_BOUND('',#678,.T.);
#530=FACE_OUTER_BOUND('',#679,.T.);
#531=FACE_OUTER_BOUND('',#680,.T.);
#532=FACE_OUTER_BOUND('',#681,.T.);
#533=FACE_OUTER_BOUND('',#682,.T.);
#534=FACE_OUTER_BOUND('',#683,.T.);
#535=FACE_OUTER_BOUND('',#684,.T.);
#536=FACE_OUTER_BOUND('',#685,.T.);
#537=FACE_OUTER_BOUND('',#686,.T.);
#538=FACE_OUTER_BOUND('',#687,.T.);
#539=FACE_OUTER_BOUND('',#688,.T.);
#540=FACE_OUTER_BOUND('',#689,.T.);
#541=FACE_OUTER_BOUND('',#690,.T.);
#542=FACE_OUTER_BOUND('',#691,.T.);
#543=FACE_OUTER_BOUND('',#692,.T.);
#544=EDGE_LOOP('',(#1264));
#545=EDGE_LOOP('',(#1265,#1266,#1267,#1268));
#546=EDGE_LOOP('',(#1269));
#547=EDGE_LOOP('',(#1270,#1271,#1272,#1273));
#548=EDGE_LOOP('',(#1274));
#549=EDGE_LOOP('',(#1275,#1276,#1277,#1278));
#550=EDGE_LOOP('',(#1279));
#551=EDGE_LOOP('',(#1280,#1281,#1282,#1283));
#552=EDGE_LOOP('',(#1284,#1285,#1286,#1287));
#553=EDGE_LOOP('',(#1288));
#554=EDGE_LOOP('',(#1289,#1290,#1291,#1292));
#555=EDGE_LOOP('',(#1293,#1294,#1295,#1296));
#556=EDGE_LOOP('',(#1297));
#557=EDGE_LOOP('',(#1298,#1299,#1300,#1301));
#558=EDGE_LOOP('',(#1302,#1303,#1304,#1305));
#559=EDGE_LOOP('',(#1306));
#560=EDGE_LOOP('',(#1307,#1308,#1309,#1310));
#561=EDGE_LOOP('',(#1311,#1312,#1313,#1314,#1315,#1316,#1317,#1318,#1319,
#1320,#1321,#1322,#1323,#1324,#1325,#1326,#1327,#1328,#1329,#1330,#1331,
#1332,#1333,#1334));
#562=EDGE_LOOP('',(#1335));
#563=EDGE_LOOP('',(#1336,#1337,#1338,#1339));
#564=EDGE_LOOP('',(#1340,#1341,#1342,#1343));
#565=EDGE_LOOP('',(#1344,#1345,#1346,#1347));
#566=EDGE_LOOP('',(#1348,#1349,#1350,#1351));
#567=EDGE_LOOP('',(#1352,#1353,#1354,#1355));
#568=EDGE_LOOP('',(#1356,#1357,#1358,#1359));
#569=EDGE_LOOP('',(#1360,#1361,#1362,#1363));
#570=EDGE_LOOP('',(#1364,#1365,#1366,#1367));
#571=EDGE_LOOP('',(#1368,#1369,#1370,#1371));
#572=EDGE_LOOP('',(#1372,#1373,#1374,#1375));
#573=EDGE_LOOP('',(#1376,#1377,#1378,#1379));
#574=EDGE_LOOP('',(#1380,#1381,#1382,#1383));
#575=EDGE_LOOP('',(#1384,#1385,#1386,#1387));
#576=EDGE_LOOP('',(#1388,#1389,#1390,#1391));
#577=EDGE_LOOP('',(#1392,#1393,#1394,#1395));
#578=EDGE_LOOP('',(#1396,#1397,#1398,#1399));
#579=EDGE_LOOP('',(#1400,#1401,#1402,#1403));
#580=EDGE_LOOP('',(#1404,#1405,#1406,#1407));
#581=EDGE_LOOP('',(#1408,#1409,#1410,#1411));
#582=EDGE_LOOP('',(#1412,#1413,#1414,#1415));
#583=EDGE_LOOP('',(#1416,#1417,#1418,#1419));
#584=EDGE_LOOP('',(#1420,#1421,#1422,#1423));
#585=EDGE_LOOP('',(#1424,#1425,#1426,#1427));
#586=EDGE_LOOP('',(#1428,#1429,#1430,#1431));
#587=EDGE_LOOP('',(#1432));
#588=EDGE_LOOP('',(#1433,#1434,#1435,#1436));
#589=EDGE_LOOP('',(#1437));
#590=EDGE_LOOP('',(#1438,#1439,#1440,#1441,#1442,#1443,#1444,#1445,#1446,
#1447,#1448,#1449,#1450,#1451,#1452,#1453,#1454,#1455,#1456,#1457,#1458,
#1459,#1460,#1461));
#591=EDGE_LOOP('',(#1462));
#592=EDGE_LOOP('',(#1463));
#593=EDGE_LOOP('',(#1464,#1465,#1466,#1467));
#594=EDGE_LOOP('',(#1468,#1469,#1470,#1471));
#595=EDGE_LOOP('',(#1472,#1473,#1474,#1475));
#596=EDGE_LOOP('',(#1476,#1477,#1478,#1479));
#597=EDGE_LOOP('',(#1480,#1481,#1482,#1483));
#598=EDGE_LOOP('',(#1484,#1485,#1486,#1487));
#599=EDGE_LOOP('',(#1488));
#600=EDGE_LOOP('',(#1489));
#601=EDGE_LOOP('',(#1490,#1491,#1492,#1493));
#602=EDGE_LOOP('',(#1494));
#603=EDGE_LOOP('',(#1495,#1496,#1497));
#604=EDGE_LOOP('',(#1498,#1499,#1500));
#605=EDGE_LOOP('',(#1501));
#606=EDGE_LOOP('',(#1502));
#607=EDGE_LOOP('',(#1503,#1504,#1505));
#608=EDGE_LOOP('',(#1506,#1507,#1508));
#609=EDGE_LOOP('',(#1509,#1510,#1511));
#610=EDGE_LOOP('',(#1512,#1513,#1514));
#611=EDGE_LOOP('',(#1515));
#612=EDGE_LOOP('',(#1516));
#613=EDGE_LOOP('',(#1517));
#614=EDGE_LOOP('',(#1518));
#615=EDGE_LOOP('',(#1519,#1520,#1521,#1522));
#616=EDGE_LOOP('',(#1523,#1524,#1525,#1526));
#617=EDGE_LOOP('',(#1527,#1528,#1529,#1530));
#618=EDGE_LOOP('',(#1531,#1532,#1533,#1534));
#619=EDGE_LOOP('',(#1535,#1536,#1537,#1538));
#620=EDGE_LOOP('',(#1539,#1540,#1541,#1542));
#621=EDGE_LOOP('',(#1543,#1544,#1545,#1546));
#622=EDGE_LOOP('',(#1547,#1548,#1549,#1550));
#623=EDGE_LOOP('',(#1551,#1552,#1553,#1554));
#624=EDGE_LOOP('',(#1555,#1556,#1557,#1558));
#625=EDGE_LOOP('',(#1559,#1560,#1561,#1562));
#626=EDGE_LOOP('',(#1563,#1564,#1565,#1566));
#627=EDGE_LOOP('',(#1567,#1568,#1569,#1570));
#628=EDGE_LOOP('',(#1571,#1572,#1573,#1574));
#629=EDGE_LOOP('',(#1575,#1576,#1577,#1578));
#630=EDGE_LOOP('',(#1579,#1580,#1581,#1582));
#631=EDGE_LOOP('',(#1583,#1584,#1585,#1586));
#632=EDGE_LOOP('',(#1587,#1588,#1589,#1590));
#633=EDGE_LOOP('',(#1591,#1592,#1593,#1594));
#634=EDGE_LOOP('',(#1595,#1596,#1597,#1598));
#635=EDGE_LOOP('',(#1599,#1600,#1601,#1602));
#636=EDGE_LOOP('',(#1603,#1604,#1605,#1606));
#637=EDGE_LOOP('',(#1607,#1608,#1609,#1610));
#638=EDGE_LOOP('',(#1611,#1612,#1613,#1614));
#639=EDGE_LOOP('',(#1615,#1616,#1617,#1618));
#640=EDGE_LOOP('',(#1619,#1620,#1621,#1622));
#641=EDGE_LOOP('',(#1623,#1624,#1625,#1626));
#642=EDGE_LOOP('',(#1627,#1628,#1629,#1630));
#643=EDGE_LOOP('',(#1631,#1632,#1633,#1634));
#644=EDGE_LOOP('',(#1635,#1636,#1637,#1638));
#645=EDGE_LOOP('',(#1639,#1640,#1641,#1642));
#646=EDGE_LOOP('',(#1643,#1644,#1645,#1646));
#647=EDGE_LOOP('',(#1647,#1648,#1649,#1650));
#648=EDGE_LOOP('',(#1651,#1652,#1653,#1654));
#649=EDGE_LOOP('',(#1655,#1656,#1657,#1658));
#650=EDGE_LOOP('',(#1659,#1660,#1661,#1662));
#651=EDGE_LOOP('',(#1663,#1664,#1665,#1666));
#652=EDGE_LOOP('',(#1667,#1668,#1669,#1670));
#653=EDGE_LOOP('',(#1671,#1672,#1673,#1674));
#654=EDGE_LOOP('',(#1675,#1676,#1677,#1678));
#655=EDGE_LOOP('',(#1679,#1680,#1681,#1682));
#656=EDGE_LOOP('',(#1683,#1684,#1685,#1686));
#657=EDGE_LOOP('',(#1687,#1688,#1689,#1690));
#658=EDGE_LOOP('',(#1691,#1692,#1693,#1694));
#659=EDGE_LOOP('',(#1695,#1696,#1697,#1698));
#660=EDGE_LOOP('',(#1699,#1700,#1701,#1702));
#661=EDGE_LOOP('',(#1703,#1704,#1705,#1706));
#662=EDGE_LOOP('',(#1707,#1708,#1709,#1710));
#663=EDGE_LOOP('',(#1711,#1712,#1713,#1714));
#664=EDGE_LOOP('',(#1715,#1716,#1717,#1718));
#665=EDGE_LOOP('',(#1719,#1720,#1721,#1722));
#666=EDGE_LOOP('',(#1723,#1724,#1725,#1726));
#667=EDGE_LOOP('',(#1727,#1728,#1729,#1730));
#668=EDGE_LOOP('',(#1731,#1732,#1733,#1734));
#669=EDGE_LOOP('',(#1735,#1736,#1737,#1738));
#670=EDGE_LOOP('',(#1739,#1740,#1741,#1742));
#671=EDGE_LOOP('',(#1743,#1744,#1745,#1746));
#672=EDGE_LOOP('',(#1747,#1748,#1749,#1750));
#673=EDGE_LOOP('',(#1751,#1752,#1753,#1754));
#674=EDGE_LOOP('',(#1755,#1756,#1757,#1758));
#675=EDGE_LOOP('',(#1759,#1760,#1761,#1762));
#676=EDGE_LOOP('',(#1763,#1764,#1765,#1766));
#677=EDGE_LOOP('',(#1767,#1768,#1769,#1770));
#678=EDGE_LOOP('',(#1771,#1772,#1773,#1774));
#679=EDGE_LOOP('',(#1775,#1776,#1777,#1778));
#680=EDGE_LOOP('',(#1779,#1780,#1781,#1782));
#681=EDGE_LOOP('',(#1783,#1784,#1785,#1786));
#682=EDGE_LOOP('',(#1787,#1788,#1789,#1790));
#683=EDGE_LOOP('',(#1791,#1792,#1793,#1794));
#684=EDGE_LOOP('',(#1795,#1796,#1797,#1798));
#685=EDGE_LOOP('',(#1799));
#686=EDGE_LOOP('',(#1800,#1801,#1802,#1803));
#687=EDGE_LOOP('',(#1804));
#688=EDGE_LOOP('',(#1805));
#689=EDGE_LOOP('',(#1806,#1807,#1808,#1809));
#690=EDGE_LOOP('',(#1810));
#691=EDGE_LOOP('',(#1811,#1812,#1813,#1814));
#692=EDGE_LOOP('',(#1815));
#693=CIRCLE('',#2008,0.649999999999966);
#694=CIRCLE('',#2010,0.649999999999966);
#695=CIRCLE('',#2013,2.5);
#696=CIRCLE('',#2014,2.5);
#697=CIRCLE('',#2017,2.5);
#698=CIRCLE('',#2018,2.5);
#699=CIRCLE('',#2021,2.1);
#700=CIRCLE('',#2022,2.7);
#701=CIRCLE('',#2024,2.7);
#702=CIRCLE('',#2027,2.1);
#703=CIRCLE('',#2028,2.7);
#704=CIRCLE('',#2030,2.7);
#705=CIRCLE('',#2033,2.1);
#706=CIRCLE('',#2034,2.7);
#707=CIRCLE('',#2036,2.7);
#708=CIRCLE('',#2039,11.);
#709=CIRCLE('',#2040,11.);
#710=CIRCLE('',#2042,0.300000000000029);
#711=CIRCLE('',#2043,75.3);
#712=CIRCLE('',#2044,0.300000000000029);
#713=CIRCLE('',#2045,10.2);
#714=CIRCLE('',#2046,43.8);
#715=CIRCLE('',#2047,10.2);
#716=CIRCLE('',#2048,0.300000000000029);
#717=CIRCLE('',#2049,75.3);
#718=CIRCLE('',#2050,0.300000000000029);
#719=CIRCLE('',#2051,10.2);
#720=CIRCLE('',#2052,43.8);
#721=CIRCLE('',#2053,10.2);
#722=CIRCLE('',#2054,0.300000000000023);
#723=CIRCLE('',#2055,75.3);
#724=CIRCLE('',#2056,0.300000000000022);
#725=CIRCLE('',#2057,10.2);
#726=CIRCLE('',#2058,43.8);
#727=CIRCLE('',#2059,10.2);
#728=CIRCLE('',#2060,2.25);
#729=CIRCLE('',#2061,40.5);
#730=CIRCLE('',#2062,2.25);
#731=CIRCLE('',#2063,36.);
#732=CIRCLE('',#2064,2.25);
#733=CIRCLE('',#2065,40.5);
#734=CIRCLE('',#2066,2.25);
#735=CIRCLE('',#2067,36.);
#736=CIRCLE('',#2068,36.);
#737=CIRCLE('',#2069,2.25);
#738=CIRCLE('',#2070,40.5);
#739=CIRCLE('',#2071,2.25);
#740=CIRCLE('',#2073,43.8);
#741=CIRCLE('',#2074,45.);
#742=CIRCLE('',#2076,9.);
#743=CIRCLE('',#2077,10.2);
#744=CIRCLE('',#2079,0.299999999999998);
#745=CIRCLE('',#2080,1.5);
#746=CIRCLE('',#2082,1.5);
#747=CIRCLE('',#2084,9.);
#748=CIRCLE('',#2086,45.);
#749=CIRCLE('',#2088,1.5);
#750=CIRCLE('',#2090,2.25);
#751=CIRCLE('',#2092,2.25);
#752=CIRCLE('',#2094,2.25);
#753=CIRCLE('',#2096,9.);
#754=CIRCLE('',#2098,45.);
#755=CIRCLE('',#2101,7.5);
#756=CIRCLE('',#2103,7.5);
#757=CIRCLE('',#2106,5.25);
#758=CIRCLE('',#2107,5.25);
#759=CIRCLE('',#2109,5.24999999999999);
#760=CIRCLE('',#2110,5.24999999999999);
#761=CIRCLE('',#2112,5.25);
#762=CIRCLE('',#2113,5.25);
#763=CIRCLE('',#2115,76.5);
#764=CIRCLE('',#2116,76.5);
#765=CIRCLE('',#2118,76.5);
#766=CIRCLE('',#2119,76.5);
#767=CIRCLE('',#2121,76.5);
#768=CIRCLE('',#2122,76.5);
#769=CIRCLE('',#2126,0.300000000000009);
#770=CIRCLE('',#2127,10.2);
#771=CIRCLE('',#2128,43.8);
#772=CIRCLE('',#2129,10.2);
#773=CIRCLE('',#2130,0.300000000000001);
#774=CIRCLE('',#2131,75.3);
#775=CIRCLE('',#2132,0.300000000000002);
#776=CIRCLE('',#2133,10.2);
#777=CIRCLE('',#2134,75.3);
#778=CIRCLE('',#2135,0.300000000000009);
#779=CIRCLE('',#2136,10.2);
#780=CIRCLE('',#2137,43.8);
#781=CIRCLE('',#2138,10.2);
#782=CIRCLE('',#2139,0.300000000000009);
#783=CIRCLE('',#2140,75.3);
#784=CIRCLE('',#2141,40.5);
#785=CIRCLE('',#2142,2.25);
#786=CIRCLE('',#2143,36.);
#787=CIRCLE('',#2144,36.);
#788=CIRCLE('',#2145,40.5);
#789=CIRCLE('',#2146,2.25);
#790=CIRCLE('',#2147,2.25);
#791=CIRCLE('',#2148,40.5);
#792=CIRCLE('',#2149,36.);
#793=CIRCLE('',#2152,7.5);
#794=CIRCLE('',#2156,2.5);
#795=CIRCLE('',#2167,45.);
#796=CIRCLE('',#2171,45.);
#797=CIRCLE('',#2172,45.);
#798=CIRCLE('',#2182,9.);
#799=CIRCLE('',#2183,9.);
#800=CIRCLE('',#2185,9.);
#801=CIRCLE('',#2186,9.);
#802=CIRCLE('',#2188,9.);
#803=CIRCLE('',#2189,9.);
#804=CIRCLE('',#2191,9.);
#805=CIRCLE('',#2193,9.);
#806=CIRCLE('',#2194,9.);
#807=CIRCLE('',#2199,1.5);
#808=CIRCLE('',#2201,1.5);
#809=CIRCLE('',#2202,1.5);
#810=CIRCLE('',#2204,1.5);
#811=CIRCLE('',#2205,1.5);
#812=CIRCLE('',#2207,1.5);
#813=CIRCLE('',#2208,1.5);
#814=CIRCLE('',#2210,1.5);
#815=CIRCLE('',#2211,1.5);
#816=CIRCLE('',#2255,2.5);
#817=CIRCLE('',#2258,0.649999999999965);
#818=CIRCLE('',#2260,0.649999999999965);
#819=CIRCLE('',#2263,2.24999999999993);
#820=CIRCLE('',#2265,2.24999999999997);
#821=VERTEX_POINT('',#2936);
#822=VERTEX_POINT('',#2939);
#823=VERTEX_POINT('',#2944);
#824=VERTEX_POINT('',#2946);
#825=VERTEX_POINT('',#2951);
#826=VERTEX_POINT('',#2953);
#827=VERTEX_POINT('',#2958);
#828=VERTEX_POINT('',#2960);
#829=VERTEX_POINT('',#2964);
#830=VERTEX_POINT('',#2969);
#831=VERTEX_POINT('',#2971);
#832=VERTEX_POINT('',#2975);
#833=VERTEX_POINT('',#2980);
#834=VERTEX_POINT('',#2982);
#835=VERTEX_POINT('',#2986);
#836=VERTEX_POINT('',#2991);
#837=VERTEX_POINT('',#2993);
#838=VERTEX_POINT('',#2997);
#839=VERTEX_POINT('',#2998);
#840=VERTEX_POINT('',#3000);
#841=VERTEX_POINT('',#3002);
#842=VERTEX_POINT('',#3004);
#843=VERTEX_POINT('',#3006);
#844=VERTEX_POINT('',#3008);
#845=VERTEX_POINT('',#3010);
#846=VERTEX_POINT('',#3012);
#847=VERTEX_POINT('',#3014);
#848=VERTEX_POINT('',#3016);
#849=VERTEX_POINT('',#3018);
#850=VERTEX_POINT('',#3020);
#851=VERTEX_POINT('',#3022);
#852=VERTEX_POINT('',#3024);
#853=VERTEX_POINT('',#3026);
#854=VERTEX_POINT('',#3028);
#855=VERTEX_POINT('',#3030);
#856=VERTEX_POINT('',#3032);
#857=VERTEX_POINT('',#3034);
#858=VERTEX_POINT('',#3036);
#859=VERTEX_POINT('',#3038);
#860=VERTEX_POINT('',#3040);
#861=VERTEX_POINT('',#3042);
#862=VERTEX_POINT('',#3045);
#863=VERTEX_POINT('',#3046);
#864=VERTEX_POINT('',#3048);
#865=VERTEX_POINT('',#3050);
#866=VERTEX_POINT('',#3053);
#867=VERTEX_POINT('',#3054);
#868=VERTEX_POINT('',#3056);
#869=VERTEX_POINT('',#3058);
#870=VERTEX_POINT('',#3061);
#871=VERTEX_POINT('',#3062);
#872=VERTEX_POINT('',#3064);
#873=VERTEX_POINT('',#3066);
#874=VERTEX_POINT('',#3070);
#875=VERTEX_POINT('',#3071);
#876=VERTEX_POINT('',#3073);
#877=VERTEX_POINT('',#3075);
#878=VERTEX_POINT('',#3079);
#879=VERTEX_POINT('',#3081);
#880=VERTEX_POINT('',#3085);
#881=VERTEX_POINT('',#3086);
#882=VERTEX_POINT('',#3088);
#883=VERTEX_POINT('',#3090);
#884=VERTEX_POINT('',#3094);
#885=VERTEX_POINT('',#3096);
#886=VERTEX_POINT('',#3100);
#887=VERTEX_POINT('',#3101);
#888=VERTEX_POINT('',#3106);
#889=VERTEX_POINT('',#3110);
#890=VERTEX_POINT('',#3112);
#891=VERTEX_POINT('',#3116);
#892=VERTEX_POINT('',#3117);
#893=VERTEX_POINT('',#3122);
#894=VERTEX_POINT('',#3123);
#895=VERTEX_POINT('',#3128);
#896=VERTEX_POINT('',#3129);
#897=VERTEX_POINT('',#3134);
#898=VERTEX_POINT('',#3135);
#899=VERTEX_POINT('',#3140);
#900=VERTEX_POINT('',#3142);
#901=VERTEX_POINT('',#3146);
#902=VERTEX_POINT('',#3147);
#903=VERTEX_POINT('',#3149);
#904=VERTEX_POINT('',#3151);
#905=VERTEX_POINT('',#3155);
#906=VERTEX_POINT('',#3156);
#907=VERTEX_POINT('',#3158);
#908=VERTEX_POINT('',#3160);
#909=VERTEX_POINT('',#3164);
#910=VERTEX_POINT('',#3166);
#911=VERTEX_POINT('',#3170);
#912=VERTEX_POINT('',#3172);
#913=VERTEX_POINT('',#3176);
#914=VERTEX_POINT('',#3178);
#915=VERTEX_POINT('',#3182);
#916=VERTEX_POINT('',#3183);
#917=VERTEX_POINT('',#3186);
#918=VERTEX_POINT('',#3190);
#919=VERTEX_POINT('',#3192);
#920=VERTEX_POINT('',#3196);
#921=VERTEX_POINT('',#3197);
#922=VERTEX_POINT('',#3199);
#923=VERTEX_POINT('',#3201);
#924=VERTEX_POINT('',#3205);
#925=VERTEX_POINT('',#3207);
#926=VERTEX_POINT('',#3211);
#927=VERTEX_POINT('',#3213);
#928=VERTEX_POINT('',#3217);
#929=VERTEX_POINT('',#3218);
#930=VERTEX_POINT('',#3220);
#931=VERTEX_POINT('',#3222);
#932=VERTEX_POINT('',#3224);
#933=VERTEX_POINT('',#3226);
#934=VERTEX_POINT('',#3228);
#935=VERTEX_POINT('',#3230);
#936=VERTEX_POINT('',#3232);
#937=VERTEX_POINT('',#3234);
#938=VERTEX_POINT('',#3236);
#939=VERTEX_POINT('',#3240);
#940=VERTEX_POINT('',#3242);
#941=VERTEX_POINT('',#3244);
#942=VERTEX_POINT('',#3246);
#943=VERTEX_POINT('',#3248);
#944=VERTEX_POINT('',#3250);
#945=VERTEX_POINT('',#3252);
#946=VERTEX_POINT('',#3254);
#947=VERTEX_POINT('',#3257);
#948=VERTEX_POINT('',#3259);
#949=VERTEX_POINT('',#3262);
#950=VERTEX_POINT('',#3264);
#951=VERTEX_POINT('',#3267);
#952=VERTEX_POINT('',#3268);
#953=VERTEX_POINT('',#3272);
#954=VERTEX_POINT('',#3273);
#955=VERTEX_POINT('',#3275);
#956=VERTEX_POINT('',#3277);
#957=VERTEX_POINT('',#3285);
#958=VERTEX_POINT('',#3286);
#959=VERTEX_POINT('',#3295);
#960=VERTEX_POINT('',#3305);
#961=VERTEX_POINT('',#3306);
#962=VERTEX_POINT('',#3308);
#963=VERTEX_POINT('',#3310);
#964=VERTEX_POINT('',#3314);
#965=VERTEX_POINT('',#3317);
#966=VERTEX_POINT('',#3321);
#967=VERTEX_POINT('',#3328);
#968=VERTEX_POINT('',#3329);
#969=VERTEX_POINT('',#3331);
#970=VERTEX_POINT('',#3333);
#971=VERTEX_POINT('',#3337);
#972=VERTEX_POINT('',#3338);
#973=VERTEX_POINT('',#3340);
#974=VERTEX_POINT('',#3342);
#975=VERTEX_POINT('',#3346);
#976=VERTEX_POINT('',#3347);
#977=VERTEX_POINT('',#3349);
#978=VERTEX_POINT('',#3351);
#979=VERTEX_POINT('',#3355);
#980=VERTEX_POINT('',#3356);
#981=VERTEX_POINT('',#3358);
#982=VERTEX_POINT('',#3360);
#983=VERTEX_POINT('',#3487);
#984=VERTEX_POINT('',#3492);
#985=VERTEX_POINT('',#3495);
#986=VERTEX_POINT('',#3500);
#987=VERTEX_POINT('',#3503);
#988=EDGE_CURVE('',#821,#821,#693,.F.);
#989=EDGE_CURVE('',#821,#822,#79,.T.);
#990=EDGE_CURVE('',#822,#822,#694,.T.);
#991=EDGE_CURVE('',#823,#823,#695,.F.);
#992=EDGE_CURVE('',#823,#824,#80,.T.);
#993=EDGE_CURVE('',#824,#824,#696,.T.);
#994=EDGE_CURVE('',#825,#825,#697,.F.);
#995=EDGE_CURVE('',#825,#826,#81,.T.);
#996=EDGE_CURVE('',#826,#826,#698,.T.);
#997=EDGE_CURVE('',#827,#827,#699,.T.);
#998=EDGE_CURVE('',#827,#828,#82,.T.);
#999=EDGE_CURVE('',#828,#828,#700,.T.);
#1000=EDGE_CURVE('',#828,#829,#83,.T.);
#1001=EDGE_CURVE('',#829,#829,#701,.T.);
#1002=EDGE_CURVE('',#830,#830,#702,.T.);
#1003=EDGE_CURVE('',#830,#831,#84,.T.);
#1004=EDGE_CURVE('',#831,#831,#703,.T.);
#1005=EDGE_CURVE('',#831,#832,#85,.T.);
#1006=EDGE_CURVE('',#832,#832,#704,.T.);
#1007=EDGE_CURVE('',#833,#833,#705,.T.);
#1008=EDGE_CURVE('',#833,#834,#86,.T.);
#1009=EDGE_CURVE('',#834,#834,#706,.T.);
#1010=EDGE_CURVE('',#834,#835,#87,.T.);
#1011=EDGE_CURVE('',#835,#835,#707,.T.);
#1012=EDGE_CURVE('',#836,#836,#708,.T.);
#1013=EDGE_CURVE('',#836,#837,#88,.T.);
#1014=EDGE_CURVE('',#837,#837,#709,.T.);
#1015=EDGE_CURVE('',#838,#839,#710,.T.);
#1016=EDGE_CURVE('',#839,#840,#711,.T.);
#1017=EDGE_CURVE('',#840,#841,#712,.T.);
#1018=EDGE_CURVE('',#841,#842,#89,.T.);
#1019=EDGE_CURVE('',#842,#843,#713,.T.);
#1020=EDGE_CURVE('',#843,#844,#714,.T.);
#1021=EDGE_CURVE('',#844,#845,#715,.T.);
#1022=EDGE_CURVE('',#845,#846,#90,.T.);
#1023=EDGE_CURVE('',#846,#847,#716,.T.);
#1024=EDGE_CURVE('',#847,#848,#717,.T.);
#1025=EDGE_CURVE('',#848,#849,#718,.T.);
#1026=EDGE_CURVE('',#849,#850,#91,.T.);
#1027=EDGE_CURVE('',#850,#851,#719,.T.);
#1028=EDGE_CURVE('',#851,#852,#720,.T.);
#1029=EDGE_CURVE('',#852,#853,#721,.T.);
#1030=EDGE_CURVE('',#853,#854,#92,.T.);
#1031=EDGE_CURVE('',#854,#855,#722,.T.);
#1032=EDGE_CURVE('',#855,#856,#723,.T.);
#1033=EDGE_CURVE('',#856,#857,#724,.T.);
#1034=EDGE_CURVE('',#857,#858,#93,.T.);
#1035=EDGE_CURVE('',#858,#859,#725,.T.);
#1036=EDGE_CURVE('',#859,#860,#726,.T.);
#1037=EDGE_CURVE('',#860,#861,#727,.T.);
#1038=EDGE_CURVE('',#861,#838,#94,.T.);
#1039=EDGE_CURVE('',#862,#863,#728,.T.);
#1040=EDGE_CURVE('',#863,#864,#729,.T.);
#1041=EDGE_CURVE('',#864,#865,#730,.T.);
#1042=EDGE_CURVE('',#865,#862,#731,.T.);
#1043=EDGE_CURVE('',#866,#867,#732,.T.);
#1044=EDGE_CURVE('',#867,#868,#733,.T.);
#1045=EDGE_CURVE('',#868,#869,#734,.T.);
#1046=EDGE_CURVE('',#869,#866,#735,.T.);
#1047=EDGE_CURVE('',#870,#871,#736,.T.);
#1048=EDGE_CURVE('',#871,#872,#737,.T.);
#1049=EDGE_CURVE('',#872,#873,#738,.T.);
#1050=EDGE_CURVE('',#873,#870,#739,.T.);
#1051=EDGE_CURVE('',#874,#875,#740,.T.);
#1052=EDGE_CURVE('',#876,#874,#95,.T.);
#1053=EDGE_CURVE('',#877,#876,#741,.T.);
#1054=EDGE_CURVE('',#877,#875,#96,.T.);
#1055=EDGE_CURVE('',#878,#877,#742,.T.);
#1056=EDGE_CURVE('',#878,#879,#97,.T.);
#1057=EDGE_CURVE('',#875,#879,#743,.T.);
#1058=EDGE_CURVE('',#880,#881,#744,.T.);
#1059=EDGE_CURVE('',#880,#882,#98,.T.);
#1060=EDGE_CURVE('',#883,#882,#745,.T.);
#1061=EDGE_CURVE('',#881,#883,#99,.T.);
#1062=EDGE_CURVE('',#838,#884,#100,.T.);
#1063=EDGE_CURVE('',#885,#884,#746,.T.);
#1064=EDGE_CURVE('',#839,#885,#101,.T.);
#1065=EDGE_CURVE('',#886,#887,#747,.T.);
#1066=EDGE_CURVE('',#861,#886,#102,.T.);
#1067=EDGE_CURVE('',#860,#887,#103,.T.);
#1068=EDGE_CURVE('',#859,#888,#104,.T.);
#1069=EDGE_CURVE('',#887,#888,#748,.T.);
#1070=EDGE_CURVE('',#889,#884,#105,.T.);
#1071=EDGE_CURVE('',#889,#890,#749,.T.);
#1072=EDGE_CURVE('',#885,#890,#106,.T.);
#1073=EDGE_CURVE('',#891,#892,#750,.T.);
#1074=EDGE_CURVE('',#869,#891,#107,.T.);
#1075=EDGE_CURVE('',#892,#868,#108,.T.);
#1076=EDGE_CURVE('',#893,#894,#751,.T.);
#1077=EDGE_CURVE('',#870,#893,#109,.T.);
#1078=EDGE_CURVE('',#894,#873,#110,.T.);
#1079=EDGE_CURVE('',#895,#896,#752,.T.);
#1080=EDGE_CURVE('',#863,#895,#111,.T.);
#1081=EDGE_CURVE('',#896,#862,#112,.T.);
#1082=EDGE_CURVE('',#897,#898,#753,.T.);
#1083=EDGE_CURVE('',#886,#898,#113,.T.);
#1084=EDGE_CURVE('',#897,#887,#114,.T.);
#1085=EDGE_CURVE('',#876,#899,#115,.T.);
#1086=EDGE_CURVE('',#899,#900,#754,.T.);
#1087=EDGE_CURVE('',#900,#877,#116,.T.);
#1088=EDGE_CURVE('',#901,#902,#14,.T.);
#1089=EDGE_CURVE('',#903,#901,#117,.T.);
#1090=EDGE_CURVE('',#904,#903,#755,.T.);
#1091=EDGE_CURVE('',#902,#904,#118,.T.);
#1092=EDGE_CURVE('',#905,#906,#756,.T.);
#1093=EDGE_CURVE('',#907,#905,#119,.T.);
#1094=EDGE_CURVE('',#908,#907,#15,.T.);
#1095=EDGE_CURVE('',#906,#908,#120,.T.);
#1096=EDGE_CURVE('',#909,#909,#757,.T.);
#1097=EDGE_CURVE('',#909,#910,#121,.T.);
#1098=EDGE_CURVE('',#910,#910,#758,.T.);
#1099=EDGE_CURVE('',#911,#911,#759,.T.);
#1100=EDGE_CURVE('',#911,#912,#122,.T.);
#1101=EDGE_CURVE('',#912,#912,#760,.T.);
#1102=EDGE_CURVE('',#913,#913,#761,.T.);
#1103=EDGE_CURVE('',#913,#914,#123,.T.);
#1104=EDGE_CURVE('',#914,#914,#762,.T.);
#1105=EDGE_CURVE('',#915,#916,#124,.T.);
#1106=EDGE_CURVE('',#916,#883,#763,.T.);
#1107=EDGE_CURVE('',#883,#917,#125,.T.);
#1108=EDGE_CURVE('',#917,#915,#764,.T.);
#1109=EDGE_CURVE('',#890,#918,#765,.T.);
#1110=EDGE_CURVE('',#918,#919,#126,.T.);
#1111=EDGE_CURVE('',#919,#885,#766,.T.);
#1112=EDGE_CURVE('',#920,#921,#127,.T.);
#1113=EDGE_CURVE('',#921,#922,#767,.T.);
#1114=EDGE_CURVE('',#922,#923,#128,.T.);
#1115=EDGE_CURVE('',#923,#920,#768,.T.);
#1116=EDGE_CURVE('',#903,#924,#129,.T.);
#1117=EDGE_CURVE('',#924,#925,#130,.T.);
#1118=EDGE_CURVE('',#904,#925,#131,.T.);
#1119=EDGE_CURVE('',#905,#926,#132,.T.);
#1120=EDGE_CURVE('',#906,#927,#133,.T.);
#1121=EDGE_CURVE('',#927,#926,#134,.T.);
#1122=EDGE_CURVE('',#928,#929,#769,.T.);
#1123=EDGE_CURVE('',#929,#930,#135,.T.);
#1124=EDGE_CURVE('',#930,#931,#770,.T.);
#1125=EDGE_CURVE('',#931,#932,#771,.T.);
#1126=EDGE_CURVE('',#932,#933,#772,.T.);
#1127=EDGE_CURVE('',#933,#934,#136,.T.);
#1128=EDGE_CURVE('',#934,#935,#773,.T.);
#1129=EDGE_CURVE('',#935,#936,#774,.T.);
#1130=EDGE_CURVE('',#936,#937,#775,.T.);
#1131=EDGE_CURVE('',#937,#938,#137,.T.);
#1132=EDGE_CURVE('',#938,#874,#776,.T.);
#1133=EDGE_CURVE('',#879,#880,#138,.T.);
#1134=EDGE_CURVE('',#881,#939,#777,.T.);
#1135=EDGE_CURVE('',#939,#940,#778,.T.);
#1136=EDGE_CURVE('',#940,#941,#139,.T.);
#1137=EDGE_CURVE('',#941,#942,#779,.T.);
#1138=EDGE_CURVE('',#942,#943,#780,.T.);
#1139=EDGE_CURVE('',#943,#944,#781,.T.);
#1140=EDGE_CURVE('',#944,#945,#140,.T.);
#1141=EDGE_CURVE('',#945,#946,#782,.T.);
#1142=EDGE_CURVE('',#946,#928,#783,.T.);
#1143=EDGE_CURVE('',#894,#947,#784,.T.);
#1144=EDGE_CURVE('',#947,#948,#785,.T.);
#1145=EDGE_CURVE('',#948,#893,#786,.T.);
#1146=EDGE_CURVE('',#949,#891,#787,.T.);
#1147=EDGE_CURVE('',#892,#950,#788,.T.);
#1148=EDGE_CURVE('',#950,#949,#789,.T.);
#1149=EDGE_CURVE('',#951,#952,#790,.T.);
#1150=EDGE_CURVE('',#952,#895,#791,.T.);
#1151=EDGE_CURVE('',#896,#951,#792,.T.);
#1152=EDGE_CURVE('',#953,#954,#141,.T.);
#1153=EDGE_CURVE('',#953,#955,#142,.T.);
#1154=EDGE_CURVE('',#955,#956,#16,.T.);
#1155=EDGE_CURVE('',#954,#956,#143,.T.);
#1156=EDGE_CURVE('',#927,#908,#144,.T.);
#1157=EDGE_CURVE('',#926,#907,#145,.T.);
#1158=EDGE_CURVE('',#924,#901,#146,.T.);
#1159=EDGE_CURVE('',#925,#902,#147,.T.);
#1160=EDGE_CURVE('',#957,#958,#793,.T.);
#1161=EDGE_CURVE('',#958,#953,#148,.T.);
#1162=EDGE_CURVE('',#957,#954,#149,.T.);
#1163=EDGE_CURVE('',#958,#955,#150,.T.);
#1164=EDGE_CURVE('',#956,#957,#151,.T.);
#1165=EDGE_CURVE('',#959,#959,#794,.T.);
#1166=EDGE_CURVE('',#960,#961,#152,.T.);
#1167=EDGE_CURVE('',#961,#962,#153,.T.);
#1168=EDGE_CURVE('',#962,#963,#154,.T.);
#1169=EDGE_CURVE('',#963,#960,#155,.T.);
#1170=EDGE_CURVE('',#964,#882,#156,.T.);
#1171=EDGE_CURVE('',#882,#878,#157,.T.);
#1172=EDGE_CURVE('',#878,#965,#158,.T.);
#1173=EDGE_CURVE('',#965,#964,#159,.T.);
#1174=EDGE_CURVE('',#888,#966,#160,.T.);
#1175=EDGE_CURVE('',#966,#897,#795,.T.);
#1176=EDGE_CURVE('',#898,#889,#161,.T.);
#1177=EDGE_CURVE('',#884,#886,#162,.T.);
#1178=EDGE_CURVE('',#967,#968,#163,.T.);
#1179=EDGE_CURVE('',#968,#969,#164,.T.);
#1180=EDGE_CURVE('',#969,#970,#165,.T.);
#1181=EDGE_CURVE('',#970,#967,#166,.T.);
#1182=EDGE_CURVE('',#971,#972,#167,.T.);
#1183=EDGE_CURVE('',#972,#973,#796,.T.);
#1184=EDGE_CURVE('',#973,#974,#168,.T.);
#1185=EDGE_CURVE('',#974,#971,#797,.T.);
#1186=EDGE_CURVE('',#975,#976,#169,.T.);
#1187=EDGE_CURVE('',#976,#977,#170,.T.);
#1188=EDGE_CURVE('',#977,#978,#171,.T.);
#1189=EDGE_CURVE('',#978,#975,#172,.T.);
#1190=EDGE_CURVE('',#979,#980,#173,.T.);
#1191=EDGE_CURVE('',#980,#981,#174,.T.);
#1192=EDGE_CURVE('',#981,#982,#175,.T.);
#1193=EDGE_CURVE('',#982,#979,#176,.T.);
#1194=EDGE_CURVE('',#952,#864,#177,.T.);
#1195=EDGE_CURVE('',#865,#951,#178,.T.);
#1196=EDGE_CURVE('',#867,#950,#179,.T.);
#1197=EDGE_CURVE('',#949,#866,#180,.T.);
#1198=EDGE_CURVE('',#872,#947,#181,.T.);
#1199=EDGE_CURVE('',#948,#871,#182,.T.);
#1200=EDGE_CURVE('',#981,#972,#798,.T.);
#1201=EDGE_CURVE('',#971,#982,#799,.T.);
#1202=EDGE_CURVE('',#969,#966,#800,.T.);
#1203=EDGE_CURVE('',#888,#970,#801,.T.);
#1204=EDGE_CURVE('',#876,#961,#802,.T.);
#1205=EDGE_CURVE('',#960,#899,#803,.T.);
#1206=EDGE_CURVE('',#900,#965,#804,.T.);
#1207=EDGE_CURVE('',#973,#976,#805,.T.);
#1208=EDGE_CURVE('',#975,#974,#806,.T.);
#1209=EDGE_CURVE('',#964,#917,#807,.T.);
#1210=EDGE_CURVE('',#977,#916,#808,.T.);
#1211=EDGE_CURVE('',#915,#978,#809,.T.);
#1212=EDGE_CURVE('',#918,#980,#810,.T.);
#1213=EDGE_CURVE('',#979,#919,#811,.T.);
#1214=EDGE_CURVE('',#922,#968,#812,.T.);
#1215=EDGE_CURVE('',#967,#923,#813,.T.);
#1216=EDGE_CURVE('',#962,#921,#814,.T.);
#1217=EDGE_CURVE('',#920,#963,#815,.T.);
#1218=EDGE_CURVE('',#852,#899,#183,.T.);
#1219=EDGE_CURVE('',#900,#851,#184,.T.);
#1220=EDGE_CURVE('',#965,#850,#185,.T.);
#1221=EDGE_CURVE('',#853,#960,#186,.T.);
#1222=EDGE_CURVE('',#964,#849,#187,.T.);
#1223=EDGE_CURVE('',#854,#963,#188,.T.);
#1224=EDGE_CURVE('',#917,#848,#189,.T.);
#1225=EDGE_CURVE('',#855,#920,#190,.T.);
#1226=EDGE_CURVE('',#915,#847,#191,.T.);
#1227=EDGE_CURVE('',#856,#923,#192,.T.);
#1228=EDGE_CURVE('',#978,#846,#193,.T.);
#1229=EDGE_CURVE('',#857,#967,#194,.T.);
#1230=EDGE_CURVE('',#975,#845,#195,.T.);
#1231=EDGE_CURVE('',#858,#970,#196,.T.);
#1232=EDGE_CURVE('',#974,#844,#197,.T.);
#1233=EDGE_CURVE('',#971,#843,#198,.T.);
#1234=EDGE_CURVE('',#982,#842,#199,.T.);
#1235=EDGE_CURVE('',#979,#841,#200,.T.);
#1236=EDGE_CURVE('',#919,#840,#201,.T.);
#1237=EDGE_CURVE('',#939,#916,#202,.T.);
#1238=EDGE_CURVE('',#940,#977,#203,.T.);
#1239=EDGE_CURVE('',#961,#938,#204,.T.);
#1240=EDGE_CURVE('',#941,#976,#205,.T.);
#1241=EDGE_CURVE('',#962,#937,#206,.T.);
#1242=EDGE_CURVE('',#942,#973,#207,.T.);
#1243=EDGE_CURVE('',#921,#936,#208,.T.);
#1244=EDGE_CURVE('',#943,#972,#209,.T.);
#1245=EDGE_CURVE('',#922,#935,#210,.T.);
#1246=EDGE_CURVE('',#944,#981,#211,.T.);
#1247=EDGE_CURVE('',#968,#934,#212,.T.);
#1248=EDGE_CURVE('',#945,#980,#213,.T.);
#1249=EDGE_CURVE('',#969,#933,#214,.T.);
#1250=EDGE_CURVE('',#946,#918,#215,.T.);
#1251=EDGE_CURVE('',#966,#932,#216,.T.);
#1252=EDGE_CURVE('',#928,#890,#217,.T.);
#1253=EDGE_CURVE('',#897,#931,#218,.T.);
#1254=EDGE_CURVE('',#929,#889,#219,.T.);
#1255=EDGE_CURVE('',#898,#930,#220,.T.);
#1256=EDGE_CURVE('',#983,#983,#816,.F.);
#1257=EDGE_CURVE('',#983,#959,#221,.T.);
#1258=EDGE_CURVE('',#984,#984,#817,.F.);
#1259=EDGE_CURVE('',#985,#985,#818,.T.);
#1260=EDGE_CURVE('',#984,#985,#222,.T.);
#1261=EDGE_CURVE('',#986,#986,#819,.T.);
#1262=EDGE_CURVE('',#987,#987,#820,.T.);
#1263=EDGE_CURVE('',#987,#986,#223,.T.);
#1264=ORIENTED_EDGE('',*,*,#988,.F.);
#1265=ORIENTED_EDGE('',*,*,#988,.T.);
#1266=ORIENTED_EDGE('',*,*,#989,.T.);
#1267=ORIENTED_EDGE('',*,*,#990,.T.);
#1268=ORIENTED_EDGE('',*,*,#989,.F.);
#1269=ORIENTED_EDGE('',*,*,#990,.F.);
#1270=ORIENTED_EDGE('',*,*,#991,.F.);
#1271=ORIENTED_EDGE('',*,*,#992,.T.);
#1272=ORIENTED_EDGE('',*,*,#993,.F.);
#1273=ORIENTED_EDGE('',*,*,#992,.F.);
#1274=ORIENTED_EDGE('',*,*,#991,.T.);
#1275=ORIENTED_EDGE('',*,*,#994,.F.);
#1276=ORIENTED_EDGE('',*,*,#995,.T.);
#1277=ORIENTED_EDGE('',*,*,#996,.F.);
#1278=ORIENTED_EDGE('',*,*,#995,.F.);
#1279=ORIENTED_EDGE('',*,*,#994,.T.);
#1280=ORIENTED_EDGE('',*,*,#997,.T.);
#1281=ORIENTED_EDGE('',*,*,#998,.T.);
#1282=ORIENTED_EDGE('',*,*,#999,.T.);
#1283=ORIENTED_EDGE('',*,*,#998,.F.);
#1284=ORIENTED_EDGE('',*,*,#999,.F.);
#1285=ORIENTED_EDGE('',*,*,#1000,.T.);
#1286=ORIENTED_EDGE('',*,*,#1001,.F.);
#1287=ORIENTED_EDGE('',*,*,#1000,.F.);
#1288=ORIENTED_EDGE('',*,*,#997,.F.);
#1289=ORIENTED_EDGE('',*,*,#1002,.T.);
#1290=ORIENTED_EDGE('',*,*,#1003,.T.);
#1291=ORIENTED_EDGE('',*,*,#1004,.T.);
#1292=ORIENTED_EDGE('',*,*,#1003,.F.);
#1293=ORIENTED_EDGE('',*,*,#1004,.F.);
#1294=ORIENTED_EDGE('',*,*,#1005,.T.);
#1295=ORIENTED_EDGE('',*,*,#1006,.F.);
#1296=ORIENTED_EDGE('',*,*,#1005,.F.);
#1297=ORIENTED_EDGE('',*,*,#1002,.F.);
#1298=ORIENTED_EDGE('',*,*,#1007,.T.);
#1299=ORIENTED_EDGE('',*,*,#1008,.T.);
#1300=ORIENTED_EDGE('',*,*,#1009,.T.);
#1301=ORIENTED_EDGE('',*,*,#1008,.F.);
#1302=ORIENTED_EDGE('',*,*,#1009,.F.);
#1303=ORIENTED_EDGE('',*,*,#1010,.T.);
#1304=ORIENTED_EDGE('',*,*,#1011,.F.);
#1305=ORIENTED_EDGE('',*,*,#1010,.F.);
#1306=ORIENTED_EDGE('',*,*,#1007,.F.);
#1307=ORIENTED_EDGE('',*,*,#1012,.F.);
#1308=ORIENTED_EDGE('',*,*,#1013,.T.);
#1309=ORIENTED_EDGE('',*,*,#1014,.F.);
#1310=ORIENTED_EDGE('',*,*,#1013,.F.);
#1311=ORIENTED_EDGE('',*,*,#1015,.T.);
#1312=ORIENTED_EDGE('',*,*,#1016,.T.);
#1313=ORIENTED_EDGE('',*,*,#1017,.T.);
#1314=ORIENTED_EDGE('',*,*,#1018,.T.);
#1315=ORIENTED_EDGE('',*,*,#1019,.T.);
#1316=ORIENTED_EDGE('',*,*,#1020,.T.);
#1317=ORIENTED_EDGE('',*,*,#1021,.T.);
#1318=ORIENTED_EDGE('',*,*,#1022,.T.);
#1319=ORIENTED_EDGE('',*,*,#1023,.T.);
#1320=ORIENTED_EDGE('',*,*,#1024,.T.);
#1321=ORIENTED_EDGE('',*,*,#1025,.T.);
#1322=ORIENTED_EDGE('',*,*,#1026,.T.);
#1323=ORIENTED_EDGE('',*,*,#1027,.T.);
#1324=ORIENTED_EDGE('',*,*,#1028,.T.);
#1325=ORIENTED_EDGE('',*,*,#1029,.T.);
#1326=ORIENTED_EDGE('',*,*,#1030,.T.);
#1327=ORIENTED_EDGE('',*,*,#1031,.T.);
#1328=ORIENTED_EDGE('',*,*,#1032,.T.);
#1329=ORIENTED_EDGE('',*,*,#1033,.T.);
#1330=ORIENTED_EDGE('',*,*,#1034,.T.);
#1331=ORIENTED_EDGE('',*,*,#1035,.T.);
#1332=ORIENTED_EDGE('',*,*,#1036,.T.);
#1333=ORIENTED_EDGE('',*,*,#1037,.T.);
#1334=ORIENTED_EDGE('',*,*,#1038,.T.);
#1335=ORIENTED_EDGE('',*,*,#1012,.T.);
#1336=ORIENTED_EDGE('',*,*,#1039,.T.);
#1337=ORIENTED_EDGE('',*,*,#1040,.T.);
#1338=ORIENTED_EDGE('',*,*,#1041,.T.);
#1339=ORIENTED_EDGE('',*,*,#1042,.T.);
#1340=ORIENTED_EDGE('',*,*,#1043,.T.);
#1341=ORIENTED_EDGE('',*,*,#1044,.T.);
#1342=ORIENTED_EDGE('',*,*,#1045,.T.);
#1343=ORIENTED_EDGE('',*,*,#1046,.T.);
#1344=ORIENTED_EDGE('',*,*,#1047,.T.);
#1345=ORIENTED_EDGE('',*,*,#1048,.T.);
#1346=ORIENTED_EDGE('',*,*,#1049,.T.);
#1347=ORIENTED_EDGE('',*,*,#1050,.T.);
#1348=ORIENTED_EDGE('',*,*,#1051,.F.);
#1349=ORIENTED_EDGE('',*,*,#1052,.F.);
#1350=ORIENTED_EDGE('',*,*,#1053,.F.);
#1351=ORIENTED_EDGE('',*,*,#1054,.T.);
#1352=ORIENTED_EDGE('',*,*,#1055,.F.);
#1353=ORIENTED_EDGE('',*,*,#1056,.T.);
#1354=ORIENTED_EDGE('',*,*,#1057,.F.);
#1355=ORIENTED_EDGE('',*,*,#1054,.F.);
#1356=ORIENTED_EDGE('',*,*,#1058,.F.);
#1357=ORIENTED_EDGE('',*,*,#1059,.T.);
#1358=ORIENTED_EDGE('',*,*,#1060,.F.);
#1359=ORIENTED_EDGE('',*,*,#1061,.F.);
#1360=ORIENTED_EDGE('',*,*,#1015,.F.);
#1361=ORIENTED_EDGE('',*,*,#1062,.T.);
#1362=ORIENTED_EDGE('',*,*,#1063,.F.);
#1363=ORIENTED_EDGE('',*,*,#1064,.F.);
#1364=ORIENTED_EDGE('',*,*,#1065,.F.);
#1365=ORIENTED_EDGE('',*,*,#1066,.F.);
#1366=ORIENTED_EDGE('',*,*,#1037,.F.);
#1367=ORIENTED_EDGE('',*,*,#1067,.T.);
#1368=ORIENTED_EDGE('',*,*,#1036,.F.);
#1369=ORIENTED_EDGE('',*,*,#1068,.T.);
#1370=ORIENTED_EDGE('',*,*,#1069,.F.);
#1371=ORIENTED_EDGE('',*,*,#1067,.F.);
#1372=ORIENTED_EDGE('',*,*,#1063,.T.);
#1373=ORIENTED_EDGE('',*,*,#1070,.F.);
#1374=ORIENTED_EDGE('',*,*,#1071,.T.);
#1375=ORIENTED_EDGE('',*,*,#1072,.F.);
#1376=ORIENTED_EDGE('',*,*,#1073,.F.);
#1377=ORIENTED_EDGE('',*,*,#1074,.F.);
#1378=ORIENTED_EDGE('',*,*,#1045,.F.);
#1379=ORIENTED_EDGE('',*,*,#1075,.F.);
#1380=ORIENTED_EDGE('',*,*,#1076,.F.);
#1381=ORIENTED_EDGE('',*,*,#1077,.F.);
#1382=ORIENTED_EDGE('',*,*,#1050,.F.);
#1383=ORIENTED_EDGE('',*,*,#1078,.F.);
#1384=ORIENTED_EDGE('',*,*,#1079,.F.);
#1385=ORIENTED_EDGE('',*,*,#1080,.F.);
#1386=ORIENTED_EDGE('',*,*,#1039,.F.);
#1387=ORIENTED_EDGE('',*,*,#1081,.F.);
#1388=ORIENTED_EDGE('',*,*,#1082,.T.);
#1389=ORIENTED_EDGE('',*,*,#1083,.F.);
#1390=ORIENTED_EDGE('',*,*,#1065,.T.);
#1391=ORIENTED_EDGE('',*,*,#1084,.F.);
#1392=ORIENTED_EDGE('',*,*,#1053,.T.);
#1393=ORIENTED_EDGE('',*,*,#1085,.T.);
#1394=ORIENTED_EDGE('',*,*,#1086,.T.);
#1395=ORIENTED_EDGE('',*,*,#1087,.T.);
#1396=ORIENTED_EDGE('',*,*,#1088,.F.);
#1397=ORIENTED_EDGE('',*,*,#1089,.F.);
#1398=ORIENTED_EDGE('',*,*,#1090,.F.);
#1399=ORIENTED_EDGE('',*,*,#1091,.F.);
#1400=ORIENTED_EDGE('',*,*,#1092,.F.);
#1401=ORIENTED_EDGE('',*,*,#1093,.F.);
#1402=ORIENTED_EDGE('',*,*,#1094,.F.);
#1403=ORIENTED_EDGE('',*,*,#1095,.F.);
#1404=ORIENTED_EDGE('',*,*,#1096,.T.);
#1405=ORIENTED_EDGE('',*,*,#1097,.T.);
#1406=ORIENTED_EDGE('',*,*,#1098,.F.);
#1407=ORIENTED_EDGE('',*,*,#1097,.F.);
#1408=ORIENTED_EDGE('',*,*,#1099,.T.);
#1409=ORIENTED_EDGE('',*,*,#1100,.T.);
#1410=ORIENTED_EDGE('',*,*,#1101,.F.);
#1411=ORIENTED_EDGE('',*,*,#1100,.F.);
#1412=ORIENTED_EDGE('',*,*,#1102,.T.);
#1413=ORIENTED_EDGE('',*,*,#1103,.T.);
#1414=ORIENTED_EDGE('',*,*,#1104,.F.);
#1415=ORIENTED_EDGE('',*,*,#1103,.F.);
#1416=ORIENTED_EDGE('',*,*,#1105,.T.);
#1417=ORIENTED_EDGE('',*,*,#1106,.T.);
#1418=ORIENTED_EDGE('',*,*,#1107,.T.);
#1419=ORIENTED_EDGE('',*,*,#1108,.T.);
#1420=ORIENTED_EDGE('',*,*,#1072,.T.);
#1421=ORIENTED_EDGE('',*,*,#1109,.T.);
#1422=ORIENTED_EDGE('',*,*,#1110,.T.);
#1423=ORIENTED_EDGE('',*,*,#1111,.T.);
#1424=ORIENTED_EDGE('',*,*,#1112,.T.);
#1425=ORIENTED_EDGE('',*,*,#1113,.T.);
#1426=ORIENTED_EDGE('',*,*,#1114,.T.);
#1427=ORIENTED_EDGE('',*,*,#1115,.T.);
#1428=ORIENTED_EDGE('',*,*,#1090,.T.);
#1429=ORIENTED_EDGE('',*,*,#1116,.T.);
#1430=ORIENTED_EDGE('',*,*,#1117,.T.);
#1431=ORIENTED_EDGE('',*,*,#1118,.F.);
#1432=ORIENTED_EDGE('',*,*,#1096,.F.);
#1433=ORIENTED_EDGE('',*,*,#1119,.F.);
#1434=ORIENTED_EDGE('',*,*,#1092,.T.);
#1435=ORIENTED_EDGE('',*,*,#1120,.T.);
#1436=ORIENTED_EDGE('',*,*,#1121,.T.);
#1437=ORIENTED_EDGE('',*,*,#1099,.F.);
#1438=ORIENTED_EDGE('',*,*,#1122,.T.);
#1439=ORIENTED_EDGE('',*,*,#1123,.T.);
#1440=ORIENTED_EDGE('',*,*,#1124,.T.);
#1441=ORIENTED_EDGE('',*,*,#1125,.T.);
#1442=ORIENTED_EDGE('',*,*,#1126,.T.);
#1443=ORIENTED_EDGE('',*,*,#1127,.T.);
#1444=ORIENTED_EDGE('',*,*,#1128,.T.);
#1445=ORIENTED_EDGE('',*,*,#1129,.T.);
#1446=ORIENTED_EDGE('',*,*,#1130,.T.);
#1447=ORIENTED_EDGE('',*,*,#1131,.T.);
#1448=ORIENTED_EDGE('',*,*,#1132,.T.);
#1449=ORIENTED_EDGE('',*,*,#1051,.T.);
#1450=ORIENTED_EDGE('',*,*,#1057,.T.);
#1451=ORIENTED_EDGE('',*,*,#1133,.T.);
#1452=ORIENTED_EDGE('',*,*,#1058,.T.);
#1453=ORIENTED_EDGE('',*,*,#1134,.T.);
#1454=ORIENTED_EDGE('',*,*,#1135,.T.);
#1455=ORIENTED_EDGE('',*,*,#1136,.T.);
#1456=ORIENTED_EDGE('',*,*,#1137,.T.);
#1457=ORIENTED_EDGE('',*,*,#1138,.T.);
#1458=ORIENTED_EDGE('',*,*,#1139,.T.);
#1459=ORIENTED_EDGE('',*,*,#1140,.T.);
#1460=ORIENTED_EDGE('',*,*,#1141,.T.);
#1461=ORIENTED_EDGE('',*,*,#1142,.T.);
#1462=ORIENTED_EDGE('',*,*,#1011,.T.);
#1463=ORIENTED_EDGE('',*,*,#1014,.T.);
#1464=ORIENTED_EDGE('',*,*,#1076,.T.);
#1465=ORIENTED_EDGE('',*,*,#1143,.T.);
#1466=ORIENTED_EDGE('',*,*,#1144,.T.);
#1467=ORIENTED_EDGE('',*,*,#1145,.T.);
#1468=ORIENTED_EDGE('',*,*,#1146,.T.);
#1469=ORIENTED_EDGE('',*,*,#1073,.T.);
#1470=ORIENTED_EDGE('',*,*,#1147,.T.);
#1471=ORIENTED_EDGE('',*,*,#1148,.T.);
#1472=ORIENTED_EDGE('',*,*,#1149,.T.);
#1473=ORIENTED_EDGE('',*,*,#1150,.T.);
#1474=ORIENTED_EDGE('',*,*,#1079,.T.);
#1475=ORIENTED_EDGE('',*,*,#1151,.T.);
#1476=ORIENTED_EDGE('',*,*,#1152,.F.);
#1477=ORIENTED_EDGE('',*,*,#1153,.T.);
#1478=ORIENTED_EDGE('',*,*,#1154,.T.);
#1479=ORIENTED_EDGE('',*,*,#1155,.F.);
#1480=ORIENTED_EDGE('',*,*,#1121,.F.);
#1481=ORIENTED_EDGE('',*,*,#1156,.T.);
#1482=ORIENTED_EDGE('',*,*,#1094,.T.);
#1483=ORIENTED_EDGE('',*,*,#1157,.F.);
#1484=ORIENTED_EDGE('',*,*,#1117,.F.);
#1485=ORIENTED_EDGE('',*,*,#1158,.T.);
#1486=ORIENTED_EDGE('',*,*,#1088,.T.);
#1487=ORIENTED_EDGE('',*,*,#1159,.F.);
#1488=ORIENTED_EDGE('',*,*,#1006,.T.);
#1489=ORIENTED_EDGE('',*,*,#1001,.T.);
#1490=ORIENTED_EDGE('',*,*,#1160,.T.);
#1491=ORIENTED_EDGE('',*,*,#1161,.T.);
#1492=ORIENTED_EDGE('',*,*,#1152,.T.);
#1493=ORIENTED_EDGE('',*,*,#1162,.F.);
#1494=ORIENTED_EDGE('',*,*,#1102,.F.);
#1495=ORIENTED_EDGE('',*,*,#1161,.F.);
#1496=ORIENTED_EDGE('',*,*,#1163,.T.);
#1497=ORIENTED_EDGE('',*,*,#1153,.F.);
#1498=ORIENTED_EDGE('',*,*,#1155,.T.);
#1499=ORIENTED_EDGE('',*,*,#1164,.T.);
#1500=ORIENTED_EDGE('',*,*,#1162,.T.);
#1501=ORIENTED_EDGE('',*,*,#1104,.T.);
#1502=ORIENTED_EDGE('',*,*,#1165,.T.);
#1503=ORIENTED_EDGE('',*,*,#1120,.F.);
#1504=ORIENTED_EDGE('',*,*,#1095,.T.);
#1505=ORIENTED_EDGE('',*,*,#1156,.F.);
#1506=ORIENTED_EDGE('',*,*,#1157,.T.);
#1507=ORIENTED_EDGE('',*,*,#1093,.T.);
#1508=ORIENTED_EDGE('',*,*,#1119,.T.);
#1509=ORIENTED_EDGE('',*,*,#1116,.F.);
#1510=ORIENTED_EDGE('',*,*,#1089,.T.);
#1511=ORIENTED_EDGE('',*,*,#1158,.F.);
#1512=ORIENTED_EDGE('',*,*,#1159,.T.);
#1513=ORIENTED_EDGE('',*,*,#1091,.T.);
#1514=ORIENTED_EDGE('',*,*,#1118,.T.);
#1515=ORIENTED_EDGE('',*,*,#1101,.T.);
#1516=ORIENTED_EDGE('',*,*,#993,.T.);
#1517=ORIENTED_EDGE('',*,*,#1098,.T.);
#1518=ORIENTED_EDGE('',*,*,#996,.T.);
#1519=ORIENTED_EDGE('',*,*,#1164,.F.);
#1520=ORIENTED_EDGE('',*,*,#1154,.F.);
#1521=ORIENTED_EDGE('',*,*,#1163,.F.);
#1522=ORIENTED_EDGE('',*,*,#1160,.F.);
#1523=ORIENTED_EDGE('',*,*,#1166,.T.);
#1524=ORIENTED_EDGE('',*,*,#1167,.T.);
#1525=ORIENTED_EDGE('',*,*,#1168,.T.);
#1526=ORIENTED_EDGE('',*,*,#1169,.T.);
#1527=ORIENTED_EDGE('',*,*,#1170,.T.);
#1528=ORIENTED_EDGE('',*,*,#1171,.T.);
#1529=ORIENTED_EDGE('',*,*,#1172,.T.);
#1530=ORIENTED_EDGE('',*,*,#1173,.T.);
#1531=ORIENTED_EDGE('',*,*,#1174,.T.);
#1532=ORIENTED_EDGE('',*,*,#1175,.T.);
#1533=ORIENTED_EDGE('',*,*,#1084,.T.);
#1534=ORIENTED_EDGE('',*,*,#1069,.T.);
#1535=ORIENTED_EDGE('',*,*,#1083,.T.);
#1536=ORIENTED_EDGE('',*,*,#1176,.T.);
#1537=ORIENTED_EDGE('',*,*,#1070,.T.);
#1538=ORIENTED_EDGE('',*,*,#1177,.T.);
#1539=ORIENTED_EDGE('',*,*,#1178,.T.);
#1540=ORIENTED_EDGE('',*,*,#1179,.T.);
#1541=ORIENTED_EDGE('',*,*,#1180,.T.);
#1542=ORIENTED_EDGE('',*,*,#1181,.T.);
#1543=ORIENTED_EDGE('',*,*,#1182,.T.);
#1544=ORIENTED_EDGE('',*,*,#1183,.T.);
#1545=ORIENTED_EDGE('',*,*,#1184,.T.);
#1546=ORIENTED_EDGE('',*,*,#1185,.T.);
#1547=ORIENTED_EDGE('',*,*,#1186,.T.);
#1548=ORIENTED_EDGE('',*,*,#1187,.T.);
#1549=ORIENTED_EDGE('',*,*,#1188,.T.);
#1550=ORIENTED_EDGE('',*,*,#1189,.T.);
#1551=ORIENTED_EDGE('',*,*,#1190,.T.);
#1552=ORIENTED_EDGE('',*,*,#1191,.T.);
#1553=ORIENTED_EDGE('',*,*,#1192,.T.);
#1554=ORIENTED_EDGE('',*,*,#1193,.T.);
#1555=ORIENTED_EDGE('',*,*,#1040,.F.);
#1556=ORIENTED_EDGE('',*,*,#1080,.T.);
#1557=ORIENTED_EDGE('',*,*,#1150,.F.);
#1558=ORIENTED_EDGE('',*,*,#1194,.T.);
#1559=ORIENTED_EDGE('',*,*,#1151,.F.);
#1560=ORIENTED_EDGE('',*,*,#1081,.T.);
#1561=ORIENTED_EDGE('',*,*,#1042,.F.);
#1562=ORIENTED_EDGE('',*,*,#1195,.T.);
#1563=ORIENTED_EDGE('',*,*,#1147,.F.);
#1564=ORIENTED_EDGE('',*,*,#1075,.T.);
#1565=ORIENTED_EDGE('',*,*,#1044,.F.);
#1566=ORIENTED_EDGE('',*,*,#1196,.T.);
#1567=ORIENTED_EDGE('',*,*,#1046,.F.);
#1568=ORIENTED_EDGE('',*,*,#1074,.T.);
#1569=ORIENTED_EDGE('',*,*,#1146,.F.);
#1570=ORIENTED_EDGE('',*,*,#1197,.T.);
#1571=ORIENTED_EDGE('',*,*,#1143,.F.);
#1572=ORIENTED_EDGE('',*,*,#1078,.T.);
#1573=ORIENTED_EDGE('',*,*,#1049,.F.);
#1574=ORIENTED_EDGE('',*,*,#1198,.T.);
#1575=ORIENTED_EDGE('',*,*,#1047,.F.);
#1576=ORIENTED_EDGE('',*,*,#1077,.T.);
#1577=ORIENTED_EDGE('',*,*,#1145,.F.);
#1578=ORIENTED_EDGE('',*,*,#1199,.T.);
#1579=ORIENTED_EDGE('',*,*,#1192,.F.);
#1580=ORIENTED_EDGE('',*,*,#1200,.T.);
#1581=ORIENTED_EDGE('',*,*,#1182,.F.);
#1582=ORIENTED_EDGE('',*,*,#1201,.T.);
#1583=ORIENTED_EDGE('',*,*,#1180,.F.);
#1584=ORIENTED_EDGE('',*,*,#1202,.T.);
#1585=ORIENTED_EDGE('',*,*,#1174,.F.);
#1586=ORIENTED_EDGE('',*,*,#1203,.T.);
#1587=ORIENTED_EDGE('',*,*,#1085,.F.);
#1588=ORIENTED_EDGE('',*,*,#1204,.T.);
#1589=ORIENTED_EDGE('',*,*,#1166,.F.);
#1590=ORIENTED_EDGE('',*,*,#1205,.T.);
#1591=ORIENTED_EDGE('',*,*,#1172,.F.);
#1592=ORIENTED_EDGE('',*,*,#1055,.T.);
#1593=ORIENTED_EDGE('',*,*,#1087,.F.);
#1594=ORIENTED_EDGE('',*,*,#1206,.T.);
#1595=ORIENTED_EDGE('',*,*,#1184,.F.);
#1596=ORIENTED_EDGE('',*,*,#1207,.T.);
#1597=ORIENTED_EDGE('',*,*,#1186,.F.);
#1598=ORIENTED_EDGE('',*,*,#1208,.T.);
#1599=ORIENTED_EDGE('',*,*,#1194,.F.);
#1600=ORIENTED_EDGE('',*,*,#1149,.F.);
#1601=ORIENTED_EDGE('',*,*,#1195,.F.);
#1602=ORIENTED_EDGE('',*,*,#1041,.F.);
#1603=ORIENTED_EDGE('',*,*,#1199,.F.);
#1604=ORIENTED_EDGE('',*,*,#1144,.F.);
#1605=ORIENTED_EDGE('',*,*,#1198,.F.);
#1606=ORIENTED_EDGE('',*,*,#1048,.F.);
#1607=ORIENTED_EDGE('',*,*,#1148,.F.);
#1608=ORIENTED_EDGE('',*,*,#1196,.F.);
#1609=ORIENTED_EDGE('',*,*,#1043,.F.);
#1610=ORIENTED_EDGE('',*,*,#1197,.F.);
#1611=ORIENTED_EDGE('',*,*,#1107,.F.);
#1612=ORIENTED_EDGE('',*,*,#1060,.T.);
#1613=ORIENTED_EDGE('',*,*,#1170,.F.);
#1614=ORIENTED_EDGE('',*,*,#1209,.T.);
#1615=ORIENTED_EDGE('',*,*,#1188,.F.);
#1616=ORIENTED_EDGE('',*,*,#1210,.T.);
#1617=ORIENTED_EDGE('',*,*,#1105,.F.);
#1618=ORIENTED_EDGE('',*,*,#1211,.T.);
#1619=ORIENTED_EDGE('',*,*,#1110,.F.);
#1620=ORIENTED_EDGE('',*,*,#1212,.T.);
#1621=ORIENTED_EDGE('',*,*,#1190,.F.);
#1622=ORIENTED_EDGE('',*,*,#1213,.T.);
#1623=ORIENTED_EDGE('',*,*,#1114,.F.);
#1624=ORIENTED_EDGE('',*,*,#1214,.T.);
#1625=ORIENTED_EDGE('',*,*,#1178,.F.);
#1626=ORIENTED_EDGE('',*,*,#1215,.T.);
#1627=ORIENTED_EDGE('',*,*,#1168,.F.);
#1628=ORIENTED_EDGE('',*,*,#1216,.T.);
#1629=ORIENTED_EDGE('',*,*,#1112,.F.);
#1630=ORIENTED_EDGE('',*,*,#1217,.T.);
#1631=ORIENTED_EDGE('',*,*,#1218,.F.);
#1632=ORIENTED_EDGE('',*,*,#1028,.F.);
#1633=ORIENTED_EDGE('',*,*,#1219,.F.);
#1634=ORIENTED_EDGE('',*,*,#1086,.F.);
#1635=ORIENTED_EDGE('',*,*,#1219,.T.);
#1636=ORIENTED_EDGE('',*,*,#1027,.F.);
#1637=ORIENTED_EDGE('',*,*,#1220,.F.);
#1638=ORIENTED_EDGE('',*,*,#1206,.F.);
#1639=ORIENTED_EDGE('',*,*,#1218,.T.);
#1640=ORIENTED_EDGE('',*,*,#1205,.F.);
#1641=ORIENTED_EDGE('',*,*,#1221,.F.);
#1642=ORIENTED_EDGE('',*,*,#1029,.F.);
#1643=ORIENTED_EDGE('',*,*,#1220,.T.);
#1644=ORIENTED_EDGE('',*,*,#1026,.F.);
#1645=ORIENTED_EDGE('',*,*,#1222,.F.);
#1646=ORIENTED_EDGE('',*,*,#1173,.F.);
#1647=ORIENTED_EDGE('',*,*,#1221,.T.);
#1648=ORIENTED_EDGE('',*,*,#1169,.F.);
#1649=ORIENTED_EDGE('',*,*,#1223,.F.);
#1650=ORIENTED_EDGE('',*,*,#1030,.F.);
#1651=ORIENTED_EDGE('',*,*,#1222,.T.);
#1652=ORIENTED_EDGE('',*,*,#1025,.F.);
#1653=ORIENTED_EDGE('',*,*,#1224,.F.);
#1654=ORIENTED_EDGE('',*,*,#1209,.F.);
#1655=ORIENTED_EDGE('',*,*,#1223,.T.);
#1656=ORIENTED_EDGE('',*,*,#1217,.F.);
#1657=ORIENTED_EDGE('',*,*,#1225,.F.);
#1658=ORIENTED_EDGE('',*,*,#1031,.F.);
#1659=ORIENTED_EDGE('',*,*,#1224,.T.);
#1660=ORIENTED_EDGE('',*,*,#1024,.F.);
#1661=ORIENTED_EDGE('',*,*,#1226,.F.);
#1662=ORIENTED_EDGE('',*,*,#1108,.F.);
#1663=ORIENTED_EDGE('',*,*,#1225,.T.);
#1664=ORIENTED_EDGE('',*,*,#1115,.F.);
#1665=ORIENTED_EDGE('',*,*,#1227,.F.);
#1666=ORIENTED_EDGE('',*,*,#1032,.F.);
#1667=ORIENTED_EDGE('',*,*,#1226,.T.);
#1668=ORIENTED_EDGE('',*,*,#1023,.F.);
#1669=ORIENTED_EDGE('',*,*,#1228,.F.);
#1670=ORIENTED_EDGE('',*,*,#1211,.F.);
#1671=ORIENTED_EDGE('',*,*,#1227,.T.);
#1672=ORIENTED_EDGE('',*,*,#1215,.F.);
#1673=ORIENTED_EDGE('',*,*,#1229,.F.);
#1674=ORIENTED_EDGE('',*,*,#1033,.F.);
#1675=ORIENTED_EDGE('',*,*,#1228,.T.);
#1676=ORIENTED_EDGE('',*,*,#1022,.F.);
#1677=ORIENTED_EDGE('',*,*,#1230,.F.);
#1678=ORIENTED_EDGE('',*,*,#1189,.F.);
#1679=ORIENTED_EDGE('',*,*,#1229,.T.);
#1680=ORIENTED_EDGE('',*,*,#1181,.F.);
#1681=ORIENTED_EDGE('',*,*,#1231,.F.);
#1682=ORIENTED_EDGE('',*,*,#1034,.F.);
#1683=ORIENTED_EDGE('',*,*,#1230,.T.);
#1684=ORIENTED_EDGE('',*,*,#1021,.F.);
#1685=ORIENTED_EDGE('',*,*,#1232,.F.);
#1686=ORIENTED_EDGE('',*,*,#1208,.F.);
#1687=ORIENTED_EDGE('',*,*,#1231,.T.);
#1688=ORIENTED_EDGE('',*,*,#1203,.F.);
#1689=ORIENTED_EDGE('',*,*,#1068,.F.);
#1690=ORIENTED_EDGE('',*,*,#1035,.F.);
#1691=ORIENTED_EDGE('',*,*,#1232,.T.);
#1692=ORIENTED_EDGE('',*,*,#1020,.F.);
#1693=ORIENTED_EDGE('',*,*,#1233,.F.);
#1694=ORIENTED_EDGE('',*,*,#1185,.F.);
#1695=ORIENTED_EDGE('',*,*,#1233,.T.);
#1696=ORIENTED_EDGE('',*,*,#1019,.F.);
#1697=ORIENTED_EDGE('',*,*,#1234,.F.);
#1698=ORIENTED_EDGE('',*,*,#1201,.F.);
#1699=ORIENTED_EDGE('',*,*,#1234,.T.);
#1700=ORIENTED_EDGE('',*,*,#1018,.F.);
#1701=ORIENTED_EDGE('',*,*,#1235,.F.);
#1702=ORIENTED_EDGE('',*,*,#1193,.F.);
#1703=ORIENTED_EDGE('',*,*,#1066,.T.);
#1704=ORIENTED_EDGE('',*,*,#1177,.F.);
#1705=ORIENTED_EDGE('',*,*,#1062,.F.);
#1706=ORIENTED_EDGE('',*,*,#1038,.F.);
#1707=ORIENTED_EDGE('',*,*,#1235,.T.);
#1708=ORIENTED_EDGE('',*,*,#1017,.F.);
#1709=ORIENTED_EDGE('',*,*,#1236,.F.);
#1710=ORIENTED_EDGE('',*,*,#1213,.F.);
#1711=ORIENTED_EDGE('',*,*,#1236,.T.);
#1712=ORIENTED_EDGE('',*,*,#1016,.F.);
#1713=ORIENTED_EDGE('',*,*,#1064,.T.);
#1714=ORIENTED_EDGE('',*,*,#1111,.F.);
#1715=ORIENTED_EDGE('',*,*,#1056,.F.);
#1716=ORIENTED_EDGE('',*,*,#1171,.F.);
#1717=ORIENTED_EDGE('',*,*,#1059,.F.);
#1718=ORIENTED_EDGE('',*,*,#1133,.F.);
#1719=ORIENTED_EDGE('',*,*,#1061,.T.);
#1720=ORIENTED_EDGE('',*,*,#1106,.F.);
#1721=ORIENTED_EDGE('',*,*,#1237,.F.);
#1722=ORIENTED_EDGE('',*,*,#1134,.F.);
#1723=ORIENTED_EDGE('',*,*,#1237,.T.);
#1724=ORIENTED_EDGE('',*,*,#1210,.F.);
#1725=ORIENTED_EDGE('',*,*,#1238,.F.);
#1726=ORIENTED_EDGE('',*,*,#1135,.F.);
#1727=ORIENTED_EDGE('',*,*,#1052,.T.);
#1728=ORIENTED_EDGE('',*,*,#1132,.F.);
#1729=ORIENTED_EDGE('',*,*,#1239,.F.);
#1730=ORIENTED_EDGE('',*,*,#1204,.F.);
#1731=ORIENTED_EDGE('',*,*,#1238,.T.);
#1732=ORIENTED_EDGE('',*,*,#1187,.F.);
#1733=ORIENTED_EDGE('',*,*,#1240,.F.);
#1734=ORIENTED_EDGE('',*,*,#1136,.F.);
#1735=ORIENTED_EDGE('',*,*,#1239,.T.);
#1736=ORIENTED_EDGE('',*,*,#1131,.F.);
#1737=ORIENTED_EDGE('',*,*,#1241,.F.);
#1738=ORIENTED_EDGE('',*,*,#1167,.F.);
#1739=ORIENTED_EDGE('',*,*,#1240,.T.);
#1740=ORIENTED_EDGE('',*,*,#1207,.F.);
#1741=ORIENTED_EDGE('',*,*,#1242,.F.);
#1742=ORIENTED_EDGE('',*,*,#1137,.F.);
#1743=ORIENTED_EDGE('',*,*,#1241,.T.);
#1744=ORIENTED_EDGE('',*,*,#1130,.F.);
#1745=ORIENTED_EDGE('',*,*,#1243,.F.);
#1746=ORIENTED_EDGE('',*,*,#1216,.F.);
#1747=ORIENTED_EDGE('',*,*,#1242,.T.);
#1748=ORIENTED_EDGE('',*,*,#1183,.F.);
#1749=ORIENTED_EDGE('',*,*,#1244,.F.);
#1750=ORIENTED_EDGE('',*,*,#1138,.F.);
#1751=ORIENTED_EDGE('',*,*,#1243,.T.);
#1752=ORIENTED_EDGE('',*,*,#1129,.F.);
#1753=ORIENTED_EDGE('',*,*,#1245,.F.);
#1754=ORIENTED_EDGE('',*,*,#1113,.F.);
#1755=ORIENTED_EDGE('',*,*,#1244,.T.);
#1756=ORIENTED_EDGE('',*,*,#1200,.F.);
#1757=ORIENTED_EDGE('',*,*,#1246,.F.);
#1758=ORIENTED_EDGE('',*,*,#1139,.F.);
#1759=ORIENTED_EDGE('',*,*,#1245,.T.);
#1760=ORIENTED_EDGE('',*,*,#1128,.F.);
#1761=ORIENTED_EDGE('',*,*,#1247,.F.);
#1762=ORIENTED_EDGE('',*,*,#1214,.F.);
#1763=ORIENTED_EDGE('',*,*,#1246,.T.);
#1764=ORIENTED_EDGE('',*,*,#1191,.F.);
#1765=ORIENTED_EDGE('',*,*,#1248,.F.);
#1766=ORIENTED_EDGE('',*,*,#1140,.F.);
#1767=ORIENTED_EDGE('',*,*,#1247,.T.);
#1768=ORIENTED_EDGE('',*,*,#1127,.F.);
#1769=ORIENTED_EDGE('',*,*,#1249,.F.);
#1770=ORIENTED_EDGE('',*,*,#1179,.F.);
#1771=ORIENTED_EDGE('',*,*,#1248,.T.);
#1772=ORIENTED_EDGE('',*,*,#1212,.F.);
#1773=ORIENTED_EDGE('',*,*,#1250,.F.);
#1774=ORIENTED_EDGE('',*,*,#1141,.F.);
#1775=ORIENTED_EDGE('',*,*,#1249,.T.);
#1776=ORIENTED_EDGE('',*,*,#1126,.F.);
#1777=ORIENTED_EDGE('',*,*,#1251,.F.);
#1778=ORIENTED_EDGE('',*,*,#1202,.F.);
#1779=ORIENTED_EDGE('',*,*,#1250,.T.);
#1780=ORIENTED_EDGE('',*,*,#1109,.F.);
#1781=ORIENTED_EDGE('',*,*,#1252,.F.);
#1782=ORIENTED_EDGE('',*,*,#1142,.F.);
#1783=ORIENTED_EDGE('',*,*,#1251,.T.);
#1784=ORIENTED_EDGE('',*,*,#1125,.F.);
#1785=ORIENTED_EDGE('',*,*,#1253,.F.);
#1786=ORIENTED_EDGE('',*,*,#1175,.F.);
#1787=ORIENTED_EDGE('',*,*,#1252,.T.);
#1788=ORIENTED_EDGE('',*,*,#1071,.F.);
#1789=ORIENTED_EDGE('',*,*,#1254,.F.);
#1790=ORIENTED_EDGE('',*,*,#1122,.F.);
#1791=ORIENTED_EDGE('',*,*,#1253,.T.);
#1792=ORIENTED_EDGE('',*,*,#1124,.F.);
#1793=ORIENTED_EDGE('',*,*,#1255,.F.);
#1794=ORIENTED_EDGE('',*,*,#1082,.F.);
#1795=ORIENTED_EDGE('',*,*,#1254,.T.);
#1796=ORIENTED_EDGE('',*,*,#1176,.F.);
#1797=ORIENTED_EDGE('',*,*,#1255,.T.);
#1798=ORIENTED_EDGE('',*,*,#1123,.F.);
#1799=ORIENTED_EDGE('',*,*,#1256,.T.);
#1800=ORIENTED_EDGE('',*,*,#1256,.F.);
#1801=ORIENTED_EDGE('',*,*,#1257,.T.);
#1802=ORIENTED_EDGE('',*,*,#1165,.F.);
#1803=ORIENTED_EDGE('',*,*,#1257,.F.);
#1804=ORIENTED_EDGE('',*,*,#1258,.F.);
#1805=ORIENTED_EDGE('',*,*,#1259,.F.);
#1806=ORIENTED_EDGE('',*,*,#1258,.T.);
#1807=ORIENTED_EDGE('',*,*,#1260,.T.);
#1808=ORIENTED_EDGE('',*,*,#1259,.T.);
#1809=ORIENTED_EDGE('',*,*,#1260,.F.);
#1810=ORIENTED_EDGE('',*,*,#1261,.F.);
#1811=ORIENTED_EDGE('',*,*,#1262,.T.);
#1812=ORIENTED_EDGE('',*,*,#1263,.T.);
#1813=ORIENTED_EDGE('',*,*,#1261,.T.);
#1814=ORIENTED_EDGE('',*,*,#1263,.F.);
#1815=ORIENTED_EDGE('',*,*,#1262,.F.);
#1816=PLANE('',#2007);
#1817=PLANE('',#2011);
#1818=PLANE('',#2015);
#1819=PLANE('',#2019);
#1820=PLANE('',#2025);
#1821=PLANE('',#2031);
#1822=PLANE('',#2037);
#1823=PLANE('',#2041);
#1824=PLANE('',#2123);
#1825=PLANE('',#2124);
#1826=PLANE('',#2125);
#1827=PLANE('',#2151);
#1828=PLANE('',#2153);
#1829=PLANE('',#2154);
#1830=PLANE('',#2155);
#1831=PLANE('',#2157);
#1832=PLANE('',#2158);
#1833=PLANE('',#2159);
#1834=PLANE('',#2160);
#1835=PLANE('',#2161);
#1836=PLANE('',#2162);
#1837=PLANE('',#2164);
#1838=PLANE('',#2165);
#1839=PLANE('',#2168);
#1840=PLANE('',#2169);
#1841=PLANE('',#2173);
#1842=PLANE('',#2174);
#1843=PLANE('',#2215);
#1844=PLANE('',#2216);
#1845=PLANE('',#2223);
#1846=PLANE('',#2224);
#1847=PLANE('',#2229);
#1848=PLANE('',#2230);
#1849=PLANE('',#2233);
#1850=PLANE('',#2237);
#1851=PLANE('',#2238);
#1852=PLANE('',#2245);
#1853=PLANE('',#2246);
#1854=PLANE('',#2253);
#1855=PLANE('',#2254);
#1856=PLANE('',#2257);
#1857=PLANE('',#2259);
#1858=PLANE('',#2262);
#1859=PLANE('',#2266);
#1860=ADVANCED_FACE('',(#415),#1816,.F.);
#1861=ADVANCED_FACE('',(#416),#369,.F.);
#1862=ADVANCED_FACE('',(#417),#1817,.T.);
#1863=ADVANCED_FACE('',(#418),#370,.T.);
#1864=ADVANCED_FACE('',(#419),#1818,.T.);
#1865=ADVANCED_FACE('',(#420),#371,.T.);
#1866=ADVANCED_FACE('',(#421),#1819,.T.);
#1867=ADVANCED_FACE('',(#422),#37,.T.);
#1868=ADVANCED_FACE('',(#423),#372,.T.);
#1869=ADVANCED_FACE('',(#424),#1820,.F.);
#1870=ADVANCED_FACE('',(#425),#38,.T.);
#1871=ADVANCED_FACE('',(#426),#373,.T.);
#1872=ADVANCED_FACE('',(#427),#1821,.F.);
#1873=ADVANCED_FACE('',(#428),#39,.T.);
#1874=ADVANCED_FACE('',(#429),#374,.T.);
#1875=ADVANCED_FACE('',(#430),#1822,.F.);
#1876=ADVANCED_FACE('',(#431),#375,.F.);
#1877=ADVANCED_FACE('',(#432,#17,#18,#19,#20),#1823,.T.);
#1878=ADVANCED_FACE('',(#433),#40,.T.);
#1879=ADVANCED_FACE('',(#434),#41,.F.);
#1880=ADVANCED_FACE('',(#435),#42,.T.);
#1881=ADVANCED_FACE('',(#436),#43,.T.);
#1882=ADVANCED_FACE('',(#437),#44,.F.);
#1883=ADVANCED_FACE('',(#438),#45,.T.);
#1884=ADVANCED_FACE('',(#439),#376,.T.);
#1885=ADVANCED_FACE('',(#440),#377,.F.);
#1886=ADVANCED_FACE('',(#441),#378,.F.);
#1887=ADVANCED_FACE('',(#442),#379,.F.);
#1888=ADVANCED_FACE('',(#443),#380,.F.);
#1889=ADVANCED_FACE('',(#444),#381,.T.);
#1890=ADVANCED_FACE('',(#445),#382,.T.);
#1891=ADVANCED_FACE('',(#446),#383,.T.);
#1892=ADVANCED_FACE('',(#447),#384,.T.);
#1893=ADVANCED_FACE('',(#448),#385,.T.);
#1894=ADVANCED_FACE('',(#449),#386,.T.);
#1895=ADVANCED_FACE('',(#450),#387,.T.);
#1896=ADVANCED_FACE('',(#451),#388,.T.);
#1897=ADVANCED_FACE('',(#452),#389,.T.);
#1898=ADVANCED_FACE('',(#453,#21),#1824,.T.);
#1899=ADVANCED_FACE('',(#454,#22),#1825,.T.);
#1900=ADVANCED_FACE('',(#455,#23,#24,#25,#26,#27,#28,#29,#30,#31,#32),#1826,
 .T.);
#1901=ADVANCED_FACE('',(#456,#33),#1827,.T.);
#1902=ADVANCED_FACE('',(#457),#1828,.F.);
#1903=ADVANCED_FACE('',(#458),#1829,.T.);
#1904=ADVANCED_FACE('',(#459,#34),#1830,.T.);
#1905=ADVANCED_FACE('',(#460),#1831,.F.);
#1906=ADVANCED_FACE('',(#461),#1832,.T.);
#1907=ADVANCED_FACE('',(#462),#1833,.F.);
#1908=ADVANCED_FACE('',(#463),#1834,.T.);
#1909=ADVANCED_FACE('',(#464,#35),#1835,.T.);
#1910=ADVANCED_FACE('',(#465,#36),#1836,.T.);
#1911=ADVANCED_FACE('',(#466),#390,.T.);
#1912=ADVANCED_FACE('',(#467),#1837,.T.);
#1913=ADVANCED_FACE('',(#468),#1838,.T.);
#1914=ADVANCED_FACE('',(#469),#391,.T.);
#1915=ADVANCED_FACE('',(#470),#1839,.T.);
#1916=ADVANCED_FACE('',(#471),#1840,.T.);
#1917=ADVANCED_FACE('',(#472),#392,.T.);
#1918=ADVANCED_FACE('',(#473),#1841,.T.);
#1919=ADVANCED_FACE('',(#474),#1842,.T.);
#1920=ADVANCED_FACE('',(#475),#393,.F.);
#1921=ADVANCED_FACE('',(#476),#394,.T.);
#1922=ADVANCED_FACE('',(#477),#395,.F.);
#1923=ADVANCED_FACE('',(#478),#396,.T.);
#1924=ADVANCED_FACE('',(#479),#397,.F.);
#1925=ADVANCED_FACE('',(#480),#398,.T.);
#1926=ADVANCED_FACE('',(#481),#399,.F.);
#1927=ADVANCED_FACE('',(#482),#400,.F.);
#1928=ADVANCED_FACE('',(#483),#401,.F.);
#1929=ADVANCED_FACE('',(#484),#402,.F.);
#1930=ADVANCED_FACE('',(#485),#403,.F.);
#1931=ADVANCED_FACE('',(#486),#404,.F.);
#1932=ADVANCED_FACE('',(#487),#405,.F.);
#1933=ADVANCED_FACE('',(#488),#406,.F.);
#1934=ADVANCED_FACE('',(#489),#407,.T.);
#1935=ADVANCED_FACE('',(#490),#408,.T.);
#1936=ADVANCED_FACE('',(#491),#409,.T.);
#1937=ADVANCED_FACE('',(#492),#410,.T.);
#1938=ADVANCED_FACE('',(#493),#411,.T.);
#1939=ADVANCED_FACE('',(#494),#46,.T.);
#1940=ADVANCED_FACE('',(#495),#47,.F.);
#1941=ADVANCED_FACE('',(#496),#48,.F.);
#1942=ADVANCED_FACE('',(#497),#1843,.F.);
#1943=ADVANCED_FACE('',(#498),#1844,.F.);
#1944=ADVANCED_FACE('',(#499),#49,.T.);
#1945=ADVANCED_FACE('',(#500),#50,.T.);
#1946=ADVANCED_FACE('',(#501),#51,.T.);
#1947=ADVANCED_FACE('',(#502),#52,.T.);
#1948=ADVANCED_FACE('',(#503),#53,.T.);
#1949=ADVANCED_FACE('',(#504),#54,.T.);
#1950=ADVANCED_FACE('',(#505),#1845,.F.);
#1951=ADVANCED_FACE('',(#506),#1846,.F.);
#1952=ADVANCED_FACE('',(#507),#55,.F.);
#1953=ADVANCED_FACE('',(#508),#56,.F.);
#1954=ADVANCED_FACE('',(#509),#57,.T.);
#1955=ADVANCED_FACE('',(#510),#58,.F.);
#1956=ADVANCED_FACE('',(#511),#1847,.F.);
#1957=ADVANCED_FACE('',(#512),#1848,.F.);
#1958=ADVANCED_FACE('',(#513),#59,.T.);
#1959=ADVANCED_FACE('',(#514),#60,.T.);
#1960=ADVANCED_FACE('',(#515),#1849,.F.);
#1961=ADVANCED_FACE('',(#516),#61,.T.);
#1962=ADVANCED_FACE('',(#517),#62,.T.);
#1963=ADVANCED_FACE('',(#518),#63,.F.);
#1964=ADVANCED_FACE('',(#519),#1850,.F.);
#1965=ADVANCED_FACE('',(#520),#1851,.F.);
#1966=ADVANCED_FACE('',(#521),#64,.F.);
#1967=ADVANCED_FACE('',(#522),#65,.T.);
#1968=ADVANCED_FACE('',(#523),#66,.T.);
#1969=ADVANCED_FACE('',(#524),#67,.T.);
#1970=ADVANCED_FACE('',(#525),#68,.F.);
#1971=ADVANCED_FACE('',(#526),#69,.T.);
#1972=ADVANCED_FACE('',(#527),#1852,.F.);
#1973=ADVANCED_FACE('',(#528),#1853,.F.);
#1974=ADVANCED_FACE('',(#529),#70,.T.);
#1975=ADVANCED_FACE('',(#530),#71,.F.);
#1976=ADVANCED_FACE('',(#531),#72,.T.);
#1977=ADVANCED_FACE('',(#532),#73,.T.);
#1978=ADVANCED_FACE('',(#533),#74,.T.);
#1979=ADVANCED_FACE('',(#534),#75,.F.);
#1980=ADVANCED_FACE('',(#535),#1854,.F.);
#1981=ADVANCED_FACE('',(#536),#1855,.T.);
#1982=ADVANCED_FACE('',(#537),#412,.T.);
#1983=ADVANCED_FACE('',(#538),#1856,.F.);
#1984=ADVANCED_FACE('',(#539),#1857,.T.);
#1985=ADVANCED_FACE('',(#540),#413,.F.);
#1986=ADVANCED_FACE('',(#541),#1858,.T.);
#1987=ADVANCED_FACE('',(#542),#414,.F.);
#1988=ADVANCED_FACE('',(#543),#1859,.F.);
#1989=CLOSED_SHELL('',(#1860,#1861,#1862));
#1990=CLOSED_SHELL('',(#1863,#1864,#1865,#1866,#1867,#1868,#1869,#1870,
#1871,#1872,#1873,#1874,#1875,#1876,#1877,#1878,#1879,#1880,#1881,#1882,
#1883,#1884,#1885,#1886,#1887,#1888,#1889,#1890,#1891,#1892,#1893,#1894,
#1895,#1896,#1897,#1898,#1899,#1900,#1901,#1902,#1903,#1904,#1905,#1906,
#1907,#1908,#1909,#1910,#1911,#1912,#1913,#1914,#1915,#1916,#1917,#1918,
#1919,#1920,#1921,#1922,#1923,#1924,#1925,#1926,#1927,#1928,#1929,#1930,
#1931,#1932,#1933,#1934,#1935,#1936,#1937,#1938,#1939,#1940,#1941,#1942,
#1943,#1944,#1945,#1946,#1947,#1948,#1949,#1950,#1951,#1952,#1953,#1954,
#1955,#1956,#1957,#1958,#1959,#1960,#1961,#1962,#1963,#1964,#1965,#1966,
#1967,#1968,#1969,#1970,#1971,#1972,#1973,#1974,#1975,#1976,#1977,#1978,
#1979,#1980,#1981,#1982));
#1991=CLOSED_SHELL('',(#1983,#1984,#1985));
#1992=CLOSED_SHELL('',(#1986,#1987,#1988));
#1993=BREP_WITH_VOIDS('Body1',#1990,(#76,#77,#78));
#1994=DERIVED_UNIT_ELEMENT(#1996,1.);
#1995=DERIVED_UNIT_ELEMENT(#3512,-3.);
#1996=(
MASS_UNIT()
NAMED_UNIT(*)
SI_UNIT(.KILO.,.GRAM.)
);
#1997=DERIVED_UNIT((#1994,#1995));
#1998=MEASURE_REPRESENTATION_ITEM('density measure',
POSITIVE_RATIO_MEASURE(7850.),#1997);
#1999=PROPERTY_DEFINITION_REPRESENTATION(#2004,#2001);
#2000=PROPERTY_DEFINITION_REPRESENTATION(#2005,#2002);
#2001=REPRESENTATION('material name',(#2003),#3509);
#2002=REPRESENTATION('density',(#1998),#3509);
#2003=DESCRIPTIVE_REPRESENTATION_ITEM('Steel','Steel');
#2004=PROPERTY_DEFINITION('material property','material name',#3519);
#2005=PROPERTY_DEFINITION('material property','density of part',#3519);
#2006=AXIS2_PLACEMENT_3D('',#2934,#2267,#2268);
#2007=AXIS2_PLACEMENT_3D('',#2935,#2269,#2270);
#2008=AXIS2_PLACEMENT_3D('',#2937,#2271,#2272);
#2009=AXIS2_PLACEMENT_3D('',#2938,#2273,#2274);
#2010=AXIS2_PLACEMENT_3D('',#2941,#2276,#2277);
#2011=AXIS2_PLACEMENT_3D('',#2942,#2278,#2279);
#2012=AXIS2_PLACEMENT_3D('',#2943,#2280,#2281);
#2013=AXIS2_PLACEMENT_3D('',#2945,#2282,#2283);
#2014=AXIS2_PLACEMENT_3D('',#2948,#2285,#2286);
#2015=AXIS2_PLACEMENT_3D('',#2949,#2287,#2288);
#2016=AXIS2_PLACEMENT_3D('',#2950,#2289,#2290);
#2017=AXIS2_PLACEMENT_3D('',#2952,#2291,#2292);
#2018=AXIS2_PLACEMENT_3D('',#2955,#2294,#2295);
#2019=AXIS2_PLACEMENT_3D('',#2956,#2296,#2297);
#2020=AXIS2_PLACEMENT_3D('',#2957,#2298,#2299);
#2021=AXIS2_PLACEMENT_3D('',#2959,#2300,#2301);
#2022=AXIS2_PLACEMENT_3D('',#2962,#2303,#2304);
#2023=AXIS2_PLACEMENT_3D('',#2963,#2305,#2306);
#2024=AXIS2_PLACEMENT_3D('',#2966,#2308,#2309);
#2025=AXIS2_PLACEMENT_3D('',#2967,#2310,#2311);
#2026=AXIS2_PLACEMENT_3D('',#2968,#2312,#2313);
#2027=AXIS2_PLACEMENT_3D('',#2970,#2314,#2315);
#2028=AXIS2_PLACEMENT_3D('',#2973,#2317,#2318);
#2029=AXIS2_PLACEMENT_3D('',#2974,#2319,#2320);
#2030=AXIS2_PLACEMENT_3D('',#2977,#2322,#2323);
#2031=AXIS2_PLACEMENT_3D('',#2978,#2324,#2325);
#2032=AXIS2_PLACEMENT_3D('',#2979,#2326,#2327);
#2033=AXIS2_PLACEMENT_3D('',#2981,#2328,#2329);
#2034=AXIS2_PLACEMENT_3D('',#2984,#2331,#2332);
#2035=AXIS2_PLACEMENT_3D('',#2985,#2333,#2334);
#2036=AXIS2_PLACEMENT_3D('',#2988,#2336,#2337);
#2037=AXIS2_PLACEMENT_3D('',#2989,#2338,#2339);
#2038=AXIS2_PLACEMENT_3D('',#2990,#2340,#2341);
#2039=AXIS2_PLACEMENT_3D('',#2992,#2342,#2343);
#2040=AXIS2_PLACEMENT_3D('',#2995,#2345,#2346);
#2041=AXIS2_PLACEMENT_3D('',#2996,#2347,#2348);
#2042=AXIS2_PLACEMENT_3D('',#2999,#2349,#2350);
#2043=AXIS2_PLACEMENT_3D('',#3001,#2351,#2352);
#2044=AXIS2_PLACEMENT_3D('',#3003,#2353,#2354);
#2045=AXIS2_PLACEMENT_3D('',#3007,#2356,#2357);
#2046=AXIS2_PLACEMENT_3D('',#3009,#2358,#2359);
#2047=AXIS2_PLACEMENT_3D('',#3011,#2360,#2361);
#2048=AXIS2_PLACEMENT_3D('',#3015,#2363,#2364);
#2049=AXIS2_PLACEMENT_3D('',#3017,#2365,#2366);
#2050=AXIS2_PLACEMENT_3D('',#3019,#2367,#2368);
#2051=AXIS2_PLACEMENT_3D('',#3023,#2370,#2371);
#2052=AXIS2_PLACEMENT_3D('',#3025,#2372,#2373);
#2053=AXIS2_PLACEMENT_3D('',#3027,#2374,#2375);
#2054=AXIS2_PLACEMENT_3D('',#3031,#2377,#2378);
#2055=AXIS2_PLACEMENT_3D('',#3033,#2379,#2380);
#2056=AXIS2_PLACEMENT_3D('',#3035,#2381,#2382);
#2057=AXIS2_PLACEMENT_3D('',#3039,#2384,#2385);
#2058=AXIS2_PLACEMENT_3D('',#3041,#2386,#2387);
#2059=AXIS2_PLACEMENT_3D('',#3043,#2388,#2389);
#2060=AXIS2_PLACEMENT_3D('',#3047,#2391,#2392);
#2061=AXIS2_PLACEMENT_3D('',#3049,#2393,#2394);
#2062=AXIS2_PLACEMENT_3D('',#3051,#2395,#2396);
#2063=AXIS2_PLACEMENT_3D('',#3052,#2397,#2398);
#2064=AXIS2_PLACEMENT_3D('',#3055,#2399,#2400);
#2065=AXIS2_PLACEMENT_3D('',#3057,#2401,#2402);
#2066=AXIS2_PLACEMENT_3D('',#3059,#2403,#2404);
#2067=AXIS2_PLACEMENT_3D('',#3060,#2405,#2406);
#2068=AXIS2_PLACEMENT_3D('',#3063,#2407,#2408);
#2069=AXIS2_PLACEMENT_3D('',#3065,#2409,#2410);
#2070=AXIS2_PLACEMENT_3D('',#3067,#2411,#2412);
#2071=AXIS2_PLACEMENT_3D('',#3068,#2413,#2414);
#2072=AXIS2_PLACEMENT_3D('',#3069,#2415,#2416);
#2073=AXIS2_PLACEMENT_3D('',#3072,#2417,#2418);
#2074=AXIS2_PLACEMENT_3D('',#3076,#2420,#2421);
#2075=AXIS2_PLACEMENT_3D('',#3078,#2423,#2424);
#2076=AXIS2_PLACEMENT_3D('',#3080,#2425,#2426);
#2077=AXIS2_PLACEMENT_3D('',#3083,#2428,#2429);
#2078=AXIS2_PLACEMENT_3D('',#3084,#2430,#2431);
#2079=AXIS2_PLACEMENT_3D('',#3087,#2432,#2433);
#2080=AXIS2_PLACEMENT_3D('',#3091,#2435,#2436);
#2081=AXIS2_PLACEMENT_3D('',#3093,#2438,#2439);
#2082=AXIS2_PLACEMENT_3D('',#3097,#2441,#2442);
#2083=AXIS2_PLACEMENT_3D('',#3099,#2444,#2445);
#2084=AXIS2_PLACEMENT_3D('',#3102,#2446,#2447);
#2085=AXIS2_PLACEMENT_3D('',#3105,#2450,#2451);
#2086=AXIS2_PLACEMENT_3D('',#3108,#2453,#2454);
#2087=AXIS2_PLACEMENT_3D('',#3109,#2455,#2456);
#2088=AXIS2_PLACEMENT_3D('',#3113,#2458,#2459);
#2089=AXIS2_PLACEMENT_3D('',#3115,#2461,#2462);
#2090=AXIS2_PLACEMENT_3D('',#3118,#2463,#2464);
#2091=AXIS2_PLACEMENT_3D('',#3121,#2467,#2468);
#2092=AXIS2_PLACEMENT_3D('',#3124,#2469,#2470);
#2093=AXIS2_PLACEMENT_3D('',#3127,#2473,#2474);
#2094=AXIS2_PLACEMENT_3D('',#3130,#2475,#2476);
#2095=AXIS2_PLACEMENT_3D('',#3133,#2479,#2480);
#2096=AXIS2_PLACEMENT_3D('',#3136,#2481,#2482);
#2097=AXIS2_PLACEMENT_3D('',#3139,#2485,#2486);
#2098=AXIS2_PLACEMENT_3D('',#3143,#2488,#2489);
#2099=AXIS2_PLACEMENT_3D('',#3145,#2491,#2492);
#2100=AXIS2_PLACEMENT_3D('',#3148,#2493,#2494);
#2101=AXIS2_PLACEMENT_3D('',#3152,#2496,#2497);
#2102=AXIS2_PLACEMENT_3D('',#3154,#2499,#2500);
#2103=AXIS2_PLACEMENT_3D('',#3157,#2501,#2502);
#2104=AXIS2_PLACEMENT_3D('',#3161,#2504,#2505);
#2105=AXIS2_PLACEMENT_3D('',#3163,#2507,#2508);
#2106=AXIS2_PLACEMENT_3D('',#3165,#2509,#2510);
#2107=AXIS2_PLACEMENT_3D('',#3168,#2512,#2513);
#2108=AXIS2_PLACEMENT_3D('',#3169,#2514,#2515);
#2109=AXIS2_PLACEMENT_3D('',#3171,#2516,#2517);
#2110=AXIS2_PLACEMENT_3D('',#3174,#2519,#2520);
#2111=AXIS2_PLACEMENT_3D('',#3175,#2521,#2522);
#2112=AXIS2_PLACEMENT_3D('',#3177,#2523,#2524);
#2113=AXIS2_PLACEMENT_3D('',#3180,#2526,#2527);
#2114=AXIS2_PLACEMENT_3D('',#3181,#2528,#2529);
#2115=AXIS2_PLACEMENT_3D('',#3185,#2531,#2532);
#2116=AXIS2_PLACEMENT_3D('',#3188,#2534,#2535);
#2117=AXIS2_PLACEMENT_3D('',#3189,#2536,#2537);
#2118=AXIS2_PLACEMENT_3D('',#3191,#2538,#2539);
#2119=AXIS2_PLACEMENT_3D('',#3194,#2541,#2542);
#2120=AXIS2_PLACEMENT_3D('',#3195,#2543,#2544);
#2121=AXIS2_PLACEMENT_3D('',#3200,#2546,#2547);
#2122=AXIS2_PLACEMENT_3D('',#3203,#2549,#2550);
#2123=AXIS2_PLACEMENT_3D('',#3204,#2551,#2552);
#2124=AXIS2_PLACEMENT_3D('',#3210,#2556,#2557);
#2125=AXIS2_PLACEMENT_3D('',#3216,#2561,#2562);
#2126=AXIS2_PLACEMENT_3D('',#3219,#2563,#2564);
#2127=AXIS2_PLACEMENT_3D('',#3223,#2566,#2567);
#2128=AXIS2_PLACEMENT_3D('',#3225,#2568,#2569);
#2129=AXIS2_PLACEMENT_3D('',#3227,#2570,#2571);
#2130=AXIS2_PLACEMENT_3D('',#3231,#2573,#2574);
#2131=AXIS2_PLACEMENT_3D('',#3233,#2575,#2576);
#2132=AXIS2_PLACEMENT_3D('',#3235,#2577,#2578);
#2133=AXIS2_PLACEMENT_3D('',#3238,#2580,#2581);
#2134=AXIS2_PLACEMENT_3D('',#3241,#2583,#2584);
#2135=AXIS2_PLACEMENT_3D('',#3243,#2585,#2586);
#2136=AXIS2_PLACEMENT_3D('',#3247,#2588,#2589);
#2137=AXIS2_PLACEMENT_3D('',#3249,#2590,#2591);
#2138=AXIS2_PLACEMENT_3D('',#3251,#2592,#2593);
#2139=AXIS2_PLACEMENT_3D('',#3255,#2595,#2596);
#2140=AXIS2_PLACEMENT_3D('',#3256,#2597,#2598);
#2141=AXIS2_PLACEMENT_3D('',#3258,#2599,#2600);
#2142=AXIS2_PLACEMENT_3D('',#3260,#2601,#2602);
#2143=AXIS2_PLACEMENT_3D('',#3261,#2603,#2604);
#2144=AXIS2_PLACEMENT_3D('',#3263,#2605,#2606);
#2145=AXIS2_PLACEMENT_3D('',#3265,#2607,#2608);
#2146=AXIS2_PLACEMENT_3D('',#3266,#2609,#2610);
#2147=AXIS2_PLACEMENT_3D('',#3269,#2611,#2612);
#2148=AXIS2_PLACEMENT_3D('',#3270,#2613,#2614);
#2149=AXIS2_PLACEMENT_3D('',#3271,#2615,#2616);
#2150=AXIS2_PLACEMENT_3D('',#3278,#2619,#2620);
#2151=AXIS2_PLACEMENT_3D('',#3284,#2626,#2627);
#2152=AXIS2_PLACEMENT_3D('',#3287,#2628,#2629);
#2153=AXIS2_PLACEMENT_3D('',#3290,#2632,#2633);
#2154=AXIS2_PLACEMENT_3D('',#3292,#2635,#2636);
#2155=AXIS2_PLACEMENT_3D('',#3294,#2638,#2639);
#2156=AXIS2_PLACEMENT_3D('',#3296,#2640,#2641);
#2157=AXIS2_PLACEMENT_3D('',#3297,#2642,#2643);
#2158=AXIS2_PLACEMENT_3D('',#3298,#2644,#2645);
#2159=AXIS2_PLACEMENT_3D('',#3299,#2646,#2647);
#2160=AXIS2_PLACEMENT_3D('',#3300,#2648,#2649);
#2161=AXIS2_PLACEMENT_3D('',#3301,#2650,#2651);
#2162=AXIS2_PLACEMENT_3D('',#3302,#2652,#2653);
#2163=AXIS2_PLACEMENT_3D('',#3303,#2654,#2655);
#2164=AXIS2_PLACEMENT_3D('',#3304,#2656,#2657);
#2165=AXIS2_PLACEMENT_3D('',#3313,#2662,#2663);
#2166=AXIS2_PLACEMENT_3D('',#3320,#2668,#2669);
#2167=AXIS2_PLACEMENT_3D('',#3323,#2671,#2672);
#2168=AXIS2_PLACEMENT_3D('',#3324,#2673,#2674);
#2169=AXIS2_PLACEMENT_3D('',#3327,#2677,#2678);
#2170=AXIS2_PLACEMENT_3D('',#3336,#2683,#2684);
#2171=AXIS2_PLACEMENT_3D('',#3341,#2686,#2687);
#2172=AXIS2_PLACEMENT_3D('',#3344,#2689,#2690);
#2173=AXIS2_PLACEMENT_3D('',#3345,#2691,#2692);
#2174=AXIS2_PLACEMENT_3D('',#3354,#2697,#2698);
#2175=AXIS2_PLACEMENT_3D('',#3363,#2703,#2704);
#2176=AXIS2_PLACEMENT_3D('',#3365,#2706,#2707);
#2177=AXIS2_PLACEMENT_3D('',#3367,#2709,#2710);
#2178=AXIS2_PLACEMENT_3D('',#3369,#2712,#2713);
#2179=AXIS2_PLACEMENT_3D('',#3371,#2715,#2716);
#2180=AXIS2_PLACEMENT_3D('',#3373,#2718,#2719);
#2181=AXIS2_PLACEMENT_3D('',#3375,#2721,#2722);
#2182=AXIS2_PLACEMENT_3D('',#3376,#2723,#2724);
#2183=AXIS2_PLACEMENT_3D('',#3377,#2725,#2726);
#2184=AXIS2_PLACEMENT_3D('',#3378,#2727,#2728);
#2185=AXIS2_PLACEMENT_3D('',#3379,#2729,#2730);
#2186=AXIS2_PLACEMENT_3D('',#3380,#2731,#2732);
#2187=AXIS2_PLACEMENT_3D('',#3381,#2733,#2734);
#2188=AXIS2_PLACEMENT_3D('',#3382,#2735,#2736);
#2189=AXIS2_PLACEMENT_3D('',#3383,#2737,#2738);
#2190=AXIS2_PLACEMENT_3D('',#3384,#2739,#2740);
#2191=AXIS2_PLACEMENT_3D('',#3385,#2741,#2742);
#2192=AXIS2_PLACEMENT_3D('',#3386,#2743,#2744);
#2193=AXIS2_PLACEMENT_3D('',#3387,#2745,#2746);
#2194=AXIS2_PLACEMENT_3D('',#3388,#2747,#2748);
#2195=AXIS2_PLACEMENT_3D('',#3389,#2749,#2750);
#2196=AXIS2_PLACEMENT_3D('',#3390,#2751,#2752);
#2197=AXIS2_PLACEMENT_3D('',#3391,#2753,#2754);
#2198=AXIS2_PLACEMENT_3D('',#3392,#2755,#2756);
#2199=AXIS2_PLACEMENT_3D('',#3393,#2757,#2758);
#2200=AXIS2_PLACEMENT_3D('',#3394,#2759,#2760);
#2201=AXIS2_PLACEMENT_3D('',#3395,#2761,#2762);
#2202=AXIS2_PLACEMENT_3D('',#3396,#2763,#2764);
#2203=AXIS2_PLACEMENT_3D('',#3397,#2765,#2766);
#2204=AXIS2_PLACEMENT_3D('',#3398,#2767,#2768);
#2205=AXIS2_PLACEMENT_3D('',#3399,#2769,#2770);
#2206=AXIS2_PLACEMENT_3D('',#3400,#2771,#2772);
#2207=AXIS2_PLACEMENT_3D('',#3401,#2773,#2774);
#2208=AXIS2_PLACEMENT_3D('',#3402,#2775,#2776);
#2209=AXIS2_PLACEMENT_3D('',#3403,#2777,#2778);
#2210=AXIS2_PLACEMENT_3D('',#3404,#2779,#2780);
#2211=AXIS2_PLACEMENT_3D('',#3405,#2781,#2782);
#2212=AXIS2_PLACEMENT_3D('',#3406,#2783,#2784);
#2213=AXIS2_PLACEMENT_3D('',#3409,#2787,#2788);
#2214=AXIS2_PLACEMENT_3D('',#3411,#2790,#2791);
#2215=AXIS2_PLACEMENT_3D('',#3413,#2793,#2794);
#2216=AXIS2_PLACEMENT_3D('',#3415,#2796,#2797);
#2217=AXIS2_PLACEMENT_3D('',#3417,#2799,#2800);
#2218=AXIS2_PLACEMENT_3D('',#3419,#2802,#2803);
#2219=AXIS2_PLACEMENT_3D('',#3421,#2805,#2806);
#2220=AXIS2_PLACEMENT_3D('',#3423,#2808,#2809);
#2221=AXIS2_PLACEMENT_3D('',#3425,#2811,#2812);
#2222=AXIS2_PLACEMENT_3D('',#3427,#2814,#2815);
#2223=AXIS2_PLACEMENT_3D('',#3429,#2817,#2818);
#2224=AXIS2_PLACEMENT_3D('',#3431,#2820,#2821);
#2225=AXIS2_PLACEMENT_3D('',#3433,#2823,#2824);
#2226=AXIS2_PLACEMENT_3D('',#3435,#2826,#2827);
#2227=AXIS2_PLACEMENT_3D('',#3436,#2828,#2829);
#2228=AXIS2_PLACEMENT_3D('',#3438,#2831,#2832);
#2229=AXIS2_PLACEMENT_3D('',#3440,#2834,#2835);
#2230=AXIS2_PLACEMENT_3D('',#3442,#2837,#2838);
#2231=AXIS2_PLACEMENT_3D('',#3443,#2839,#2840);
#2232=AXIS2_PLACEMENT_3D('',#3445,#2842,#2843);
#2233=AXIS2_PLACEMENT_3D('',#3446,#2844,#2845);
#2234=AXIS2_PLACEMENT_3D('',#3447,#2846,#2847);
#2235=AXIS2_PLACEMENT_3D('',#3449,#2849,#2850);
#2236=AXIS2_PLACEMENT_3D('',#3451,#2852,#2853);
#2237=AXIS2_PLACEMENT_3D('',#3453,#2855,#2856);
#2238=AXIS2_PLACEMENT_3D('',#3455,#2858,#2859);
#2239=AXIS2_PLACEMENT_3D('',#3457,#2861,#2862);
#2240=AXIS2_PLACEMENT_3D('',#3459,#2864,#2865);
#2241=AXIS2_PLACEMENT_3D('',#3461,#2867,#2868);
#2242=AXIS2_PLACEMENT_3D('',#3463,#2870,#2871);
#2243=AXIS2_PLACEMENT_3D('',#3465,#2873,#2874);
#2244=AXIS2_PLACEMENT_3D('',#3467,#2876,#2877);
#2245=AXIS2_PLACEMENT_3D('',#3469,#2879,#2880);
#2246=AXIS2_PLACEMENT_3D('',#3471,#2882,#2883);
#2247=AXIS2_PLACEMENT_3D('',#3473,#2885,#2886);
#2248=AXIS2_PLACEMENT_3D('',#3475,#2888,#2889);
#2249=AXIS2_PLACEMENT_3D('',#3477,#2891,#2892);
#2250=AXIS2_PLACEMENT_3D('',#3479,#2894,#2895);
#2251=AXIS2_PLACEMENT_3D('',#3481,#2897,#2898);
#2252=AXIS2_PLACEMENT_3D('',#3483,#2900,#2901);
#2253=AXIS2_PLACEMENT_3D('',#3485,#2903,#2904);
#2254=AXIS2_PLACEMENT_3D('',#3486,#2905,#2906);
#2255=AXIS2_PLACEMENT_3D('',#3488,#2907,#2908);
#2256=AXIS2_PLACEMENT_3D('',#3489,#2909,#2910);
#2257=AXIS2_PLACEMENT_3D('',#3491,#2912,#2913);
#2258=AXIS2_PLACEMENT_3D('',#3493,#2914,#2915);
#2259=AXIS2_PLACEMENT_3D('',#3494,#2916,#2917);
#2260=AXIS2_PLACEMENT_3D('',#3496,#2918,#2919);
#2261=AXIS2_PLACEMENT_3D('',#3497,#2920,#2921);
#2262=AXIS2_PLACEMENT_3D('',#3499,#2923,#2924);
#2263=AXIS2_PLACEMENT_3D('',#3501,#2925,#2926);
#2264=AXIS2_PLACEMENT_3D('',#3502,#2927,#2928);
#2265=AXIS2_PLACEMENT_3D('',#3504,#2929,#2930);
#2266=AXIS2_PLACEMENT_3D('',#3506,#2932,#2933);
#2267=DIRECTION('axis',(0.,0.,1.));
#2268=DIRECTION('refdir',(1.,0.,0.));
#2269=DIRECTION('center_axis',(-0.353553390593275,0.61237243569579,-0.707106781186551));
#2270=DIRECTION('ref_axis',(-0.866025403784436,-0.500000000000004,0.));
#2271=DIRECTION('center_axis',(0.353553390593275,-0.61237243569579,0.707106781186551));
#2272=DIRECTION('ref_axis',(0.353553390593279,-0.612372435695796,-0.707106781186544));
#2273=DIRECTION('center_axis',(0.353553390593275,-0.61237243569579,0.707106781186551));
#2274=DIRECTION('ref_axis',(0.353553390593279,-0.612372435695796,-0.707106781186544));
#2275=DIRECTION('',(0.353553390593275,-0.61237243569579,0.707106781186551));
#2276=DIRECTION('center_axis',(0.353553390593275,-0.61237243569579,0.707106781186551));
#2277=DIRECTION('ref_axis',(0.353553390593279,-0.612372435695796,-0.707106781186544));
#2278=DIRECTION('center_axis',(-0.353553390593275,0.61237243569579,-0.707106781186551));
#2279=DIRECTION('ref_axis',(-0.353553390593278,0.612372435695796,0.707106781186544));
#2280=DIRECTION('center_axis',(-0.353553390593275,0.61237243569579,-0.707106781186551));
#2281=DIRECTION('ref_axis',(-0.866025403784436,-0.500000000000004,2.04439122224451E-16));
#2282=DIRECTION('center_axis',(0.353553390593275,-0.61237243569579,0.707106781186551));
#2283=DIRECTION('ref_axis',(-0.866025403784436,-0.500000000000004,2.04439122224451E-16));
#2284=DIRECTION('',(0.353553390593275,-0.61237243569579,0.707106781186551));
#2285=DIRECTION('center_axis',(0.353553390593275,-0.61237243569579,0.707106781186551));
#2286=DIRECTION('ref_axis',(-0.866025403784436,-0.500000000000004,2.04439122224451E-16));
#2287=DIRECTION('center_axis',(-0.353553390593275,0.61237243569579,-0.707106781186551));
#2288=DIRECTION('ref_axis',(-0.866025403784436,-0.500000000000004,7.4370840716693E-18));
#2289=DIRECTION('center_axis',(-0.353553390593266,-0.612372435695795,-0.707106781186551));
#2290=DIRECTION('ref_axis',(0.866025403784443,-0.499999999999992,1.22663473334671E-16));
#2291=DIRECTION('center_axis',(0.353553390593266,0.612372435695795,0.707106781186551));
#2292=DIRECTION('ref_axis',(0.866025403784443,-0.499999999999992,1.22663473334671E-16));
#2293=DIRECTION('',(0.353553390593266,0.612372435695795,0.707106781186551));
#2294=DIRECTION('center_axis',(0.353553390593266,0.612372435695795,0.707106781186551));
#2295=DIRECTION('ref_axis',(0.866025403784443,-0.499999999999992,1.22663473334671E-16));
#2296=DIRECTION('center_axis',(-0.353553390593266,-0.612372435695795,-0.707106781186551));
#2297=DIRECTION('ref_axis',(0.866025403784443,-0.499999999999992,4.06369830879218E-17));
#2298=DIRECTION('center_axis',(0.,0.,1.));
#2299=DIRECTION('ref_axis',(-1.,0.,0.));
#2300=DIRECTION('center_axis',(0.,0.,1.));
#2301=DIRECTION('ref_axis',(-1.,0.,0.));
#2302=DIRECTION('',(0.707106781186547,-8.65956056235493E-17,0.707106781186547));
#2303=DIRECTION('center_axis',(0.,0.,-1.));
#2304=DIRECTION('ref_axis',(-1.,0.,0.));
#2305=DIRECTION('center_axis',(0.,0.,-1.));
#2306=DIRECTION('ref_axis',(-1.,0.,0.));
#2307=DIRECTION('',(0.,0.,1.));
#2308=DIRECTION('center_axis',(0.,-2.22044604925031E-16,1.));
#2309=DIRECTION('ref_axis',(-1.,0.,0.));
#2310=DIRECTION('center_axis',(0.,0.,1.));
#2311=DIRECTION('ref_axis',(-1.,0.,0.));
#2312=DIRECTION('center_axis',(0.,0.,1.));
#2313=DIRECTION('ref_axis',(-1.,0.,0.));
#2314=DIRECTION('center_axis',(0.,0.,1.));
#2315=DIRECTION('ref_axis',(-1.,0.,0.));
#2316=DIRECTION('',(0.707106781186547,-8.65956056235493E-17,0.707106781186547));
#2317=DIRECTION('center_axis',(0.,0.,-1.));
#2318=DIRECTION('ref_axis',(-1.,0.,0.));
#2319=DIRECTION('center_axis',(0.,0.,-1.));
#2320=DIRECTION('ref_axis',(-1.,0.,0.));
#2321=DIRECTION('',(0.,0.,1.));
#2322=DIRECTION('center_axis',(0.,-2.22044604925031E-16,1.));
#2323=DIRECTION('ref_axis',(-1.,0.,0.));
#2324=DIRECTION('center_axis',(0.,0.,1.));
#2325=DIRECTION('ref_axis',(-1.,0.,0.));
#2326=DIRECTION('center_axis',(0.,0.,1.));
#2327=DIRECTION('ref_axis',(-1.,0.,0.));
#2328=DIRECTION('center_axis',(0.,0.,1.));
#2329=DIRECTION('ref_axis',(-1.,0.,0.));
#2330=DIRECTION('',(0.707106781186547,-8.65956056235493E-17,0.707106781186548));
#2331=DIRECTION('center_axis',(0.,0.,-1.));
#2332=DIRECTION('ref_axis',(-1.,0.,0.));
#2333=DIRECTION('center_axis',(0.,0.,-1.));
#2334=DIRECTION('ref_axis',(-1.,0.,0.));
#2335=DIRECTION('',(0.,0.,1.));
#2336=DIRECTION('center_axis',(0.,-2.22044604925031E-16,1.));
#2337=DIRECTION('ref_axis',(-1.,0.,0.));
#2338=DIRECTION('center_axis',(0.,0.,1.));
#2339=DIRECTION('ref_axis',(-1.,0.,0.));
#2340=DIRECTION('center_axis',(0.,0.,-1.));
#2341=DIRECTION('ref_axis',(-1.,0.,0.));
#2342=DIRECTION('center_axis',(0.,2.22044604925031E-16,-1.));
#2343=DIRECTION('ref_axis',(-1.,0.,0.));
#2344=DIRECTION('',(0.,0.,-1.));
#2345=DIRECTION('center_axis',(0.,-2.22044604925031E-16,1.));
#2346=DIRECTION('ref_axis',(-1.,0.,0.));
#2347=DIRECTION('center_axis',(0.,-2.22044604925031E-16,1.));
#2348=DIRECTION('ref_axis',(0.,-1.,-2.22044604925031E-16));
#2349=DIRECTION('center_axis',(0.,-2.22044604925031E-16,1.));
#2350=DIRECTION('ref_axis',(0.,-1.,-2.22044604925031E-16));
#2351=DIRECTION('center_axis',(0.,-2.22044604925031E-16,1.));
#2352=DIRECTION('ref_axis',(0.,-1.,-2.22044604925031E-16));
#2353=DIRECTION('center_axis',(0.,-2.22044604925031E-16,1.));
#2354=DIRECTION('ref_axis',(0.,-1.,-2.22044604925031E-16));
#2355=DIRECTION('',(0.499999999999995,-0.866025403784441,-1.92296268638357E-16));
#2356=DIRECTION('center_axis',(0.,2.22044604925031E-16,-1.));
#2357=DIRECTION('ref_axis',(-1.53063836115601E-15,-1.,-2.22044604925031E-16));
#2358=DIRECTION('center_axis',(0.,-2.22044604925031E-16,1.));
#2359=DIRECTION('ref_axis',(0.,-1.,-2.22044604925031E-16));
#2360=DIRECTION('center_axis',(0.,2.22044604925031E-16,-1.));
#2361=DIRECTION('ref_axis',(-1.53063836115601E-15,-1.,-2.22044604925031E-16));
#2362=DIRECTION('',(-0.5,-0.866025403784439,-1.92296268638356E-16));
#2363=DIRECTION('center_axis',(0.,-2.22044604925031E-16,1.));
#2364=DIRECTION('ref_axis',(0.,-1.,-2.22044604925031E-16));
#2365=DIRECTION('center_axis',(0.,-2.22044604925031E-16,1.));
#2366=DIRECTION('ref_axis',(0.,-1.,-2.22044604925031E-16));
#2367=DIRECTION('center_axis',(0.,-2.22044604925031E-16,1.));
#2368=DIRECTION('ref_axis',(0.,-1.,-2.22044604925031E-16));
#2369=DIRECTION('',(0.500000000000004,0.866025403784436,1.92296268638356E-16));
#2370=DIRECTION('center_axis',(0.,2.22044604925031E-16,-1.));
#2371=DIRECTION('ref_axis',(-1.78574475468201E-15,-1.,-2.22044604925031E-16));
#2372=DIRECTION('center_axis',(0.,-2.22044604925031E-16,1.));
#2373=DIRECTION('ref_axis',(0.,-1.,-2.22044604925031E-16));
#2374=DIRECTION('center_axis',(0.,2.22044604925031E-16,-1.));
#2375=DIRECTION('ref_axis',(1.02042557410401E-15,-1.,-2.22044604925031E-16));
#2376=DIRECTION('',(1.,0.,0.));
#2377=DIRECTION('center_axis',(0.,-2.22044604925031E-16,1.));
#2378=DIRECTION('ref_axis',(0.,-1.,-2.22044604925031E-16));
#2379=DIRECTION('center_axis',(0.,-2.22044604925031E-16,1.));
#2380=DIRECTION('ref_axis',(0.,-1.,-2.22044604925031E-16));
#2381=DIRECTION('center_axis',(0.,-2.22044604925031E-16,1.));
#2382=DIRECTION('ref_axis',(0.,-1.,-2.22044604925031E-16));
#2383=DIRECTION('',(-1.,5.31852822401257E-15,1.1809504982835E-30));
#2384=DIRECTION('center_axis',(0.,2.22044604925031E-16,-1.));
#2385=DIRECTION('ref_axis',(-6.12255344462404E-15,-1.,-2.22044604925031E-16));
#2386=DIRECTION('center_axis',(0.,-2.22044604925031E-16,1.));
#2387=DIRECTION('ref_axis',(0.,-1.,-2.22044604925031E-16));
#2388=DIRECTION('center_axis',(0.,2.22044604925031E-16,-1.));
#2389=DIRECTION('ref_axis',(1.07144685280921E-14,-1.,-2.22044604925031E-16));
#2390=DIRECTION('',(-0.5,0.866025403784439,1.92296268638356E-16));
#2391=DIRECTION('center_axis',(0.,2.22044604925031E-16,-1.));
#2392=DIRECTION('ref_axis',(4.62592926927149E-15,-1.,-2.22044604925031E-16));
#2393=DIRECTION('center_axis',(0.,2.22044604925031E-16,-1.));
#2394=DIRECTION('ref_axis',(0.,-1.,-2.22044604925031E-16));
#2395=DIRECTION('center_axis',(0.,2.22044604925031E-16,-1.));
#2396=DIRECTION('ref_axis',(0.,-1.,-2.22044604925031E-16));
#2397=DIRECTION('center_axis',(0.,-2.22044604925031E-16,1.));
#2398=DIRECTION('ref_axis',(0.,-1.,-2.22044604925031E-16));
#2399=DIRECTION('center_axis',(0.,2.22044604925031E-16,-1.));
#2400=DIRECTION('ref_axis',(0.,-1.,-2.22044604925031E-16));
#2401=DIRECTION('center_axis',(0.,2.22044604925031E-16,-1.));
#2402=DIRECTION('ref_axis',(0.,-1.,-2.22044604925031E-16));
#2403=DIRECTION('center_axis',(0.,2.22044604925031E-16,-1.));
#2404=DIRECTION('ref_axis',(-4.62592926927148E-15,-1.,-2.22044604925031E-16));
#2405=DIRECTION('center_axis',(0.,-2.22044604925031E-16,1.));
#2406=DIRECTION('ref_axis',(0.,-1.,-2.22044604925031E-16));
#2407=DIRECTION('center_axis',(0.,-2.22044604925031E-16,1.));
#2408=DIRECTION('ref_axis',(0.,-1.,-2.22044604925031E-16));
#2409=DIRECTION('center_axis',(0.,2.22044604925031E-16,-1.));
#2410=DIRECTION('ref_axis',(0.,-1.,-2.22044604925031E-16));
#2411=DIRECTION('center_axis',(0.,2.22044604925031E-16,-1.));
#2412=DIRECTION('ref_axis',(-5.32907051820075E-15,-1.,-2.22044604925031E-16));
#2413=DIRECTION('center_axis',(0.,2.22044604925031E-16,-1.));
#2414=DIRECTION('ref_axis',(-1.04083408558608E-14,-1.,-2.22044604925031E-16));
#2415=DIRECTION('center_axis',(0.,-2.22044604925031E-16,1.));
#2416=DIRECTION('ref_axis',(0.,-1.,-2.22044604925031E-16));
#2417=DIRECTION('center_axis',(0.,2.22044604925031E-16,-1.));
#2418=DIRECTION('ref_axis',(0.,1.,2.22044604925031E-16));
#2419=DIRECTION('',(-0.666666666666667,0.235702260395516,-0.707106781186547));
#2420=DIRECTION('center_axis',(0.,-2.22044604925031E-16,1.));
#2421=DIRECTION('ref_axis',(7.105427357601E-15,1.,2.22044604925031E-16));
#2422=DIRECTION('',(0.129209188101405,0.695201399387386,-0.707106781186545));
#2423=DIRECTION('center_axis',(0.,2.22044604925031E-16,-1.));
#2424=DIRECTION('ref_axis',(0.,1.,2.22044604925031E-16));
#2425=DIRECTION('center_axis',(0.,2.22044604925031E-16,-1.));
#2426=DIRECTION('ref_axis',(0.,1.,2.22044604925031E-16));
#2427=DIRECTION('',(-0.612372435695794,0.35355339059328,-0.707106781186544));
#2428=DIRECTION('center_axis',(0.,-2.22044604925031E-16,1.));
#2429=DIRECTION('ref_axis',(1.78574475468201E-15,1.,2.22044604925031E-16));
#2430=DIRECTION('center_axis',(0.,-2.22044604925031E-16,1.));
#2431=DIRECTION('ref_axis',(0.,-1.,-2.22044604925031E-16));
#2432=DIRECTION('center_axis',(0.,2.22044604925031E-16,-1.));
#2433=DIRECTION('ref_axis',(0.,1.,2.22044604925031E-16));
#2434=DIRECTION('',(0.6123724356958,-0.353553390593274,0.707106781186543));
#2435=DIRECTION('center_axis',(0.,-2.22044604925031E-16,1.));
#2436=DIRECTION('ref_axis',(0.,1.,2.22044604925031E-16));
#2437=DIRECTION('',(-0.290543938417183,-0.644658219407026,0.707106781186544));
#2438=DIRECTION('center_axis',(0.,2.22044604925031E-16,-1.));
#2439=DIRECTION('ref_axis',(0.,1.,2.22044604925031E-16));
#2440=DIRECTION('',(0.612372435695796,0.353553390593277,-0.707106781186545));
#2441=DIRECTION('center_axis',(0.,2.22044604925031E-16,-1.));
#2442=DIRECTION('ref_axis',(2.42861286636753E-14,-1.,-2.22044604925031E-16));
#2443=DIRECTION('',(-0.290543938417177,0.64465821940702,-0.707106781186552));
#2444=DIRECTION('center_axis',(0.,-2.22044604925031E-16,1.));
#2445=DIRECTION('ref_axis',(0.,-1.,-2.22044604925031E-16));
#2446=DIRECTION('center_axis',(0.,-2.22044604925031E-16,1.));
#2447=DIRECTION('ref_axis',(0.,-1.,-2.22044604925031E-16));
#2448=DIRECTION('',(0.612372435695791,0.353553390593272,-0.707106781186551));
#2449=DIRECTION('',(-0.129209188101401,0.695201399387379,-0.707106781186552));
#2450=DIRECTION('center_axis',(0.,2.22044604925031E-16,-1.));
#2451=DIRECTION('ref_axis',(0.,1.,2.22044604925031E-16));
#2452=DIRECTION('',(0.666666666666666,0.235702260395511,-0.70710678118655));
#2453=DIRECTION('center_axis',(0.,2.22044604925031E-16,-1.));
#2454=DIRECTION('ref_axis',(7.99360577730113E-15,-1.,-2.22044604925031E-16));
#2455=DIRECTION('center_axis',(0.,2.22044604925031E-16,-1.));
#2456=DIRECTION('ref_axis',(0.,1.,2.22044604925031E-16));
#2457=DIRECTION('',(0.,-2.22044604925031E-16,1.));
#2458=DIRECTION('center_axis',(0.,-2.22044604925031E-16,1.));
#2459=DIRECTION('ref_axis',(0.,1.,2.22044604925031E-16));
#2460=DIRECTION('',(0.,2.22044604925031E-16,-1.));
#2461=DIRECTION('center_axis',(0.,-2.22044604925031E-16,1.));
#2462=DIRECTION('ref_axis',(0.,-1.,-2.22044604925031E-16));
#2463=DIRECTION('center_axis',(0.,-2.22044604925031E-16,1.));
#2464=DIRECTION('ref_axis',(0.,1.,2.22044604925031E-16));
#2465=DIRECTION('',(0.,2.22044604925031E-16,-1.));
#2466=DIRECTION('',(0.,-2.22044604925031E-16,1.));
#2467=DIRECTION('center_axis',(0.,-2.22044604925031E-16,1.));
#2468=DIRECTION('ref_axis',(0.,-1.,-2.22044604925031E-16));
#2469=DIRECTION('center_axis',(0.,-2.22044604925031E-16,1.));
#2470=DIRECTION('ref_axis',(1.15648231731787E-15,1.,2.22044604925031E-16));
#2471=DIRECTION('',(0.,2.22044604925031E-16,-1.));
#2472=DIRECTION('',(0.,-2.22044604925031E-16,1.));
#2473=DIRECTION('center_axis',(0.,-2.22044604925031E-16,1.));
#2474=DIRECTION('ref_axis',(0.,-1.,-2.22044604925031E-16));
#2475=DIRECTION('center_axis',(0.,-2.22044604925031E-16,1.));
#2476=DIRECTION('ref_axis',(0.,1.,2.22044604925031E-16));
#2477=DIRECTION('',(0.,2.22044604925031E-16,-1.));
#2478=DIRECTION('',(0.,-2.22044604925031E-16,1.));
#2479=DIRECTION('center_axis',(0.,-2.22044604925031E-16,1.));
#2480=DIRECTION('ref_axis',(0.,-1.,-2.22044604925031E-16));
#2481=DIRECTION('center_axis',(0.,2.22044604925031E-16,-1.));
#2482=DIRECTION('ref_axis',(0.,1.,2.22044604925031E-16));
#2483=DIRECTION('',(0.,2.22044604925031E-16,-1.));
#2484=DIRECTION('',(0.,-2.22044604925031E-16,1.));
#2485=DIRECTION('center_axis',(0.,-2.22044604925031E-16,1.));
#2486=DIRECTION('ref_axis',(0.,-1.,-2.22044604925031E-16));
#2487=DIRECTION('',(0.,-2.22044604925031E-16,1.));
#2488=DIRECTION('center_axis',(0.,2.22044604925031E-16,-1.));
#2489=DIRECTION('ref_axis',(0.,-1.,-2.22044604925031E-16));
#2490=DIRECTION('',(0.,2.22044604925031E-16,-1.));
#2491=DIRECTION('center_axis',(-0.353553390593266,-0.612372435695795,-0.707106781186551));
#2492=DIRECTION('ref_axis',(0.,0.755928946018456,-0.654653670707975));
#2493=DIRECTION('center_axis',(2.42319403283832E-15,6.55996540478223E-17,
1.));
#2494=DIRECTION('ref_axis',(-0.499999999999985,-0.866025403784447,1.26840798330401E-15));
#2495=DIRECTION('',(0.353553390593266,0.612372435695795,0.707106781186551));
#2496=DIRECTION('center_axis',(-0.353553390593266,-0.612372435695795,-0.707106781186551));
#2497=DIRECTION('ref_axis',(0.,0.755928946018456,-0.654653670707975));
#2498=DIRECTION('',(-0.353553390593266,-0.612372435695795,-0.707106781186551));
#2499=DIRECTION('center_axis',(0.353553390593275,-0.61237243569579,0.707106781186551));
#2500=DIRECTION('ref_axis',(-2.77555756156289E-17,-0.755928946018458,-0.654653670707973));
#2501=DIRECTION('center_axis',(-0.353553390593275,0.61237243569579,-0.707106781186551));
#2502=DIRECTION('ref_axis',(-1.11022302462516E-16,0.755928946018458,0.654653670707973));
#2503=DIRECTION('',(-0.353553390593275,0.61237243569579,-0.707106781186551));
#2504=DIRECTION('center_axis',(-1.8345050770753E-18,-1.70882396168911E-15,
1.));
#2505=DIRECTION('ref_axis',(0.500000000000011,-0.866025403784432,-1.47896770887979E-15));
#2506=DIRECTION('',(0.353553390593275,-0.61237243569579,0.707106781186551));
#2507=DIRECTION('center_axis',(0.353553390593266,0.612372435695795,0.707106781186551));
#2508=DIRECTION('ref_axis',(0.,-0.755928946018456,0.654653670707975));
#2509=DIRECTION('center_axis',(-0.353553390593266,-0.612372435695795,-0.707106781186551));
#2510=DIRECTION('ref_axis',(-0.35355339059327,-0.612372435695801,0.707106781186544));
#2511=DIRECTION('',(-0.353553390593266,-0.612372435695795,-0.707106781186551));
#2512=DIRECTION('center_axis',(-0.353553390593266,-0.612372435695795,-0.707106781186551));
#2513=DIRECTION('ref_axis',(-0.35355339059327,-0.612372435695801,0.707106781186544));
#2514=DIRECTION('center_axis',(0.353553390593275,-0.61237243569579,0.707106781186551));
#2515=DIRECTION('ref_axis',(1.66533453693773E-16,-0.755928946018458,-0.654653670707973));
#2516=DIRECTION('center_axis',(-0.353553390593275,0.61237243569579,-0.707106781186551));
#2517=DIRECTION('ref_axis',(-0.353553390593278,0.612372435695796,0.707106781186544));
#2518=DIRECTION('',(-0.353553390593275,0.61237243569579,-0.707106781186551));
#2519=DIRECTION('center_axis',(-0.353553390593275,0.61237243569579,-0.707106781186551));
#2520=DIRECTION('ref_axis',(-0.353553390593278,0.612372435695796,0.707106781186544));
#2521=DIRECTION('center_axis',(-0.707106781186544,-1.57009245868378E-16,
0.707106781186551));
#2522=DIRECTION('ref_axis',(-0.707106781186551,1.57009245868377E-16,-0.707106781186544));
#2523=DIRECTION('center_axis',(0.707106781186544,1.57009245868378E-16,-0.707106781186551));
#2524=DIRECTION('ref_axis',(0.707106781186551,-1.57009245868377E-16,0.707106781186544));
#2525=DIRECTION('',(0.707106781186544,1.57009245868378E-16,-0.707106781186551));
#2526=DIRECTION('center_axis',(0.707106781186544,1.57009245868378E-16,-0.707106781186551));
#2527=DIRECTION('ref_axis',(0.707106781186551,-1.57009245868377E-16,0.707106781186544));
#2528=DIRECTION('center_axis',(0.,2.22044604925031E-16,-1.));
#2529=DIRECTION('ref_axis',(0.,1.,2.22044604925031E-16));
#2530=DIRECTION('',(0.,2.22044604925031E-16,-1.));
#2531=DIRECTION('center_axis',(0.,-2.22044604925031E-16,1.));
#2532=DIRECTION('ref_axis',(0.,1.,2.22044604925031E-16));
#2533=DIRECTION('',(0.,-2.22044604925031E-16,1.));
#2534=DIRECTION('center_axis',(0.,2.22044604925031E-16,-1.));
#2535=DIRECTION('ref_axis',(0.,-1.,-2.22044604925031E-16));
#2536=DIRECTION('center_axis',(0.,2.22044604925031E-16,-1.));
#2537=DIRECTION('ref_axis',(0.,1.,2.22044604925031E-16));
#2538=DIRECTION('center_axis',(0.,-2.22044604925031E-16,1.));
#2539=DIRECTION('ref_axis',(0.,1.,2.22044604925031E-16));
#2540=DIRECTION('',(0.,-2.22044604925031E-16,1.));
#2541=DIRECTION('center_axis',(0.,2.22044604925031E-16,-1.));
#2542=DIRECTION('ref_axis',(0.,-1.,-2.22044604925031E-16));
#2543=DIRECTION('center_axis',(0.,2.22044604925031E-16,-1.));
#2544=DIRECTION('ref_axis',(0.,1.,2.22044604925031E-16));
#2545=DIRECTION('',(0.,2.22044604925031E-16,-1.));
#2546=DIRECTION('center_axis',(0.,-2.22044604925031E-16,1.));
#2547=DIRECTION('ref_axis',(9.76996261670138E-15,1.,2.22044604925031E-16));
#2548=DIRECTION('',(0.,-2.22044604925031E-16,1.));
#2549=DIRECTION('center_axis',(0.,2.22044604925031E-16,-1.));
#2550=DIRECTION('ref_axis',(5.32907051820075E-15,-1.,-2.22044604925031E-16));
#2551=DIRECTION('center_axis',(-0.353553390593266,-0.612372435695795,-0.707106781186551));
#2552=DIRECTION('ref_axis',(0.,0.755928946018456,-0.654653670707976));
#2553=DIRECTION('',(-0.35355339059327,-0.612372435695801,0.707106781186544));
#2554=DIRECTION('',(-0.866025403784443,0.499999999999992,1.11022302462514E-16));
#2555=DIRECTION('',(-0.35355339059327,-0.612372435695801,0.707106781186544));
#2556=DIRECTION('center_axis',(-0.353553390593275,0.61237243569579,-0.707106781186551));
#2557=DIRECTION('ref_axis',(0.,0.755928946018458,0.654653670707973));
#2558=DIRECTION('',(-0.353553390593278,0.612372435695796,0.707106781186544));
#2559=DIRECTION('',(-0.353553390593278,0.612372435695796,0.707106781186544));
#2560=DIRECTION('',(0.866025403784436,0.500000000000004,1.11022302462516E-16));
#2561=DIRECTION('center_axis',(0.,2.22044604925031E-16,-1.));
#2562=DIRECTION('ref_axis',(0.,1.,2.22044604925031E-16));
#2563=DIRECTION('center_axis',(0.,2.22044604925031E-16,-1.));
#2564=DIRECTION('ref_axis',(0.,1.,2.22044604925031E-16));
#2565=DIRECTION('',(0.5,-0.866025403784439,-1.92296268638356E-16));
#2566=DIRECTION('center_axis',(0.,-2.22044604925031E-16,1.));
#2567=DIRECTION('ref_axis',(0.,1.,2.22044604925031E-16));
#2568=DIRECTION('center_axis',(0.,2.22044604925031E-16,-1.));
#2569=DIRECTION('ref_axis',(0.,1.,2.22044604925031E-16));
#2570=DIRECTION('center_axis',(0.,-2.22044604925031E-16,1.));
#2571=DIRECTION('ref_axis',(1.020425574104E-15,1.,2.22044604925031E-16));
#2572=DIRECTION('',(1.,-5.31852822401257E-15,-1.1809504982835E-30));
#2573=DIRECTION('center_axis',(0.,2.22044604925031E-16,-1.));
#2574=DIRECTION('ref_axis',(0.,1.,2.22044604925031E-16));
#2575=DIRECTION('center_axis',(0.,2.22044604925031E-16,-1.));
#2576=DIRECTION('ref_axis',(0.,1.,2.22044604925031E-16));
#2577=DIRECTION('center_axis',(0.,2.22044604925031E-16,-1.));
#2578=DIRECTION('ref_axis',(0.,1.,2.22044604925031E-16));
#2579=DIRECTION('',(-1.,0.,0.));
#2580=DIRECTION('center_axis',(0.,-2.22044604925031E-16,1.));
#2581=DIRECTION('ref_axis',(0.,1.,2.22044604925031E-16));
#2582=DIRECTION('',(-0.500000000000004,-0.866025403784436,-1.92296268638356E-16));
#2583=DIRECTION('center_axis',(0.,2.22044604925031E-16,-1.));
#2584=DIRECTION('ref_axis',(0.,1.,2.22044604925031E-16));
#2585=DIRECTION('center_axis',(0.,2.22044604925031E-16,-1.));
#2586=DIRECTION('ref_axis',(0.,1.,2.22044604925031E-16));
#2587=DIRECTION('',(0.5,0.866025403784439,1.92296268638356E-16));
#2588=DIRECTION('center_axis',(0.,-2.22044604925031E-16,1.));
#2589=DIRECTION('ref_axis',(-1.020425574104E-15,1.,2.22044604925031E-16));
#2590=DIRECTION('center_axis',(0.,2.22044604925031E-16,-1.));
#2591=DIRECTION('ref_axis',(0.,1.,2.22044604925031E-16));
#2592=DIRECTION('center_axis',(0.,-2.22044604925031E-16,1.));
#2593=DIRECTION('ref_axis',(-3.57148950936402E-15,1.,2.22044604925031E-16));
#2594=DIRECTION('',(-0.499999999999995,0.866025403784441,1.92296268638357E-16));
#2595=DIRECTION('center_axis',(0.,2.22044604925031E-16,-1.));
#2596=DIRECTION('ref_axis',(0.,1.,2.22044604925031E-16));
#2597=DIRECTION('center_axis',(0.,2.22044604925031E-16,-1.));
#2598=DIRECTION('ref_axis',(0.,1.,2.22044604925031E-16));
#2599=DIRECTION('center_axis',(0.,-2.22044604925031E-16,1.));
#2600=DIRECTION('ref_axis',(0.,1.,2.22044604925031E-16));
#2601=DIRECTION('center_axis',(0.,-2.22044604925031E-16,1.));
#2602=DIRECTION('ref_axis',(0.,1.,2.22044604925031E-16));
#2603=DIRECTION('center_axis',(0.,2.22044604925031E-16,-1.));
#2604=DIRECTION('ref_axis',(0.,1.,2.22044604925031E-16));
#2605=DIRECTION('center_axis',(0.,2.22044604925031E-16,-1.));
#2606=DIRECTION('ref_axis',(0.,1.,2.22044604925031E-16));
#2607=DIRECTION('center_axis',(0.,-2.22044604925031E-16,1.));
#2608=DIRECTION('ref_axis',(-3.5527136788005E-15,1.,2.22044604925031E-16));
#2609=DIRECTION('center_axis',(0.,-2.22044604925031E-16,1.));
#2610=DIRECTION('ref_axis',(0.,1.,2.22044604925031E-16));
#2611=DIRECTION('center_axis',(0.,-2.22044604925031E-16,1.));
#2612=DIRECTION('ref_axis',(0.,1.,2.22044604925031E-16));
#2613=DIRECTION('center_axis',(0.,-2.22044604925031E-16,1.));
#2614=DIRECTION('ref_axis',(0.,1.,2.22044604925031E-16));
#2615=DIRECTION('center_axis',(0.,2.22044604925031E-16,-1.));
#2616=DIRECTION('ref_axis',(0.,1.,2.22044604925031E-16));
#2617=DIRECTION('',(0.,-1.,-2.22044604925031E-16));
#2618=DIRECTION('',(-1.,1.54055426776137E-32,-6.93803962623412E-17));
#2619=DIRECTION('center_axis',(-1.46070425194239E-15,1.73268085632541E-15,
1.));
#2620=DIRECTION('ref_axis',(1.,6.62645998836037E-14,1.46070425194227E-15));
#2621=DIRECTION('',(-1.,1.54055426776137E-32,-6.93803962623412E-17));
#2622=DIRECTION('',(0.500000000000004,-0.866025403784436,-2.61676664900697E-16));
#2623=DIRECTION('',(0.500000000000004,-0.866025403784436,-2.61676664900697E-16));
#2624=DIRECTION('',(0.499999999999992,0.866025403784443,1.22915872376016E-16));
#2625=DIRECTION('',(0.499999999999992,0.866025403784443,1.22915872376016E-16));
#2626=DIRECTION('center_axis',(0.707106781186544,1.57009245868378E-16,-0.707106781186551));
#2627=DIRECTION('ref_axis',(0.707106781186551,-1.57009245868377E-16,0.707106781186544));
#2628=DIRECTION('center_axis',(0.707106781186544,1.57009245868378E-16,-0.707106781186551));
#2629=DIRECTION('ref_axis',(0.707106781186551,-1.57009245868377E-16,0.707106781186544));
#2630=DIRECTION('',(0.707106781186551,-1.57009245868377E-16,0.707106781186544));
#2631=DIRECTION('',(0.707106781186551,-1.57009245868377E-16,0.707106781186544));
#2632=DIRECTION('center_axis',(0.,-1.,-2.22044604925031E-16));
#2633=DIRECTION('ref_axis',(1.,0.,0.));
#2634=DIRECTION('',(-0.707106781186544,-1.57009245868378E-16,0.707106781186551));
#2635=DIRECTION('center_axis',(0.,-1.,-2.22044604925031E-16));
#2636=DIRECTION('ref_axis',(1.,0.,0.));
#2637=DIRECTION('',(0.707106781186544,1.57009245868378E-16,-0.707106781186551));
#2638=DIRECTION('center_axis',(0.707106781186544,1.57009245868378E-16,-0.707106781186551));
#2639=DIRECTION('ref_axis',(0.707106781186551,-1.57009245868377E-16,0.707106781186544));
#2640=DIRECTION('center_axis',(-0.707106781186544,-1.57009245868378E-16,
0.707106781186551));
#2641=DIRECTION('ref_axis',(-2.287792368638E-16,1.,6.73463193876698E-18));
#2642=DIRECTION('center_axis',(0.866025403784436,0.500000000000004,1.11022302462517E-16));
#2643=DIRECTION('ref_axis',(-0.500000000000004,0.866025403784436,1.92296268638356E-16));
#2644=DIRECTION('center_axis',(0.866025403784436,0.500000000000004,1.11022302462517E-16));
#2645=DIRECTION('ref_axis',(-0.500000000000004,0.866025403784436,1.92296268638356E-16));
#2646=DIRECTION('center_axis',(-0.866025403784443,0.499999999999992,1.11022302462514E-16));
#2647=DIRECTION('ref_axis',(-0.499999999999992,-0.866025403784443,-1.92296268638357E-16));
#2648=DIRECTION('center_axis',(-0.866025403784443,0.499999999999992,1.11022302462514E-16));
#2649=DIRECTION('ref_axis',(-0.499999999999992,-0.866025403784443,-1.92296268638357E-16));
#2650=DIRECTION('center_axis',(-0.353553390593275,0.61237243569579,-0.707106781186551));
#2651=DIRECTION('ref_axis',(-0.353553390593278,0.612372435695796,0.707106781186544));
#2652=DIRECTION('center_axis',(-0.353553390593266,-0.612372435695795,-0.707106781186551));
#2653=DIRECTION('ref_axis',(-0.35355339059327,-0.612372435695801,0.707106781186544));
#2654=DIRECTION('center_axis',(0.707106781186544,1.57009245868378E-16,-0.707106781186551));
#2655=DIRECTION('ref_axis',(-0.707106781186551,4.78633775803704E-16,-0.707106781186544));
#2656=DIRECTION('center_axis',(0.,-1.,-2.22044604925031E-16));
#2657=DIRECTION('ref_axis',(1.,0.,0.));
#2658=DIRECTION('',(0.,2.22044604925031E-16,-1.));
#2659=DIRECTION('',(1.,0.,0.));
#2660=DIRECTION('',(0.,-2.22044604925031E-16,1.));
#2661=DIRECTION('',(-1.,0.,0.));
#2662=DIRECTION('center_axis',(0.866025403784436,-0.500000000000004,-1.11022302462517E-16));
#2663=DIRECTION('ref_axis',(0.500000000000004,0.866025403784436,1.92296268638356E-16));
#2664=DIRECTION('',(0.,2.22044604925031E-16,-1.));
#2665=DIRECTION('',(0.500000000000004,0.866025403784436,1.92296268638356E-16));
#2666=DIRECTION('',(0.,-2.22044604925031E-16,1.));
#2667=DIRECTION('',(-0.500000000000004,-0.866025403784436,-1.92296268638356E-16));
#2668=DIRECTION('center_axis',(0.,-2.22044604925031E-16,1.));
#2669=DIRECTION('ref_axis',(0.500000000000003,0.866025403784437,1.92296268638356E-16));
#2670=DIRECTION('',(0.,2.22044604925031E-16,-1.));
#2671=DIRECTION('center_axis',(0.,-2.22044604925031E-16,1.));
#2672=DIRECTION('ref_axis',(0.,1.,2.22044604925031E-16));
#2673=DIRECTION('center_axis',(0.866025403784439,0.5,1.11022302462516E-16));
#2674=DIRECTION('ref_axis',(-0.5,0.866025403784439,1.92296268638356E-16));
#2675=DIRECTION('',(-0.5,0.866025403784439,1.92296268638356E-16));
#2676=DIRECTION('',(0.5,-0.866025403784439,-1.92296268638356E-16));
#2677=DIRECTION('center_axis',(5.31852822401257E-15,1.,2.22044604925031E-16));
#2678=DIRECTION('ref_axis',(-1.,5.31852822401257E-15,1.1809504982835E-30));
#2679=DIRECTION('',(0.,2.22044604925031E-16,-1.));
#2680=DIRECTION('',(-1.,5.31852822401257E-15,1.1809504982835E-30));
#2681=DIRECTION('',(0.,-2.22044604925031E-16,1.));
#2682=DIRECTION('',(1.,-5.31852822401257E-15,-1.1809504982835E-30));
#2683=DIRECTION('center_axis',(0.,-2.22044604925031E-16,1.));
#2684=DIRECTION('ref_axis',(0.,-1.,-2.22044604925031E-16));
#2685=DIRECTION('',(0.,2.22044604925031E-16,-1.));
#2686=DIRECTION('center_axis',(0.,-2.22044604925031E-16,1.));
#2687=DIRECTION('ref_axis',(0.,1.,2.22044604925031E-16));
#2688=DIRECTION('',(0.,-2.22044604925031E-16,1.));
#2689=DIRECTION('center_axis',(0.,2.22044604925031E-16,-1.));
#2690=DIRECTION('ref_axis',(0.,-1.,-2.22044604925031E-16));
#2691=DIRECTION('center_axis',(-0.866025403784439,0.5,1.11022302462516E-16));
#2692=DIRECTION('ref_axis',(-0.5,-0.866025403784439,-1.92296268638356E-16));
#2693=DIRECTION('',(0.,2.22044604925031E-16,-1.));
#2694=DIRECTION('',(-0.5,-0.866025403784438,-1.92296268638356E-16));
#2695=DIRECTION('',(0.,-2.22044604925031E-16,1.));
#2696=DIRECTION('',(0.5,0.866025403784438,1.92296268638356E-16));
#2697=DIRECTION('center_axis',(-0.866025403784441,-0.499999999999995,-1.11022302462515E-16));
#2698=DIRECTION('ref_axis',(0.499999999999995,-0.866025403784441,-1.92296268638357E-16));
#2699=DIRECTION('',(0.,2.22044604925031E-16,-1.));
#2700=DIRECTION('',(0.499999999999995,-0.866025403784441,-1.92296268638357E-16));
#2701=DIRECTION('',(0.,-2.22044604925031E-16,1.));
#2702=DIRECTION('',(-0.499999999999995,0.866025403784441,1.92296268638357E-16));
#2703=DIRECTION('center_axis',(0.,-2.22044604925031E-16,1.));
#2704=DIRECTION('ref_axis',(0.,-1.,-2.22044604925031E-16));
#2705=DIRECTION('',(0.,-2.22044604925031E-16,1.));
#2706=DIRECTION('center_axis',(0.,-2.22044604925031E-16,1.));
#2707=DIRECTION('ref_axis',(0.,-1.,-2.22044604925031E-16));
#2708=DIRECTION('',(0.,2.22044604925031E-16,-1.));
#2709=DIRECTION('center_axis',(0.,-2.22044604925031E-16,1.));
#2710=DIRECTION('ref_axis',(0.,-1.,-2.22044604925031E-16));
#2711=DIRECTION('',(0.,2.22044604925031E-16,-1.));
#2712=DIRECTION('center_axis',(0.,-2.22044604925031E-16,1.));
#2713=DIRECTION('ref_axis',(0.,-1.,-2.22044604925031E-16));
#2714=DIRECTION('',(0.,-2.22044604925031E-16,1.));
#2715=DIRECTION('center_axis',(0.,-2.22044604925031E-16,1.));
#2716=DIRECTION('ref_axis',(0.,-1.,-2.22044604925031E-16));
#2717=DIRECTION('',(0.,2.22044604925031E-16,-1.));
#2718=DIRECTION('center_axis',(0.,-2.22044604925031E-16,1.));
#2719=DIRECTION('ref_axis',(0.,-1.,-2.22044604925031E-16));
#2720=DIRECTION('',(0.,-2.22044604925031E-16,1.));
#2721=DIRECTION('center_axis',(0.,-2.22044604925031E-16,1.));
#2722=DIRECTION('ref_axis',(0.,-1.,-2.22044604925031E-16));
#2723=DIRECTION('center_axis',(0.,2.22044604925031E-16,-1.));
#2724=DIRECTION('ref_axis',(0.,1.,2.22044604925031E-16));
#2725=DIRECTION('center_axis',(0.,-2.22044604925031E-16,1.));
#2726=DIRECTION('ref_axis',(0.,-1.,-2.22044604925031E-16));
#2727=DIRECTION('center_axis',(0.,-2.22044604925031E-16,1.));
#2728=DIRECTION('ref_axis',(0.,-1.,-2.22044604925031E-16));
#2729=DIRECTION('center_axis',(0.,2.22044604925031E-16,-1.));
#2730=DIRECTION('ref_axis',(0.,1.,2.22044604925031E-16));
#2731=DIRECTION('center_axis',(0.,-2.22044604925031E-16,1.));
#2732=DIRECTION('ref_axis',(0.,-1.,-2.22044604925031E-16));
#2733=DIRECTION('center_axis',(0.,-2.22044604925031E-16,1.));
#2734=DIRECTION('ref_axis',(0.,-1.,-2.22044604925031E-16));
#2735=DIRECTION('center_axis',(0.,2.22044604925031E-16,-1.));
#2736=DIRECTION('ref_axis',(0.,1.,2.22044604925031E-16));
#2737=DIRECTION('center_axis',(0.,-2.22044604925031E-16,1.));
#2738=DIRECTION('ref_axis',(0.,-1.,-2.22044604925031E-16));
#2739=DIRECTION('center_axis',(0.,-2.22044604925031E-16,1.));
#2740=DIRECTION('ref_axis',(-0.418431646591731,0.908248290463865,2.01671632829884E-16));
#2741=DIRECTION('center_axis',(0.,-2.22044604925031E-16,1.));
#2742=DIRECTION('ref_axis',(0.,-1.,-2.22044604925031E-16));
#2743=DIRECTION('center_axis',(0.,-2.22044604925031E-16,1.));
#2744=DIRECTION('ref_axis',(0.,-1.,-2.22044604925031E-16));
#2745=DIRECTION('center_axis',(0.,2.22044604925031E-16,-1.));
#2746=DIRECTION('ref_axis',(0.,1.,2.22044604925031E-16));
#2747=DIRECTION('center_axis',(0.,-2.22044604925031E-16,1.));
#2748=DIRECTION('ref_axis',(0.,-1.,-2.22044604925031E-16));
#2749=DIRECTION('center_axis',(0.,-2.22044604925031E-16,1.));
#2750=DIRECTION('ref_axis',(0.286151863692092,0.958184278156108,2.12759649488549E-16));
#2751=DIRECTION('center_axis',(0.,-2.22044604925031E-16,1.));
#2752=DIRECTION('ref_axis',(0.686735994544004,0.726906922375663,1.61405760396174E-16));
#2753=DIRECTION('center_axis',(0.,-2.22044604925031E-16,1.));
#2754=DIRECTION('ref_axis',(-0.972887858236089,0.231277355780446,5.13538890923751E-17));
#2755=DIRECTION('center_axis',(0.,2.22044604925031E-16,-1.));
#2756=DIRECTION('ref_axis',(0.306851432308283,-0.951757426285897,-2.11332601704117E-16));
#2757=DIRECTION('center_axis',(0.,2.22044604925031E-16,-1.));
#2758=DIRECTION('ref_axis',(-3.46944695195361E-15,-1.,-2.22044604925031E-16));
#2759=DIRECTION('center_axis',(0.,2.22044604925031E-16,-1.));
#2760=DIRECTION('ref_axis',(0.,1.,2.22044604925031E-16));
#2761=DIRECTION('center_axis',(0.,-2.22044604925031E-16,1.));
#2762=DIRECTION('ref_axis',(1.04083408558608E-14,1.,2.22044604925031E-16));
#2763=DIRECTION('center_axis',(0.,2.22044604925031E-16,-1.));
#2764=DIRECTION('ref_axis',(0.,-1.,-2.22044604925031E-16));
#2765=DIRECTION('center_axis',(0.,2.22044604925031E-16,-1.));
#2766=DIRECTION('ref_axis',(0.,1.,2.22044604925031E-16));
#2767=DIRECTION('center_axis',(0.,-2.22044604925031E-16,1.));
#2768=DIRECTION('ref_axis',(3.46944695195361E-15,1.,2.22044604925031E-16));
#2769=DIRECTION('center_axis',(0.,2.22044604925031E-16,-1.));
#2770=DIRECTION('ref_axis',(0.,-1.,-2.22044604925031E-16));
#2771=DIRECTION('center_axis',(0.,2.22044604925031E-16,-1.));
#2772=DIRECTION('ref_axis',(0.,1.,2.22044604925031E-16));
#2773=DIRECTION('center_axis',(0.,-2.22044604925031E-16,1.));
#2774=DIRECTION('ref_axis',(-2.08166817117217E-14,1.,2.22044604925031E-16));
#2775=DIRECTION('center_axis',(0.,2.22044604925031E-16,-1.));
#2776=DIRECTION('ref_axis',(0.,-1.,-2.22044604925031E-16));
#2777=DIRECTION('center_axis',(0.,2.22044604925031E-16,-1.));
#2778=DIRECTION('ref_axis',(0.,1.,2.22044604925031E-16));
#2779=DIRECTION('center_axis',(0.,-2.22044604925031E-16,1.));
#2780=DIRECTION('ref_axis',(0.,1.,2.22044604925031E-16));
#2781=DIRECTION('center_axis',(0.,2.22044604925031E-16,-1.));
#2782=DIRECTION('ref_axis',(6.93889390390723E-15,-1.,-2.22044604925031E-16));
#2783=DIRECTION('center_axis',(0.,2.22044604925031E-16,-1.));
#2784=DIRECTION('ref_axis',(0.499999999999998,-0.86602540378444,-1.92296268638357E-16));
#2785=DIRECTION('',(0.666666666666665,-0.235702260395514,-0.70710678118655));
#2786=DIRECTION('',(0.129209188101404,0.695201399387379,0.707106781186552));
#2787=DIRECTION('center_axis',(0.,-2.22044604925031E-16,1.));
#2788=DIRECTION('ref_axis',(-0.41843164659173,0.908248290463865,2.01671632829884E-16));
#2789=DIRECTION('',(-0.61237243569579,0.353553390593278,0.70710678118655));
#2790=DIRECTION('center_axis',(0.,-2.22044604925031E-16,1.));
#2791=DIRECTION('ref_axis',(0.,-1.,-2.22044604925031E-16));
#2792=DIRECTION('',(0.,-0.707106781186545,-0.70710678118655));
#2793=DIRECTION('center_axis',(-0.612372435695796,0.353553390593279,-0.707106781186544));
#2794=DIRECTION('ref_axis',(0.500000000000004,0.866025403784436,2.20051844253985E-16));
#2795=DIRECTION('',(-0.612372435695794,0.353553390593275,0.707106781186548));
#2796=DIRECTION('center_axis',(0.,0.70710678118655,-0.707106781186545));
#2797=DIRECTION('ref_axis',(1.,0.,0.));
#2798=DIRECTION('',(0.,-0.707106781186545,-0.70710678118655));
#2799=DIRECTION('center_axis',(0.,2.22044604925031E-16,-1.));
#2800=DIRECTION('ref_axis',(0.306851432308291,-0.951757426285895,-2.11332601704116E-16));
#2801=DIRECTION('',(0.29054393841718,0.644658219407019,0.707106781186552));
#2802=DIRECTION('center_axis',(0.,2.22044604925031E-16,-1.));
#2803=DIRECTION('ref_axis',(0.,1.,2.22044604925031E-16));
#2804=DIRECTION('',(0.703562363973512,-0.0707106781186545,-0.70710678118655));
#2805=DIRECTION('center_axis',(0.,2.22044604925031E-16,-1.));
#2806=DIRECTION('ref_axis',(0.,1.,2.22044604925031E-16));
#2807=DIRECTION('',(0.413018425556332,0.573947541288367,0.707106781186553));
#2808=DIRECTION('center_axis',(0.,2.22044604925031E-16,-1.));
#2809=DIRECTION('ref_axis',(0.,1.,2.22044604925031E-16));
#2810=DIRECTION('',(0.703562363973506,0.0707106781186509,-0.707106781186556));
#2811=DIRECTION('center_axis',(0.,2.22044604925031E-16,-1.));
#2812=DIRECTION('ref_axis',(0.,1.,2.22044604925031E-16));
#2813=DIRECTION('',(0.612372435695787,-0.353553390593279,0.707106781186551));
#2814=DIRECTION('center_axis',(0.,2.22044604925031E-16,-1.));
#2815=DIRECTION('ref_axis',(0.,1.,2.22044604925031E-16));
#2816=DIRECTION('',(6.1331736667336E-15,0.707106781186547,-0.707106781186549));
#2817=DIRECTION('center_axis',(0.612372435695795,-0.353553390593274,-0.707106781186548));
#2818=DIRECTION('ref_axis',(-0.5,-0.866025403784439,-1.92296268638356E-16));
#2819=DIRECTION('',(0.612372435695792,-0.353553390593273,0.70710678118655));
#2820=DIRECTION('center_axis',(-3.76076737313135E-15,-0.70710678118655,
-0.707106781186545));
#2821=DIRECTION('ref_axis',(-1.,5.31852822401257E-15,7.86520045672994E-31));
#2822=DIRECTION('',(6.13317366673361E-15,0.707106781186544,-0.707106781186551));
#2823=DIRECTION('center_axis',(0.,-2.22044604925031E-16,1.));
#2824=DIRECTION('ref_axis',(0.,-1.,-2.22044604925031E-16));
#2825=DIRECTION('',(0.537457478565261,0.459499138991868,0.70710678118655));
#2826=DIRECTION('center_axis',(0.,-2.22044604925031E-16,1.));
#2827=DIRECTION('ref_axis',(0.,-1.,-2.22044604925031E-16));
#2828=DIRECTION('center_axis',(0.,2.22044604925031E-16,-1.));
#2829=DIRECTION('ref_axis',(0.,1.,2.22044604925031E-16));
#2830=DIRECTION('',(0.53745747856526,-0.459499138991866,0.707106781186552));
#2831=DIRECTION('center_axis',(0.,-2.22044604925031E-16,1.));
#2832=DIRECTION('ref_axis',(0.,-1.,-2.22044604925031E-16));
#2833=DIRECTION('',(0.612372435695796,0.353553390593266,0.707106781186551));
#2834=DIRECTION('center_axis',(0.612372435695795,0.35355339059327,-0.707106781186549));
#2835=DIRECTION('ref_axis',(0.499999999999995,-0.866025403784441,-1.64540693022728E-16));
#2836=DIRECTION('',(0.612372435695799,0.353553390593267,0.707106781186547));
#2837=DIRECTION('center_axis',(-0.612372435695793,-0.353553390593273,-0.707106781186549));
#2838=DIRECTION('ref_axis',(-0.5,0.866025403784439,1.92296268638356E-16));
#2839=DIRECTION('center_axis',(0.,2.22044604925031E-16,-1.));
#2840=DIRECTION('ref_axis',(0.,1.,2.22044604925031E-16));
#2841=DIRECTION('',(0.413018425556334,-0.573947541288366,0.707106781186552));
#2842=DIRECTION('center_axis',(0.,2.22044604925031E-16,-1.));
#2843=DIRECTION('ref_axis',(0.,1.,2.22044604925031E-16));
#2844=DIRECTION('center_axis',(-0.612372435695791,0.353553390593276,0.70710678118655));
#2845=DIRECTION('ref_axis',(-0.500000000000004,-0.866025403784436,-1.92296268638356E-16));
#2846=DIRECTION('center_axis',(0.,-2.22044604925031E-16,1.));
#2847=DIRECTION('ref_axis',(0.,-1.,-2.22044604925031E-16));
#2848=DIRECTION('',(-0.41301842555634,-0.573947541288369,0.707106781186546));
#2849=DIRECTION('center_axis',(0.,-2.22044604925031E-16,1.));
#2850=DIRECTION('ref_axis',(0.,-1.,-2.22044604925031E-16));
#2851=DIRECTION('',(-0.612372435695796,0.353553390593273,0.707106781186547));
#2852=DIRECTION('center_axis',(0.,2.22044604925031E-16,-1.));
#2853=DIRECTION('ref_axis',(0.,1.,2.22044604925031E-16));
#2854=DIRECTION('',(0.,0.707106781186549,-0.707106781186546));
#2855=DIRECTION('center_axis',(0.612372435695794,-0.353553390593274,0.707106781186548));
#2856=DIRECTION('ref_axis',(0.5,0.866025403784439,1.64540693022727E-16));
#2857=DIRECTION('',(-0.612372435695794,0.353553390593272,0.707106781186549));
#2858=DIRECTION('center_axis',(0.,0.707106781186546,0.70710678118655));
#2859=DIRECTION('ref_axis',(-1.,0.,0.));
#2860=DIRECTION('',(0.,0.70710678118655,-0.707106781186545));
#2861=DIRECTION('center_axis',(0.,2.22044604925031E-16,-1.));
#2862=DIRECTION('ref_axis',(0.,1.,2.22044604925031E-16));
#2863=DIRECTION('',(-0.537457478565267,-0.459499138991868,0.707106781186546));
#2864=DIRECTION('center_axis',(0.,-2.22044604925031E-16,1.));
#2865=DIRECTION('ref_axis',(0.,-1.,-2.22044604925031E-16));
#2866=DIRECTION('',(-0.703562363973515,0.0707106781186554,-0.707106781186547));
#2867=DIRECTION('center_axis',(0.,-2.22044604925031E-16,1.));
#2868=DIRECTION('ref_axis',(0.,-1.,-2.22044604925031E-16));
#2869=DIRECTION('',(-0.537457478565266,0.45949913899187,0.707106781186545));
#2870=DIRECTION('center_axis',(0.,-2.22044604925031E-16,1.));
#2871=DIRECTION('ref_axis',(0.,-1.,-2.22044604925031E-16));
#2872=DIRECTION('',(-0.703562363973515,-0.0707106781186521,-0.707106781186547));
#2873=DIRECTION('center_axis',(0.,2.22044604925031E-16,-1.));
#2874=DIRECTION('ref_axis',(0.,1.,2.22044604925031E-16));
#2875=DIRECTION('',(-0.612372435695802,-0.353553390593267,0.707106781186544));
#2876=DIRECTION('center_axis',(0.,-2.22044604925031E-16,1.));
#2877=DIRECTION('ref_axis',(0.,-1.,-2.22044604925031E-16));
#2878=DIRECTION('',(-6.13317366673352E-15,-0.707106781186549,-0.707106781186546));
#2879=DIRECTION('center_axis',(0.612372435695797,0.353553390593271,0.707106781186547));
#2880=DIRECTION('ref_axis',(-0.499999999999995,0.866025403784441,1.92296268638357E-16));
#2881=DIRECTION('',(-0.612372435695797,-0.353553390593263,0.707106781186551));
#2882=DIRECTION('center_axis',(-3.76076737313133E-15,-0.707106781186546,
0.707106781186549));
#2883=DIRECTION('ref_axis',(1.,-5.31852822401257E-15,-1.1809504982835E-30));
#2884=DIRECTION('',(-6.13317366673353E-15,-0.707106781186549,-0.707106781186546));
#2885=DIRECTION('center_axis',(0.,-2.22044604925031E-16,1.));
#2886=DIRECTION('ref_axis',(0.,-1.,-2.22044604925031E-16));
#2887=DIRECTION('',(-0.413018425556335,0.57394754128837,0.707106781186548));
#2888=DIRECTION('center_axis',(0.,2.22044604925031E-16,-1.));
#2889=DIRECTION('ref_axis',(0.,1.,2.22044604925031E-16));
#2890=DIRECTION('',(-0.666666666666668,-0.235702260395513,-0.707106781186547));
#2891=DIRECTION('center_axis',(0.,-2.22044604925031E-16,1.));
#2892=DIRECTION('ref_axis',(0.,-1.,-2.22044604925031E-16));
#2893=DIRECTION('',(-0.29054393841718,0.644658219407026,0.707106781186545));
#2894=DIRECTION('center_axis',(0.,-2.22044604925031E-16,1.));
#2895=DIRECTION('ref_axis',(0.500000000000003,0.866025403784437,1.92296268638356E-16));
#2896=DIRECTION('',(0.129209188101403,-0.695201399387386,-0.707106781186545));
#2897=DIRECTION('center_axis',(0.,-2.22044604925031E-16,1.));
#2898=DIRECTION('ref_axis',(0.306851432308282,0.951757426285898,2.11332601704117E-16));
#2899=DIRECTION('',(0.612372435695796,0.353553390593273,0.707106781186547));
#2900=DIRECTION('center_axis',(0.,2.22044604925031E-16,-1.));
#2901=DIRECTION('ref_axis',(-0.418431646591735,-0.908248290463863,-2.01671632829883E-16));
#2902=DIRECTION('',(-0.612372435695797,-0.353553390593274,-0.707106781186546));
#2903=DIRECTION('center_axis',(-0.612372435695791,-0.353553390593272,0.707106781186551));
#2904=DIRECTION('ref_axis',(0.5,-0.866025403784439,-1.92296268638356E-16));
#2905=DIRECTION('center_axis',(0.707106781186544,1.57009245868378E-16,-0.707106781186551));
#2906=DIRECTION('ref_axis',(-2.22044604925033E-16,1.,1.74315279842106E-32));
#2907=DIRECTION('center_axis',(-0.707106781186544,-1.57009245868378E-16,
0.707106781186551));
#2908=DIRECTION('ref_axis',(-2.287792368638E-16,1.,6.73463193876698E-18));
#2909=DIRECTION('center_axis',(0.707106781186544,1.66533453693773E-16,-0.707106781186551));
#2910=DIRECTION('ref_axis',(-2.287792368638E-16,1.,6.73463193876698E-18));
#2911=DIRECTION('',(-0.707106781186544,-1.66533453693773E-16,0.707106781186551));
#2912=DIRECTION('center_axis',(0.707106781186544,1.57009245868378E-16,-0.707106781186551));
#2913=DIRECTION('ref_axis',(-2.22044604925033E-16,1.,1.74315279842106E-32));
#2914=DIRECTION('center_axis',(-0.707106781186544,-1.57009245868378E-16,
0.707106781186551));
#2915=DIRECTION('ref_axis',(-0.707106781186551,1.57009245868377E-16,-0.707106781186544));
#2916=DIRECTION('center_axis',(0.707106781186544,1.57009245868378E-16,-0.707106781186551));
#2917=DIRECTION('ref_axis',(0.707106781186551,-1.57009245868377E-16,0.707106781186544));
#2918=DIRECTION('center_axis',(-0.707106781186544,-1.57009245868378E-16,
0.707106781186551));
#2919=DIRECTION('ref_axis',(-0.707106781186551,1.57009245868377E-16,-0.707106781186544));
#2920=DIRECTION('center_axis',(-0.707106781186544,-1.57009245868378E-16,
0.707106781186551));
#2921=DIRECTION('ref_axis',(-0.707106781186551,1.57009245868377E-16,-0.707106781186544));
#2922=DIRECTION('',(-0.707106781186544,-1.57009245868378E-16,0.707106781186551));
#2923=DIRECTION('center_axis',(-0.353553390593266,-0.612372435695794,-0.707106781186551));
#2924=DIRECTION('ref_axis',(-0.35355339059327,-0.612372435695801,0.707106781186544));
#2925=DIRECTION('center_axis',(0.353553390593266,0.612372435695795,0.707106781186551));
#2926=DIRECTION('ref_axis',(0.35355339059327,0.612372435695801,-0.707106781186544));
#2927=DIRECTION('center_axis',(0.353553390593266,0.612372435695795,0.707106781186551));
#2928=DIRECTION('ref_axis',(0.35355339059327,0.612372435695801,-0.707106781186544));
#2929=DIRECTION('center_axis',(-0.353553390593266,-0.612372435695795,-0.707106781186551));
#2930=DIRECTION('ref_axis',(0.35355339059327,0.612372435695801,-0.707106781186544));
#2931=DIRECTION('',(0.353553390593266,0.612372435695794,0.707106781186551));
#2932=DIRECTION('center_axis',(-0.353553390593266,-0.612372435695795,-0.707106781186551));
#2933=DIRECTION('ref_axis',(0.866025403784443,-0.499999999999992,1.19848096967388E-17));
#2934=CARTESIAN_POINT('',(0.,0.,0.));
#2935=CARTESIAN_POINT('Origin',(-33.4107954110645,57.8691951732522,-9.82159082212908));
#2936=CARTESIAN_POINT('',(-33.6406051149501,58.2672372564544,-9.36197141435784));
#2937=CARTESIAN_POINT('Origin',(-33.4107954110645,57.8691951732522,-9.82159082212907));
#2938=CARTESIAN_POINT('Origin',(-23.2155157723913,40.210452841698,10.5689684552173));
#2939=CARTESIAN_POINT('',(-28.8676343419409,50.0002093745612,0.183970131660646));
#2940=CARTESIAN_POINT('',(-23.445325476277,40.6084949249002,11.0285878629885));
#2941=CARTESIAN_POINT('Origin',(-28.6378246380552,49.6021672913589,-0.275649276110583));
#2942=CARTESIAN_POINT('Origin',(-28.6378246380553,49.602167291359,-0.27564927611055));
#2943=CARTESIAN_POINT('Origin',(-33.4107954110645,57.8691951732522,-9.82159082212908));
#2944=CARTESIAN_POINT('',(-33.0134988545698,62.1810573517311,-13.3571247280618));
#2945=CARTESIAN_POINT('Origin',(-35.1785623640309,60.9310573517311,-13.3571247280618));
#2946=CARTESIAN_POINT('',(-31.2457319016034,59.1191951732522,-9.82159082212906));
#2947=CARTESIAN_POINT('',(-31.2457319016034,59.1191951732522,-9.82159082212908));
#2948=CARTESIAN_POINT('Origin',(-33.4107954110645,57.8691951732522,-9.82159082212906));
#2949=CARTESIAN_POINT('Origin',(-35.1785623640309,60.9310573517311,-13.3571247280618));
#2950=CARTESIAN_POINT('Origin',(-33.4107954110637,-57.8691951732526,-9.8215908221291));
#2951=CARTESIAN_POINT('',(-37.3436258734911,-59.6810573517316,-13.3571247280618));
#2952=CARTESIAN_POINT('Origin',(-35.17856236403,-60.9310573517316,-13.3571247280618));
#2953=CARTESIAN_POINT('',(-35.5758589205248,-56.6191951732526,-9.82159082212909));
#2954=CARTESIAN_POINT('',(-35.5758589205248,-56.6191951732526,-9.8215908221291));
#2955=CARTESIAN_POINT('Origin',(-33.4107954110637,-57.8691951732526,-9.82159082212909));
#2956=CARTESIAN_POINT('Origin',(-35.17856236403,-60.9310573517316,-13.3571247280618));
#2957=CARTESIAN_POINT('Origin',(15.1554445662277,8.74999999999999,-2.7));
#2958=CARTESIAN_POINT('',(17.2554445662277,8.74999999999999,-3.));
#2959=CARTESIAN_POINT('Origin',(15.1554445662277,8.74999999999999,-3.));
#2960=CARTESIAN_POINT('',(17.8554445662277,8.74999999999999,-2.4));
#2961=CARTESIAN_POINT('',(17.5554445662277,8.74999999999999,-2.7));
#2962=CARTESIAN_POINT('Origin',(15.1554445662277,8.74999999999999,-2.4));
#2963=CARTESIAN_POINT('Origin',(15.1554445662277,8.74999999999999,3.));
#2964=CARTESIAN_POINT('',(17.8554445662277,8.74999999999999,2.22044604925031E-15));
#2965=CARTESIAN_POINT('',(17.8554445662277,8.74999999999999,3.));
#2966=CARTESIAN_POINT('Origin',(15.1554445662277,8.74999999999999,2.22044604925031E-15));
#2967=CARTESIAN_POINT('Origin',(15.1554445662277,8.74999999999999,-3.));
#2968=CARTESIAN_POINT('Origin',(-15.1554445662276,8.75,-2.7));
#2969=CARTESIAN_POINT('',(-13.0554445662276,8.75,-3.));
#2970=CARTESIAN_POINT('Origin',(-15.1554445662276,8.75,-3.));
#2971=CARTESIAN_POINT('',(-12.4554445662276,8.75,-2.4));
#2972=CARTESIAN_POINT('',(-12.7554445662276,8.75,-2.7));
#2973=CARTESIAN_POINT('Origin',(-15.1554445662276,8.75,-2.4));
#2974=CARTESIAN_POINT('Origin',(-15.1554445662276,8.75,3.));
#2975=CARTESIAN_POINT('',(-12.4554445662276,8.75,2.22044604925031E-15));
#2976=CARTESIAN_POINT('',(-12.4554445662276,8.75,3.));
#2977=CARTESIAN_POINT('Origin',(-15.1554445662276,8.75,2.22044604925031E-15));
#2978=CARTESIAN_POINT('Origin',(-15.1554445662276,8.75,-3.));
#2979=CARTESIAN_POINT('Origin',(5.77315972805081E-14,-17.5,-2.7));
#2980=CARTESIAN_POINT('',(2.10000000000006,-17.5,-3.));
#2981=CARTESIAN_POINT('Origin',(5.77315972805081E-14,-17.5,-3.));
#2982=CARTESIAN_POINT('',(2.70000000000006,-17.5,-2.4));
#2983=CARTESIAN_POINT('',(2.40000000000006,-17.5,-2.7));
#2984=CARTESIAN_POINT('Origin',(5.77315972805081E-14,-17.5,-2.4));
#2985=CARTESIAN_POINT('Origin',(5.77315972805081E-14,-17.5,3.));
#2986=CARTESIAN_POINT('',(2.70000000000006,-17.5,2.22044604925031E-15));
#2987=CARTESIAN_POINT('',(2.70000000000006,-17.5,3.));
#2988=CARTESIAN_POINT('Origin',(5.77315972805081E-14,-17.5,2.22044604925031E-15));
#2989=CARTESIAN_POINT('Origin',(5.77315972805081E-14,-17.5,-3.));
#2990=CARTESIAN_POINT('Origin',(5.77315972805081E-14,-3.88578058618805E-15,
3.));
#2991=CARTESIAN_POINT('',(11.0000000000001,-5.23289206525014E-15,4.5));
#2992=CARTESIAN_POINT('Origin',(5.77315972805081E-14,-3.88578058618805E-15,
4.5));
#2993=CARTESIAN_POINT('',(11.0000000000001,-2.53866910712596E-15,2.22044604925031E-15));
#2994=CARTESIAN_POINT('',(11.0000000000001,-5.23289206525014E-15,3.));
#2995=CARTESIAN_POINT('Origin',(5.77315972805081E-14,-3.88578058618805E-15,
2.22044604925031E-15));
#2996=CARTESIAN_POINT('Origin',(76.5,-9.99200722162641E-16,4.5));
#2997=CARTESIAN_POINT('',(-30.5570307419796,68.5263297735528,4.50000000000002));
#2998=CARTESIAN_POINT('',(-30.9401057165674,68.6498350926471,4.50000000000002));
#2999=CARTESIAN_POINT('Origin',(-30.8168383631149,68.3763297735528,4.50000000000002));
#3000=CARTESIAN_POINT('',(-43.9824482975607,61.1198350926473,4.50000000000002));
#3001=CARTESIAN_POINT('Origin',(0.,-9.99200722162641E-16,4.5));
#3002=CARTESIAN_POINT('',(-44.0670270410165,60.7263297735531,4.50000000000002));
#3003=CARTESIAN_POINT('Origin',(-43.8072194198812,60.8763297735531,4.50000000000002));
#3004=CARTESIAN_POINT('',(-32.2108422722341,40.1908153700974,4.50000000000001));
#3005=CARTESIAN_POINT('',(12.370001850481,-37.0254716947545,4.5));
#3006=CARTESIAN_POINT('',(-33.2914889058999,28.4625502446346,4.50000000000001));
#3007=CARTESIAN_POINT('Origin',(-41.0443013908354,35.0908153700974,4.50000000000001));
#3008=CARTESIAN_POINT('',(-33.2914889059,-28.4625502446344,4.5));
#3009=CARTESIAN_POINT('Origin',(0.,-9.99200722162641E-16,4.5));
#3010=CARTESIAN_POINT('',(-32.2108422722344,-40.1908153700972,4.49999999999999));
#3011=CARTESIAN_POINT('Origin',(-41.0443013908356,-35.0908153700972,4.5));
#3012=CARTESIAN_POINT('',(-44.0670270410169,-60.7263297735528,4.49999999999999));
#3013=CARTESIAN_POINT('',(12.3700018504813,37.0254716947548,4.50000000000001));
#3014=CARTESIAN_POINT('',(-43.9824482975611,-61.119835092647,4.49999999999999));
#3015=CARTESIAN_POINT('Origin',(-43.8072194198816,-60.8763297735528,4.49999999999999));
#3016=CARTESIAN_POINT('',(-30.9401057165678,-68.6498350926469,4.49999999999999));
#3017=CARTESIAN_POINT('Origin',(0.,-9.99200722162641E-16,4.5));
#3018=CARTESIAN_POINT('',(-30.5570307419799,-68.5263297735527,4.49999999999999));
#3019=CARTESIAN_POINT('Origin',(-30.8168383631153,-68.3763297735527,4.49999999999999));
#3020=CARTESIAN_POINT('',(-18.7008459731973,-47.9908153700971,4.49999999999999));
#3021=CARTESIAN_POINT('',(25.879998149519,29.2254716947549,4.50000000000001));
#3022=CARTESIAN_POINT('',(-8.0035471153946,-43.0625502446344,4.49999999999999));
#3023=CARTESIAN_POINT('Origin',(-9.86738685459608,-53.0908153700972,4.49999999999999));
#3024=CARTESIAN_POINT('',(41.2950360212944,-14.6,4.5));
#3025=CARTESIAN_POINT('Origin',(0.,-9.99200722162641E-16,4.5));
#3026=CARTESIAN_POINT('',(50.9116882454314,-7.80000000000003,4.5));
#3027=CARTESIAN_POINT('Origin',(50.9116882454314,-18.,4.5));
#3028=CARTESIAN_POINT('',(74.6240577829965,-7.80000000000003,4.5));
#3029=CARTESIAN_POINT('',(76.5,-7.80000000000003,4.5));
#3030=CARTESIAN_POINT('',(74.9225540141285,-7.53000000000001,4.5));
#3031=CARTESIAN_POINT('Origin',(74.6240577829965,-7.5,4.5));
#3032=CARTESIAN_POINT('',(74.9225540141286,7.52999999999961,4.50000000000001));
#3033=CARTESIAN_POINT('Origin',(0.,-9.99200722162641E-16,4.5));
#3034=CARTESIAN_POINT('',(74.6240577829965,7.79999999999963,4.50000000000001));
#3035=CARTESIAN_POINT('Origin',(74.6240577829965,7.49999999999961,4.50000000000001));
#3036=CARTESIAN_POINT('',(50.9116882454315,7.79999999999977,4.50000000000001));
#3037=CARTESIAN_POINT('',(76.5,7.79999999999963,4.50000000000001));
#3038=CARTESIAN_POINT('',(41.2950360212945,14.5999999999998,4.50000000000001));
#3039=CARTESIAN_POINT('Origin',(50.9116882454315,17.9999999999997,4.50000000000001));
#3040=CARTESIAN_POINT('',(-8.00354711539438,43.0625502446344,4.50000000000001));
#3041=CARTESIAN_POINT('Origin',(0.,-9.99200722162641E-16,4.5));
#3042=CARTESIAN_POINT('',(-18.7008459731971,47.9908153700973,4.50000000000002));
#3043=CARTESIAN_POINT('Origin',(-9.86738685459581,53.0908153700972,4.50000000000002));
#3044=CARTESIAN_POINT('',(25.8799981495186,-29.2254716947548,4.5));
#3045=CARTESIAN_POINT('',(-34.49463401362,-10.3014670929151,4.5));
#3046=CARTESIAN_POINT('',(-38.8064632653225,-11.5891504795295,4.5));
#3047=CARTESIAN_POINT('Origin',(-36.6505486394712,-10.9453087862223,4.5));
#3048=CARTESIAN_POINT('',(-38.8064632653224,11.5891504795297,4.50000000000001));
#3049=CARTESIAN_POINT('Origin',(0.,-9.99200722162641E-16,4.5));
#3050=CARTESIAN_POINT('',(-34.4946340136199,10.3014670929153,4.50000000000001));
#3051=CARTESIAN_POINT('Origin',(-36.6505486394712,10.9453087862225,4.50000000000001));
#3052=CARTESIAN_POINT('Origin',(0.,-9.99200722162641E-16,4.5));
#3053=CARTESIAN_POINT('',(8.32598480809609,35.0239628964992,4.50000000000001));
#3054=CARTESIAN_POINT('',(9.3667329091081,39.4019582585616,4.50000000000001));
#3055=CARTESIAN_POINT('Origin',(8.84635885860209,37.2129605775304,4.50000000000001));
#3056=CARTESIAN_POINT('',(29.4397303562145,27.812807779032,4.50000000000001));
#3057=CARTESIAN_POINT('Origin',(0.,-9.99200722162641E-16,4.5));
#3058=CARTESIAN_POINT('',(26.168649205524,24.722495803584,4.50000000000001));
#3059=CARTESIAN_POINT('Origin',(27.8041897808693,26.267651791308,4.50000000000001));
#3060=CARTESIAN_POINT('Origin',(0.,-9.99200722162641E-16,4.5));
#3061=CARTESIAN_POINT('',(8.32598480809588,-35.0239628964993,4.5));
#3062=CARTESIAN_POINT('',(26.1686492055239,-24.7224958035841,4.5));
#3063=CARTESIAN_POINT('Origin',(0.,-9.99200722162641E-16,4.5));
#3064=CARTESIAN_POINT('',(29.4397303562144,-27.8128077790321,4.5));
#3065=CARTESIAN_POINT('Origin',(27.8041897808691,-26.2676517913081,4.5));
#3066=CARTESIAN_POINT('',(9.36673290910786,-39.4019582585617,4.49999999999999));
#3067=CARTESIAN_POINT('Origin',(0.,-9.99200722162641E-16,4.5));
#3068=CARTESIAN_POINT('Origin',(8.84635885860187,-37.2129605775305,4.5));
#3069=CARTESIAN_POINT('Origin',(0.,0.,0.));
#3070=CARTESIAN_POINT('',(41.2950360212944,-14.6,-7.43849426498855E-16));
#3071=CARTESIAN_POINT('',(-8.0035471153946,-43.0625502446344,-7.06380515072755E-15));
#3072=CARTESIAN_POINT('Origin',(0.,-5.54667823983524E-31,2.4980018054066E-15));
#3073=CARTESIAN_POINT('',(42.4264068711929,-15.,1.19999999999999));
#3074=CARTESIAN_POINT('',(42.4264068711929,-15.,1.19999999999999));
#3075=CARTESIAN_POINT('',(-8.22282237883007,-44.2423461417476,1.19999999999998));
#3076=CARTESIAN_POINT('Origin',(0.,-2.66453525910036E-16,1.19999999999999));
#3077=CARTESIAN_POINT('',(-8.22282237883007,-44.2423461417476,1.19999999999998));
#3078=CARTESIAN_POINT('Origin',(-9.86738685459608,-53.0908153700972,-1.1788529124001E-14));
#3079=CARTESIAN_POINT('',(-17.661615488656,-48.5908153700971,1.19999999999998));
#3080=CARTESIAN_POINT('Origin',(-9.86738685459608,-53.0908153700972,1.19999999999998));
#3081=CARTESIAN_POINT('',(-18.7008459731973,-47.9908153700971,-8.15809983347673E-15));
#3082=CARTESIAN_POINT('',(-17.661615488656,-48.5908153700971,1.19999999999998));
#3083=CARTESIAN_POINT('Origin',(-9.86738685459608,-53.0908153700972,-9.2905273185944E-15));
#3084=CARTESIAN_POINT('Origin',(-30.8168383631153,-68.3763297735527,-1.26845933253856E-14));
#3085=CARTESIAN_POINT('',(-30.55703074198,-68.5263297735527,-1.27179000161243E-14));
#3086=CARTESIAN_POINT('',(-30.9401057165678,-68.6498350926469,-1.27453237059087E-14));
#3087=CARTESIAN_POINT('Origin',(-30.8168383631153,-68.3763297735527,-1.26845933253856E-14));
#3088=CARTESIAN_POINT('',(-29.5178002574386,-69.1263297735527,1.19999999999997));
#3089=CARTESIAN_POINT('',(-30.55703074198,-68.5263297735527,-1.27179000161243E-14));
#3090=CARTESIAN_POINT('',(-31.4331751303776,-69.7438563690237,1.19999999999998));
#3091=CARTESIAN_POINT('Origin',(-30.8168383631153,-68.3763297735527,1.19999999999998));
#3092=CARTESIAN_POINT('',(-30.9401057165678,-68.6498350926469,-1.27453237059087E-14));
#3093=CARTESIAN_POINT('Origin',(-30.8168383631149,68.3763297735528,4.50000000000002));
#3094=CARTESIAN_POINT('',(-29.5178002574383,69.1263297735528,3.30000000000004));
#3095=CARTESIAN_POINT('',(-30.5570307419796,68.5263297735528,4.50000000000002));
#3096=CARTESIAN_POINT('',(-31.4331751303772,69.7438563690239,3.30000000000004));
#3097=CARTESIAN_POINT('Origin',(-30.8168383631149,68.3763297735528,3.30000000000004));
#3098=CARTESIAN_POINT('',(-30.9401057165674,68.6498350926471,4.50000000000002));
#3099=CARTESIAN_POINT('Origin',(-9.86738685459581,53.0908153700972,4.50000000000002));
#3100=CARTESIAN_POINT('',(-17.6616154886558,48.5908153700972,3.30000000000003));
#3101=CARTESIAN_POINT('',(-8.22282237882984,44.2423461417477,3.30000000000003));
#3102=CARTESIAN_POINT('Origin',(-9.86738685459581,53.0908153700972,3.30000000000003));
#3103=CARTESIAN_POINT('',(-18.7008459731971,47.9908153700973,4.50000000000002));
#3104=CARTESIAN_POINT('',(-8.00354711539438,43.0625502446344,4.50000000000001));
#3105=CARTESIAN_POINT('Origin',(0.,-9.99200722162641E-16,4.5));
#3106=CARTESIAN_POINT('',(42.4264068711929,14.9999999999998,3.30000000000002));
#3107=CARTESIAN_POINT('',(41.2950360212945,14.5999999999998,4.50000000000001));
#3108=CARTESIAN_POINT('Origin',(0.,-7.32747196252608E-16,3.30000000000002));
#3109=CARTESIAN_POINT('Origin',(-30.8168383631149,68.3763297735528,4.50000000000002));
#3110=CARTESIAN_POINT('',(-29.5178002574383,69.1263297735528,1.20000000000001));
#3111=CARTESIAN_POINT('',(-29.5178002574383,69.1263297735528,-30.));
#3112=CARTESIAN_POINT('',(-31.4331751303772,69.7438563690239,1.20000000000001));
#3113=CARTESIAN_POINT('Origin',(-30.8168383631149,68.3763297735528,1.20000000000001));
#3114=CARTESIAN_POINT('',(-31.4331751303772,69.7438563690239,4.50000000000002));
#3115=CARTESIAN_POINT('Origin',(27.8041897808693,26.267651791308,-30.));
#3116=CARTESIAN_POINT('',(26.168649205524,24.722495803584,5.48949681346754E-15));
#3117=CARTESIAN_POINT('',(29.4397303562145,27.812807779032,6.17568391515099E-15));
#3118=CARTESIAN_POINT('Origin',(27.8041897808693,26.267651791308,5.83259036430927E-15));
#3119=CARTESIAN_POINT('',(26.168649205524,24.722495803584,-30.));
#3120=CARTESIAN_POINT('',(29.4397303562145,27.812807779032,-30.));
#3121=CARTESIAN_POINT('Origin',(8.84635885860187,-37.2129605775304,-30.));
#3122=CARTESIAN_POINT('',(8.32598480809588,-35.0239628964993,-7.77688200426213E-15));
#3123=CARTESIAN_POINT('',(9.36673290910786,-39.4019582585617,-8.7489922547949E-15));
#3124=CARTESIAN_POINT('Origin',(8.84635885860187,-37.2129605775305,-8.26293712952852E-15));
#3125=CARTESIAN_POINT('',(8.32598480809588,-35.0239628964993,-30.));
#3126=CARTESIAN_POINT('',(9.36673290910786,-39.4019582585616,-30.));
#3127=CARTESIAN_POINT('Origin',(-36.6505486394712,-10.9453087862223,-30.));
#3128=CARTESIAN_POINT('',(-38.8064632653225,-11.5891504795295,-2.57330833964386E-15));
#3129=CARTESIAN_POINT('',(-34.49463401362,-10.3014670929151,-2.28738519079454E-15));
#3130=CARTESIAN_POINT('Origin',(-36.6505486394712,-10.9453087862223,-2.4303467652192E-15));
#3131=CARTESIAN_POINT('',(-38.8064632653225,-11.5891504795295,-30.));
#3132=CARTESIAN_POINT('',(-34.49463401362,-10.3014670929151,-30.));
#3133=CARTESIAN_POINT('Origin',(-9.86738685459581,53.0908153700972,-30.));
#3134=CARTESIAN_POINT('',(-8.22282237882984,44.2423461417477,1.2));
#3135=CARTESIAN_POINT('',(-17.6616154886558,48.5908153700972,1.2));
#3136=CARTESIAN_POINT('Origin',(-9.86738685459581,53.0908153700972,1.2));
#3137=CARTESIAN_POINT('',(-17.6616154886558,48.5908153700972,1.07893284018384E-14));
#3138=CARTESIAN_POINT('',(-8.22282237882984,44.2423461417477,-30.));
#3139=CARTESIAN_POINT('Origin',(0.,6.66133814775094E-15,-30.));
#3140=CARTESIAN_POINT('',(42.4264068711929,-15.,3.30000000000002));
#3141=CARTESIAN_POINT('',(42.4264068711929,-15.,-30.));
#3142=CARTESIAN_POINT('',(-8.22282237883007,-44.2423461417476,3.30000000000001));
#3143=CARTESIAN_POINT('Origin',(0.,-7.32747196252608E-16,3.30000000000002));
#3144=CARTESIAN_POINT('',(-8.22282237883007,-44.2423461417476,-30.));
#3145=CARTESIAN_POINT('Origin',(-13.1249999999998,-22.7331668493417,30.7499999999997));
#3146=CARTESIAN_POINT('',(-22.0048094716159,-53.1134480157127,-1.36212822290967E-16));
#3147=CARTESIAN_POINT('',(-34.9951905283826,-45.6134480157128,1.52912171464674E-15));
#3148=CARTESIAN_POINT('Origin',(-28.4999999999992,-49.3634480157127,1.56844652786175E-14));
#3149=CARTESIAN_POINT('',(-26.3852747967904,-60.7006365197088,-8.76093065034926));
#3150=CARTESIAN_POINT('',(-19.3531590421665,-48.5206547479943,5.30330085889907));
#3151=CARTESIAN_POINT('',(-39.3756558535571,-53.200636519709,-8.76093065034925));
#3152=CARTESIAN_POINT('Origin',(-32.8804653251738,-56.9506365197089,-8.76093065034926));
#3153=CARTESIAN_POINT('',(-19.6201905283831,-18.9831668493417,30.7499999999997));
#3154=CARTESIAN_POINT('Origin',(-25.8483495705504,44.770654747994,5.3033008588991));
#3155=CARTESIAN_POINT('',(-26.3852747967913,60.7006365197085,-8.76093065034924));
#3156=CARTESIAN_POINT('',(-39.3756558535578,53.2006365197084,-8.76093065034923));
#3157=CARTESIAN_POINT('Origin',(-32.8804653251746,56.9506365197085,-8.76093065034924));
#3158=CARTESIAN_POINT('',(-22.0048094716167,53.1134480157124,2.34508963394192E-14));
#3159=CARTESIAN_POINT('',(-6.62980947161683,26.4831668493415,30.7499999999997));
#3160=CARTESIAN_POINT('',(-34.9951905283832,45.6134480157123,2.17855618024814E-14));
#3161=CARTESIAN_POINT('Origin',(-28.5000000000001,49.3634480157122,2.84468999502324E-14));
#3162=CARTESIAN_POINT('',(-32.3435400989337,41.020654747994,5.30330085889909));
#3163=CARTESIAN_POINT('Origin',(-33.4107954110637,-57.8691951732526,-9.82159082212909));
#3164=CARTESIAN_POINT('',(-32.8804653251738,-52.982009553112,-12.1978624215661));
#3165=CARTESIAN_POINT('Origin',(-32.8804653251738,-56.9506365197089,-8.76093065034927));
#3166=CARTESIAN_POINT('',(-33.4107954110637,-53.9005682066557,-13.258522593346));
#3167=CARTESIAN_POINT('',(-33.4107954110637,-53.9005682066557,-13.258522593346));
#3168=CARTESIAN_POINT('Origin',(-33.4107954110637,-57.8691951732526,-9.82159082212909));
#3169=CARTESIAN_POINT('Origin',(-33.4107954110645,57.8691951732522,-9.82159082212907));
#3170=CARTESIAN_POINT('',(-32.8804653251746,60.9192634863054,-5.32399887913239));
#3171=CARTESIAN_POINT('Origin',(-32.8804653251746,56.9506365197085,-8.76093065034924));
#3172=CARTESIAN_POINT('',(-33.4107954110645,61.8378221398491,-6.38465905091222));
#3173=CARTESIAN_POINT('',(-33.4107954110645,61.8378221398491,-6.38465905091221));
#3174=CARTESIAN_POINT('Origin',(-33.4107954110645,57.8691951732522,-9.82159082212907));
#3175=CARTESIAN_POINT('Origin',(66.8215908221284,2.18083125383496E-15,-9.82159082212908));
#3176=CARTESIAN_POINT('',(69.473241251578,1.76395841377578E-15,-5.0486200491199));
#3177=CARTESIAN_POINT('Origin',(65.7609306503486,1.9453173850324E-15,-8.76093065034926));
#3178=CARTESIAN_POINT('',(70.5339014233578,1.99947228257835E-15,-6.10928022089973));
#3179=CARTESIAN_POINT('',(70.5339014233578,1.99947228257835E-15,-6.10928022089973));
#3180=CARTESIAN_POINT('Origin',(66.8215908221284,2.18083125383496E-15,-9.82159082212908));
#3181=CARTESIAN_POINT('Origin',(0.,-9.99200722162641E-16,4.5));
#3182=CARTESIAN_POINT('',(-44.6833638082792,-62.0938563690239,3.30000000000001));
#3183=CARTESIAN_POINT('',(-44.6833638082792,-62.0938563690239,1.19999999999998));
#3184=CARTESIAN_POINT('',(-44.6833638082792,-62.0938563690239,4.49999999999999));
#3185=CARTESIAN_POINT('Origin',(0.,-2.66453525910036E-16,1.19999999999999));
#3186=CARTESIAN_POINT('',(-31.4331751303776,-69.7438563690237,3.30000000000001));
#3187=CARTESIAN_POINT('',(-31.4331751303776,-69.7438563690237,4.49999999999999));
#3188=CARTESIAN_POINT('Origin',(0.,-7.32747196252608E-16,3.30000000000002));
#3189=CARTESIAN_POINT('Origin',(0.,-9.99200722162641E-16,4.5));
#3190=CARTESIAN_POINT('',(-44.6833638082788,62.0938563690241,1.20000000000001));
#3191=CARTESIAN_POINT('Origin',(0.,-2.66453525910036E-16,1.19999999999999));
#3192=CARTESIAN_POINT('',(-44.6833638082788,62.0938563690241,3.30000000000004));
#3193=CARTESIAN_POINT('',(-44.6833638082788,62.0938563690241,4.50000000000002));
#3194=CARTESIAN_POINT('Origin',(0.,-7.32747196252608E-16,3.30000000000002));
#3195=CARTESIAN_POINT('Origin',(0.,-9.99200722162641E-16,4.5));
#3196=CARTESIAN_POINT('',(76.1165389386564,-7.65,3.30000000000002));
#3197=CARTESIAN_POINT('',(76.1165389386564,-7.65,1.19999999999999));
#3198=CARTESIAN_POINT('',(76.1165389386564,-7.65,4.5));
#3199=CARTESIAN_POINT('',(76.1165389386565,7.64999999999961,1.2));
#3200=CARTESIAN_POINT('Origin',(0.,-2.66453525910036E-16,1.19999999999999));
#3201=CARTESIAN_POINT('',(76.1165389386565,7.64999999999961,3.30000000000002));
#3202=CARTESIAN_POINT('',(76.1165389386565,7.64999999999961,4.50000000000001));
#3203=CARTESIAN_POINT('Origin',(0.,-7.32747196252608E-16,3.30000000000002));
#3204=CARTESIAN_POINT('Origin',(-23.7336243673409,-56.1078432519903,-14.0642315092483));
#3205=CARTESIAN_POINT('',(-30.765740121965,-68.2878250237051,-1.26649413231717E-14));
#3206=CARTESIAN_POINT('',(-23.7336243673409,-56.1078432519903,-14.0642315092483));
#3207=CARTESIAN_POINT('',(-43.7561211787317,-60.7878250237053,-1.0999606786234E-14));
#3208=CARTESIAN_POINT('',(-30.765740121965,-68.2878250237051,-1.84026683307639E-15));
#3209=CARTESIAN_POINT('',(-36.7240054241076,-48.6078432519905,-14.0642315092483));
#3210=CARTESIAN_POINT('Origin',(-36.7240054241082,48.60784325199,-14.0642315092483));
#3211=CARTESIAN_POINT('',(-30.765740121966,68.2878250237048,1.76609449339848E-14));
#3212=CARTESIAN_POINT('',(-23.7336243673417,56.10784325199,-14.0642315092483));
#3213=CARTESIAN_POINT('',(-43.7561211787325,60.7878250237047,1.5995610397047E-14));
#3214=CARTESIAN_POINT('',(-36.7240054241082,48.60784325199,-14.0642315092483));
#3215=CARTESIAN_POINT('',(-43.7561211787325,60.7878250237046,2.68202848871423E-14));
#3216=CARTESIAN_POINT('Origin',(76.5,-5.54667823983524E-31,2.4980018054066E-15));
#3217=CARTESIAN_POINT('',(-30.9401057165674,68.649835092647,1.7741327316722E-14));
#3218=CARTESIAN_POINT('',(-30.5570307419796,68.5263297735528,1.77139036269375E-14));
#3219=CARTESIAN_POINT('Origin',(-30.8168383631149,68.3763297735528,1.76805969361988E-14));
#3220=CARTESIAN_POINT('',(-18.7008459731971,47.9908153700972,1.315410344429E-14));
#3221=CARTESIAN_POINT('',(25.8799981495186,-29.2254716947548,-3.99135651080291E-15));
#3222=CARTESIAN_POINT('',(-8.00354711539438,43.0625502446344,1.20598087615408E-14));
#3223=CARTESIAN_POINT('Origin',(-9.86738685459581,53.0908153700972,1.42865309294076E-14));
#3224=CARTESIAN_POINT('',(41.2950360212945,14.5999999999998,5.73985303731201E-15));
#3225=CARTESIAN_POINT('Origin',(0.,-5.54667823983524E-31,2.4980018054066E-15));
#3226=CARTESIAN_POINT('',(50.9116882454315,7.79999999999974,4.22994972382179E-15));
#3227=CARTESIAN_POINT('Origin',(50.9116882454315,17.9999999999997,6.49480469405711E-15));
#3228=CARTESIAN_POINT('',(74.6240577829965,7.79999999999961,4.22994972382176E-15));
#3229=CARTESIAN_POINT('',(76.5,7.79999999999961,4.22994972382176E-15));
#3230=CARTESIAN_POINT('',(74.9225540141285,7.52999999999961,4.169997680492E-15));
#3231=CARTESIAN_POINT('Origin',(74.6240577829965,7.49999999999961,4.16333634234425E-15));
#3232=CARTESIAN_POINT('',(74.9225540141285,-7.53,8.26005930321116E-16));
#3233=CARTESIAN_POINT('Origin',(0.,-5.54667823983524E-31,2.4980018054066E-15));
#3234=CARTESIAN_POINT('',(74.6240577829965,-7.8,7.66053886991358E-16));
#3235=CARTESIAN_POINT('Origin',(74.6240577829965,-7.5,8.32667268468868E-16));
#3236=CARTESIAN_POINT('',(50.9116882454314,-7.8,7.66053886991357E-16));
#3237=CARTESIAN_POINT('',(76.5,-7.8,7.66053886991358E-16));
#3238=CARTESIAN_POINT('Origin',(50.9116882454314,-18.,-1.49880108324396E-15));
#3239=CARTESIAN_POINT('',(25.8799981495189,29.2254716947549,8.98736012161615E-15));
#3240=CARTESIAN_POINT('',(-43.9824482975611,-61.119835092647,-1.10733278308233E-14));
#3241=CARTESIAN_POINT('Origin',(0.,-5.54667823983524E-31,2.4980018054066E-15));
#3242=CARTESIAN_POINT('',(-44.0670270410169,-60.7263297735528,-1.09859520977091E-14));
#3243=CARTESIAN_POINT('Origin',(-43.8072194198816,-60.8763297735528,-1.10192587884478E-14));
#3244=CARTESIAN_POINT('',(-32.2108422722344,-40.1908153700972,-6.4261519150615E-15));
#3245=CARTESIAN_POINT('',(12.3700018504814,37.0254716947548,1.07193080400314E-14));
#3246=CARTESIAN_POINT('',(-33.2914889059,-28.4625502446344,-3.82195391882209E-15));
#3247=CARTESIAN_POINT('Origin',(-41.0443013908356,-35.0908153700972,-5.29372442994384E-15));
#3248=CARTESIAN_POINT('',(-33.2914889058998,28.4625502446346,8.81795752963534E-15));
#3249=CARTESIAN_POINT('Origin',(0.,-5.54667823983524E-31,2.4980018054066E-15));
#3250=CARTESIAN_POINT('',(-32.2108422722341,40.1908153700974,1.14221555258747E-14));
#3251=CARTESIAN_POINT('Origin',(-41.0443013908354,35.0908153700974,1.02897280407571E-14));
#3252=CARTESIAN_POINT('',(-44.0670270410166,60.726329773553,1.59819557085224E-14));
#3253=CARTESIAN_POINT('',(12.370001850481,-37.0254716947546,-5.7233044292181E-15));
#3254=CARTESIAN_POINT('',(-43.9824482975607,61.1198350926473,1.60693314416365E-14));
#3255=CARTESIAN_POINT('Origin',(-43.8072194198812,60.8763297735531,1.60152623992611E-14));
#3256=CARTESIAN_POINT('Origin',(0.,-5.54667823983524E-31,2.4980018054066E-15));
#3257=CARTESIAN_POINT('',(29.4397303562144,-27.8128077790321,-6.17568391515103E-15));
#3258=CARTESIAN_POINT('Origin',(0.,0.,0.));
#3259=CARTESIAN_POINT('',(26.1686492055239,-24.7224958035841,-5.48949681346758E-15));
#3260=CARTESIAN_POINT('Origin',(27.8041897808691,-26.2676517913081,-5.8325903643093E-15));
#3261=CARTESIAN_POINT('Origin',(0.,0.,0.));
#3262=CARTESIAN_POINT('',(8.32598480809609,35.0239628964992,7.77688200426212E-15));
#3263=CARTESIAN_POINT('Origin',(0.,0.,0.));
#3264=CARTESIAN_POINT('',(9.3667329091081,39.4019582585616,8.74899225479489E-15));
#3265=CARTESIAN_POINT('Origin',(0.,0.,0.));
#3266=CARTESIAN_POINT('Origin',(8.84635885860209,37.2129605775304,8.2629371295285E-15));
#3267=CARTESIAN_POINT('',(-34.4946340136199,10.3014670929153,2.28738519079459E-15));
#3268=CARTESIAN_POINT('',(-38.8064632653224,11.5891504795297,2.57330833964391E-15));
#3269=CARTESIAN_POINT('Origin',(-36.6505486394712,10.9453087862225,2.43034676521925E-15));
#3270=CARTESIAN_POINT('Origin',(0.,0.,0.));
#3271=CARTESIAN_POINT('Origin',(0.,0.,0.));
#3272=CARTESIAN_POINT('',(74.5218613006979,7.5,4.16333634234434E-15));
#3273=CARTESIAN_POINT('',(74.5218613006979,-7.5,8.32667268468868E-16));
#3274=CARTESIAN_POINT('',(74.5218613006979,7.5,1.49880108324396E-14));
#3275=CARTESIAN_POINT('',(56.9999999999994,7.5,1.33226762955019E-14));
#3276=CARTESIAN_POINT('',(46.3933982822012,7.5,1.2490009027033E-14));
#3277=CARTESIAN_POINT('',(56.9999999999994,-7.5,9.99200722162641E-15));
#3278=CARTESIAN_POINT('Origin',(56.9999999999988,4.27158308724529E-13,2.66453525910039E-14));
#3279=CARTESIAN_POINT('',(46.3933982822012,-7.5,9.15933995315754E-15));
#3280=CARTESIAN_POINT('',(-29.6918896694841,36.4278614802755,1.89132846007468E-14));
#3281=CARTESIAN_POINT('',(-16.7015086127175,43.9278614802755,2.05786191376846E-14));
#3282=CARTESIAN_POINT('',(-16.7015086127169,-43.9278614802758,1.07072984250594E-15));
#3283=CARTESIAN_POINT('',(-29.6918896694836,-36.4278614802759,2.73606437944365E-15));
#3284=CARTESIAN_POINT('Origin',(60.4576297914494,7.5,-14.0642315092483));
#3285=CARTESIAN_POINT('',(65.7609306503486,-7.5,-8.76093065034925));
#3286=CARTESIAN_POINT('',(65.7609306503486,7.5,-8.76093065034924));
#3287=CARTESIAN_POINT('Origin',(65.7609306503486,1.9453173850324E-15,-8.76093065034924));
#3288=CARTESIAN_POINT('',(60.4576297914494,7.5,-14.0642315092483));
#3289=CARTESIAN_POINT('',(60.4576297914494,-7.5,-14.0642315092483));
#3290=CARTESIAN_POINT('Origin',(0.,7.5,4.50000000000001));
#3291=CARTESIAN_POINT('',(51.6966991411004,7.5,5.30330085889908));
#3292=CARTESIAN_POINT('Origin',(0.,-7.5,4.5));
#3293=CARTESIAN_POINT('',(26.25,-7.50000000000001,30.7499999999997));
#3294=CARTESIAN_POINT('Origin',(66.8215908221284,2.18083125383496E-15,-9.82159082212908));
#3295=CARTESIAN_POINT('',(66.8215908221284,-2.5,-9.82159082212909));
#3296=CARTESIAN_POINT('Origin',(66.8215908221284,2.18083125383496E-15,-9.82159082212909));
#3297=CARTESIAN_POINT('Origin',(-6.49519052838327,-3.75000000000003,4.5));
#3298=CARTESIAN_POINT('Origin',(6.49519052838327,3.75000000000003,4.50000000000001));
#3299=CARTESIAN_POINT('Origin',(6.49519052838333,-3.74999999999994,4.5));
#3300=CARTESIAN_POINT('Origin',(-6.49519052838333,3.74999999999994,4.50000000000001));
#3301=CARTESIAN_POINT('Origin',(-33.4107954110645,57.8691951732522,-9.82159082212907));
#3302=CARTESIAN_POINT('Origin',(-33.4107954110637,-57.8691951732526,-9.82159082212909));
#3303=CARTESIAN_POINT('Origin',(26.25,-6.82787160144465E-15,30.7499999999997));
#3304=CARTESIAN_POINT('Origin',(44.0908153700972,-8.99999999999999,-30.));
#3305=CARTESIAN_POINT('',(50.9116882454314,-9.,3.30000000000002));
#3306=CARTESIAN_POINT('',(50.9116882454314,-9.,1.19999999999999));
#3307=CARTESIAN_POINT('',(50.9116882454314,-9.,-1.99840144432528E-15));
#3308=CARTESIAN_POINT('',(74.6240577829965,-9.,1.19999999999999));
#3309=CARTESIAN_POINT('',(44.0908153700972,-9.,1.19999999999999));
#3310=CARTESIAN_POINT('',(74.6240577829965,-9.,3.30000000000002));
#3311=CARTESIAN_POINT('',(74.6240577829965,-8.99999999999999,-30.));
#3312=CARTESIAN_POINT('',(44.0908153700972,-9.,3.30000000000002));
#3313=CARTESIAN_POINT('Origin',(-14.2511790509889,-42.6837661840735,-30.));
#3314=CARTESIAN_POINT('',(-29.5178002574386,-69.1263297735527,3.3));
#3315=CARTESIAN_POINT('',(-29.5178002574386,-69.1263297735527,-30.));
#3316=CARTESIAN_POINT('',(-14.2511790509889,-42.6837661840735,1.19999999999998));
#3317=CARTESIAN_POINT('',(-17.661615488656,-48.5908153700971,3.30000000000001));
#3318=CARTESIAN_POINT('',(-17.661615488656,-48.5908153700971,4.49999999999999));
#3319=CARTESIAN_POINT('',(-14.2511790509889,-42.6837661840735,3.30000000000001));
#3320=CARTESIAN_POINT('Origin',(0.,6.66133814775094E-15,-30.));
#3321=CARTESIAN_POINT('',(42.4264068711929,14.9999999999998,1.2));
#3322=CARTESIAN_POINT('',(42.4264068711929,14.9999999999998,-30.));
#3323=CARTESIAN_POINT('Origin',(0.,-2.66453525910036E-16,1.19999999999999));
#3324=CARTESIAN_POINT('Origin',(-14.2511790509887,42.6837661840736,-30.));
#3325=CARTESIAN_POINT('',(-14.2511790509887,42.6837661840736,1.19999999999999));
#3326=CARTESIAN_POINT('',(-14.2511790509887,42.6837661840736,3.30000000000004));
#3327=CARTESIAN_POINT('Origin',(44.0908153700973,8.99999999999978,-30.));
#3328=CARTESIAN_POINT('',(74.6240577829965,8.99999999999961,3.30000000000002));
#3329=CARTESIAN_POINT('',(74.6240577829965,8.99999999999961,1.19999999999999));
#3330=CARTESIAN_POINT('',(74.6240577829965,8.99999999999962,-30.));
#3331=CARTESIAN_POINT('',(50.9116882454315,8.99999999999974,1.19999999999999));
#3332=CARTESIAN_POINT('',(44.0908153700973,8.99999999999978,1.19999999999999));
#3333=CARTESIAN_POINT('',(50.9116882454315,8.99999999999974,3.30000000000002));
#3334=CARTESIAN_POINT('',(50.9116882454315,8.99999999999974,4.50000000000001));
#3335=CARTESIAN_POINT('',(44.0908153700973,8.99999999999978,3.30000000000002));
#3336=CARTESIAN_POINT('Origin',(0.,6.66133814775094E-15,-30.));
#3337=CARTESIAN_POINT('',(-34.2035844923629,29.2423461417479,3.30000000000003));
#3338=CARTESIAN_POINT('',(-34.2035844923629,29.2423461417479,1.2));
#3339=CARTESIAN_POINT('',(-34.2035844923629,29.2423461417479,-30.));
#3340=CARTESIAN_POINT('',(-34.203584492363,-29.2423461417476,1.19999999999999));
#3341=CARTESIAN_POINT('Origin',(0.,-2.66453525910036E-16,1.19999999999999));
#3342=CARTESIAN_POINT('',(-34.203584492363,-29.2423461417476,3.30000000000001));
#3343=CARTESIAN_POINT('',(-34.203584492363,-29.2423461417476,-30.));
#3344=CARTESIAN_POINT('Origin',(0.,-7.32747196252608E-16,3.30000000000002));
#3345=CARTESIAN_POINT('Origin',(-29.8396363191086,-33.6837661840735,-30.));
#3346=CARTESIAN_POINT('',(-33.2500727567757,-39.5908153700972,3.30000000000001));
#3347=CARTESIAN_POINT('',(-33.2500727567757,-39.5908153700972,1.19999999999999));
#3348=CARTESIAN_POINT('',(-33.2500727567757,-39.5908153700972,-8.79092695751308E-15));
#3349=CARTESIAN_POINT('',(-45.1062575255582,-60.1263297735528,1.19999999999998));
#3350=CARTESIAN_POINT('',(-29.8396363191086,-33.6837661840735,1.2));
#3351=CARTESIAN_POINT('',(-45.1062575255582,-60.1263297735528,3.30000000000001));
#3352=CARTESIAN_POINT('',(-45.1062575255582,-60.1263297735528,-30.));
#3353=CARTESIAN_POINT('',(-29.8396363191086,-33.6837661840735,3.30000000000001));
#3354=CARTESIAN_POINT('Origin',(-29.8396363191084,33.6837661840737,-30.));
#3355=CARTESIAN_POINT('',(-45.1062575255579,60.1263297735531,3.30000000000002));
#3356=CARTESIAN_POINT('',(-45.1062575255579,60.1263297735531,1.20000000000001));
#3357=CARTESIAN_POINT('',(-45.1062575255579,60.1263297735531,-30.));
#3358=CARTESIAN_POINT('',(-33.2500727567754,39.5908153700974,1.2));
#3359=CARTESIAN_POINT('',(-29.8396363191084,33.6837661840737,1.2));
#3360=CARTESIAN_POINT('',(-33.2500727567754,39.5908153700974,3.30000000000003));
#3361=CARTESIAN_POINT('',(-33.2500727567754,39.5908153700974,4.50000000000001));
#3362=CARTESIAN_POINT('',(-29.8396363191084,33.6837661840737,3.30000000000002));
#3363=CARTESIAN_POINT('Origin',(0.,6.66133814775094E-15,-30.));
#3364=CARTESIAN_POINT('',(-38.8064632653224,11.5891504795297,-30.));
#3365=CARTESIAN_POINT('Origin',(0.,6.66133814775094E-15,-30.));
#3366=CARTESIAN_POINT('',(-34.4946340136199,10.3014670929153,-30.));
#3367=CARTESIAN_POINT('Origin',(0.,6.66133814775094E-15,-30.));
#3368=CARTESIAN_POINT('',(9.3667329091081,39.4019582585616,-30.));
#3369=CARTESIAN_POINT('Origin',(0.,6.66133814775094E-15,-30.));
#3370=CARTESIAN_POINT('',(8.32598480809609,35.0239628964992,-30.));
#3371=CARTESIAN_POINT('Origin',(0.,6.66133814775094E-15,-30.));
#3372=CARTESIAN_POINT('',(29.4397303562144,-27.8128077790321,-30.));
#3373=CARTESIAN_POINT('Origin',(0.,6.66133814775094E-15,-30.));
#3374=CARTESIAN_POINT('',(26.1686492055239,-24.7224958035841,-30.));
#3375=CARTESIAN_POINT('Origin',(-41.0443013908354,35.0908153700974,-30.));
#3376=CARTESIAN_POINT('Origin',(-41.0443013908354,35.0908153700974,1.2));
#3377=CARTESIAN_POINT('Origin',(-41.0443013908354,35.0908153700974,3.30000000000003));
#3378=CARTESIAN_POINT('Origin',(50.9116882454315,17.9999999999997,-30.));
#3379=CARTESIAN_POINT('Origin',(50.9116882454315,17.9999999999997,1.2));
#3380=CARTESIAN_POINT('Origin',(50.9116882454315,17.9999999999997,3.30000000000003));
#3381=CARTESIAN_POINT('Origin',(50.9116882454314,-18.,-30.));
#3382=CARTESIAN_POINT('Origin',(50.9116882454314,-18.,1.19999999999999));
#3383=CARTESIAN_POINT('Origin',(50.9116882454314,-18.,3.30000000000002));
#3384=CARTESIAN_POINT('Origin',(-9.86738685459608,-53.0908153700972,-30.));
#3385=CARTESIAN_POINT('Origin',(-9.86738685459608,-53.0908153700972,3.30000000000001));
#3386=CARTESIAN_POINT('Origin',(-41.0443013908356,-35.0908153700972,-30.));
#3387=CARTESIAN_POINT('Origin',(-41.0443013908356,-35.0908153700972,1.19999999999999));
#3388=CARTESIAN_POINT('Origin',(-41.0443013908356,-35.0908153700972,3.30000000000001));
#3389=CARTESIAN_POINT('Origin',(-36.6505486394712,10.9453087862225,-30.));
#3390=CARTESIAN_POINT('Origin',(27.8041897808691,-26.2676517913081,-30.));
#3391=CARTESIAN_POINT('Origin',(8.84635885860209,37.2129605775304,-30.));
#3392=CARTESIAN_POINT('Origin',(-30.8168383631153,-68.3763297735527,4.49999999999999));
#3393=CARTESIAN_POINT('Origin',(-30.8168383631153,-68.3763297735527,3.30000000000001));
#3394=CARTESIAN_POINT('Origin',(-43.8072194198816,-60.8763297735528,4.49999999999999));
#3395=CARTESIAN_POINT('Origin',(-43.8072194198816,-60.8763297735528,1.19999999999998));
#3396=CARTESIAN_POINT('Origin',(-43.8072194198816,-60.8763297735528,3.30000000000001));
#3397=CARTESIAN_POINT('Origin',(-43.8072194198812,60.8763297735531,4.50000000000002));
#3398=CARTESIAN_POINT('Origin',(-43.8072194198812,60.8763297735531,1.20000000000001));
#3399=CARTESIAN_POINT('Origin',(-43.8072194198812,60.8763297735531,3.30000000000004));
#3400=CARTESIAN_POINT('Origin',(74.6240577829965,7.49999999999961,4.50000000000001));
#3401=CARTESIAN_POINT('Origin',(74.6240577829965,7.49999999999961,1.2));
#3402=CARTESIAN_POINT('Origin',(74.6240577829965,7.49999999999961,3.30000000000002));
#3403=CARTESIAN_POINT('Origin',(74.6240577829965,-7.5,4.5));
#3404=CARTESIAN_POINT('Origin',(74.6240577829965,-7.5,1.19999999999999));
#3405=CARTESIAN_POINT('Origin',(74.6240577829965,-7.5,3.30000000000002));
#3406=CARTESIAN_POINT('Origin',(0.,-9.99200722162641E-16,4.5));
#3407=CARTESIAN_POINT('',(41.2950360212944,-14.6,4.5));
#3408=CARTESIAN_POINT('',(-8.22282237883007,-44.2423461417476,3.30000000000001));
#3409=CARTESIAN_POINT('Origin',(-9.86738685459608,-53.0908153700972,4.49999999999999));
#3410=CARTESIAN_POINT('',(-17.661615488656,-48.5908153700971,3.30000000000001));
#3411=CARTESIAN_POINT('Origin',(50.9116882454314,-18.,4.5));
#3412=CARTESIAN_POINT('',(50.9116882454314,-7.80000000000003,4.5));
#3413=CARTESIAN_POINT('Origin',(25.879998149519,29.2254716947549,4.50000000000001));
#3414=CARTESIAN_POINT('',(-29.5178002574386,-69.1263297735527,3.3));
#3415=CARTESIAN_POINT('Origin',(76.5,-7.80000000000003,4.5));
#3416=CARTESIAN_POINT('',(74.6240577829965,-7.80000000000003,4.5));
#3417=CARTESIAN_POINT('Origin',(-30.8168383631153,-68.3763297735527,4.49999999999999));
#3418=CARTESIAN_POINT('',(-31.4331751303776,-69.7438563690237,3.30000000000001));
#3419=CARTESIAN_POINT('Origin',(74.6240577829965,-7.5,4.5));
#3420=CARTESIAN_POINT('',(74.9225540141285,-7.53000000000001,4.5));
#3421=CARTESIAN_POINT('Origin',(0.,-7.32747196252608E-16,3.30000000000002));
#3422=CARTESIAN_POINT('',(-44.6833638082792,-62.0938563690239,3.30000000000001));
#3423=CARTESIAN_POINT('Origin',(0.,-7.32747196252608E-16,3.30000000000002));
#3424=CARTESIAN_POINT('',(74.9225540141286,7.52999999999961,4.50000000000001));
#3425=CARTESIAN_POINT('Origin',(-43.8072194198816,-60.8763297735528,4.49999999999999));
#3426=CARTESIAN_POINT('',(-45.1062575255582,-60.1263297735528,3.30000000000001));
#3427=CARTESIAN_POINT('Origin',(74.6240577829965,7.49999999999961,4.50000000000001));
#3428=CARTESIAN_POINT('',(74.6240577829965,7.79999999999963,4.50000000000001));
#3429=CARTESIAN_POINT('Origin',(12.3700018504814,37.0254716947548,4.50000000000001));
#3430=CARTESIAN_POINT('',(-33.2500727567757,-39.5908153700972,3.30000000000001));
#3431=CARTESIAN_POINT('Origin',(76.5,7.79999999999963,4.50000000000001));
#3432=CARTESIAN_POINT('',(50.9116882454315,7.79999999999977,4.50000000000001));
#3433=CARTESIAN_POINT('Origin',(-41.0443013908356,-35.0908153700972,4.5));
#3434=CARTESIAN_POINT('',(-34.203584492363,-29.2423461417476,3.30000000000001));
#3435=CARTESIAN_POINT('Origin',(50.9116882454315,17.9999999999997,4.50000000000001));
#3436=CARTESIAN_POINT('Origin',(0.,-9.99200722162641E-16,4.5));
#3437=CARTESIAN_POINT('',(-34.2035844923629,29.2423461417479,3.30000000000003));
#3438=CARTESIAN_POINT('Origin',(-41.0443013908354,35.0908153700974,4.50000000000001));
#3439=CARTESIAN_POINT('',(-33.2500727567755,39.5908153700974,3.30000000000003));
#3440=CARTESIAN_POINT('Origin',(12.370001850481,-37.0254716947545,4.5));
#3441=CARTESIAN_POINT('',(-45.1062575255579,60.1263297735531,3.30000000000003));
#3442=CARTESIAN_POINT('Origin',(25.8799981495186,-29.2254716947548,4.5));
#3443=CARTESIAN_POINT('Origin',(-43.8072194198812,60.8763297735531,4.50000000000002));
#3444=CARTESIAN_POINT('',(-44.6833638082788,62.0938563690241,3.30000000000004));
#3445=CARTESIAN_POINT('Origin',(0.,-7.32747196252608E-16,3.30000000000002));
#3446=CARTESIAN_POINT('Origin',(25.8799981495189,29.2254716947549,8.98736012161615E-15));
#3447=CARTESIAN_POINT('Origin',(0.,-5.54667823983524E-31,2.4980018054066E-15));
#3448=CARTESIAN_POINT('',(-43.9824482975611,-61.119835092647,-1.10733278308233E-14));
#3449=CARTESIAN_POINT('Origin',(-43.8072194198816,-60.8763297735528,-1.10192587884478E-14));
#3450=CARTESIAN_POINT('',(-44.0670270410169,-60.7263297735528,-1.09859520977091E-14));
#3451=CARTESIAN_POINT('Origin',(50.9116882454314,-18.,-3.99680288865056E-15));
#3452=CARTESIAN_POINT('',(50.9116882454314,-9.,1.19999999999999));
#3453=CARTESIAN_POINT('Origin',(12.3700018504814,37.0254716947548,1.07193080400314E-14));
#3454=CARTESIAN_POINT('',(-32.2108422722344,-40.1908153700972,-6.4261519150615E-15));
#3455=CARTESIAN_POINT('Origin',(76.5,-7.8,7.66053886991358E-16));
#3456=CARTESIAN_POINT('',(74.6240577829965,-9.,1.19999999999999));
#3457=CARTESIAN_POINT('Origin',(-41.0443013908356,-35.0908153700972,-7.79172623535044E-15));
#3458=CARTESIAN_POINT('',(-33.2914889059,-28.4625502446344,-3.82195391882209E-15));
#3459=CARTESIAN_POINT('Origin',(74.6240577829965,-7.5,8.32667268468868E-16));
#3460=CARTESIAN_POINT('',(76.1165389386564,-7.65,1.19999999999999));
#3461=CARTESIAN_POINT('Origin',(0.,0.,0.));
#3462=CARTESIAN_POINT('',(-33.2914889058998,28.4625502446346,8.81795752963534E-15));
#3463=CARTESIAN_POINT('Origin',(0.,-5.54667823983524E-31,2.4980018054066E-15));
#3464=CARTESIAN_POINT('',(76.1165389386565,7.64999999999961,1.2));
#3465=CARTESIAN_POINT('Origin',(-41.0443013908354,35.0908153700974,7.7917262353505E-15));
#3466=CARTESIAN_POINT('',(-32.2108422722341,40.1908153700974,1.14221555258747E-14));
#3467=CARTESIAN_POINT('Origin',(74.6240577829965,7.49999999999961,4.16333634234425E-15));
#3468=CARTESIAN_POINT('',(74.6240577829965,8.99999999999961,1.2));
#3469=CARTESIAN_POINT('Origin',(12.370001850481,-37.0254716947545,-5.7233044292181E-15));
#3470=CARTESIAN_POINT('',(-44.0670270410166,60.726329773553,1.59819557085224E-14));
#3471=CARTESIAN_POINT('Origin',(76.5,7.79999999999961,4.22994972382176E-15));
#3472=CARTESIAN_POINT('',(50.9116882454315,8.99999999999974,1.19999999999999));
#3473=CARTESIAN_POINT('Origin',(-43.8072194198812,60.8763297735531,1.60152623992611E-14));
#3474=CARTESIAN_POINT('',(-43.9824482975607,61.1198350926473,1.60693314416365E-14));
#3475=CARTESIAN_POINT('Origin',(50.9116882454315,17.9999999999997,3.99680288865051E-15));
#3476=CARTESIAN_POINT('',(42.4264068711929,14.9999999999998,1.2));
#3477=CARTESIAN_POINT('Origin',(0.,-5.54667823983524E-31,2.4980018054066E-15));
#3478=CARTESIAN_POINT('',(-30.9401057165674,68.649835092647,1.7741327316722E-14));
#3479=CARTESIAN_POINT('Origin',(0.,0.,0.));
#3480=CARTESIAN_POINT('',(-8.22282237882984,44.2423461417477,1.2));
#3481=CARTESIAN_POINT('Origin',(-30.8168383631149,68.3763297735528,1.76805969361988E-14));
#3482=CARTESIAN_POINT('',(-30.5570307419796,68.5263297735528,1.77139036269375E-14));
#3483=CARTESIAN_POINT('Origin',(-9.86738685459581,53.0908153700972,1.1788529124001E-14));
#3484=CARTESIAN_POINT('',(-17.6616154886558,48.5908153700972,1.2));
#3485=CARTESIAN_POINT('Origin',(25.8799981495186,-29.2254716947548,-3.99135651080291E-15));
#3486=CARTESIAN_POINT('Origin',(70.3571247280611,2.9024762198413E-15,-13.3571247280618));
#3487=CARTESIAN_POINT('',(70.3571247280611,-2.5,-13.3571247280618));
#3488=CARTESIAN_POINT('Origin',(70.3571247280611,3.01349852230383E-15,-13.3571247280618));
#3489=CARTESIAN_POINT('Origin',(66.8215908221284,2.18083125383496E-15,-9.82159082212909));
#3490=CARTESIAN_POINT('',(66.8215908221284,-2.5,-9.82159082212909));
#3491=CARTESIAN_POINT('Origin',(66.8215908221284,2.06980895137243E-15,-9.82159082212909));
#3492=CARTESIAN_POINT('',(67.2812102298996,2.1583772859651E-15,-9.36197141435785));
#3493=CARTESIAN_POINT('Origin',(66.8215908221284,2.18083125383496E-15,-9.82159082212908));
#3494=CARTESIAN_POINT('Origin',(57.2756492761101,6.12064346118403E-17,-0.275649276110561));
#3495=CARTESIAN_POINT('',(57.7352686838813,3.87524667419826E-17,0.183970131660632));
#3496=CARTESIAN_POINT('Origin',(57.27564927611,6.12064346118483E-17,-0.275649276110597));
#3497=CARTESIAN_POINT('Origin',(46.4310315447823,-2.34678242510383E-15,
10.5689684552172));
#3498=CARTESIAN_POINT('',(46.8906509525535,-2.3692363929737E-15,11.0285878629885));
#3499=CARTESIAN_POINT('Origin',(-28.6378246380546,-49.6021672913594,-0.275649276110572));
#3500=CARTESIAN_POINT('',(-29.4333197668894,-50.9800052716749,1.3153409815591));
#3501=CARTESIAN_POINT('Origin',(-28.6378246380545,-49.6021672913593,-0.275649276110602));
#3502=CARTESIAN_POINT('Origin',(-23.2155157723908,-40.2104528416983,10.5689684552172));
#3503=CARTESIAN_POINT('',(-34.0295138446019,-58.9408469357203,-7.87704717386613));
#3504=CARTESIAN_POINT('Origin',(-33.234018715767,-57.5630089554047,-9.46803743153582));
#3505=CARTESIAN_POINT('',(-24.0110109012256,-41.5882908220138,12.1599587128869));
#3506=CARTESIAN_POINT('Origin',(-33.234018715767,-57.5630089554047,-9.46803743153582));
#3507=UNCERTAINTY_MEASURE_WITH_UNIT(LENGTH_MEASURE(0.01),#3511,
'DISTANCE_ACCURACY_VALUE',
'Maximum model space distance between geometric entities at asserted c
onnectivities');
#3508=UNCERTAINTY_MEASURE_WITH_UNIT(LENGTH_MEASURE(0.01),#3511,
'DISTANCE_ACCURACY_VALUE',
'Maximum model space distance between geometric entities at asserted c
onnectivities');
#3509=(
GEOMETRIC_REPRESENTATION_CONTEXT(3)
GLOBAL_UNCERTAINTY_ASSIGNED_CONTEXT((#3507))
GLOBAL_UNIT_ASSIGNED_CONTEXT((#3511,#3513,#3514))
REPRESENTATION_CONTEXT('','3D')
);
#3510=(
GEOMETRIC_REPRESENTATION_CONTEXT(3)
GLOBAL_UNCERTAINTY_ASSIGNED_CONTEXT((#3508))
GLOBAL_UNIT_ASSIGNED_CONTEXT((#3511,#3513,#3514))
REPRESENTATION_CONTEXT('','3D')
);
#3511=(
LENGTH_UNIT()
NAMED_UNIT(*)
SI_UNIT(.MILLI.,.METRE.)
);
#3512=(
LENGTH_UNIT()
NAMED_UNIT(*)
SI_UNIT($,.METRE.)
);
#3513=(
NAMED_UNIT(*)
PLANE_ANGLE_UNIT()
SI_UNIT($,.RADIAN.)
);
#3514=(
NAMED_UNIT(*)
SI_UNIT($,.STERADIAN.)
SOLID_ANGLE_UNIT()
);
#3515=SHAPE_DEFINITION_REPRESENTATION(#3516,#3517);
#3516=PRODUCT_DEFINITION_SHAPE('',$,#3519);
#3517=SHAPE_REPRESENTATION('',(#2006),#3509);
#3518=PRODUCT_DEFINITION_CONTEXT('part definition',#3523,'design');
#3519=PRODUCT_DEFINITION('RSB-01_TOP','rsb-01_top v4',#3520,#3518);
#3520=PRODUCT_DEFINITION_FORMATION('',$,#3525);
#3521=PRODUCT_RELATED_PRODUCT_CATEGORY('rsb-01_top v4','rsb-01_top v4',
(#3525));
#3522=APPLICATION_PROTOCOL_DEFINITION('international standard',
'automotive_design',2009,#3523);
#3523=APPLICATION_CONTEXT(
'Core Data for Automotive Mechanical Design Process');
#3524=PRODUCT_CONTEXT('part definition',#3523,'mechanical');
#3525=PRODUCT('RSB-01_TOP','rsb-01_top v4','STEP AP214',(#3524));
#3526=PRESENTATION_STYLE_ASSIGNMENT((#3528));
#3527=PRESENTATION_STYLE_ASSIGNMENT((#3529));
#3528=SURFACE_STYLE_USAGE(.BOTH.,#3530);
#3529=SURFACE_STYLE_USAGE(.BOTH.,#3531);
#3530=SURFACE_SIDE_STYLE('',(#3532));
#3531=SURFACE_SIDE_STYLE('',(#3533));
#3532=SURFACE_STYLE_FILL_AREA(#3534);
#3533=SURFACE_STYLE_FILL_AREA(#3535);
#3534=FILL_AREA_STYLE('Steel - Satin',(#3536));
#3535=FILL_AREA_STYLE('Opaque(73,169,84)',(#3537));
#3536=FILL_AREA_STYLE_COLOUR('Steel - Satin',#3538);
#3537=FILL_AREA_STYLE_COLOUR('Opaque(73,169,84)',#3539);
#3538=COLOUR_RGB('Steel - Satin',0.627450980392157,0.627450980392157,0.627450980392157);
#3539=COLOUR_RGB('Opaque(73,169,84)',0.286274509803922,0.662745098039216,
0.329411764705882);
ENDSEC;
END-ISO-10303-21;
