ISO-10303-21;
HEADER;
/* Generated by software containing ST-Developer
 * from STEP Tools, Inc. (www.steptools.com) 
 */

FILE_DESCRIPTION(
/* description */ ('STEP AP214'),
/* implementation_level */ '2;1');

FILE_NAME(
/* name */ 'rsb-01_arm-axis-all.step',
/* time_stamp */ '2026-07-31T09:59:32+02:00',
/* author */ (''),
/* organization */ (''),
/* preprocessor_version */ 'ST-DEVELOPER v20.1',
/* originating_system */ 'Autodesk Translation Framework v15.8.0.0',
/* authorisation */ '');

FILE_SCHEMA (('AUTOMOTIVE_DESIGN { 1 0 10303 214 3 1 1 }'));
ENDSEC;

DATA;
#10=MECHANICAL_DESIGN_GEOMETRIC_PRESENTATION_REPRESENTATION('',(#13),#2678);
#11=SHAPE_REPRESENTATION_RELATIONSHIP('SRR','None',#2685,#12);
#12=ADVANCED_BREP_SHAPE_REPRESENTATION('',(#14),#2677);
#13=STYLED_ITEM('',(#2695),#14);
#14=MANIFOLD_SOLID_BREP('Body1',#722);
#15=TOROIDAL_SURFACE('',#767,35.5058530648083,30.);
#16=(
BOUNDED_SURFACE()
B_SPLINE_SURFACE(2,2,((#1657,#1658,#1659),(#1660,#1661,#1662),(#1663,#1664,
#1665)),.UNSPECIFIED.,.F.,.F.,.F.)
B_SPLINE_SURFACE_WITH_KNOTS((3,3),(3,3),(0.785398163397449,1.04719755119661),
(0.506150690268082,1.21789783172439),.UNSPECIFIED.)
GEOMETRIC_REPRESENTATION_ITEM()
RATIONAL_B_SPLINE_SURFACE(((1.,0.937342486318413,1.),(0.991444861373789,
0.929323391407721,0.991444861373789),(1.,0.937342486318413,1.)))
REPRESENTATION_ITEM('')
SURFACE()
);
#17=(
BOUNDED_SURFACE()
B_SPLINE_SURFACE(3,2,((#1805,#1806,#1807),(#1808,#1809,#1810),(#1811,#1812,
#1813),(#1814,#1815,#1816)),.UNSPECIFIED.,.F.,.F.,.F.)
B_SPLINE_SURFACE_WITH_KNOTS((4,4),(3,3),(0.209758283294603,0.213831814050969),
(-1.21859263502255E-8,1.00000001218593),.UNSPECIFIED.)
GEOMETRIC_REPRESENTATION_ITEM()
RATIONAL_B_SPLINE_SURFACE(((1.00000000237956,0.902364323582649,1.00000000237956),
(1.00000000239686,0.901654539669736,1.00000000239686),(1.00000000241548,
0.900890454915866,1.00000000241548),(1.00000000243579,0.900057419145297,
1.00000000243579)))
REPRESENTATION_ITEM('')
SURFACE()
);
#18=(
BOUNDED_SURFACE()
B_SPLINE_SURFACE(3,2,((#2223,#2224,#2225),(#2226,#2227,#2228),(#2229,#2230,
#2231),(#2232,#2233,#2234)),.UNSPECIFIED.,.F.,.F.,.F.)
B_SPLINE_SURFACE_WITH_KNOTS((4,4),(3,3),(0.0307149595972996,0.034692872149543),
(0.,1.),.UNSPECIFIED.)
GEOMETRIC_REPRESENTATION_ITEM()
RATIONAL_B_SPLINE_SURFACE(((1.,0.906595706746397,1.),(1.,0.907260004601377,
1.),(1.,0.907874854091994,1.),(1.,0.908449284700955,1.)))
REPRESENTATION_ITEM('')
SURFACE()
);
#19=ELLIPSE('',#757,614.778110219284,11.025);
#20=ELLIPSE('',#758,614.778110219282,11.025);
#21=B_SPLINE_SURFACE_WITH_KNOTS('',1,3,((#990,#991,#992,#993,#994,#995,
#996,#997,#998,#999,#1000,#1001,#1002,#1003,#1004,#1005,#1006,#1007,#1008,
#1009,#1010,#1011),(#1012,#1013,#1014,#1015,#1016,#1017,#1018,#1019,#1020,
#1021,#1022,#1023,#1024,#1025,#1026,#1027,#1028,#1029,#1030,#1031,#1032,
#1033),(#1034,#1035,#1036,#1037,#1038,#1039,#1040,#1041,#1042,#1043,#1044,
#1045,#1046,#1047,#1048,#1049,#1050,#1051,#1052,#1053,#1054,#1055)),
 .UNSPECIFIED.,.F.,.F.,.F.,(2,1,2),(4,2,2,2,2,2,2,2,2,2,4),(0.,1.00001534271594,
1.0100154961431),(-6.08960787811895E-6,0.00241387303722276,0.00482774607444552,
0.00724161911166828,0.00965549214889104,0.0120693651861138,0.0144832382233366,
0.0168971112605593,0.017500579519865,0.0181040477791707,0.0193170739056602),
 .UNSPECIFIED.);
#22=B_SPLINE_SURFACE_WITH_KNOTS('',1,3,((#1137,#1138,#1139,#1140,#1141,
#1142,#1143,#1144),(#1145,#1146,#1147,#1148,#1149,#1150,#1151,#1152)),
 .UNSPECIFIED.,.F.,.F.,.F.,(2,2),(4,2,2,4),(0.,1.00001962148539),(0.,0.00534823959063424,
0.00802235938595135,0.0106964791812685),.UNSPECIFIED.);
#23=B_SPLINE_SURFACE_WITH_KNOTS('',1,3,((#1174,#1175,#1176,#1177,#1178,
#1179,#1180,#1181,#1182,#1183,#1184,#1185,#1186,#1187,#1188),(#1189,#1190,
#1191,#1192,#1193,#1194,#1195,#1196,#1197,#1198,#1199,#1200,#1201,#1202,
#1203),(#1204,#1205,#1206,#1207,#1208,#1209,#1210,#1211,#1212,#1213,#1214,
#1215,#1216,#1217,#1218)),.UNSPECIFIED.,.F.,.F.,.F.,(2,1,2),(4,2,2,2,2,
3,4),(0.,1.,1.01),(0.,0.00569849972508689,0.00854774958763033,0.0113969994501738,
0.0170954991752607,0.0227939989003475,0.023021938889351),.UNSPECIFIED.);
#24=B_SPLINE_SURFACE_WITH_KNOTS('',1,3,((#1232,#1233,#1234,#1235,#1236,
#1237,#1238,#1239,#1240,#1241,#1242,#1243),(#1244,#1245,#1246,#1247,#1248,
#1249,#1250,#1251,#1252,#1253,#1254,#1255),(#1256,#1257,#1258,#1259,#1260,
#1261,#1262,#1263,#1264,#1265,#1266,#1267)),.UNSPECIFIED.,.F.,.F.,.F.,(2,
1,2),(4,2,2,2,2,4),(0.,1.00000838949939,1.01000847339439),(-5.80340335414692E-6,
0.0056079508135446,0.0112159016270892,0.0140198770338615,0.0168238524406338,
0.0224318032541784),.UNSPECIFIED.);
#25=B_SPLINE_SURFACE_WITH_KNOTS('',1,3,((#1397,#1398,#1399,#1400,#1401,
#1402,#1403,#1404,#1405,#1406,#1407,#1408,#1409,#1410),(#1411,#1412,#1413,
#1414,#1415,#1416,#1417,#1418,#1419,#1420,#1421,#1422,#1423,#1424),(#1425,
#1426,#1427,#1428,#1429,#1430,#1431,#1432,#1433,#1434,#1435,#1436,#1437,
#1438)),.UNSPECIFIED.,.F.,.F.,.F.,(2,1,2),(4,2,2,2,2,2,4),(0.,1.,1.01),
(0.,0.00414360667652937,0.00621541001479406,0.00828721335305874,0.0103590166913234,
0.0124308200295881,0.0165744267061175),.UNSPECIFIED.);
#26=B_SPLINE_SURFACE_WITH_KNOTS('',1,3,((#1511,#1512,#1513,#1514,#1515,
#1516,#1517,#1518,#1519,#1520,#1521,#1522,#1523,#1524,#1525,#1526,#1527,
#1528,#1529,#1530,#1531,#1532,#1533,#1534,#1535,#1536,#1537,#1538,#1539,
#1540,#1541,#1542,#1543,#1544,#1545,#1546),(#1547,#1548,#1549,#1550,#1551,
#1552,#1553,#1554,#1555,#1556,#1557,#1558,#1559,#1560,#1561,#1562,#1563,
#1564,#1565,#1566,#1567,#1568,#1569,#1570,#1571,#1572,#1573,#1574,#1575,
#1576,#1577,#1578,#1579,#1580,#1581,#1582)),.UNSPECIFIED.,.F.,.F.,.F.,(2,
2),(4,2,2,2,2,2,2,2,2,2,2,2,2,2,2,2,2,4),(-8.81936453332485E-6,1.00006164462565),
(-3.8307566649611E-6,0.00213007275106764,0.00426014550213528,0.00532518187766911,
0.00585770006543602,0.00639021825320293,0.00692273644096984,0.00745525462873675,
0.00852029100427057,0.0106503637553382,0.011715400130872,0.0122479183186389,
0.0125141774125224,0.0127804365064059,0.0133129546941728,0.0138454728819397,
0.0149105092574735,0.0170444127652061),.UNSPECIFIED.);
#27=B_SPLINE_SURFACE_WITH_KNOTS('',1,3,((#1627,#1628,#1629,#1630,#1631,
#1632,#1633,#1634,#1635,#1636),(#1637,#1638,#1639,#1640,#1641,#1642,#1643,
#1644,#1645,#1646)),.UNSPECIFIED.,.F.,.F.,.F.,(2,2),(4,2,2,2,4),(0.,1.00002378171277),
(-8.85715316436802E-6,0.00396511869156214,0.00793023738312428,0.0118953560746864,
0.0158693319194129),.UNSPECIFIED.);
#28=B_SPLINE_SURFACE_WITH_KNOTS('',1,3,((#1667,#1668,#1669,#1670),(#1671,
#1672,#1673,#1674)),.UNSPECIFIED.,.F.,.F.,.F.,(2,2),(4,4),(0.,1.),(0.,0.00255228023729467),
 .UNSPECIFIED.);
#29=B_SPLINE_SURFACE_WITH_KNOTS('',1,3,((#1709,#1710,#1711,#1712,#1713,
#1714),(#1715,#1716,#1717,#1718,#1719,#1720)),.UNSPECIFIED.,.F.,.F.,.F.,
(2,2),(4,2,4),(0.,1.00000308505976),(-3.08505976376821E-6,0.00454256228800342,
0.00908820963577061),.UNSPECIFIED.);
#30=B_SPLINE_SURFACE_WITH_KNOTS('',1,3,((#1749,#1750,#1751,#1752,#1753,
#1754,#1755,#1756,#1757,#1758),(#1759,#1760,#1761,#1762,#1763,#1764,#1765,
#1766,#1767,#1768)),.UNSPECIFIED.,.F.,.F.,.F.,(2,2),(4,2,2,2,4),(0.,1.),
(0.,0.00412635723375058,0.00825271446750115,0.0123790717012517,0.0165054289350023),
 .UNSPECIFIED.);
#31=B_SPLINE_SURFACE_WITH_KNOTS('',1,3,((#1990,#1991,#1992,#1993,#1994,
#1995,#1996,#1997,#1998,#1999,#2000,#2001,#2002,#2003,#2004,#2005,#2006,
#2007,#2008,#2009,#2010,#2011,#2012,#2013,#2014,#2015,#2016,#2017,#2018,
#2019,#2020,#2021,#2022,#2023),(#2024,#2025,#2026,#2027,#2028,#2029,#2030,
#2031,#2032,#2033,#2034,#2035,#2036,#2037,#2038,#2039,#2040,#2041,#2042,
#2043,#2044,#2045,#2046,#2047,#2048,#2049,#2050,#2051,#2052,#2053,#2054,
#2055,#2056,#2057)),.UNSPECIFIED.,.F.,.F.,.F.,(2,2),(4,2,2,2,2,2,2,2,2,
2,2,2,2,2,2,2,4),(0.,1.00001976992988),(-1.06549010628529E-5,0.000580533579813281,
0.00116106715962656,0.00174160073943984,0.00232213431925312,0.00290266789906641,
0.00348320147887969,0.00406373505869297,0.00435400184859961,0.00464426863850625,
0.00493453542841289,0.00522480221831953,0.00580533579813281,0.00638586937794609,
0.00696640295775937,0.00812747011738594,0.00929919217807534),
 .UNSPECIFIED.);
#32=B_SPLINE_SURFACE_WITH_KNOTS('',1,3,((#2079,#2080,#2081,#2082,#2083,
#2084,#2085,#2086,#2087,#2088,#2089,#2090,#2091,#2092,#2093,#2094,#2095,
#2096,#2097,#2098,#2099,#2100,#2101,#2102,#2103,#2104,#2105,#2106,#2107,
#2108,#2109,#2110,#2111,#2112,#2113,#2114,#2115,#2116,#2117,#2118),(#2119,
#2120,#2121,#2122,#2123,#2124,#2125,#2126,#2127,#2128,#2129,#2130,#2131,
#2132,#2133,#2134,#2135,#2136,#2137,#2138,#2139,#2140,#2141,#2142,#2143,
#2144,#2145,#2146,#2147,#2148,#2149,#2150,#2151,#2152,#2153,#2154,#2155,
#2156,#2157,#2158),(#2159,#2160,#2161,#2162,#2163,#2164,#2165,#2166,#2167,
#2168,#2169,#2170,#2171,#2172,#2173,#2174,#2175,#2176,#2177,#2178,#2179,
#2180,#2181,#2182,#2183,#2184,#2185,#2186,#2187,#2188,#2189,#2190,#2191,
#2192,#2193,#2194,#2195,#2196,#2197,#2198)),.UNSPECIFIED.,.F.,.F.,.F.,(2,
1,2),(4,2,2,2,2,2,2,2,2,2,2,2,2,2,2,2,2,2,2,4),(-5.26793289816774E-6,1.00003292691398,
5.37416807903598),(-6.18471090986057E-6,0.00216121063907785,0.00324181595861678,
0.00432242127815571,0.00486272393792517,0.00540302659769464,0.0059433292574641,
0.00648363191723356,0.00702393457700303,0.00756423723677249,0.00864484255631142,
0.00972544787585034,0.0108060531953893,0.0113463558551587,0.0118866585149282,
0.0124269611746977,0.0129672638344671,0.0140478691540061,0.015128474473545,
0.0172958697559338),.UNSPECIFIED.);
#33=B_SPLINE_SURFACE_WITH_KNOTS('',1,3,((#2360,#2361,#2362,#2363),(#2364,
#2365,#2366,#2367)),.UNSPECIFIED.,.F.,.F.,.F.,(2,2),(4,4),(0.,1.),(0.,0.00244926366265689),
 .UNSPECIFIED.);
#34=B_SPLINE_SURFACE_WITH_KNOTS('',1,3,((#2422,#2423,#2424,#2425,#2426,
#2427,#2428,#2429,#2430,#2431,#2432),(#2433,#2434,#2435,#2436,#2437,#2438,
#2439,#2440,#2441,#2442,#2443),(#2444,#2445,#2446,#2447,#2448,#2449,#2450,
#2451,#2452,#2453,#2454)),.UNSPECIFIED.,.F.,.F.,.F.,(2,1,2),(4,2,2,3,4),
(-0.01,0.,1.),(0.,0.00103323750530713,0.00206647501061426,0.00413295002122852,
0.00845612396237031),.UNSPECIFIED.);
#35=B_SPLINE_SURFACE_WITH_KNOTS('',1,3,((#2467,#2468,#2469,#2470,#2471,
#2472,#2473,#2474,#2475,#2476,#2477,#2478,#2479,#2480,#2481,#2482,#2483,
#2484,#2485,#2486,#2487,#2488,#2489,#2490,#2491,#2492,#2493,#2494,#2495,
#2496,#2497,#2498,#2499,#2500,#2501,#2502,#2503,#2504,#2505,#2506),(#2507,
#2508,#2509,#2510,#2511,#2512,#2513,#2514,#2515,#2516,#2517,#2518,#2519,
#2520,#2521,#2522,#2523,#2524,#2525,#2526,#2527,#2528,#2529,#2530,#2531,
#2532,#2533,#2534,#2535,#2536,#2537,#2538,#2539,#2540,#2541,#2542,#2543,
#2544,#2545,#2546),(#2547,#2548,#2549,#2550,#2551,#2552,#2553,#2554,#2555,
#2556,#2557,#2558,#2559,#2560,#2561,#2562,#2563,#2564,#2565,#2566,#2567,
#2568,#2569,#2570,#2571,#2572,#2573,#2574,#2575,#2576,#2577,#2578,#2579,
#2580,#2581,#2582,#2583,#2584,#2585,#2586)),.UNSPECIFIED.,.F.,.F.,.F.,(2,
1,2),(4,2,2,2,2,2,2,2,2,2,2,2,2,2,2,2,2,2,2,4),(-5.26793289816774E-6,1.00003292691398,
5.37416807903598),(-6.18471090986057E-6,0.00216121063907785,0.00324181595861678,
0.00432242127815571,0.00486272393792517,0.00540302659769464,0.0059433292574641,
0.00648363191723356,0.00702393457700303,0.00756423723677249,0.00864484255631142,
0.00972544787585034,0.0108060531953893,0.0113463558551587,0.0118866585149282,
0.0124269611746977,0.0129672638344671,0.0140478691540061,0.015128474473545,
0.0172958697559338),.UNSPECIFIED.);
#36=B_SPLINE_SURFACE_WITH_KNOTS('',1,3,((#2599,#2600,#2601,#2602,#2603,
#2604,#2605,#2606,#2607,#2608,#2609,#2610,#2611,#2612,#2613,#2614,#2615,
#2616,#2617,#2618,#2619,#2620,#2621,#2622,#2623,#2624,#2625,#2626,#2627,
#2628,#2629,#2630,#2631,#2632,#2633,#2634,#2635,#2636),(#2637,#2638,#2639,
#2640,#2641,#2642,#2643,#2644,#2645,#2646,#2647,#2648,#2649,#2650,#2651,
#2652,#2653,#2654,#2655,#2656,#2657,#2658,#2659,#2660,#2661,#2662,#2663,
#2664,#2665,#2666,#2667,#2668,#2669,#2670,#2671,#2672,#2673,#2674)),
 .UNSPECIFIED.,.F.,.F.,.F.,(2,2),(4,2,2,2,2,2,2,2,2,2,2,2,2,2,2,2,2,2,4),
(-1.05711649322752E-6,1.),(-1.00970894412732E-6,0.00058151754446493,0.00116303508892986,
0.00145379386116233,0.00174455263339479,0.00232607017785972,0.00290758772232465,
0.00348910526678958,0.00407062281125451,0.00436138158348698,0.00465214035571944,
0.00494289912795191,0.00523365790018437,0.00552441667241684,0.0058151754446493,
0.00639669298911423,0.00697821053357916,0.00814124562250902,0.00930529042038301),
 .UNSPECIFIED.);
#37=CONICAL_SURFACE('',#752,45.2548094716162,1.0471975511966);
#38=CONICAL_SURFACE('',#754,50.5058530648081,1.0471975511966);
#39=CONICAL_SURFACE('',#773,77.4281925399266,0.785398163397444);
#40=CONICAL_SURFACE('',#776,76.5396382649404,0.0112566998609141);
#41=CONICAL_SURFACE('',#778,62.0223573593038,0.785398163397452);
#42=CONICAL_SURFACE('',#779,62.0223573593038,0.785398163397452);
#43=CONICAL_SURFACE('',#780,72.9523530620428,1.5575617886846);
#44=CONICAL_SURFACE('',#781,72.1248916810275,0.785398163397452);
#45=CONICAL_SURFACE('',#785,72.9523530620428,1.5575617886846);
#46=LINE('',#956,#66);
#47=LINE('',#960,#67);
#48=LINE('',#1124,#68);
#49=LINE('',#1155,#69);
#50=LINE('',#1163,#70);
#51=LINE('',#1348,#71);
#52=LINE('',#1372,#72);
#53=LINE('',#1451,#73);
#54=LINE('',#1509,#74);
#55=LINE('',#1585,#75);
#56=LINE('',#1604,#76);
#57=LINE('',#1677,#77);
#58=LINE('',#1722,#78);
#59=LINE('',#1770,#79);
#60=LINE('',#2211,#80);
#61=LINE('',#2369,#81);
#62=LINE('',#2421,#82);
#63=LINE('',#2455,#83);
#64=LINE('',#2466,#84);
#65=LINE('',#2592,#85);
#66=VECTOR('',#807,3.9);
#67=VECTOR('',#812,8.325);
#68=VECTOR('',#827,15.);
#69=VECTOR('',#828,15.);
#70=VECTOR('',#829,15.);
#71=VECTOR('',#830,15.);
#72=VECTOR('',#837,9.225);
#73=VECTOR('',#842,15.);
#74=VECTOR('',#851,8.325);
#75=VECTOR('',#854,15.);
#76=VECTOR('',#855,15.);
#77=VECTOR('',#858,15.);
#78=VECTOR('',#863,15.);
#79=VECTOR('',#872,15.);
#80=VECTOR('',#891,15.);
#81=VECTOR('',#894,15.);
#82=VECTOR('',#901,3.9);
#83=VECTOR('',#902,15.);
#84=VECTOR('',#907,15.);
#85=VECTOR('',#910,9.225);
#86=CYLINDRICAL_SURFACE('',#744,2.6);
#87=CYLINDRICAL_SURFACE('',#746,5.55);
#88=CYLINDRICAL_SURFACE('',#756,11.025);
#89=CYLINDRICAL_SURFACE('',#761,5.55);
#90=CYLINDRICAL_SURFACE('',#783,2.6);
#91=CYLINDRICAL_SURFACE('',#784,8.325);
#92=CYLINDRICAL_SURFACE('',#786,11.025);
#93=FACE_BOUND('',#146,.T.);
#94=FACE_BOUND('',#148,.T.);
#95=FACE_BOUND('',#152,.T.);
#96=FACE_BOUND('',#154,.T.);
#97=FACE_BOUND('',#162,.T.);
#98=FACE_BOUND('',#174,.T.);
#99=FACE_BOUND('',#178,.T.);
#100=FACE_BOUND('',#195,.T.);
#101=FACE_OUTER_BOUND('',#145,.T.);
#102=FACE_OUTER_BOUND('',#147,.T.);
#103=FACE_OUTER_BOUND('',#149,.T.);
#104=FACE_OUTER_BOUND('',#150,.T.);
#105=FACE_OUTER_BOUND('',#151,.T.);
#106=FACE_OUTER_BOUND('',#153,.T.);
#107=FACE_OUTER_BOUND('',#155,.T.);
#108=FACE_OUTER_BOUND('',#156,.T.);
#109=FACE_OUTER_BOUND('',#157,.T.);
#110=FACE_OUTER_BOUND('',#158,.T.);
#111=FACE_OUTER_BOUND('',#159,.T.);
#112=FACE_OUTER_BOUND('',#160,.T.);
#113=FACE_OUTER_BOUND('',#161,.T.);
#114=FACE_OUTER_BOUND('',#163,.T.);
#115=FACE_OUTER_BOUND('',#164,.T.);
#116=FACE_OUTER_BOUND('',#165,.T.);
#117=FACE_OUTER_BOUND('',#166,.T.);
#118=FACE_OUTER_BOUND('',#167,.T.);
#119=FACE_OUTER_BOUND('',#168,.T.);
#120=FACE_OUTER_BOUND('',#169,.T.);
#121=FACE_OUTER_BOUND('',#170,.T.);
#122=FACE_OUTER_BOUND('',#171,.T.);
#123=FACE_OUTER_BOUND('',#172,.T.);
#124=FACE_OUTER_BOUND('',#173,.T.);
#125=FACE_OUTER_BOUND('',#175,.T.);
#126=FACE_OUTER_BOUND('',#176,.T.);
#127=FACE_OUTER_BOUND('',#177,.T.);
#128=FACE_OUTER_BOUND('',#179,.T.);
#129=FACE_OUTER_BOUND('',#180,.T.);
#130=FACE_OUTER_BOUND('',#181,.T.);
#131=FACE_OUTER_BOUND('',#182,.T.);
#132=FACE_OUTER_BOUND('',#183,.T.);
#133=FACE_OUTER_BOUND('',#184,.T.);
#134=FACE_OUTER_BOUND('',#185,.T.);
#135=FACE_OUTER_BOUND('',#186,.T.);
#136=FACE_OUTER_BOUND('',#187,.T.);
#137=FACE_OUTER_BOUND('',#188,.T.);
#138=FACE_OUTER_BOUND('',#189,.T.);
#139=FACE_OUTER_BOUND('',#190,.T.);
#140=FACE_OUTER_BOUND('',#191,.T.);
#141=FACE_OUTER_BOUND('',#192,.T.);
#142=FACE_OUTER_BOUND('',#193,.T.);
#143=FACE_OUTER_BOUND('',#194,.T.);
#144=FACE_OUTER_BOUND('',#196,.T.);
#145=EDGE_LOOP('',(#456,#457,#458,#459,#460,#461,#462));
#146=EDGE_LOOP('',(#463));
#147=EDGE_LOOP('',(#464));
#148=EDGE_LOOP('',(#465));
#149=EDGE_LOOP('',(#466,#467,#468,#469));
#150=EDGE_LOOP('',(#470,#471,#472,#473));
#151=EDGE_LOOP('',(#474));
#152=EDGE_LOOP('',(#475));
#153=EDGE_LOOP('',(#476));
#154=EDGE_LOOP('',(#477));
#155=EDGE_LOOP('',(#478,#479,#480));
#156=EDGE_LOOP('',(#481,#482,#483,#484));
#157=EDGE_LOOP('',(#485,#486,#487,#488));
#158=EDGE_LOOP('',(#489,#490,#491,#492));
#159=EDGE_LOOP('',(#493,#494,#495,#496));
#160=EDGE_LOOP('',(#497,#498,#499));
#161=EDGE_LOOP('',(#500,#501,#502,#503));
#162=EDGE_LOOP('',(#504,#505,#506,#507,#508,#509,#510,#511,#512,#513));
#163=EDGE_LOOP('',(#514,#515,#516,#517));
#164=EDGE_LOOP('',(#518,#519,#520,#521,#522,#523));
#165=EDGE_LOOP('',(#524,#525,#526,#527));
#166=EDGE_LOOP('',(#528,#529,#530,#531,#532));
#167=EDGE_LOOP('',(#533,#534,#535,#536));
#168=EDGE_LOOP('',(#537,#538,#539,#540,#541));
#169=EDGE_LOOP('',(#542,#543,#544,#545));
#170=EDGE_LOOP('',(#546,#547,#548,#549,#550,#551,#552,#553));
#171=EDGE_LOOP('',(#554,#555,#556,#557));
#172=EDGE_LOOP('',(#558,#559,#560,#561,#562));
#173=EDGE_LOOP('',(#563));
#174=EDGE_LOOP('',(#564));
#175=EDGE_LOOP('',(#565,#566,#567,#568));
#176=EDGE_LOOP('',(#569,#570,#571,#572,#573));
#177=EDGE_LOOP('',(#574));
#178=EDGE_LOOP('',(#575));
#179=EDGE_LOOP('',(#576,#577,#578,#579,#580));
#180=EDGE_LOOP('',(#581,#582,#583,#584));
#181=EDGE_LOOP('',(#585,#586,#587));
#182=EDGE_LOOP('',(#588,#589,#590,#591,#592,#593,#594));
#183=EDGE_LOOP('',(#595,#596,#597,#598));
#184=EDGE_LOOP('',(#599,#600,#601,#602,#603,#604));
#185=EDGE_LOOP('',(#605,#606,#607,#608));
#186=EDGE_LOOP('',(#609,#610,#611,#612));
#187=EDGE_LOOP('',(#613,#614,#615,#616));
#188=EDGE_LOOP('',(#617,#618,#619,#620,#621,#622,#623,#624));
#189=EDGE_LOOP('',(#625,#626,#627,#628));
#190=EDGE_LOOP('',(#629,#630,#631,#632));
#191=EDGE_LOOP('',(#633,#634,#635,#636));
#192=EDGE_LOOP('',(#637,#638,#639,#640));
#193=EDGE_LOOP('',(#641,#642,#643,#644,#645,#646));
#194=EDGE_LOOP('',(#647,#648,#649,#650,#651,#652,#653,#654,#655,#656,#657,
#658,#659,#660,#661));
#195=EDGE_LOOP('',(#662,#663));
#196=EDGE_LOOP('',(#664,#665,#666,#667,#668,#669));
#197=(
BOUNDED_CURVE()
B_SPLINE_CURVE(2,(#935,#936,#937),.UNSPECIFIED.,.F.,.F.)
B_SPLINE_CURVE_WITH_KNOTS((3,3),(1.47649910746048,1.53193595880991),
 .UNSPECIFIED.)
CURVE()
GEOMETRIC_REPRESENTATION_ITEM()
RATIONAL_B_SPLINE_CURVE((1.01179112675366,1.01157744750838,1.01133110049296))
REPRESENTATION_ITEM('')
);
#198=CIRCLE('',#737,11.025);
#199=CIRCLE('',#738,11.025);
#200=CIRCLE('',#739,8.325);
#201=CIRCLE('',#740,2.6);
#202=CIRCLE('',#742,5.55);
#203=CIRCLE('',#743,2.6);
#204=CIRCLE('',#745,2.6);
#205=CIRCLE('',#747,5.55);
#206=CIRCLE('',#749,11.025);
#207=CIRCLE('',#751,11.025);
#208=CIRCLE('',#753,54.255853064808);
#209=CIRCLE('',#755,50.5058530648081);
#210=CIRCLE('',#760,3309.09721098258);
#211=CIRCLE('',#762,5.55);
#212=CIRCLE('',#763,5.55);
#213=CIRCLE('',#764,62.0223573593038);
#214=CIRCLE('',#766,3883.95043659847);
#215=CIRCLE('',#768,56.7190565004047);
#216=CIRCLE('',#770,2.6);
#217=CIRCLE('',#772,11.025);
#218=CIRCLE('',#774,76.5594207921136);
#219=CIRCLE('',#775,72.9523530620428);
#220=CIRCLE('',#777,76.5396382649404);
#221=CIRCLE('',#782,71.31904760545);
#222=B_SPLINE_CURVE_WITH_KNOTS('',3,(#915,#916,#917,#918),.UNSPECIFIED.,
 .F.,.F.,(4,4),(-0.12876065700249,0.),.UNSPECIFIED.);
#223=B_SPLINE_CURVE_WITH_KNOTS('',3,(#924,#925,#926,#927,#928,#929,#930,
#931,#932,#933),.UNSPECIFIED.,.F.,.F.,(4,3,3,4),(-0.251714289537767,-0.21918301642969,
-0.0714001035781575,-0.0599537213004797),.UNSPECIFIED.);
#224=B_SPLINE_CURVE_WITH_KNOTS('',3,(#940,#941,#942,#943,#944,#945,#946),
 .UNSPECIFIED.,.F.,.F.,(4,3,4),(-0.405455296467308,-0.391941805822625,-0.3070303473096),
 .UNSPECIFIED.);
#225=B_SPLINE_CURVE_WITH_KNOTS('',3,(#971,#972,#973,#974,#975,#976,#977,
#978,#979),.UNSPECIFIED.,.F.,.F.,(4,2,3,4),(4.14368647366118,4.19480352276009,
4.43798532820834,4.69619169699051),.UNSPECIFIED.);
#226=B_SPLINE_CURVE_WITH_KNOTS('',3,(#982,#983,#984,#985,#986,#987,#988,
#989),.UNSPECIFIED.,.F.,.F.,(4,2,2,4),(-2.72660537761357,-1.3326989482125,
-0.99802875525925,-0.716557491612935),.UNSPECIFIED.);
#227=B_SPLINE_CURVE_WITH_KNOTS('',3,(#1058,#1059,#1060,#1061,#1062,#1063),
 .UNSPECIFIED.,.F.,.F.,(4,2,4),(-0.124444468063597,-0.0637479211072899,
-8.67567543963645E-8),.UNSPECIFIED.);
#228=B_SPLINE_CURVE_WITH_KNOTS('',3,(#1065,#1066,#1067,#1068,#1069,#1070,
#1071,#1072,#1073,#1074,#1075,#1076,#1077,#1078,#1079,#1080,#1081,#1082,
#1083,#1084,#1085,#1086,#1087,#1088,#1089,#1090,#1091,#1092,#1093,#1094,
#1095,#1096,#1097,#1098,#1099,#1100,#1101,#1102,#1103,#1104,#1105,#1106,
#1107,#1108,#1109,#1110,#1111,#1112,#1113,#1114,#1115,#1116,#1117,#1118,
#1119,#1120,#1121,#1122),.UNSPECIFIED.,.F.,.F.,(4,3,3,3,3,3,3,3,3,3,3,3,
3,3,3,3,3,3,3,4),(0.,0.0789855892273912,0.126622463577234,0.208591241969413,
0.242187499999987,0.24883628806397,0.249999999999987,0.340526528826696,
0.359374999999987,0.37049371829163,0.374999999999987,0.475281783568147,
0.484374999999989,0.496241455132738,0.499999999999989,0.60937499999999,
0.622348700392594,0.624999999999991,0.718749999999993,0.722099722566977),
 .UNSPECIFIED.);
#229=B_SPLINE_CURVE_WITH_KNOTS('',3,(#1125,#1126,#1127,#1128,#1129,#1130,
#1131,#1132,#1133,#1134,#1135,#1136),.UNSPECIFIED.,.F.,.F.,(4,2,2,2,2,4),
(-1.36529381006265,-1.2292431136599,-0.984385752775294,-0.494394091110892,
-0.248049371589523,0.),.UNSPECIFIED.);
#230=B_SPLINE_CURVE_WITH_KNOTS('',3,(#1157,#1158,#1159,#1160,#1161,#1162),
 .UNSPECIFIED.,.F.,.F.,(4,2,4),(0.,0.536634287740756,1.07326146172227),
 .UNSPECIFIED.);
#231=B_SPLINE_CURVE_WITH_KNOTS('',3,(#1164,#1165,#1166,#1167,#1168,#1169,
#1170,#1171,#1172,#1173),.UNSPECIFIED.,.F.,.F.,(4,2,2,2,4),(-1.09484776949942,
-0.819939768675775,-0.546646611646072,-0.273682005406662,0.),
 .UNSPECIFIED.);
#232=B_SPLINE_CURVE_WITH_KNOTS('',3,(#1220,#1221,#1222,#1223,#1224,#1225),
 .UNSPECIFIED.,.F.,.F.,(4,2,4),(-0.131493163832074,-0.0644755649554029,
-0.00125738678945073),.UNSPECIFIED.);
#233=B_SPLINE_CURVE_WITH_KNOTS('',3,(#1226,#1227,#1228,#1229,#1230,#1231),
 .UNSPECIFIED.,.F.,.F.,(4,2,4),(0.394526111683957,1.02051173228794,2.04196433259823),
 .UNSPECIFIED.);
#234=B_SPLINE_CURVE_WITH_KNOTS('',3,(#1270,#1271,#1272,#1273,#1274,#1275),
 .UNSPECIFIED.,.F.,.F.,(4,2,4),(-0.131715385341328,-0.0675305998641354,
-2.15546439336903E-7),.UNSPECIFIED.);
#235=B_SPLINE_CURVE_WITH_KNOTS('',3,(#1277,#1278,#1279,#1280,#1281,#1282,
#1283,#1284,#1285,#1286,#1287,#1288,#1289,#1290,#1291,#1292,#1293,#1294,
#1295,#1296,#1297,#1298,#1299,#1300,#1301,#1302,#1303,#1304,#1305,#1306,
#1307,#1308,#1309,#1310,#1311,#1312,#1313,#1314,#1315,#1316,#1317,#1318,
#1319,#1320,#1321,#1322,#1323,#1324,#1325,#1326,#1327,#1328,#1329,#1330,
#1331,#1332,#1333,#1334,#1335,#1336,#1337,#1338,#1339,#1340,#1341,#1342,
#1343,#1344,#1345,#1346),.UNSPECIFIED.,.F.,.F.,(4,3,3,3,3,3,3,3,3,3,3,3,
3,3,3,3,3,3,3,3,3,3,3,4),(0.,0.0922945804371322,0.117187500000002,0.125000000000002,
0.219535797234314,0.242187500000002,0.250000000000002,0.292332879324586,
0.359375000000001,0.371186347772964,0.375,0.473403375258148,0.484374999999997,
0.496275781747442,0.499999999999996,0.585049461655184,0.609374999999993,
0.621439885212732,0.624999999999992,0.731506154026693,0.734374999999992,
0.746820765143734,0.749999999999993,0.83880829635443),.UNSPECIFIED.);
#236=B_SPLINE_CURVE_WITH_KNOTS('',3,(#1349,#1350,#1351,#1352,#1353,#1354,
#1355,#1356,#1357,#1358),.UNSPECIFIED.,.F.,.F.,(4,2,2,2,4),(0.374389041061358,
0.473630966863485,0.946735246487014,1.42164416116273,1.90020432907466),
 .UNSPECIFIED.);
#237=B_SPLINE_CURVE_WITH_KNOTS('',3,(#1361,#1362,#1363,#1364,#1365,#1366,
#1367,#1368,#1369),.UNSPECIFIED.,.F.,.F.,(4,2,3,4),(4.14085598900352,4.19876111767758,
4.43932867836513,4.70317088379286),.UNSPECIFIED.);
#238=B_SPLINE_CURVE_WITH_KNOTS('',3,(#1374,#1375,#1376,#1377,#1378,#1379),
 .UNSPECIFIED.,.F.,.F.,(4,2,4),(0.726477905076996,0.961887771000356,1.03287637308826),
 .UNSPECIFIED.);
#239=B_SPLINE_CURVE_WITH_KNOTS('',3,(#1381,#1382,#1383,#1384,#1385,#1386),
 .UNSPECIFIED.,.F.,.F.,(4,2,4),(-0.137829186412459,-0.0675240731362973,
-0.001318862168698),.UNSPECIFIED.);
#240=B_SPLINE_CURVE_WITH_KNOTS('',3,(#1388,#1389,#1390,#1391,#1392,#1393,
#1394,#1395),.UNSPECIFIED.,.F.,.F.,(4,2,2,4),(-1.02723977874896,-0.980922349310394,
-0.712478226783655,-0.706346674567704),.UNSPECIFIED.);
#241=B_SPLINE_CURVE_WITH_KNOTS('',3,(#1440,#1441,#1442,#1443,#1444,#1445,
#1446,#1447,#1448,#1449),.UNSPECIFIED.,.F.,.F.,(4,2,2,2,4),(-1.02563008085678,
-1.01007943729636,-0.385080860487704,-0.205794517488005,0.),
 .UNSPECIFIED.);
#242=B_SPLINE_CURVE_WITH_KNOTS('',3,(#1452,#1453,#1454,#1455,#1456,#1457),
 .UNSPECIFIED.,.F.,.F.,(4,2,4),(0.546009883710695,0.831015945186177,1.66291677329009),
 .UNSPECIFIED.);
#243=B_SPLINE_CURVE_WITH_KNOTS('',3,(#1460,#1461,#1462,#1463,#1464,#1465),
 .UNSPECIFIED.,.F.,.F.,(4,2,4),(0.,0.827495724575654,1.65434450462291),
 .UNSPECIFIED.);
#244=B_SPLINE_CURVE_WITH_KNOTS('',3,(#1468,#1469,#1470,#1471,#1472,#1473,
#1474,#1475,#1476,#1477,#1478,#1479,#1480,#1481,#1482,#1483,#1484,#1485,
#1486,#1487,#1488,#1489,#1490,#1491,#1492,#1493,#1494,#1495,#1496,#1497,
#1498,#1499,#1500,#1501,#1502,#1503,#1504),.UNSPECIFIED.,.F.,.F.,(4,3,3,
3,3,3,3,3,3,3,3,3,4),(0.,0.127299688421633,0.242187500000006,0.250000000000007,
0.373109069713082,0.49218750000003,0.50000000000003,0.621093750000013,0.742187499999996,
0.749999999999995,0.863564390830854,0.978676676803353,1.),.UNSPECIFIED.);
#245=B_SPLINE_CURVE_WITH_KNOTS('',3,(#1587,#1588,#1589,#1590),
 .UNSPECIFIED.,.F.,.F.,(4,4),(-0.118697470348151,0.),.UNSPECIFIED.);
#246=B_SPLINE_CURVE_WITH_KNOTS('',3,(#1592,#1593,#1594,#1595,#1596,#1597,
#1598,#1599,#1600,#1601,#1602,#1603),.UNSPECIFIED.,.F.,.F.,(4,2,2,2,2,4),
(-1.73575116432263,-1.30332475950283,-0.869155488295332,-0.653573410167157,
-0.327051414994076,-0.118697470348151),.UNSPECIFIED.);
#247=B_SPLINE_CURVE_WITH_KNOTS('',3,(#1605,#1606,#1607,#1608,#1609,#1610,
#1611,#1612,#1613,#1614,#1615,#1616,#1617,#1618,#1619,#1620,#1621,#1622,
#1623,#1624,#1625,#1626),.UNSPECIFIED.,.F.,.F.,(4,2,2,2,2,2,2,2,2,2,4),
(0.,0.119888864762159,0.243798012079067,0.502674779102003,0.681670203409757,
0.784949541410439,0.895470182638488,1.12603840988284,1.29731237799233,1.42379079622717,
1.79009955892081),.UNSPECIFIED.);
#248=B_SPLINE_CURVE_WITH_KNOTS('',3,(#1647,#1648,#1649,#1650,#1651,#1652,
#1653,#1654,#1655,#1656),.UNSPECIFIED.,.F.,.F.,(4,2,2,2,4),(-1.60385030238898,
-1.00115993318055,-0.800913468845654,-0.400645321034733,0.),
 .UNSPECIFIED.);
#249=B_SPLINE_CURVE_WITH_KNOTS('',3,(#1678,#1679,#1680,#1681,#1682,#1683,
#1684),.UNSPECIFIED.,.F.,.F.,(4,3,4),(0.,0.713580470955952,1.),
 .UNSPECIFIED.);
#250=B_SPLINE_CURVE_WITH_KNOTS('',3,(#1685,#1686,#1687,#1688,#1689,#1690,
#1691),.UNSPECIFIED.,.F.,.F.,(4,3,4),(0.,0.759022310667833,1.),
 .UNSPECIFIED.);
#251=B_SPLINE_CURVE_WITH_KNOTS('',3,(#1696,#1697,#1698,#1699,#1700,#1701,
#1702),.UNSPECIFIED.,.F.,.F.,(4,3,4),(0.,0.710594896137865,1.),
 .UNSPECIFIED.);
#252=B_SPLINE_CURVE_WITH_KNOTS('',3,(#1703,#1704,#1705,#1706,#1707,#1708),
 .UNSPECIFIED.,.F.,.F.,(4,2,4),(0.,0.456457046853721,0.913357949098584),
 .UNSPECIFIED.);
#253=B_SPLINE_CURVE_WITH_KNOTS('',3,(#1723,#1724,#1725,#1726,#1727,#1728,
#1729,#1730,#1731,#1732,#1733,#1734,#1735,#1736,#1737,#1738,#1739,#1740,
#1741,#1742,#1743),.UNSPECIFIED.,.F.,.F.,(4,2,2,1,1,2,2,2,1,2,2,4),(0.,
0.249999999999992,0.374999999999988,0.437499999999986,0.468749999999985,
0.484374999999985,0.499999999999986,0.624999999999989,0.68749999999999,
0.718749999999991,0.749999999999991,1.),.UNSPECIFIED.);
#254=B_SPLINE_CURVE_WITH_KNOTS('',3,(#1771,#1772,#1773,#1774,#1775,#1776,
#1777,#1778,#1779,#1780,#1781,#1782,#1783,#1784,#1785,#1786,#1787,#1788,
#1789,#1790,#1791,#1792,#1793,#1794,#1795,#1796,#1797,#1798,#1799,#1800,
#1801,#1802,#1803,#1804),.UNSPECIFIED.,.F.,.F.,(4,3,3,3,3,3,3,3,3,3,3,4),
(0.,0.141343139096443,0.246168920562226,0.250000000000008,0.384270934414775,
0.492187500000015,0.500000000000015,0.625000000000012,0.742187500000008,
0.750000000000008,0.964960768049288,1.),.UNSPECIFIED.);
#255=B_SPLINE_CURVE_WITH_KNOTS('',3,(#1818,#1819,#1820,#1821,#1822,#1823,
#1824,#1825,#1826,#1827,#1828,#1829,#1830,#1831,#1832,#1833,#1834,#1835),
 .UNSPECIFIED.,.F.,.F.,(4,2,2,2,2,2,2,2,4),(0.,0.161240906708342,0.327105503732417,
0.670989201360743,0.904989649263337,1.12806713264291,1.30757587689062,1.56607757482405,
1.66632897171542),.UNSPECIFIED.);
#256=B_SPLINE_CURVE_WITH_KNOTS('',3,(#1837,#1838,#1839,#1840,#1841,#1842),
 .UNSPECIFIED.,.F.,.F.,(4,2,4),(1.66632897171542,1.68938356304884,1.80844937160767),
 .UNSPECIFIED.);
#257=B_SPLINE_CURVE_WITH_KNOTS('',3,(#1843,#1844,#1845,#1846),
 .UNSPECIFIED.,.F.,.F.,(4,4),(0.000832303969374336,0.00429361944003606),
 .UNSPECIFIED.);
#258=B_SPLINE_CURVE_WITH_KNOTS('',3,(#1853,#1854,#1855,#1856,#1857,#1858),
 .UNSPECIFIED.,.F.,.F.,(4,2,4),(-0.138322266326017,-0.0816689835109681,
-0.028425154203021),.UNSPECIFIED.);
#259=B_SPLINE_CURVE_WITH_KNOTS('',3,(#1860,#1861,#1862,#1863),
 .UNSPECIFIED.,.F.,.F.,(4,4),(7.31122143472719,7.62171496551852),
 .UNSPECIFIED.);
#260=B_SPLINE_CURVE_WITH_KNOTS('',3,(#1868,#1869,#1870,#1871),
 .UNSPECIFIED.,.F.,.F.,(4,4),(1.96060094705678,2.09031063825133),
 .UNSPECIFIED.);
#261=B_SPLINE_CURVE_WITH_KNOTS('',3,(#1874,#1875,#1876,#1877),
 .UNSPECIFIED.,.F.,.F.,(4,4),(3.96550493843158,3.9685881986433),
 .UNSPECIFIED.);
#262=B_SPLINE_CURVE_WITH_KNOTS('',3,(#1881,#1882,#1883,#1884),
 .UNSPECIFIED.,.F.,.F.,(4,4),(4.84305595123172,4.84485864240834),
 .UNSPECIFIED.);
#263=B_SPLINE_CURVE_WITH_KNOTS('',3,(#1885,#1886,#1887,#1888,#1889,#1890,
#1891,#1892,#1893,#1894,#1895,#1896,#1897,#1898,#1899,#1900,#1901,#1902,
#1903,#1904,#1905,#1906,#1907,#1908,#1909,#1910,#1911,#1912,#1913,#1914,
#1915,#1916,#1917,#1918,#1919,#1920,#1921,#1922,#1923,#1924,#1925,#1926,
#1927,#1928,#1929,#1930,#1931,#1932,#1933,#1934,#1935,#1936,#1937,#1938,
#1939,#1940,#1941,#1942,#1943,#1944,#1945,#1946,#1947,#1948,#1949,#1950,
#1951,#1952,#1953,#1954,#1955,#1956,#1957,#1958,#1959,#1960,#1961,#1962,
#1963,#1964,#1965,#1966,#1967,#1968,#1969,#1970,#1971,#1972,#1973,#1974,
#1975,#1976,#1977,#1978),.UNSPECIFIED.,.F.,.F.,(4,3,3,3,3,3,3,3,3,3,3,3,
3,3,3,3,3,3,3,3,3,3,3,3,3,3,3,3,3,3,3,4),(0.0686151772116836,0.124999999999998,
0.15780498904853,0.187499999999998,0.187669855264066,0.214723044022511,
0.241870957154306,0.249999999999997,0.300697320851724,0.31259099131846,
0.363209230698252,0.374999999999995,0.43735681066245,0.437499999999995,
0.465638156846659,0.468690594039778,0.496664431635463,0.499999999999995,
0.531288037697545,0.562499999999994,0.562643400375463,0.587267505846551,
0.612077252650752,0.624999999999994,0.687600288431639,0.749999999999995,
0.812499999999996,0.843749999999996,0.860816134401707,0.874999999999997,
0.946763003380602,1.),.UNSPECIFIED.);
#264=B_SPLINE_CURVE_WITH_KNOTS('',3,(#1979,#1980,#1981,#1982,#1983,#1984,
#1985,#1986,#1987,#1988,#1989),.UNSPECIFIED.,.F.,.F.,(4,2,3,2,4),(3.9685881986433,
4.13792873470875,4.43510011548707,4.69234320225022,4.84305595123172),
 .UNSPECIFIED.);
#265=B_SPLINE_CURVE_WITH_KNOTS('',3,(#2059,#2060,#2061,#2062,#2063,#2064),
 .UNSPECIFIED.,.F.,.F.,(4,2,4),(-0.129548817343615,-0.0658617970725379,
-2.40790094286752E-6),.UNSPECIFIED.);
#266=B_SPLINE_CURVE_WITH_KNOTS('',3,(#2065,#2066,#2067,#2068,#2069,#2070,
#2071,#2072,#2073,#2074,#2075,#2076,#2077,#2078),.UNSPECIFIED.,.F.,.F.,
(4,2,2,2,2,2,4),(-0.866410108052624,-0.679691754347079,-0.488923003828255,
-0.434320656797283,-0.213411317121188,-0.1054724201878,-0.00746008489638294),
 .UNSPECIFIED.);
#267=B_SPLINE_CURVE_WITH_KNOTS('',3,(#2200,#2201,#2202,#2203,#2204,#2205),
 .UNSPECIFIED.,.F.,.F.,(4,2,4),(-0.155725744439143,-0.133546842276094,-0.0527499086423096),
 .UNSPECIFIED.);
#268=B_SPLINE_CURVE_WITH_KNOTS('',3,(#2207,#2208,#2209,#2210),
 .UNSPECIFIED.,.F.,.F.,(4,4),(-0.0766690775302099,-0.000930784371422244),
 .UNSPECIFIED.);
#269=B_SPLINE_CURVE_WITH_KNOTS('',3,(#2212,#2213,#2214,#2215),
 .UNSPECIFIED.,.F.,.F.,(4,4),(-0.212844262485249,-0.20668640259457),
 .UNSPECIFIED.);
#270=B_SPLINE_CURVE_WITH_KNOTS('',3,(#2217,#2218,#2219,#2220,#2221,#2222),
 .UNSPECIFIED.,.F.,.F.,(4,2,4),(1.06331981480346,1.09427495561565,1.13325681757267),
 .UNSPECIFIED.);
#271=B_SPLINE_CURVE_WITH_KNOTS('',3,(#2236,#2237,#2238,#2239,#2240,#2241),
 .UNSPECIFIED.,.F.,.F.,(4,2,4),(-0.351591699658292,-0.198832142219301,-0.0114579185105579),
 .UNSPECIFIED.);
#272=B_SPLINE_CURVE_WITH_KNOTS('',3,(#2242,#2243,#2244,#2245,#2246,#2247,
#2248,#2249,#2250,#2251,#2252,#2253,#2254,#2255,#2256,#2257,#2258,#2259,
#2260,#2261,#2262,#2263,#2264,#2265,#2266,#2267,#2268,#2269,#2270,#2271,
#2272,#2273,#2274,#2275,#2276,#2277,#2278,#2279,#2280,#2281,#2282,#2283,
#2284,#2285,#2286,#2287,#2288,#2289,#2290,#2291,#2292,#2293,#2294,#2295,
#2296,#2297,#2298,#2299,#2300,#2301,#2302,#2303,#2304,#2305,#2306,#2307,
#2308,#2309,#2310,#2311,#2312,#2313,#2314,#2315,#2316,#2317,#2318,#2319,
#2320,#2321,#2322,#2323,#2324,#2325,#2326,#2327,#2328,#2329,#2330,#2331,
#2332,#2333,#2334,#2335,#2336,#2337,#2338,#2339,#2340,#2341,#2342,#2343,
#2344,#2345,#2346,#2347,#2348,#2349,#2350,#2351,#2352,#2353,#2354,#2355,
#2356,#2357,#2358,#2359),.UNSPECIFIED.,.F.,.F.,(4,3,3,3,3,3,3,3,3,3,3,3,
3,3,3,3,3,3,3,3,3,3,3,3,3,3,3,3,3,3,3,3,3,3,3,3,3,3,3,4),(0.0936553510742025,
0.125028871843458,0.211185159026749,0.249999999999983,0.312469092761034,
0.374999999999975,0.406281178698887,0.437499999999971,0.437578519919736,
0.462478641601991,0.468749999999969,0.468891516442061,0.484374999999968,
0.494382040245448,0.499999999999967,0.53167283502031,0.562499999999965,
0.563044515553232,0.593749999999963,0.609374999999963,0.618751626245841,
0.624999999999963,0.681688044398211,0.687499999999963,0.688061459829788,
0.718749999999963,0.734374999999964,0.743490264967302,0.749999999999964,
0.812499999999966,0.813202180129805,0.843749999999967,0.844308266909175,
0.859374999999967,0.867187499999968,0.872837093420654,0.874999999999969,
0.932848483238704,0.938707883354521,0.999999990215342),.UNSPECIFIED.);
#273=B_SPLINE_CURVE_WITH_KNOTS('',3,(#2370,#2371,#2372,#2373),
 .UNSPECIFIED.,.F.,.F.,(4,4),(0.,1.),.UNSPECIFIED.);
#274=B_SPLINE_CURVE_WITH_KNOTS('',3,(#2377,#2378,#2379,#2380,#2381,#2382,
#2383,#2384,#2385,#2386,#2387,#2388,#2389,#2390),.UNSPECIFIED.,.F.,.F.,
(4,2,2,2,2,2,4),(1.11134418796189,1.18160677876974,1.37855613090561,1.57550548304148,
1.79701833256371,2.01853118208594,2.07342919718531),.UNSPECIFIED.);
#275=B_SPLINE_CURVE_WITH_KNOTS('',3,(#2393,#2394,#2395,#2396,#2397,#2398,
#2399,#2400,#2401,#2402,#2403,#2404),.UNSPECIFIED.,.F.,.F.,(4,2,2,2,2,4),
(0.,0.32267112141959,0.645749797281532,0.861033839602267,1.07543803662835,
1.7259126253179),.UNSPECIFIED.);
#276=B_SPLINE_CURVE_WITH_KNOTS('',3,(#2406,#2407,#2408,#2409,#2410,#2411,
#2412,#2413,#2414,#2415),.UNSPECIFIED.,.F.,.F.,(4,2,2,2,4),(0.,0.234899739209241,
0.467352387523337,0.699682918033758,0.930782602503291),.UNSPECIFIED.);
#277=B_SPLINE_CURVE_WITH_KNOTS('',3,(#2416,#2417,#2418,#2419),
 .UNSPECIFIED.,.F.,.F.,(4,4),(0.,0.214478683260788),.UNSPECIFIED.);
#278=B_SPLINE_CURVE_WITH_KNOTS('',3,(#2456,#2457,#2458,#2459),
 .UNSPECIFIED.,.F.,.F.,(4,4),(-0.0153014243577481,-1.04730708173619E-7),
 .UNSPECIFIED.);
#279=B_SPLINE_CURVE_WITH_KNOTS('',3,(#2461,#2462,#2463,#2464),
 .UNSPECIFIED.,.F.,.F.,(4,4),(2.50075768821612,2.51763221333743),
 .UNSPECIFIED.);
#280=B_SPLINE_CURVE_WITH_KNOTS('',3,(#2587,#2588,#2589,#2590),
 .UNSPECIFIED.,.F.,.F.,(4,4),(-0.301979607304654,-0.212844262485249),
 .UNSPECIFIED.);
#281=B_SPLINE_CURVE_WITH_KNOTS('',3,(#2593,#2594,#2595,#2596,#2597,#2598),
 .UNSPECIFIED.,.F.,.F.,(4,2,4),(-0.122917519047929,-0.0602984762772728,
-0.0373807197776585),.UNSPECIFIED.);
#282=VERTEX_POINT('',#913);
#283=VERTEX_POINT('',#914);
#284=VERTEX_POINT('',#919);
#285=VERTEX_POINT('',#921);
#286=VERTEX_POINT('',#923);
#287=VERTEX_POINT('',#934);
#288=VERTEX_POINT('',#938);
#289=VERTEX_POINT('',#947);
#290=VERTEX_POINT('',#950);
#291=VERTEX_POINT('',#952);
#292=VERTEX_POINT('',#955);
#293=VERTEX_POINT('',#959);
#294=VERTEX_POINT('',#963);
#295=VERTEX_POINT('',#966);
#296=VERTEX_POINT('',#969);
#297=VERTEX_POINT('',#970);
#298=VERTEX_POINT('',#980);
#299=VERTEX_POINT('',#1056);
#300=VERTEX_POINT('',#1057);
#301=VERTEX_POINT('',#1064);
#302=VERTEX_POINT('',#1123);
#303=VERTEX_POINT('',#1153);
#304=VERTEX_POINT('',#1154);
#305=VERTEX_POINT('',#1156);
#306=VERTEX_POINT('',#1219);
#307=VERTEX_POINT('',#1268);
#308=VERTEX_POINT('',#1269);
#309=VERTEX_POINT('',#1276);
#310=VERTEX_POINT('',#1347);
#311=VERTEX_POINT('',#1360);
#312=VERTEX_POINT('',#1373);
#313=VERTEX_POINT('',#1380);
#314=VERTEX_POINT('',#1439);
#315=VERTEX_POINT('',#1450);
#316=VERTEX_POINT('',#1459);
#317=VERTEX_POINT('',#1466);
#318=VERTEX_POINT('',#1506);
#319=VERTEX_POINT('',#1508);
#320=VERTEX_POINT('',#1583);
#321=VERTEX_POINT('',#1584);
#322=VERTEX_POINT('',#1586);
#323=VERTEX_POINT('',#1591);
#324=VERTEX_POINT('',#1675);
#325=VERTEX_POINT('',#1676);
#326=VERTEX_POINT('',#1693);
#327=VERTEX_POINT('',#1695);
#328=VERTEX_POINT('',#1721);
#329=VERTEX_POINT('',#1747);
#330=VERTEX_POINT('',#1769);
#331=VERTEX_POINT('',#1817);
#332=VERTEX_POINT('',#1836);
#333=VERTEX_POINT('',#1848);
#334=VERTEX_POINT('',#1851);
#335=VERTEX_POINT('',#1852);
#336=VERTEX_POINT('',#1859);
#337=VERTEX_POINT('',#1867);
#338=VERTEX_POINT('',#1879);
#339=VERTEX_POINT('',#1880);
#340=VERTEX_POINT('',#2058);
#341=VERTEX_POINT('',#2199);
#342=VERTEX_POINT('',#2206);
#343=VERTEX_POINT('',#2235);
#344=VERTEX_POINT('',#2368);
#345=VERTEX_POINT('',#2375);
#346=VERTEX_POINT('',#2376);
#347=VERTEX_POINT('',#2391);
#348=VERTEX_POINT('',#2405);
#349=EDGE_CURVE('',#282,#283,#222,.T.);
#350=EDGE_CURVE('',#282,#284,#198,.T.);
#351=EDGE_CURVE('',#284,#285,#199,.T.);
#352=EDGE_CURVE('',#286,#285,#223,.T.);
#353=EDGE_CURVE('',#287,#286,#197,.T.);
#354=EDGE_CURVE('',#287,#288,#200,.T.);
#355=EDGE_CURVE('',#283,#288,#224,.T.);
#356=EDGE_CURVE('',#289,#289,#201,.F.);
#357=EDGE_CURVE('',#290,#290,#202,.F.);
#358=EDGE_CURVE('',#291,#291,#203,.F.);
#359=EDGE_CURVE('',#291,#292,#46,.T.);
#360=EDGE_CURVE('',#292,#292,#204,.F.);
#361=EDGE_CURVE('',#290,#293,#47,.T.);
#362=EDGE_CURVE('',#293,#293,#205,.F.);
#363=EDGE_CURVE('',#294,#294,#206,.T.);
#364=EDGE_CURVE('',#295,#295,#207,.T.);
#365=EDGE_CURVE('',#296,#297,#225,.T.);
#366=EDGE_CURVE('',#297,#298,#208,.T.);
#367=EDGE_CURVE('',#298,#296,#226,.T.);
#368=EDGE_CURVE('',#299,#300,#227,.T.);
#369=EDGE_CURVE('',#301,#300,#228,.T.);
#370=EDGE_CURVE('',#301,#302,#48,.T.);
#371=EDGE_CURVE('',#299,#302,#229,.T.);
#372=EDGE_CURVE('',#303,#304,#49,.T.);
#373=EDGE_CURVE('',#305,#304,#230,.T.);
#374=EDGE_CURVE('',#298,#305,#50,.T.);
#375=EDGE_CURVE('',#303,#298,#231,.T.);
#376=EDGE_CURVE('',#306,#296,#232,.T.);
#377=EDGE_CURVE('',#306,#305,#233,.T.);
#378=EDGE_CURVE('',#307,#308,#234,.T.);
#379=EDGE_CURVE('',#309,#308,#235,.T.);
#380=EDGE_CURVE('',#309,#310,#51,.T.);
#381=EDGE_CURVE('',#307,#310,#236,.T.);
#382=EDGE_CURVE('',#311,#307,#237,.F.);
#383=EDGE_CURVE('',#311,#310,#209,.T.);
#384=EDGE_CURVE('',#295,#294,#52,.T.);
#385=EDGE_CURVE('',#312,#311,#238,.T.);
#386=EDGE_CURVE('',#313,#312,#239,.T.);
#387=EDGE_CURVE('',#300,#313,#19,.F.);
#388=EDGE_CURVE('',#297,#299,#240,.T.);
#389=EDGE_CURVE('',#308,#306,#20,.F.);
#390=EDGE_CURVE('',#314,#312,#241,.F.);
#391=EDGE_CURVE('',#314,#315,#53,.T.);
#392=EDGE_CURVE('',#313,#315,#242,.T.);
#393=EDGE_CURVE('',#315,#316,#243,.T.);
#394=EDGE_CURVE('',#316,#317,#210,.T.);
#395=EDGE_CURVE('',#317,#301,#244,.T.);
#396=EDGE_CURVE('',#318,#318,#211,.F.);
#397=EDGE_CURVE('',#318,#319,#54,.T.);
#398=EDGE_CURVE('',#319,#319,#212,.F.);
#399=EDGE_CURVE('',#320,#321,#55,.T.);
#400=EDGE_CURVE('',#322,#321,#245,.T.);
#401=EDGE_CURVE('',#323,#322,#246,.T.);
#402=EDGE_CURVE('',#317,#323,#56,.T.);
#403=EDGE_CURVE('',#320,#317,#247,.T.);
#404=EDGE_CURVE('',#302,#323,#248,.T.);
#405=EDGE_CURVE('',#302,#303,#213,.T.);
#406=EDGE_CURVE('',#324,#325,#57,.T.);
#407=EDGE_CURVE('',#304,#325,#249,.T.);
#408=EDGE_CURVE('',#324,#303,#250,.T.);
#409=EDGE_CURVE('',#325,#326,#214,.T.);
#410=EDGE_CURVE('',#326,#327,#251,.T.);
#411=EDGE_CURVE('',#327,#309,#252,.T.);
#412=EDGE_CURVE('',#327,#328,#58,.T.);
#413=EDGE_CURVE('',#310,#328,#253,.T.);
#414=EDGE_CURVE('',#314,#328,#215,.T.);
#415=EDGE_CURVE('',#329,#329,#216,.F.);
#416=EDGE_CURVE('',#330,#316,#59,.T.);
#417=EDGE_CURVE('',#330,#314,#254,.T.);
#418=EDGE_CURVE('',#316,#331,#255,.T.);
#419=EDGE_CURVE('',#331,#332,#256,.T.);
#420=EDGE_CURVE('',#320,#332,#257,.T.);
#421=EDGE_CURVE('',#333,#333,#217,.T.);
#422=EDGE_CURVE('',#334,#335,#258,.T.);
#423=EDGE_CURVE('',#336,#334,#259,.T.);
#424=EDGE_CURVE('',#336,#320,#218,.F.);
#425=EDGE_CURVE('',#332,#335,#219,.F.);
#426=EDGE_CURVE('',#336,#337,#260,.T.);
#427=EDGE_CURVE('',#321,#337,#220,.F.);
#428=EDGE_CURVE('',#337,#322,#261,.T.);
#429=EDGE_CURVE('',#338,#339,#262,.T.);
#430=EDGE_CURVE('',#339,#324,#263,.T.);
#431=EDGE_CURVE('',#322,#338,#264,.T.);
#432=EDGE_CURVE('',#339,#340,#265,.T.);
#433=EDGE_CURVE('',#325,#340,#266,.T.);
#434=EDGE_CURVE('',#335,#341,#267,.T.);
#435=EDGE_CURVE('',#341,#342,#268,.T.);
#436=EDGE_CURVE('',#342,#332,#60,.F.);
#437=EDGE_CURVE('',#331,#334,#269,.T.);
#438=EDGE_CURVE('',#342,#341,#270,.F.);
#439=EDGE_CURVE('',#340,#343,#271,.T.);
#440=EDGE_CURVE('',#343,#326,#272,.T.);
#441=EDGE_CURVE('',#326,#344,#61,.T.);
#442=EDGE_CURVE('',#328,#344,#273,.T.);
#443=EDGE_CURVE('',#345,#346,#274,.T.);
#444=EDGE_CURVE('',#346,#347,#221,.T.);
#445=EDGE_CURVE('',#347,#330,#275,.T.);
#446=EDGE_CURVE('',#344,#348,#276,.T.);
#447=EDGE_CURVE('',#348,#345,#277,.T.);
#448=EDGE_CURVE('',#329,#289,#62,.T.);
#449=EDGE_CURVE('',#283,#348,#63,.T.);
#450=EDGE_CURVE('',#288,#345,#278,.T.);
#451=EDGE_CURVE('',#346,#287,#279,.T.);
#452=EDGE_CURVE('',#347,#286,#64,.T.);
#453=EDGE_CURVE('',#285,#331,#280,.T.);
#454=EDGE_CURVE('',#333,#284,#65,.T.);
#455=EDGE_CURVE('',#343,#282,#281,.T.);
#456=ORIENTED_EDGE('',*,*,#349,.F.);
#457=ORIENTED_EDGE('',*,*,#350,.T.);
#458=ORIENTED_EDGE('',*,*,#351,.T.);
#459=ORIENTED_EDGE('',*,*,#352,.F.);
#460=ORIENTED_EDGE('',*,*,#353,.F.);
#461=ORIENTED_EDGE('',*,*,#354,.T.);
#462=ORIENTED_EDGE('',*,*,#355,.F.);
#463=ORIENTED_EDGE('',*,*,#356,.T.);
#464=ORIENTED_EDGE('',*,*,#357,.F.);
#465=ORIENTED_EDGE('',*,*,#358,.T.);
#466=ORIENTED_EDGE('',*,*,#358,.F.);
#467=ORIENTED_EDGE('',*,*,#359,.T.);
#468=ORIENTED_EDGE('',*,*,#360,.F.);
#469=ORIENTED_EDGE('',*,*,#359,.F.);
#470=ORIENTED_EDGE('',*,*,#357,.T.);
#471=ORIENTED_EDGE('',*,*,#361,.T.);
#472=ORIENTED_EDGE('',*,*,#362,.F.);
#473=ORIENTED_EDGE('',*,*,#361,.F.);
#474=ORIENTED_EDGE('',*,*,#363,.T.);
#475=ORIENTED_EDGE('',*,*,#360,.T.);
#476=ORIENTED_EDGE('',*,*,#364,.T.);
#477=ORIENTED_EDGE('',*,*,#362,.T.);
#478=ORIENTED_EDGE('',*,*,#365,.T.);
#479=ORIENTED_EDGE('',*,*,#366,.T.);
#480=ORIENTED_EDGE('',*,*,#367,.T.);
#481=ORIENTED_EDGE('',*,*,#368,.T.);
#482=ORIENTED_EDGE('',*,*,#369,.F.);
#483=ORIENTED_EDGE('',*,*,#370,.T.);
#484=ORIENTED_EDGE('',*,*,#371,.F.);
#485=ORIENTED_EDGE('',*,*,#372,.T.);
#486=ORIENTED_EDGE('',*,*,#373,.F.);
#487=ORIENTED_EDGE('',*,*,#374,.F.);
#488=ORIENTED_EDGE('',*,*,#375,.F.);
#489=ORIENTED_EDGE('',*,*,#376,.T.);
#490=ORIENTED_EDGE('',*,*,#367,.F.);
#491=ORIENTED_EDGE('',*,*,#374,.T.);
#492=ORIENTED_EDGE('',*,*,#377,.F.);
#493=ORIENTED_EDGE('',*,*,#378,.T.);
#494=ORIENTED_EDGE('',*,*,#379,.F.);
#495=ORIENTED_EDGE('',*,*,#380,.T.);
#496=ORIENTED_EDGE('',*,*,#381,.F.);
#497=ORIENTED_EDGE('',*,*,#382,.T.);
#498=ORIENTED_EDGE('',*,*,#381,.T.);
#499=ORIENTED_EDGE('',*,*,#383,.F.);
#500=ORIENTED_EDGE('',*,*,#364,.F.);
#501=ORIENTED_EDGE('',*,*,#384,.T.);
#502=ORIENTED_EDGE('',*,*,#363,.F.);
#503=ORIENTED_EDGE('',*,*,#384,.F.);
#504=ORIENTED_EDGE('',*,*,#382,.F.);
#505=ORIENTED_EDGE('',*,*,#385,.F.);
#506=ORIENTED_EDGE('',*,*,#386,.F.);
#507=ORIENTED_EDGE('',*,*,#387,.F.);
#508=ORIENTED_EDGE('',*,*,#368,.F.);
#509=ORIENTED_EDGE('',*,*,#388,.F.);
#510=ORIENTED_EDGE('',*,*,#365,.F.);
#511=ORIENTED_EDGE('',*,*,#376,.F.);
#512=ORIENTED_EDGE('',*,*,#389,.F.);
#513=ORIENTED_EDGE('',*,*,#378,.F.);
#514=ORIENTED_EDGE('',*,*,#386,.T.);
#515=ORIENTED_EDGE('',*,*,#390,.F.);
#516=ORIENTED_EDGE('',*,*,#391,.T.);
#517=ORIENTED_EDGE('',*,*,#392,.F.);
#518=ORIENTED_EDGE('',*,*,#387,.T.);
#519=ORIENTED_EDGE('',*,*,#392,.T.);
#520=ORIENTED_EDGE('',*,*,#393,.T.);
#521=ORIENTED_EDGE('',*,*,#394,.T.);
#522=ORIENTED_EDGE('',*,*,#395,.T.);
#523=ORIENTED_EDGE('',*,*,#369,.T.);
#524=ORIENTED_EDGE('',*,*,#396,.T.);
#525=ORIENTED_EDGE('',*,*,#397,.T.);
#526=ORIENTED_EDGE('',*,*,#398,.F.);
#527=ORIENTED_EDGE('',*,*,#397,.F.);
#528=ORIENTED_EDGE('',*,*,#399,.T.);
#529=ORIENTED_EDGE('',*,*,#400,.F.);
#530=ORIENTED_EDGE('',*,*,#401,.F.);
#531=ORIENTED_EDGE('',*,*,#402,.F.);
#532=ORIENTED_EDGE('',*,*,#403,.F.);
#533=ORIENTED_EDGE('',*,*,#402,.T.);
#534=ORIENTED_EDGE('',*,*,#404,.F.);
#535=ORIENTED_EDGE('',*,*,#370,.F.);
#536=ORIENTED_EDGE('',*,*,#395,.F.);
#537=ORIENTED_EDGE('',*,*,#388,.T.);
#538=ORIENTED_EDGE('',*,*,#371,.T.);
#539=ORIENTED_EDGE('',*,*,#405,.T.);
#540=ORIENTED_EDGE('',*,*,#375,.T.);
#541=ORIENTED_EDGE('',*,*,#366,.F.);
#542=ORIENTED_EDGE('',*,*,#406,.T.);
#543=ORIENTED_EDGE('',*,*,#407,.F.);
#544=ORIENTED_EDGE('',*,*,#372,.F.);
#545=ORIENTED_EDGE('',*,*,#408,.F.);
#546=ORIENTED_EDGE('',*,*,#389,.T.);
#547=ORIENTED_EDGE('',*,*,#377,.T.);
#548=ORIENTED_EDGE('',*,*,#373,.T.);
#549=ORIENTED_EDGE('',*,*,#407,.T.);
#550=ORIENTED_EDGE('',*,*,#409,.T.);
#551=ORIENTED_EDGE('',*,*,#410,.T.);
#552=ORIENTED_EDGE('',*,*,#411,.T.);
#553=ORIENTED_EDGE('',*,*,#379,.T.);
#554=ORIENTED_EDGE('',*,*,#412,.T.);
#555=ORIENTED_EDGE('',*,*,#413,.F.);
#556=ORIENTED_EDGE('',*,*,#380,.F.);
#557=ORIENTED_EDGE('',*,*,#411,.F.);
#558=ORIENTED_EDGE('',*,*,#385,.T.);
#559=ORIENTED_EDGE('',*,*,#383,.T.);
#560=ORIENTED_EDGE('',*,*,#413,.T.);
#561=ORIENTED_EDGE('',*,*,#414,.F.);
#562=ORIENTED_EDGE('',*,*,#390,.T.);
#563=ORIENTED_EDGE('',*,*,#396,.F.);
#564=ORIENTED_EDGE('',*,*,#415,.T.);
#565=ORIENTED_EDGE('',*,*,#416,.T.);
#566=ORIENTED_EDGE('',*,*,#393,.F.);
#567=ORIENTED_EDGE('',*,*,#391,.F.);
#568=ORIENTED_EDGE('',*,*,#417,.F.);
#569=ORIENTED_EDGE('',*,*,#394,.F.);
#570=ORIENTED_EDGE('',*,*,#418,.T.);
#571=ORIENTED_EDGE('',*,*,#419,.T.);
#572=ORIENTED_EDGE('',*,*,#420,.F.);
#573=ORIENTED_EDGE('',*,*,#403,.T.);
#574=ORIENTED_EDGE('',*,*,#421,.T.);
#575=ORIENTED_EDGE('',*,*,#398,.T.);
#576=ORIENTED_EDGE('',*,*,#422,.F.);
#577=ORIENTED_EDGE('',*,*,#423,.F.);
#578=ORIENTED_EDGE('',*,*,#424,.T.);
#579=ORIENTED_EDGE('',*,*,#420,.T.);
#580=ORIENTED_EDGE('',*,*,#425,.T.);
#581=ORIENTED_EDGE('',*,*,#426,.T.);
#582=ORIENTED_EDGE('',*,*,#427,.F.);
#583=ORIENTED_EDGE('',*,*,#399,.F.);
#584=ORIENTED_EDGE('',*,*,#424,.F.);
#585=ORIENTED_EDGE('',*,*,#428,.T.);
#586=ORIENTED_EDGE('',*,*,#400,.T.);
#587=ORIENTED_EDGE('',*,*,#427,.T.);
#588=ORIENTED_EDGE('',*,*,#429,.T.);
#589=ORIENTED_EDGE('',*,*,#430,.T.);
#590=ORIENTED_EDGE('',*,*,#408,.T.);
#591=ORIENTED_EDGE('',*,*,#405,.F.);
#592=ORIENTED_EDGE('',*,*,#404,.T.);
#593=ORIENTED_EDGE('',*,*,#401,.T.);
#594=ORIENTED_EDGE('',*,*,#431,.T.);
#595=ORIENTED_EDGE('',*,*,#432,.T.);
#596=ORIENTED_EDGE('',*,*,#433,.F.);
#597=ORIENTED_EDGE('',*,*,#406,.F.);
#598=ORIENTED_EDGE('',*,*,#430,.F.);
#599=ORIENTED_EDGE('',*,*,#434,.T.);
#600=ORIENTED_EDGE('',*,*,#435,.T.);
#601=ORIENTED_EDGE('',*,*,#436,.T.);
#602=ORIENTED_EDGE('',*,*,#419,.F.);
#603=ORIENTED_EDGE('',*,*,#437,.T.);
#604=ORIENTED_EDGE('',*,*,#422,.T.);
#605=ORIENTED_EDGE('',*,*,#434,.F.);
#606=ORIENTED_EDGE('',*,*,#425,.F.);
#607=ORIENTED_EDGE('',*,*,#436,.F.);
#608=ORIENTED_EDGE('',*,*,#438,.T.);
#609=ORIENTED_EDGE('',*,*,#439,.T.);
#610=ORIENTED_EDGE('',*,*,#440,.T.);
#611=ORIENTED_EDGE('',*,*,#409,.F.);
#612=ORIENTED_EDGE('',*,*,#433,.T.);
#613=ORIENTED_EDGE('',*,*,#441,.T.);
#614=ORIENTED_EDGE('',*,*,#442,.F.);
#615=ORIENTED_EDGE('',*,*,#412,.F.);
#616=ORIENTED_EDGE('',*,*,#410,.F.);
#617=ORIENTED_EDGE('',*,*,#443,.T.);
#618=ORIENTED_EDGE('',*,*,#444,.T.);
#619=ORIENTED_EDGE('',*,*,#445,.T.);
#620=ORIENTED_EDGE('',*,*,#417,.T.);
#621=ORIENTED_EDGE('',*,*,#414,.T.);
#622=ORIENTED_EDGE('',*,*,#442,.T.);
#623=ORIENTED_EDGE('',*,*,#446,.T.);
#624=ORIENTED_EDGE('',*,*,#447,.T.);
#625=ORIENTED_EDGE('',*,*,#415,.F.);
#626=ORIENTED_EDGE('',*,*,#448,.T.);
#627=ORIENTED_EDGE('',*,*,#356,.F.);
#628=ORIENTED_EDGE('',*,*,#448,.F.);
#629=ORIENTED_EDGE('',*,*,#449,.F.);
#630=ORIENTED_EDGE('',*,*,#355,.T.);
#631=ORIENTED_EDGE('',*,*,#450,.T.);
#632=ORIENTED_EDGE('',*,*,#447,.F.);
#633=ORIENTED_EDGE('',*,*,#450,.F.);
#634=ORIENTED_EDGE('',*,*,#354,.F.);
#635=ORIENTED_EDGE('',*,*,#451,.F.);
#636=ORIENTED_EDGE('',*,*,#443,.F.);
#637=ORIENTED_EDGE('',*,*,#451,.T.);
#638=ORIENTED_EDGE('',*,*,#353,.T.);
#639=ORIENTED_EDGE('',*,*,#452,.F.);
#640=ORIENTED_EDGE('',*,*,#444,.F.);
#641=ORIENTED_EDGE('',*,*,#453,.T.);
#642=ORIENTED_EDGE('',*,*,#418,.F.);
#643=ORIENTED_EDGE('',*,*,#416,.F.);
#644=ORIENTED_EDGE('',*,*,#445,.F.);
#645=ORIENTED_EDGE('',*,*,#452,.T.);
#646=ORIENTED_EDGE('',*,*,#352,.T.);
#647=ORIENTED_EDGE('',*,*,#421,.F.);
#648=ORIENTED_EDGE('',*,*,#454,.T.);
#649=ORIENTED_EDGE('',*,*,#350,.F.);
#650=ORIENTED_EDGE('',*,*,#455,.F.);
#651=ORIENTED_EDGE('',*,*,#439,.F.);
#652=ORIENTED_EDGE('',*,*,#432,.F.);
#653=ORIENTED_EDGE('',*,*,#429,.F.);
#654=ORIENTED_EDGE('',*,*,#431,.F.);
#655=ORIENTED_EDGE('',*,*,#428,.F.);
#656=ORIENTED_EDGE('',*,*,#426,.F.);
#657=ORIENTED_EDGE('',*,*,#423,.T.);
#658=ORIENTED_EDGE('',*,*,#437,.F.);
#659=ORIENTED_EDGE('',*,*,#453,.F.);
#660=ORIENTED_EDGE('',*,*,#351,.F.);
#661=ORIENTED_EDGE('',*,*,#454,.F.);
#662=ORIENTED_EDGE('',*,*,#438,.F.);
#663=ORIENTED_EDGE('',*,*,#435,.F.);
#664=ORIENTED_EDGE('',*,*,#349,.T.);
#665=ORIENTED_EDGE('',*,*,#449,.T.);
#666=ORIENTED_EDGE('',*,*,#446,.F.);
#667=ORIENTED_EDGE('',*,*,#441,.F.);
#668=ORIENTED_EDGE('',*,*,#440,.F.);
#669=ORIENTED_EDGE('',*,*,#455,.T.);
#670=PLANE('',#736);
#671=PLANE('',#741);
#672=PLANE('',#748);
#673=PLANE('',#750);
#674=PLANE('',#759);
#675=PLANE('',#765);
#676=PLANE('',#769);
#677=PLANE('',#771);
#678=ADVANCED_FACE('',(#101,#93),#670,.F.);
#679=ADVANCED_FACE('',(#102,#94),#671,.F.);
#680=ADVANCED_FACE('',(#103),#86,.F.);
#681=ADVANCED_FACE('',(#104),#87,.F.);
#682=ADVANCED_FACE('',(#105,#95),#672,.F.);
#683=ADVANCED_FACE('',(#106,#96),#673,.F.);
#684=ADVANCED_FACE('',(#107),#37,.T.);
#685=ADVANCED_FACE('',(#108),#21,.T.);
#686=ADVANCED_FACE('',(#109),#22,.T.);
#687=ADVANCED_FACE('',(#110),#23,.T.);
#688=ADVANCED_FACE('',(#111),#24,.T.);
#689=ADVANCED_FACE('',(#112),#38,.F.);
#690=ADVANCED_FACE('',(#113,#97),#88,.T.);
#691=ADVANCED_FACE('',(#114),#25,.T.);
#692=ADVANCED_FACE('',(#115),#674,.F.);
#693=ADVANCED_FACE('',(#116),#89,.F.);
#694=ADVANCED_FACE('',(#117),#26,.T.);
#695=ADVANCED_FACE('',(#118),#27,.T.);
#696=ADVANCED_FACE('',(#119),#16,.F.);
#697=ADVANCED_FACE('',(#120),#28,.T.);
#698=ADVANCED_FACE('',(#121),#675,.F.);
#699=ADVANCED_FACE('',(#122),#29,.T.);
#700=ADVANCED_FACE('',(#123),#15,.F.);
#701=ADVANCED_FACE('',(#124,#98),#676,.F.);
#702=ADVANCED_FACE('',(#125),#30,.T.);
#703=ADVANCED_FACE('',(#126),#17,.T.);
#704=ADVANCED_FACE('',(#127,#99),#677,.F.);
#705=ADVANCED_FACE('',(#128),#39,.F.);
#706=ADVANCED_FACE('',(#129),#40,.F.);
#707=ADVANCED_FACE('',(#130),#41,.F.);
#708=ADVANCED_FACE('',(#131),#42,.T.);
#709=ADVANCED_FACE('',(#132),#31,.T.);
#710=ADVANCED_FACE('',(#133),#32,.F.);
#711=ADVANCED_FACE('',(#134),#43,.T.);
#712=ADVANCED_FACE('',(#135),#18,.F.);
#713=ADVANCED_FACE('',(#136),#33,.T.);
#714=ADVANCED_FACE('',(#137),#44,.F.);
#715=ADVANCED_FACE('',(#138),#90,.F.);
#716=ADVANCED_FACE('',(#139),#34,.T.);
#717=ADVANCED_FACE('',(#140),#91,.F.);
#718=ADVANCED_FACE('',(#141),#45,.T.);
#719=ADVANCED_FACE('',(#142),#35,.T.);
#720=ADVANCED_FACE('',(#143,#100),#92,.T.);
#721=ADVANCED_FACE('',(#144),#36,.T.);
#722=CLOSED_SHELL('',(#678,#679,#680,#681,#682,#683,#684,#685,#686,#687,
#688,#689,#690,#691,#692,#693,#694,#695,#696,#697,#698,#699,#700,#701,#702,
#703,#704,#705,#706,#707,#708,#709,#710,#711,#712,#713,#714,#715,#716,#717,
#718,#719,#720,#721));
#723=DERIVED_UNIT_ELEMENT(#725,1.);
#724=DERIVED_UNIT_ELEMENT(#2680,-3.);
#725=(
MASS_UNIT()
NAMED_UNIT(*)
SI_UNIT(.KILO.,.GRAM.)
);
#726=DERIVED_UNIT((#723,#724));
#727=MEASURE_REPRESENTATION_ITEM('density measure',
POSITIVE_RATIO_MEASURE(7850.),#726);
#728=PROPERTY_DEFINITION_REPRESENTATION(#733,#730);
#729=PROPERTY_DEFINITION_REPRESENTATION(#734,#731);
#730=REPRESENTATION('material name',(#732),#2677);
#731=REPRESENTATION('density',(#727),#2677);
#732=DESCRIPTIVE_REPRESENTATION_ITEM('Steel','Steel');
#733=PROPERTY_DEFINITION('material property','material name',#2687);
#734=PROPERTY_DEFINITION('material property','density of part',#2687);
#735=AXIS2_PLACEMENT_3D('',#911,#787,#788);
#736=AXIS2_PLACEMENT_3D('',#912,#789,#790);
#737=AXIS2_PLACEMENT_3D('',#920,#791,#792);
#738=AXIS2_PLACEMENT_3D('',#922,#793,#794);
#739=AXIS2_PLACEMENT_3D('',#939,#795,#796);
#740=AXIS2_PLACEMENT_3D('',#948,#797,#798);
#741=AXIS2_PLACEMENT_3D('',#949,#799,#800);
#742=AXIS2_PLACEMENT_3D('',#951,#801,#802);
#743=AXIS2_PLACEMENT_3D('',#953,#803,#804);
#744=AXIS2_PLACEMENT_3D('',#954,#805,#806);
#745=AXIS2_PLACEMENT_3D('',#957,#808,#809);
#746=AXIS2_PLACEMENT_3D('',#958,#810,#811);
#747=AXIS2_PLACEMENT_3D('',#961,#813,#814);
#748=AXIS2_PLACEMENT_3D('',#962,#815,#816);
#749=AXIS2_PLACEMENT_3D('',#964,#817,#818);
#750=AXIS2_PLACEMENT_3D('',#965,#819,#820);
#751=AXIS2_PLACEMENT_3D('',#967,#821,#822);
#752=AXIS2_PLACEMENT_3D('',#968,#823,#824);
#753=AXIS2_PLACEMENT_3D('',#981,#825,#826);
#754=AXIS2_PLACEMENT_3D('',#1359,#831,#832);
#755=AXIS2_PLACEMENT_3D('',#1370,#833,#834);
#756=AXIS2_PLACEMENT_3D('',#1371,#835,#836);
#757=AXIS2_PLACEMENT_3D('',#1387,#838,#839);
#758=AXIS2_PLACEMENT_3D('',#1396,#840,#841);
#759=AXIS2_PLACEMENT_3D('',#1458,#843,#844);
#760=AXIS2_PLACEMENT_3D('',#1467,#845,#846);
#761=AXIS2_PLACEMENT_3D('',#1505,#847,#848);
#762=AXIS2_PLACEMENT_3D('',#1507,#849,#850);
#763=AXIS2_PLACEMENT_3D('',#1510,#852,#853);
#764=AXIS2_PLACEMENT_3D('',#1666,#856,#857);
#765=AXIS2_PLACEMENT_3D('',#1692,#859,#860);
#766=AXIS2_PLACEMENT_3D('',#1694,#861,#862);
#767=AXIS2_PLACEMENT_3D('',#1744,#864,#865);
#768=AXIS2_PLACEMENT_3D('',#1745,#866,#867);
#769=AXIS2_PLACEMENT_3D('',#1746,#868,#869);
#770=AXIS2_PLACEMENT_3D('',#1748,#870,#871);
#771=AXIS2_PLACEMENT_3D('',#1847,#873,#874);
#772=AXIS2_PLACEMENT_3D('',#1849,#875,#876);
#773=AXIS2_PLACEMENT_3D('',#1850,#877,#878);
#774=AXIS2_PLACEMENT_3D('',#1864,#879,#880);
#775=AXIS2_PLACEMENT_3D('',#1865,#881,#882);
#776=AXIS2_PLACEMENT_3D('',#1866,#883,#884);
#777=AXIS2_PLACEMENT_3D('',#1872,#885,#886);
#778=AXIS2_PLACEMENT_3D('',#1873,#887,#888);
#779=AXIS2_PLACEMENT_3D('',#1878,#889,#890);
#780=AXIS2_PLACEMENT_3D('',#2216,#892,#893);
#781=AXIS2_PLACEMENT_3D('',#2374,#895,#896);
#782=AXIS2_PLACEMENT_3D('',#2392,#897,#898);
#783=AXIS2_PLACEMENT_3D('',#2420,#899,#900);
#784=AXIS2_PLACEMENT_3D('',#2460,#903,#904);
#785=AXIS2_PLACEMENT_3D('',#2465,#905,#906);
#786=AXIS2_PLACEMENT_3D('',#2591,#908,#909);
#787=DIRECTION('axis',(0.,0.,1.));
#788=DIRECTION('refdir',(1.,0.,0.));
#789=DIRECTION('center_axis',(0.707106781186544,-0.707106781186551,0.));
#790=DIRECTION('ref_axis',(0.707106781186551,0.707106781186544,0.));
#791=DIRECTION('center_axis',(-0.707106781186544,0.707106781186551,0.));
#792=DIRECTION('ref_axis',(-0.707106781186551,-0.707106781186544,0.));
#793=DIRECTION('center_axis',(-0.707106781186544,0.707106781186551,0.));
#794=DIRECTION('ref_axis',(-0.707106781186551,-0.707106781186544,0.));
#795=DIRECTION('center_axis',(-0.707106781186544,0.707106781186551,0.));
#796=DIRECTION('ref_axis',(-0.707106781186551,-0.707106781186544,0.));
#797=DIRECTION('center_axis',(-0.707106781186544,0.707106781186551,0.));
#798=DIRECTION('ref_axis',(-0.707106781186551,-0.707106781186545,0.));
#799=DIRECTION('center_axis',(0.171010071662831,-0.866025403784442,-0.46984631039295));
#800=DIRECTION('ref_axis',(0.981055946010024,0.193724626205284,2.15077540450008E-17));
#801=DIRECTION('center_axis',(-0.171010071662831,0.866025403784442,0.46984631039295));
#802=DIRECTION('ref_axis',(0.981055946010024,0.193724626205284,0.));
#803=DIRECTION('center_axis',(-0.171010071662831,0.866025403784442,0.46984631039295));
#804=DIRECTION('ref_axis',(0.981055946010024,0.193724626205284,-8.77749842027408E-17));
#805=DIRECTION('center_axis',(0.171010071662831,-0.866025403784442,-0.46984631039295));
#806=DIRECTION('ref_axis',(0.981055946010024,0.193724626205284,-8.77749842027408E-17));
#807=DIRECTION('',(0.171010071662831,-0.866025403784442,-0.46984631039295));
#808=DIRECTION('center_axis',(0.171010071662831,-0.866025403784442,-0.46984631039295));
#809=DIRECTION('ref_axis',(0.981055946010024,0.193724626205284,-8.77749842027408E-17));
#810=DIRECTION('center_axis',(-0.171010071662831,0.866025403784442,0.46984631039295));
#811=DIRECTION('ref_axis',(0.981055946010024,0.193724626205284,0.));
#812=DIRECTION('',(-0.171010071662831,0.866025403784442,0.46984631039295));
#813=DIRECTION('center_axis',(-0.171010071662831,0.866025403784442,0.46984631039295));
#814=DIRECTION('ref_axis',(0.981055946010024,0.193724626205284,0.));
#815=DIRECTION('center_axis',(-0.171010071662831,0.866025403784442,0.46984631039295));
#816=DIRECTION('ref_axis',(1.38777878078145E-17,-0.476870962711469,0.878973312975222));
#817=DIRECTION('center_axis',(0.171010071662831,-0.866025403784442,-0.46984631039295));
#818=DIRECTION('ref_axis',(0.981055946010024,0.193724626205284,-1.06023209722242E-17));
#819=DIRECTION('center_axis',(0.171010071662831,-0.866025403784442,-0.46984631039295));
#820=DIRECTION('ref_axis',(0.981055946010024,0.193724626205284,1.36148862463218E-17));
#821=DIRECTION('center_axis',(-0.171010071662831,0.866025403784442,0.46984631039295));
#822=DIRECTION('ref_axis',(0.981055946010024,0.193724626205284,-1.06023209722242E-17));
#823=DIRECTION('center_axis',(0.,1.,0.));
#824=DIRECTION('ref_axis',(0.,0.,1.));
#825=DIRECTION('center_axis',(0.,-1.,0.));
#826=DIRECTION('ref_axis',(0.,0.,-1.));
#827=DIRECTION('',(0.17251410596983,-0.947795285216852,0.268184601649939));
#828=DIRECTION('',(-0.66459811515375,0.124131069081973,0.736818039289653));
#829=DIRECTION('',(-0.530154824703214,0.250149941006239,0.810161014156124));
#830=DIRECTION('',(-0.0948255766765891,0.930406140843853,-0.354051582524357));
#831=DIRECTION('center_axis',(0.,1.,0.));
#832=DIRECTION('ref_axis',(0.,0.,1.));
#833=DIRECTION('center_axis',(0.,-1.,0.));
#834=DIRECTION('ref_axis',(0.,0.,-1.));
#835=DIRECTION('center_axis',(-0.171010071662831,0.866025403784442,0.46984631039295));
#836=DIRECTION('ref_axis',(0.981055946010024,0.193724626205284,-1.06023209722242E-17));
#837=DIRECTION('',(0.171010071662831,-0.866025403784442,-0.46984631039295));
#838=DIRECTION('center_axis',(0.293083724918386,0.515450285700214,-0.805240916222923));
#839=DIRECTION('ref_axis',(0.176294380592443,-0.856919484532571,-0.484364829854479));
#840=DIRECTION('center_axis',(-0.293083724918386,-0.515450285700214,0.805240916222922));
#841=DIRECTION('ref_axis',(0.176294380592443,-0.856919484532571,-0.48436482985448));
#842=DIRECTION('',(0.518998154935286,-0.135091818033645,-0.844032650952636));
#843=DIRECTION('center_axis',(-0.293083724918386,-0.515450285700214,0.805240916222923));
#844=DIRECTION('ref_axis',(0.,-0.842225761695477,-0.539125000659841));
#845=DIRECTION('center_axis',(0.293083724918075,0.515450285699993,-0.805240916223177));
#846=DIRECTION('ref_axis',(0.667485383881242,0.492685756726469,0.558322494105133));
#847=DIRECTION('center_axis',(0.707106781186544,-0.707106781186551,0.));
#848=DIRECTION('ref_axis',(-0.707106781186551,-0.707106781186544,0.));
#849=DIRECTION('center_axis',(0.707106781186544,-0.707106781186551,0.));
#850=DIRECTION('ref_axis',(-0.707106781186551,-0.707106781186544,0.));
#851=DIRECTION('',(0.707106781186544,-0.707106781186551,0.));
#852=DIRECTION('center_axis',(0.707106781186544,-0.707106781186551,0.));
#853=DIRECTION('ref_axis',(-0.707106781186551,-0.707106781186544,0.));
#854=DIRECTION('',(-0.0112006062826359,-0.999936644023129,0.00111998154642412));
#855=DIRECTION('',(0.248494030620055,-0.889246317846846,0.3840464853921));
#856=DIRECTION('center_axis',(0.,-1.,0.));
#857=DIRECTION('ref_axis',(0.,0.,-1.));
#858=DIRECTION('',(-0.679067013140107,0.125462064603645,0.723275370803102));
#859=DIRECTION('center_axis',(0.293083724918386,0.515450285700214,-0.805240916222922));
#860=DIRECTION('ref_axis',(-2.77555756156289E-17,0.842225761695477,0.539125000659841));
#861=DIRECTION('center_axis',(-0.293083724925415,-0.515450285705188,0.80524091621718));
#862=DIRECTION('ref_axis',(0.671954528001597,0.488082976582219,0.557002800952376));
#863=DIRECTION('',(-0.274517099945246,0.878139533382221,-0.391805208935393));
#864=DIRECTION('center_axis',(0.,-1.,0.));
#865=DIRECTION('ref_axis',(0.,0.,-1.));
#866=DIRECTION('center_axis',(0.,-1.,0.));
#867=DIRECTION('ref_axis',(0.,0.,-1.));
#868=DIRECTION('center_axis',(-0.707106781186544,0.707106781186551,0.));
#869=DIRECTION('ref_axis',(-0.707106781186551,-0.707106781186544,0.));
#870=DIRECTION('center_axis',(0.707106781186544,-0.707106781186551,0.));
#871=DIRECTION('ref_axis',(-0.707106781186551,-0.707106781186545,0.));
#872=DIRECTION('',(0.644732926595695,-0.142584280488319,-0.750992128002004));
#873=DIRECTION('center_axis',(-0.707106781186544,0.707106781186551,0.));
#874=DIRECTION('ref_axis',(-0.707106781186551,-0.707106781186544,0.));
#875=DIRECTION('center_axis',(0.707106781186544,-0.707106781186551,0.));
#876=DIRECTION('ref_axis',(-0.707106781186551,-0.707106781186544,0.));
#877=DIRECTION('center_axis',(0.,-1.,0.));
#878=DIRECTION('ref_axis',(0.,0.,-1.));
#879=DIRECTION('center_axis',(0.,1.,0.));
#880=DIRECTION('ref_axis',(0.,0.,1.));
#881=DIRECTION('center_axis',(0.,-1.,0.));
#882=DIRECTION('ref_axis',(1.24344978758018E-14,0.,1.));
#883=DIRECTION('center_axis',(0.,1.,0.));
#884=DIRECTION('ref_axis',(0.,0.,1.));
#885=DIRECTION('center_axis',(0.,-1.,0.));
#886=DIRECTION('ref_axis',(0.,0.,-1.));
#887=DIRECTION('center_axis',(0.,1.,0.));
#888=DIRECTION('ref_axis',(0.,0.,1.));
#889=DIRECTION('center_axis',(0.,1.,0.));
#890=DIRECTION('ref_axis',(0.,0.,1.));
#891=DIRECTION('',(0.99615442683751,-0.0132341517688003,-0.08660955558708));
#892=DIRECTION('center_axis',(0.,-1.,0.));
#893=DIRECTION('ref_axis',(0.,0.,-1.));
#894=DIRECTION('',(-0.279164653000163,0.868337693040046,-0.409947249486064));
#895=DIRECTION('center_axis',(0.,1.,0.));
#896=DIRECTION('ref_axis',(0.,0.,1.));
#897=DIRECTION('center_axis',(0.,1.,0.));
#898=DIRECTION('ref_axis',(1.24344978758018E-14,0.,-1.));
#899=DIRECTION('center_axis',(-0.707106781186545,0.707106781186551,0.));
#900=DIRECTION('ref_axis',(-0.707106781186551,-0.707106781186545,0.));
#901=DIRECTION('',(-0.707106781186544,0.70710678118655,0.));
#902=DIRECTION('',(-0.0138272366393946,0.999802505507709,-0.0142743653948697));
#903=DIRECTION('center_axis',(-0.707106781186545,0.70710678118655,0.));
#904=DIRECTION('ref_axis',(-0.70710678118655,-0.707106781186545,0.));
#905=DIRECTION('center_axis',(0.,-1.,0.));
#906=DIRECTION('ref_axis',(0.,0.,-1.));
#907=DIRECTION('',(0.99615442683751,-0.0132341517688003,-0.08660955558708));
#908=DIRECTION('center_axis',(0.707106781186544,-0.707106781186551,0.));
#909=DIRECTION('ref_axis',(-0.707106781186551,-0.707106781186544,0.));
#910=DIRECTION('',(-0.707106781186544,0.707106781186551,0.));
#911=CARTESIAN_POINT('',(0.,0.,0.));
#912=CARTESIAN_POINT('Origin',(45.2725116654685,-4.86314478939183,7.5));
#913=CARTESIAN_POINT('',(34.6129327250789,-15.5227237297814,-8.01069255604589));
#914=CARTESIAN_POINT('',(34.9201291532139,-15.2155273016464,-6.1354767799727));
#915=CARTESIAN_POINT('Ctrl Pts',(34.6129327250789,-15.5227237297814,-8.01069255604589));
#916=CARTESIAN_POINT('Ctrl Pts',(34.7453734075862,-15.390283047274,-7.39751369920984));
#917=CARTESIAN_POINT('Ctrl Pts',(34.8482174005089,-15.2874390543513,-6.77119689876601));
#918=CARTESIAN_POINT('Ctrl Pts',(34.9201291532138,-15.2155273016464,-6.13547677997266));
#919=CARTESIAN_POINT('',(47.7650630691511,-2.37059338570925,9.00115397373305E-16));
#920=CARTESIAN_POINT('Origin',(39.9692108065694,-10.1664456482909,-4.50057698686652E-16));
#921=CARTESIAN_POINT('',(44.3911394573607,-5.74451699749965,-9.07985236744642));
#922=CARTESIAN_POINT('Origin',(39.9692108065694,-10.1664456482909,-4.50057698686652E-16));
#923=CARTESIAN_POINT('',(44.4631532979837,-5.67250315687667,-6.20045093445045));
#924=CARTESIAN_POINT('Ctrl Pts',(44.4631532979837,-5.67250315687666,-6.20045093445044));
#925=CARTESIAN_POINT('Ctrl Pts',(44.4630632204645,-5.67259323439579,-6.36355357706756));
#926=CARTESIAN_POINT('Ctrl Pts',(44.462297169088,-5.67335928577238,-6.52660896151891));
#927=CARTESIAN_POINT('Ctrl Pts',(44.4608550561419,-5.67480139871849,-6.68961051710528));
#928=CARTESIAN_POINT('Ctrl Pts',(44.4543038323048,-5.68135262255557,-7.43009320906318));
#929=CARTESIAN_POINT('Ctrl Pts',(44.433803843664,-5.70185261119637,-8.16923431909272));
#930=CARTESIAN_POINT('Ctrl Pts',(44.3993862854994,-5.7362701693609,-8.90817363834479));
#931=CARTESIAN_POINT('Ctrl Pts',(44.3967205068907,-5.73893594796963,-8.96540746710728));
#932=CARTESIAN_POINT('Ctrl Pts',(44.3939715230498,-5.74168493181054,-9.02263388052985));
#933=CARTESIAN_POINT('Ctrl Pts',(44.3911394573607,-5.74451699749965,-9.07985236744642));
#934=CARTESIAN_POINT('',(44.464024752753,-5.67163170210731,-5.3757715891197));
#935=CARTESIAN_POINT('Ctrl Pts',(44.464024752753,-5.67163170210731,-5.3757715891197));
#936=CARTESIAN_POINT('Ctrl Pts',(44.4636200661827,-5.67203638867763,-5.78792404341293));
#937=CARTESIAN_POINT('Ctrl Pts',(44.4631532979837,-5.67250315687667,-6.20045093445045));
#938=CARTESIAN_POINT('',(35.0754696905939,-15.0601867642663,-4.62690185541283));
#939=CARTESIAN_POINT('Origin',(39.9692108065694,-10.1664456482909,-4.50057698686652E-16));
#940=CARTESIAN_POINT('Ctrl Pts',(34.920129153214,-15.2155273016462,-6.13547677997139));
#941=CARTESIAN_POINT('Ctrl Pts',(34.9312075699086,-15.2044488849517,-6.03857725273527));
#942=CARTESIAN_POINT('Ctrl Pts',(34.9405225696219,-15.1951338852384,-5.95524877616064));
#943=CARTESIAN_POINT('Ctrl Pts',(34.9479113438038,-15.1877451110564,-5.88844023578917));
#944=CARTESIAN_POINT('Ctrl Pts',(34.9943384002106,-15.1413180546496,-5.46865154068255));
#945=CARTESIAN_POINT('Ctrl Pts',(35.0368595862833,-15.0987968685769,-5.04810079960409));
#946=CARTESIAN_POINT('Ctrl Pts',(35.0754696905938,-15.0601867642665,-4.62690185541438));
#947=CARTESIAN_POINT('',(41.8076884376544,-8.32796801720589,-7.68465866464965E-16));
#948=CARTESIAN_POINT('Origin',(39.9692108065694,-10.1664456482909,-4.50057698686652E-16));
#949=CARTESIAN_POINT('Origin',(-9.28109515220312,-32.3289650650132,-48.2767083928756));
#950=CARTESIAN_POINT('',(-14.7259556525587,-33.4041367404526,-48.2767083928756));
#951=CARTESIAN_POINT('Origin',(-9.28109515220312,-32.3289650650132,-48.2767083928756));
#952=CARTESIAN_POINT('',(-11.8318406118292,-32.832649093147,-48.2767083928756));
#953=CARTESIAN_POINT('Origin',(-9.28109515220312,-32.3289650650132,-48.2767083928756));
#954=CARTESIAN_POINT('Origin',(-9.152837598456,-32.9784841178516,-48.6290931256703));
#955=CARTESIAN_POINT('',(-11.7035830580821,-33.4821681459853,-48.6290931256703));
#956=CARTESIAN_POINT('',(-11.7035830580821,-33.4821681459853,-48.6290931256703));
#957=CARTESIAN_POINT('Origin',(-9.152837598456,-32.9784841178516,-48.6290931256703));
#958=CARTESIAN_POINT('Origin',(-9.17848910920542,-32.8485803072839,-48.5586161791114));
#959=CARTESIAN_POINT('',(-16.0341827007794,-26.7790424015016,-44.6823841183696));
#960=CARTESIAN_POINT('',(-14.623349609561,-33.9237519827232,-48.5586161791114));
#961=CARTESIAN_POINT('Origin',(-10.5893222004238,-25.7038707260623,-44.6823841183696));
#962=CARTESIAN_POINT('Origin',(-15.3434800299714,-31.5317291763347,-53.5489758343871));
#963=CARTESIAN_POINT('',(-19.9689794032165,-35.1142981217648,-48.6290931256703));
#964=CARTESIAN_POINT('Origin',(-9.152837598456,-32.9784841178516,-48.6290931256703));
#965=CARTESIAN_POINT('Origin',(-10.5893222004238,-25.7038707260623,-44.6823841183696));
#966=CARTESIAN_POINT('',(-21.4054640051843,-27.8396847299755,-44.6823841183696));
#967=CARTESIAN_POINT('Origin',(-10.5893222004238,-25.7038707260623,-44.6823841183696));
#968=CARTESIAN_POINT('Origin',(-26.852380015559,-36.7284841178515,-4.50057698686652E-16));
#969=CARTESIAN_POINT('',(-2.57613610878034,-35.7380918274694,-40.2102658166137));
#970=CARTESIAN_POINT('',(1.5270073570818,-31.5317291763347,-46.2418421361393));
#971=CARTESIAN_POINT('Ctrl Pts',(-2.57613610878034,-35.7380918274694,-40.2102658166137));
#972=CARTESIAN_POINT('Ctrl Pts',(-2.36610574765203,-35.6146634221868,-40.333188299512));
#973=CARTESIAN_POINT('Ctrl Pts',(-2.1615104639957,-35.488567261001,-40.4642876004772));
#974=CARTESIAN_POINT('Ctrl Pts',(-1.02154728307727,-34.7516419527273,-41.2626196222788));
#975=CARTESIAN_POINT('Ctrl Pts',(-0.235603423977926,-34.0979219046796,-42.1033322143299));
#976=CARTESIAN_POINT('Ctrl Pts',(0.327076270401401,-33.489967391059,-42.9933982980721));
#977=CARTESIAN_POINT('Ctrl Pts',(0.924520147443717,-32.8444514691036,-43.9384555610348));
#978=CARTESIAN_POINT('Ctrl Pts',(1.35013201051275,-32.1684295030886,-45.0564742402884));
#979=CARTESIAN_POINT('Ctrl Pts',(1.52700735708176,-31.5317291763348,-46.2418421361392));
#980=CARTESIAN_POINT('',(18.5443799102117,-31.5317291763347,-29.7124852550569));
#981=CARTESIAN_POINT('Origin',(-26.852380015559,-31.5317291763347,-4.50057698686652E-16));
#982=CARTESIAN_POINT('Ctrl Pts',(18.5443798396274,-31.5317291978006,-29.7124852950087));
#983=CARTESIAN_POINT('Ctrl Pts',(16.7673233206867,-32.072162006382,-30.7183261813211));
#984=CARTESIAN_POINT('Ctrl Pts',(11.9674717196467,-33.5249247790306,-33.432626446092));
#985=CARTESIAN_POINT('Ctrl Pts',(4.28311486018588,-34.888946505467,-37.1433720858584));
#986=CARTESIAN_POINT('Ctrl Pts',(2.78304089736101,-35.1204916990576,-37.8447052479475));
#987=CARTESIAN_POINT('Ctrl Pts',(-0.0052519484957525,-35.4828117140277,
-39.1028888507324));
#988=CARTESIAN_POINT('Ctrl Pts',(-1.28623066153303,-35.6233690065824,-39.6636191841694));
#989=CARTESIAN_POINT('Ctrl Pts',(-2.57613610878034,-35.7380918274694,-40.2102658166137));
#990=CARTESIAN_POINT('Ctrl Pts',(18.8775390406037,-24.0531265888673,-42.029056952198));
#991=CARTESIAN_POINT('Ctrl Pts',(17.8635477987226,-24.4061902497506,-42.6241224604504));
#992=CARTESIAN_POINT('Ctrl Pts',(16.8384890245427,-24.7313836203038,-43.20537590911));
#993=CARTESIAN_POINT('Ctrl Pts',(14.7705810673298,-25.3296565739613,-44.3409989423597));
#994=CARTESIAN_POINT('Ctrl Pts',(13.7277832247038,-25.6028654422965,-44.8954325985467));
#995=CARTESIAN_POINT('Ctrl Pts',(11.6233276479766,-26.101790148743,-45.9807631427677));
#996=CARTESIAN_POINT('Ctrl Pts',(10.5616681036035,-26.32750142791,-46.5116577714182));
#997=CARTESIAN_POINT('Ctrl Pts',(8.42064999890169,-26.7343542758799,-47.5513590100174));
#998=CARTESIAN_POINT('Ctrl Pts',(7.34129081439078,-26.9154942726007,-48.0601648408297));
#999=CARTESIAN_POINT('Ctrl Pts',(5.16578940808853,-27.2355111756782,-49.0568316068566));
#1000=CARTESIAN_POINT('Ctrl Pts',(4.06964742412973,-27.3743886806886,-49.5446928387171));
#1001=CARTESIAN_POINT('Ctrl Pts',(1.86125387984236,-27.6115765114728,-50.5003108726308));
#1002=CARTESIAN_POINT('Ctrl Pts',(0.749003166133075,-27.7098889689302,-50.9680687310716));
#1003=CARTESIAN_POINT('Ctrl Pts',(-1.49118743818565,-27.867005355741,-51.8840046683192));
#1004=CARTESIAN_POINT('Ctrl Pts',(-2.61919022176505,-27.9258067438888,-52.3322040116201));
#1005=CARTESIAN_POINT('Ctrl Pts',(-4.03874663572457,-27.9748626625127,-52.8802819345293));
#1006=CARTESIAN_POINT('Ctrl Pts',(-4.32319933054071,-27.9834467520261,-52.9893090902329));
#1007=CARTESIAN_POINT('Ctrl Pts',(-4.8929537815401,-27.9981654126836,-53.2061044506172));
#1008=CARTESIAN_POINT('Ctrl Pts',(-5.1784558526477,-28.0043013325269,-53.3139464272964));
#1009=CARTESIAN_POINT('Ctrl Pts',(-6.03808209806058,-28.0190563558577,-53.6362697690511));
#1010=CARTESIAN_POINT('Ctrl Pts',(-6.61228069389184,-28.0239321675388,-53.8483820678576));
#1011=CARTESIAN_POINT('Ctrl Pts',(-7.1868652918948,-28.0238831704589,-54.05748239462));
#1012=CARTESIAN_POINT('Ctrl Pts',(19.1537165568938,-25.5695490034999,-41.5999215378002));
#1013=CARTESIAN_POINT('Ctrl Pts',(18.1201695684218,-25.9345722572748,-42.1987855018839));
#1014=CARTESIAN_POINT('Ctrl Pts',(17.0758502749892,-26.2707811492585,-42.7835328143341));
#1015=CARTESIAN_POINT('Ctrl Pts',(14.9701577072432,-26.8893198559707,-43.9257185474695));
#1016=CARTESIAN_POINT('Ctrl Pts',(13.9088345606413,-27.1717833353053,-44.4832220772202));
#1017=CARTESIAN_POINT('Ctrl Pts',(11.7680786420981,-27.6876084963551,-45.574478699646));
#1018=CARTESIAN_POINT('Ctrl Pts',(10.6886443159235,-27.9209654646961,-46.1082297841187));
#1019=CARTESIAN_POINT('Ctrl Pts',(8.51285133799283,-28.3415999474469,-47.153639385531));
#1020=CARTESIAN_POINT('Ctrl Pts',(7.41649227411894,-28.528875836521,-47.6652975314293));
#1021=CARTESIAN_POINT('Ctrl Pts',(5.20774589564664,-28.8597329146247,-48.6678754954851));
#1022=CARTESIAN_POINT('Ctrl Pts',(4.09535892101435,-29.0033147225856,-49.1587961473137));
#1023=CARTESIAN_POINT('Ctrl Pts',(1.85516291403907,-29.2485369964729,-50.1209441372167));
#1024=CARTESIAN_POINT('Ctrl Pts',(0.727354666065194,-29.3501796662902,-50.5921731455791));
#1025=CARTESIAN_POINT('Ctrl Pts',(-1.54337865369185,-29.5126181755144,-51.5156499884869));
#1026=CARTESIAN_POINT('Ctrl Pts',(-2.68636759295329,-29.5734113876351,-51.9679201126324));
#1027=CARTESIAN_POINT('Ctrl Pts',(-4.12439736983675,-29.6241290145588,-52.5215590920071));
#1028=CARTESIAN_POINT('Ctrl Pts',(-4.41253263529675,-29.6330038794402,-52.6317223821717));
#1029=CARTESIAN_POINT('Ctrl Pts',(-4.98962803559187,-29.648221116442,-52.8508387164625));
#1030=CARTESIAN_POINT('Ctrl Pts',(-5.27879102203264,-29.6545648829472,-52.9598664336156));
#1031=CARTESIAN_POINT('Ctrl Pts',(-6.14939177707563,-29.6698197143628,-53.2858308972616));
#1032=CARTESIAN_POINT('Ctrl Pts',(-6.73085635435346,-29.6748606881072,-53.5004704115456));
#1033=CARTESIAN_POINT('Ctrl Pts',(-7.31266101159541,-29.6748100313121,-53.7121998480172));
#1034=CARTESIAN_POINT('Ctrl Pts',(19.1564783320567,-25.5847132276462,-41.5956301836562));
#1035=CARTESIAN_POINT('Ctrl Pts',(18.1227357861188,-25.9498560773501,-42.1945321322982));
#1036=CARTESIAN_POINT('Ctrl Pts',(17.0782238874937,-26.286175124548,-42.7793143833863));
#1037=CARTESIAN_POINT('Ctrl Pts',(14.9721534736424,-26.9049164887908,-43.9215657435206));
#1038=CARTESIAN_POINT('Ctrl Pts',(13.9106450740007,-27.1874725142354,-44.479099972007));
#1039=CARTESIAN_POINT('Ctrl Pts',(11.7695261520394,-27.7034666798312,-45.5704158552147));
#1040=CARTESIAN_POINT('Ctrl Pts',(10.6899140780467,-27.936900105064,-46.1041955042457));
#1041=CARTESIAN_POINT('Ctrl Pts',(8.51377335138373,-28.3576724041625,-47.1496621892862));
#1042=CARTESIAN_POINT('Ctrl Pts',(7.41724428871621,-28.5450096521602,-47.6613488583353));
#1043=CARTESIAN_POINT('Ctrl Pts',(5.20816546052222,-28.8759751320142,-48.6639859343713));
#1044=CARTESIAN_POINT('Ctrl Pts',(4.0956160359832,-29.0196039830046,-49.1549371803996));
#1045=CARTESIAN_POINT('Ctrl Pts',(1.85510200438104,-29.2649066013229,-50.1171504698626));
#1046=CARTESIAN_POINT('Ctrl Pts',(0.727138181064513,-29.3665825732638,-50.5884141897242));
#1047=CARTESIAN_POINT('Ctrl Pts',(-1.54390056584691,-29.5290743037122,-51.5119664416886));
#1048=CARTESIAN_POINT('Ctrl Pts',(-2.68703936666517,-29.5898874340725,-51.9642772736425));
#1049=CARTESIAN_POINT('Ctrl Pts',(-4.12525387717788,-29.6406216780793,-52.5179718635819));
#1050=CARTESIAN_POINT('Ctrl Pts',(-4.41342596834431,-29.6494994507143,-52.6281465150911));
#1051=CARTESIAN_POINT('Ctrl Pts',(-4.99059477813239,-29.6647216734796,-52.8472860591209));
#1052=CARTESIAN_POINT('Ctrl Pts',(-5.27979437372649,-29.6710675184514,-52.9563256336788));
#1053=CARTESIAN_POINT('Ctrl Pts',(-6.15050487386578,-29.6863273479479,-53.2823265085437));
#1054=CARTESIAN_POINT('Ctrl Pts',(-6.73204211095807,-29.6913699733129,-53.4969912949825));
#1055=CARTESIAN_POINT('Ctrl Pts',(-7.31391896879241,-29.6913192999206,-53.7087470225512));
#1056=CARTESIAN_POINT('',(1.10286089441469,-29.3107856188108,-50.4319702845431));
#1057=CARTESIAN_POINT('',(0.380505801457649,-27.732670526965,-51.1167737178391));
#1058=CARTESIAN_POINT('Ctrl Pts',(1.10286089438828,-29.3107856188272,-50.4319702845584));
#1059=CARTESIAN_POINT('Ctrl Pts',(1.00036506111469,-29.0458762336287,-50.5388832206018));
#1060=CARTESIAN_POINT('Ctrl Pts',(0.890767827358081,-28.7845105071973,-50.6480351003134));
#1061=CARTESIAN_POINT('Ctrl Pts',(0.65099574456994,-28.2575732971989,-50.8761292524293));
#1062=CARTESIAN_POINT('Ctrl Pts',(0.519987336302548,-27.9922841292462,-50.9953605095286));
#1063=CARTESIAN_POINT('Ctrl Pts',(0.38050637015089,-27.7326715854598,-51.116773222814));
#1064=CARTESIAN_POINT('',(18.8698839902405,-24.0557914137162,-42.0335489686017));
#1065=CARTESIAN_POINT('Ctrl Pts',(18.8698839902405,-24.0557914137162,-42.0335489686017));
#1066=CARTESIAN_POINT('Ctrl Pts',(18.2473301330892,-24.2724616894151,-42.3988348762126));
#1067=CARTESIAN_POINT('Ctrl Pts',(17.6153614490837,-24.4804505172987,-42.7619903378934));
#1068=CARTESIAN_POINT('Ctrl Pts',(16.9739768499984,-24.6797555403086,-43.123014240927));
#1069=CARTESIAN_POINT('Ctrl Pts',(16.5871523943551,-24.7999580789144,-43.3407507986247));
#1070=CARTESIAN_POINT('Ctrl Pts',(16.1969033233835,-24.9170027969785,-43.5577124323574));
#1071=CARTESIAN_POINT('Ctrl Pts',(15.8032324831874,-25.0308969456573,-43.7739027478335));
#1072=CARTESIAN_POINT('Ctrl Pts',(15.1258429965784,-25.2268746280859,-44.1459014631492));
#1073=CARTESIAN_POINT('Ctrl Pts',(14.4383214922956,-25.4135220306457,-44.515615438698));
#1074=CARTESIAN_POINT('Ctrl Pts',(13.740655683685,-25.5908086415042,-44.8830296152421));
#1075=CARTESIAN_POINT('Ctrl Pts',(13.4547058258862,-25.6634724879174,-45.0336203855499));
#1076=CARTESIAN_POINT('Ctrl Pts',(13.1670520219318,-25.7345643164583,-45.1838250624925));
#1077=CARTESIAN_POINT('Ctrl Pts',(12.8776942791047,-25.8040841749675,-45.3336436740429));
#1078=CARTESIAN_POINT('Ctrl Pts',(12.8204296187077,-25.8178423383036,-45.363293172369));
#1079=CARTESIAN_POINT('Ctrl Pts',(12.7613350304636,-25.8319584806329,-45.3938378593389));
#1080=CARTESIAN_POINT('Ctrl Pts',(12.7049121035515,-25.8453614963882,-45.4229533781198));
#1081=CARTESIAN_POINT('Ctrl Pts',(12.6950366145329,-25.8477073749548,-45.4280493559736));
#1082=CARTESIAN_POINT('Ctrl Pts',(12.6852430131637,-25.8500315171575,-45.4331016068088));
#1083=CARTESIAN_POINT('Ctrl Pts',(12.6755554901287,-25.8523283163531,-45.4380977355272));
#1084=CARTESIAN_POINT('Ctrl Pts',(11.9219516074593,-26.0309990441779,-45.8267525017542));
#1085=CARTESIAN_POINT('Ctrl Pts',(11.1574015908183,-26.1989204533049,-46.2125193868149));
#1086=CARTESIAN_POINT('Ctrl Pts',(10.3818926336662,-26.35607387265,-46.5953799601214));
#1087=CARTESIAN_POINT('Ctrl Pts',(10.2204244053694,-26.3887946864567,-46.6750951173564));
#1088=CARTESIAN_POINT('Ctrl Pts',(10.0584811502062,-26.4210488490419,-46.7546843584165));
#1089=CARTESIAN_POINT('Ctrl Pts',(9.89606284137465,-26.4528364359187,-46.8341476375365));
#1090=CARTESIAN_POINT('Ctrl Pts',(9.80025223664704,-26.4715879420968,-46.8810230475866));
#1091=CARTESIAN_POINT('Ctrl Pts',(9.70289674798832,-26.4904430131103,-46.9285270434043));
#1092=CARTESIAN_POINT('Ctrl Pts',(9.6069410031252,-26.5088328224699,-46.9752234648154));
#1093=CARTESIAN_POINT('Ctrl Pts',(9.56805130320237,-26.5162859892256,-46.9941489582159));
#1094=CARTESIAN_POINT('Ctrl Pts',(9.52939172582076,-26.5236632443836,-47.0129420543243));
#1095=CARTESIAN_POINT('Ctrl Pts',(9.49115911410069,-26.5309287696826,-47.0315081609927));
#1096=CARTESIAN_POINT('Ctrl Pts',(8.64033913836611,-26.6926141419466,-47.444674139315));
#1097=CARTESIAN_POINT('Ctrl Pts',(7.77750855980244,-26.8414260722712,-47.8539810919022));
#1098=CARTESIAN_POINT('Ctrl Pts',(6.90265395848257,-26.9773452475931,-48.259407482644));
#1099=CARTESIAN_POINT('Ctrl Pts',(6.82332507188785,-26.9896699434098,-48.2961701905558));
#1100=CARTESIAN_POINT('Ctrl Pts',(6.74389733144692,-27.0018886620285,-48.3329010065064));
#1101=CARTESIAN_POINT('Ctrl Pts',(6.66437073362634,-27.0140014072864,-48.3695999234736));
#1102=CARTESIAN_POINT('Ctrl Pts',(6.56059020536425,-27.0298082836775,-48.4174912339771));
#1103=CARTESIAN_POINT('Ctrl Pts',(6.45534178252482,-27.0456286139602,-48.4659254266583));
#1104=CARTESIAN_POINT('Ctrl Pts',(6.35158597570635,-27.0610198988542,-48.5135413800698));
#1105=CARTESIAN_POINT('Ctrl Pts',(6.31872267737483,-27.0658948875675,-48.5286231121703));
#1106=CARTESIAN_POINT('Ctrl Pts',(6.28600925432265,-27.0707271674926,-48.5436229221674));
#1107=CARTESIAN_POINT('Ctrl Pts',(6.25354014271025,-27.0755035938142,-48.558498013295));
#1108=CARTESIAN_POINT('Ctrl Pts',(5.30867738117995,-27.2144993082143,-48.9913684856559));
#1109=CARTESIAN_POINT('Ctrl Pts',(4.35142697341096,-27.3384256071943,-49.4191128112009));
#1110=CARTESIAN_POINT('Ctrl Pts',(3.38177499994259,-27.4472624069418,-49.8417058078152));
#1111=CARTESIAN_POINT('Ctrl Pts',(3.26675809307288,-27.4601722678022,-49.8918323899966));
#1112=CARTESIAN_POINT('Ctrl Pts',(3.15041522168212,-27.4729951579314,-49.9423859123005));
#1113=CARTESIAN_POINT('Ctrl Pts',(3.03561454162843,-27.4854187783281,-49.9921221348684));
#1114=CARTESIAN_POINT('Ctrl Pts',(3.01215392601804,-27.4879576638337,-50.0022862070589));
#1115=CARTESIAN_POINT('Ctrl Pts',(2.98875777512621,-27.4904800219447,-50.0124162194724));
#1116=CARTESIAN_POINT('Ctrl Pts',(2.96545065688911,-27.4929834122061,-50.0225016644392));
#1117=CARTESIAN_POINT('Ctrl Pts',(2.14131055268045,-27.5815033351712,-50.3791231729991));
#1118=CARTESIAN_POINT('Ctrl Pts',(1.30967723307528,-27.6590366849472,-50.7314485290011));
#1119=CARTESIAN_POINT('Ctrl Pts',(0.470542759945405,-27.7255755445316,-51.0794613108028));
#1120=CARTESIAN_POINT('Ctrl Pts',(0.440560171344051,-27.7279530028732,-51.09189593767));
#1121=CARTESIAN_POINT('Ctrl Pts',(0.410545439781625,-27.7303182055968,-51.1043344185602));
#1122=CARTESIAN_POINT('Ctrl Pts',(0.380505801457651,-27.732670526965,-51.1167737178391));
#1123=CARTESIAN_POINT('',(19.1459096465779,-25.5722808289137,-41.6044488073491));
#1124=CARTESIAN_POINT('',(18.8698839902405,-24.0557914137162,-42.0335489686017));
#1125=CARTESIAN_POINT('Ctrl Pts',(1.10286089441748,-29.3107856187966,-50.4319702845528));
#1126=CARTESIAN_POINT('Ctrl Pts',(1.72914145623983,-29.2555704770551,-50.1710210922938));
#1127=CARTESIAN_POINT('Ctrl Pts',(2.35342948038708,-29.1939695153919,-49.9069480633458));
#1128=CARTESIAN_POINT('Ctrl Pts',(4.09441176286029,-29.0033930369062,-49.1592087357005));
#1129=CARTESIAN_POINT('Ctrl Pts',(5.20763226936738,-28.8597250269868,-48.667932723063));
#1130=CARTESIAN_POINT('Ctrl Pts',(8.52233922345939,-28.3632014400737,-47.1633451034618));
#1131=CARTESIAN_POINT('Ctrl Pts',(10.7042468519317,-27.9439175751739,-46.1167753691063));
#1132=CARTESIAN_POINT('Ctrl Pts',(13.9114240424021,-27.171135272681,-44.4819069441719));
#1133=CARTESIAN_POINT('Ctrl Pts',(14.9733338402012,-26.88836093704,-43.9240005873506));
#1134=CARTESIAN_POINT('Ctrl Pts',(17.0772615600723,-26.2703430241668,-42.7827716381234));
#1135=CARTESIAN_POINT('Ctrl Pts',(18.11956112751,-25.9346136216729,-42.1990376849336));
#1136=CARTESIAN_POINT('Ctrl Pts',(19.1459096465779,-25.5722808289137,-41.6044488073491));
#1137=CARTESIAN_POINT('Ctrl Pts',(17.6620823833311,-31.1154231011751,-28.3641941033822));
#1138=CARTESIAN_POINT('Ctrl Pts',(19.9346082148667,-30.419874547859,-27.0918282616032));
#1139=CARTESIAN_POINT('Ctrl Pts',(22.1204722661737,-29.6026309660594,-25.7731053866798));
#1140=CARTESIAN_POINT('Ctrl Pts',(25.2522130932541,-28.1702628690423,-23.7163584199663));
#1141=CARTESIAN_POINT('Ctrl Pts',(26.2716483903739,-27.6584331056862,-23.0176821845561));
#1142=CARTESIAN_POINT('Ctrl Pts',(28.2581874982019,-26.5612869503826,-21.5923366047412));
#1143=CARTESIAN_POINT('Ctrl Pts',(29.2253122814432,-25.9760000105361,-20.8656784798183));
#1144=CARTESIAN_POINT('Ctrl Pts',(30.1643179627605,-25.3512267484849,-20.1239789124099));
#1145=CARTESIAN_POINT('Ctrl Pts',(18.5443972221997,-31.5317373448783,-29.712511710532));
#1146=CARTESIAN_POINT('Ctrl Pts',(20.865553087697,-30.8126278476079,-28.4403768024213));
#1147=CARTESIAN_POINT('Ctrl Pts',(23.1018985721536,-29.9677010362814,-27.1189926177504));
#1148=CARTESIAN_POINT('Ctrl Pts',(26.3097113498375,-28.4868130418919,-25.0533105233661));
#1149=CARTESIAN_POINT('Ctrl Pts',(27.3545652120119,-27.9576456069645,-24.3508409179068));
#1150=CARTESIAN_POINT('Ctrl Pts',(29.3916932516177,-26.8233348296503,-22.9162436367357));
#1151=CARTESIAN_POINT('Ctrl Pts',(30.3839892031392,-26.2182219370051,-22.1841289197782));
#1152=CARTESIAN_POINT('Ctrl Pts',(31.3478653930744,-25.5722851663231,-21.4361389639148));
#1153=CARTESIAN_POINT('',(31.3478421702547,-25.5722808291446,-21.4361132187573));
#1154=CARTESIAN_POINT('',(30.1643179627605,-25.3512267484849,-20.1239789124099));
#1155=CARTESIAN_POINT('',(31.3478421705715,-25.5722808289137,-21.4361132178907));
#1156=CARTESIAN_POINT('',(17.6620823833311,-31.1154231011751,-28.3641941033822));
#1157=CARTESIAN_POINT('Ctrl Pts',(17.6620823833311,-31.1154231011751,-28.3641941033822));
#1158=CARTESIAN_POINT('Ctrl Pts',(19.9240031687246,-30.4231204183348,-27.0977659272062));
#1159=CARTESIAN_POINT('Ctrl Pts',(22.1113505256237,-29.6068029875881,-25.7790960204017));
#1160=CARTESIAN_POINT('Ctrl Pts',(26.3052206451436,-27.6886475290366,-23.0248037199263));
#1161=CARTESIAN_POINT('Ctrl Pts',(28.2963381052879,-26.5940987483239,-21.5994543858612));
#1162=CARTESIAN_POINT('Ctrl Pts',(30.1643179627605,-25.3512267484849,-20.1239789124099));
#1163=CARTESIAN_POINT('',(18.5443799102117,-31.5317291763347,-29.7124852550569));
#1164=CARTESIAN_POINT('Ctrl Pts',(31.3478421705715,-25.5722808289137,-21.4361132178907));
#1165=CARTESIAN_POINT('Ctrl Pts',(30.3883249446291,-26.2153081354683,-22.1807466400084));
#1166=CARTESIAN_POINT('Ctrl Pts',(29.3957620462042,-26.82105354102,-22.9133408735778));
#1167=CARTESIAN_POINT('Ctrl Pts',(27.3564586563098,-27.9565717934597,-24.3494621840041));
#1168=CARTESIAN_POINT('Ctrl Pts',(26.3113170525947,-28.486071856464,-25.0522762632476));
#1169=CARTESIAN_POINT('Ctrl Pts',(24.1708107096,-29.4742055157233,-26.4305846077653));
#1170=CARTESIAN_POINT('Ctrl Pts',(23.0768067151232,-29.9323146345357,-27.1053152262561));
#1171=CARTESIAN_POINT('Ctrl Pts',(20.8419614170511,-30.7820500405969,-28.4293989543379));
#1172=CARTESIAN_POINT('Ctrl Pts',(19.7024179507458,-31.1729696214421,-29.077831427735));
#1173=CARTESIAN_POINT('Ctrl Pts',(18.5443799102117,-31.5317291763347,-29.7124852550569));
#1174=CARTESIAN_POINT('Ctrl Pts',(-13.1374834546778,-35.6820759454394,-42.4975221120049));
#1175=CARTESIAN_POINT('Ctrl Pts',(-10.4159508974971,-35.7267320023808,-41.5355504754046));
#1176=CARTESIAN_POINT('Ctrl Pts',(-7.73740193403448,-35.6533969104282,-40.5136951708501));
#1177=CARTESIAN_POINT('Ctrl Pts',(-3.7803858994742,-35.3764762437844,-38.8961968427498));
#1178=CARTESIAN_POINT('Ctrl Pts',(-2.47148869890696,-35.256422222359,-38.3429483207915));
#1179=CARTESIAN_POINT('Ctrl Pts',(0.126984627517475,-34.9632772933591,-37.2095336362831));
#1180=CARTESIAN_POINT('Ctrl Pts',(1.4165667412377,-34.7902028243384,-36.6293758169652));
#1181=CARTESIAN_POINT('Ctrl Pts',(5.25790911793131,-34.195754776094,-34.8507238385389));
#1182=CARTESIAN_POINT('Ctrl Pts',(7.7822762407098,-33.6991862728803,-33.6140662417943));
#1183=CARTESIAN_POINT('Ctrl Pts',(12.7673828973956,-32.5313897768477,-31.0521066791166));
#1184=CARTESIAN_POINT('Ctrl Pts',(15.228180923,-31.8603223461484,-29.7268862028653));
#1185=CARTESIAN_POINT('Ctrl Pts',(17.6620823833311,-31.1154231011751,-28.3641941033822));
#1186=CARTESIAN_POINT('Ctrl Pts',(17.7594384417444,-31.0856271313762,-28.3096864194029));
#1187=CARTESIAN_POINT('Ctrl Pts',(17.8567945001576,-31.0558311615773,-28.2551787354236));
#1188=CARTESIAN_POINT('Ctrl Pts',(17.9541505585708,-31.0260351917783,-28.2006710514443));
#1189=CARTESIAN_POINT('Ctrl Pts',(-12.5800139125763,-36.098382020599,-44.0938522983365));
#1190=CARTESIAN_POINT('Ctrl Pts',(-9.82159568024101,-36.1430380775404,-43.1199547474796));
#1191=CARTESIAN_POINT('Ctrl Pts',(-7.10744749341226,-36.0697029855944,-42.0826468298665));
#1192=CARTESIAN_POINT('Ctrl Pts',(-3.10076760581347,-35.7927823189407,-40.4379845528735));
#1193=CARTESIAN_POINT('Ctrl Pts',(-1.77593464859881,-35.6727282975187,-39.8750272171403));
#1194=CARTESIAN_POINT('Ctrl Pts',(0.852981637954566,-35.3795833685187,-38.7211681429322));
#1195=CARTESIAN_POINT('Ctrl Pts',(2.15707096993719,-35.2065088995001,-38.1302779957773));
#1196=CARTESIAN_POINT('Ctrl Pts',(6.03962176449044,-34.6120608512494,-36.3183447334534));
#1197=CARTESIAN_POINT('Ctrl Pts',(8.58835441786669,-34.1154923480403,-35.0580830465829));
#1198=CARTESIAN_POINT('Ctrl Pts',(13.6159845949631,-32.9476958520068,-32.448300424672));
#1199=CARTESIAN_POINT('Ctrl Pts',(16.0949724100253,-32.276628421308,-31.0988685700932));
#1200=CARTESIAN_POINT('Ctrl Pts',(18.5443799102117,-31.5317291763347,-29.7124852550569));
#1201=CARTESIAN_POINT('Ctrl Pts',(18.6423562102191,-31.5019332065358,-29.6570299224554));
#1202=CARTESIAN_POINT('Ctrl Pts',(18.7403325102266,-31.4721372367369,-29.601574589854));
#1203=CARTESIAN_POINT('Ctrl Pts',(18.8383088102341,-31.4423412669379,-29.5461192572525));
#1204=CARTESIAN_POINT('Ctrl Pts',(-12.5744392171553,-36.1025450813506,-44.1098156001998));
#1205=CARTESIAN_POINT('Ctrl Pts',(-9.81565212806845,-36.147201138292,-43.1357987902004));
#1206=CARTESIAN_POINT('Ctrl Pts',(-7.10114794900604,-36.0738660463461,-42.0983363464567));
#1207=CARTESIAN_POINT('Ctrl Pts',(-3.09397142287686,-35.7969453796923,-40.4534024299748));
#1208=CARTESIAN_POINT('Ctrl Pts',(-1.76897910809573,-35.6768913582703,-39.8903480061037));
#1209=CARTESIAN_POINT('Ctrl Pts',(0.860241608058936,-35.3837464292703,-38.7362844879987));
#1210=CARTESIAN_POINT('Ctrl Pts',(2.16447601222419,-35.2106719602517,-38.1452870175655));
#1211=CARTESIAN_POINT('Ctrl Pts',(6.04743889095603,-34.616223912001,-36.3330209424025));
#1212=CARTESIAN_POINT('Ctrl Pts',(8.59641519963827,-34.1196554087919,-35.0725232146308));
#1213=CARTESIAN_POINT('Ctrl Pts',(13.6244706119387,-32.9518589127584,-32.4622623621276));
#1214=CARTESIAN_POINT('Ctrl Pts',(16.1036403248956,-32.2807914820596,-31.1125883937655));
#1215=CARTESIAN_POINT('Ctrl Pts',(18.5532028854805,-31.5358922370863,-29.7259681665737));
#1216=CARTESIAN_POINT('Ctrl Pts',(18.6511853879039,-31.5060962672874,-29.670503357486));
#1217=CARTESIAN_POINT('Ctrl Pts',(18.7491678903273,-31.4763002974885,-29.6150385483983));
#1218=CARTESIAN_POINT('Ctrl Pts',(18.8471503927507,-31.4465043276895,-29.5595737393106));
#1219=CARTESIAN_POINT('',(-4.08025889466578,-35.3917989226877,-39.015150030202));
#1220=CARTESIAN_POINT('Ctrl Pts',(-4.08025889466597,-35.3917989226877,-39.015150030202));
#1221=CARTESIAN_POINT('Ctrl Pts',(-3.80796783375726,-35.4472887110825,-39.2023669688334));
#1222=CARTESIAN_POINT('Ctrl Pts',(-3.54289131472516,-35.504913519147,-39.3994812294006));
#1223=CARTESIAN_POINT('Ctrl Pts',(-3.04226595587245,-35.6206659066081,-39.7994679460889));
#1224=CARTESIAN_POINT('Ctrl Pts',(-2.80583493319158,-35.6785931717851,-40.0014281504796));
#1225=CARTESIAN_POINT('Ctrl Pts',(-2.57613610878034,-35.7380918274694,-40.2102658166137));
#1226=CARTESIAN_POINT('Ctrl Pts',(-4.08025889466581,-35.3917989226877,-39.015150030202));
#1227=CARTESIAN_POINT('Ctrl Pts',(-1.21800376230929,-35.1596804580345,-37.8247908402148));
#1228=CARTESIAN_POINT('Ctrl Pts',(1.59903990152894,-34.7972340579076,-36.5674618466747));
#1229=CARTESIAN_POINT('Ctrl Pts',(8.94645565237863,-33.5268834970142,-33.0800452490343));
#1230=CARTESIAN_POINT('Ctrl Pts',(13.363524898307,-32.431003159471,-30.7708693198963));
#1231=CARTESIAN_POINT('Ctrl Pts',(17.6620823833311,-31.1154231011751,-28.3641941033822));
#1232=CARTESIAN_POINT('Ctrl Pts',(16.2332381620503,-26.6350427730846,-26.0162727603796));
#1233=CARTESIAN_POINT('Ctrl Pts',(13.8490280531792,-27.3930029410515,-27.3692392364675));
#1234=CARTESIAN_POINT('Ctrl Pts',(11.4372612019475,-28.0776761236914,-28.68532312968));
#1235=CARTESIAN_POINT('Ctrl Pts',(6.55029855004638,-29.2709950226061,-31.2278985796917));
#1236=CARTESIAN_POINT('Ctrl Pts',(4.07510659776897,-29.7796509729746,-32.454395286832));
#1237=CARTESIAN_POINT('Ctrl Pts',(0.304820491724613,-30.3897188539196,-34.2171834548194));
#1238=CARTESIAN_POINT('Ctrl Pts',(-0.961529990439467,-30.5675743987244,
-34.7919461108439));
#1239=CARTESIAN_POINT('Ctrl Pts',(-3.51460936010053,-30.8690892465466,-35.9141964932066));
#1240=CARTESIAN_POINT('Ctrl Pts',(-4.80134565834328,-30.9927288388057,-36.4616742995982));
#1241=CARTESIAN_POINT('Ctrl Pts',(-8.69371148069643,-31.278126475215,-38.0610681471273));
#1242=CARTESIAN_POINT('Ctrl Pts',(-11.3316227693091,-31.3540313578823,-39.0697775203888));
#1243=CARTESIAN_POINT('Ctrl Pts',(-14.0154356583287,-31.3078612220967,-40.0170511293781));
#1244=CARTESIAN_POINT('Ctrl Pts',(16.0700350831583,-25.0341747536869,-26.6255307876458));
#1245=CARTESIAN_POINT('Ctrl Pts',(13.7003477333746,-25.7921349216538,-27.9550864373346));
#1246=CARTESIAN_POINT('Ctrl Pts',(11.3058050122363,-26.4768081042933,-29.2470956970916));
#1247=CARTESIAN_POINT('Ctrl Pts',(6.4596159254768,-27.6701270032088,-31.7418857116577));
#1248=CARTESIAN_POINT('Ctrl Pts',(4.00800389020153,-28.1787829535812,-32.9446768270899));
#1249=CARTESIAN_POINT('Ctrl Pts',(0.278000548770256,-28.7888508345198,-34.6739393044963));
#1250=CARTESIAN_POINT('Ctrl Pts',(-0.974109024425922,-28.9667063793268,
-35.2378742288593));
#1251=CARTESIAN_POINT('Ctrl Pts',(-3.49718881030185,-29.2682212271488,-36.3394895631758));
#1252=CARTESIAN_POINT('Ctrl Pts',(-4.7681661852186,-29.3918608194115,-36.8771638678282));
#1253=CARTESIAN_POINT('Ctrl Pts',(-8.61127322737164,-29.6772584558101,-38.4491565987967));
#1254=CARTESIAN_POINT('Ctrl Pts',(-11.2136846099973,-29.7531633384845,-39.4423242187525));
#1255=CARTESIAN_POINT('Ctrl Pts',(-13.8606375252296,-29.7069932026989,-40.3777530778105));
#1256=CARTESIAN_POINT('Ctrl Pts',(16.0684030523694,-25.0181660734929,-26.6316233679185));
#1257=CARTESIAN_POINT('Ctrl Pts',(13.6988609301766,-25.7761262414598,-27.9609449093432));
#1258=CARTESIAN_POINT('Ctrl Pts',(11.3044904503392,-26.4607994240994,-29.2527134227657));
#1259=CARTESIAN_POINT('Ctrl Pts',(6.45870909923111,-27.6541183230148,-31.7470255829774));
#1260=CARTESIAN_POINT('Ctrl Pts',(4.00733286312586,-28.1627742733873,-32.9495796424924));
#1261=CARTESIAN_POINT('Ctrl Pts',(0.277732349340711,-28.7728421543258,-34.678506862993));
#1262=CARTESIAN_POINT('Ctrl Pts',(-0.974234814765786,-28.9506976991328,
-35.2423335100395));
#1263=CARTESIAN_POINT('Ctrl Pts',(-3.49701460480386,-29.2522125469548,-36.3437424938755));
#1264=CARTESIAN_POINT('Ctrl Pts',(-4.76783439048735,-29.3758521392176,-36.8813187635105));
#1265=CARTESIAN_POINT('Ctrl Pts',(-8.6104488448384,-29.6612497756161,-38.4530374833134));
#1266=CARTESIAN_POINT('Ctrl Pts',(-11.2125052284042,-29.7371546582906,-39.4460496857362));
#1267=CARTESIAN_POINT('Ctrl Pts',(-13.8590895438986,-29.690984522505,-40.3813600972948));
#1268=CARTESIAN_POINT('',(-4.04436523318372,-29.3142582213718,-36.5665637508772));
#1269=CARTESIAN_POINT('',(-5.06413522138347,-31.0057848497022,-36.5656815754317));
#1270=CARTESIAN_POINT('Ctrl Pts',(-4.04436523318372,-29.3142582213718,-36.5665637508771));
#1271=CARTESIAN_POINT('Ctrl Pts',(-4.19608085183553,-29.5969731717206,-36.5585114386963));
#1272=CARTESIAN_POINT('Ctrl Pts',(-4.35450916213223,-29.8763959881136,-36.5541880521941));
#1273=CARTESIAN_POINT('Ctrl Pts',(-4.69346745309941,-30.4410733371541,-36.5533388630916));
#1274=CARTESIAN_POINT('Ctrl Pts',(-4.87494161005713,-30.7262432245388,-36.5572310104014));
#1275=CARTESIAN_POINT('Ctrl Pts',(-5.06413522138347,-31.0057848497022,-36.5656815754317));
#1276=CARTESIAN_POINT('',(16.2258438064667,-26.6373932369805,-26.0204686631168));
#1277=CARTESIAN_POINT('Ctrl Pts',(16.2258438064667,-26.6373932369805,-26.0204686631168));
#1278=CARTESIAN_POINT('Ctrl Pts',(15.4647821491272,-26.8792868955949,-26.4523132624929));
#1279=CARTESIAN_POINT('Ctrl Pts',(14.7082277604824,-27.1113791917867,-26.8762464611864));
#1280=CARTESIAN_POINT('Ctrl Pts',(13.9561741386556,-27.3336621378099,-27.2922584808386));
#1281=CARTESIAN_POINT('Ctrl Pts',(13.7533365481229,-27.3936144282841,-27.4044617509909));
#1282=CARTESIAN_POINT('Ctrl Pts',(13.5508264549861,-27.4528533927318,-27.5160889275816));
#1283=CARTESIAN_POINT('Ctrl Pts',(13.3486439327941,-27.5113794186433,-27.6271400976248));
#1284=CARTESIAN_POINT('Ctrl Pts',(13.2851901080776,-27.5297474761256,-27.6619928702685));
#1285=CARTESIAN_POINT('Ctrl Pts',(13.2233850022199,-27.5475804701101,-27.6959030506049));
#1286=CARTESIAN_POINT('Ctrl Pts',(13.1583792465123,-27.5662725403466,-27.7315283476091));
#1287=CARTESIAN_POINT('Ctrl Pts',(12.3717717661104,-27.7924574698531,-28.1626151769218));
#1288=CARTESIAN_POINT('Ctrl Pts',(11.5890158862166,-28.0081381300841,-28.5855794469345));
#1289=CARTESIAN_POINT('Ctrl Pts',(10.8101005324079,-28.213297973936,-29.0004073716803));
#1290=CARTESIAN_POINT('Ctrl Pts',(10.6234647860528,-28.2624562815649,-29.0998042046806));
#1291=CARTESIAN_POINT('Ctrl Pts',(10.4370496086931,-28.3110107584068,-29.1987340091425));
#1292=CARTESIAN_POINT('Ctrl Pts',(10.250854985148,-28.3589615494968,-29.2971967866337));
#1293=CARTESIAN_POINT('Ctrl Pts',(10.1866370536533,-28.3754996243278,-29.3311562843857));
#1294=CARTESIAN_POINT('Ctrl Pts',(10.1239669273762,-28.3915771168341,-29.3642575763438));
#1295=CARTESIAN_POINT('Ctrl Pts',(10.0582798932311,-28.4083600018323,-29.3989087291328));
#1296=CARTESIAN_POINT('Ctrl Pts',(9.70234756815507,-28.4992998860367,-29.5866697620258));
#1297=CARTESIAN_POINT('Ctrl Pts',(9.34709326559182,-28.5880609297314,-29.7727902676905));
#1298=CARTESIAN_POINT('Ctrl Pts',(8.9925160710597,-28.6746421645809,-29.9572689762912));
#1299=CARTESIAN_POINT('Ctrl Pts',(8.43097602361085,-28.811759924762,-30.2494259011537));
#1300=CARTESIAN_POINT('Ctrl Pts',(7.87113062818513,-28.9434010182168,-30.5374602673307));
#1301=CARTESIAN_POINT('Ctrl Pts',(7.31298007353309,-29.0695720759776,-30.8213724397492));
#1302=CARTESIAN_POINT('Ctrl Pts',(7.21464621648544,-29.0918006425427,-30.8713915228514));
#1303=CARTESIAN_POINT('Ctrl Pts',(7.1179942160382,-29.1134950280246,-30.9204564807491));
#1304=CARTESIAN_POINT('Ctrl Pts',(7.01932967303478,-29.1354820822868,-30.9704415265347));
#1305=CARTESIAN_POINT('Ctrl Pts',(6.98747282982033,-29.1425812702936,-30.986580716138));
#1306=CARTESIAN_POINT('Ctrl Pts',(6.95540604802371,-29.1497106302836,-31.0028156557494));
#1307=CARTESIAN_POINT('Ctrl Pts',(6.92300459924072,-29.1568970056847,-31.0192089351595));
#1308=CARTESIAN_POINT('Ctrl Pts',(6.08695250699778,-29.3423264977399,-31.4422034636236));
#1309=CARTESIAN_POINT('Ctrl Pts',(5.25360109196715,-29.5156841346634,-31.8564917499435));
#1310=CARTESIAN_POINT('Ctrl Pts',(4.42293826527591,-29.6769511571858,-32.2620571118532));
#1311=CARTESIAN_POINT('Ctrl Pts',(4.33032232809336,-29.6949318539832,-32.3072762006039));
#1312=CARTESIAN_POINT('Ctrl Pts',(4.23773983030195,-29.7127622918914,-32.3523868739651));
#1313=CARTESIAN_POINT('Ctrl Pts',(4.14519076734442,-29.7304424785762,-32.3973891261892));
#1314=CARTESIAN_POINT('Ctrl Pts',(4.04480397640842,-29.7496199520991,-32.4462024965389));
#1315=CARTESIAN_POINT('Ctrl Pts',(3.94597887836765,-29.7683337332794,-32.4941505502574));
#1316=CARTESIAN_POINT('Ctrl Pts',(3.84523728324148,-29.7872399417797,-32.5429195103984));
#1317=CARTESIAN_POINT('Ctrl Pts',(3.81371131332434,-29.7931564309884,-32.5581812180214));
#1318=CARTESIAN_POINT('Ctrl Pts',(3.78199753848286,-29.7990914433251,-32.5735231558819));
#1319=CARTESIAN_POINT('Ctrl Pts',(3.74998902895151,-29.8050641930221,-32.5889965509001));
#1320=CARTESIAN_POINT('Ctrl Pts',(3.0190150850482,-29.9414630590063,-32.9423603515779));
#1321=CARTESIAN_POINT('Ctrl Pts',(2.28954948030866,-30.0685665533303,-33.2892294470832));
#1322=CARTESIAN_POINT('Ctrl Pts',(1.56158242566207,-30.1863588599389,-33.6295885778574));
#1323=CARTESIAN_POINT('Ctrl Pts',(1.35337193076961,-30.2200493879607,-33.7269368611449));
#1324=CARTESIAN_POINT('Ctrl Pts',(1.14528392783221,-30.2529779605105,-33.8237524712935));
#1325=CARTESIAN_POINT('Ctrl Pts',(0.937318619878707,-30.2851453787602,-33.9200356474838));
#1326=CARTESIAN_POINT('Ctrl Pts',(0.834172801145928,-30.3010996488476,-33.9677898000205));
#1327=CARTESIAN_POINT('Ctrl Pts',(0.732470924699855,-30.3166518054298,-34.0147609267244));
#1328=CARTESIAN_POINT('Ctrl Pts',(0.628938394134405,-30.3322998770873,-34.0624600418212));
#1329=CARTESIAN_POINT('Ctrl Pts',(0.598387942428542,-30.3369173210429,-34.0765351301458));
#1330=CARTESIAN_POINT('Ctrl Pts',(0.567677981912462,-30.3415428267422,-34.0906734604483));
#1331=CARTESIAN_POINT('Ctrl Pts',(0.536724099249814,-30.346188451681,-34.1049134841556));
#1332=CARTESIAN_POINT('Ctrl Pts',(-0.389307557479227,-30.4851692640574,
-34.5309250733709));
#1333=CARTESIAN_POINT('Ctrl Pts',(-1.31423461543168,-30.6092237336774,-34.9469848003819));
#1334=CARTESIAN_POINT('Ctrl Pts',(-2.23806967189505,-30.7183295907501,-35.3530719093414));
#1335=CARTESIAN_POINT('Ctrl Pts',(-2.26295406008789,-30.7212684622321,-35.3640102572518));
#1336=CARTESIAN_POINT('Ctrl Pts',(-2.28783765787983,-30.7241964829176,-35.3749413671489));
#1337=CARTESIAN_POINT('Ctrl Pts',(-2.31272046478202,-30.7271136543528,-35.3858652396308));
#1338=CARTESIAN_POINT('Ctrl Pts',(-2.42066825065273,-30.7397690673321,-35.4332557069603));
#1339=CARTESIAN_POINT('Ctrl Pts',(-2.52732268810217,-30.7520743358032,-35.4799511110915));
#1340=CARTESIAN_POINT('Ctrl Pts',(-2.63573850289555,-30.7643787147795,-35.5272872694386));
#1341=CARTESIAN_POINT('Ctrl Pts',(-2.66343301049552,-30.7675218329466,-35.5393791547377));
#1342=CARTESIAN_POINT('Ctrl Pts',(-2.69124253750296,-30.7706646700273,-35.5515127390552));
#1343=CARTESIAN_POINT('Ctrl Pts',(-2.71921817695105,-30.7738125832657,-35.5637100550508));
#1344=CARTESIAN_POINT('Ctrl Pts',(-3.50068572846577,-30.8617459459809,-35.9044281531599));
#1345=CARTESIAN_POINT('Ctrl Pts',(-4.28232216856684,-30.9390760952205,-36.2384230432407));
#1346=CARTESIAN_POINT('Ctrl Pts',(-5.06413522138347,-31.0057848497022,-36.5656815754317));
#1347=CARTESIAN_POINT('',(16.0626871451807,-25.0365386479514,-26.6296489723988));
#1348=CARTESIAN_POINT('',(16.2258438064667,-26.6373932369805,-26.0204686631168));
#1349=CARTESIAN_POINT('Ctrl Pts',(-4.04436523318372,-29.3142582213719,-36.5665637508771));
#1350=CARTESIAN_POINT('Ctrl Pts',(-3.58950300164075,-29.2696485045478,-36.3739126740561));
#1351=CARTESIAN_POINT('Ctrl Pts',(-3.13571764902591,-29.2214598919252,-36.1794743044039));
#1352=CARTESIAN_POINT('Ctrl Pts',(-0.524331700612866,-28.9232056185173,
-35.0477490948171));
#1353=CARTESIAN_POINT('Ctrl Pts',(1.60268713036751,-28.5975382849478,-34.0754083643803));
#1354=CARTESIAN_POINT('Ctrl Pts',(5.8162229006887,-27.802490802997,-32.0567215029521));
#1355=CARTESIAN_POINT('Ctrl Pts',(7.89590371998897,-27.3337958067721,-31.0133084446285));
#1356=CARTESIAN_POINT('Ctrl Pts',(12.0148514892493,-26.2725326984342,-28.8635285584762));
#1357=CARTESIAN_POINT('Ctrl Pts',(14.0535340713377,-25.6790568925048,-27.7568240270234));
#1358=CARTESIAN_POINT('Ctrl Pts',(16.0626871451807,-25.0365386479514,-26.6296489723988));
#1359=CARTESIAN_POINT('Origin',(-26.852380015559,-25.0365386479514,-4.50057698686652E-16));
#1360=CARTESIAN_POINT('',(0.227273302022524,-25.0365386479514,-42.6325412097799));
#1361=CARTESIAN_POINT('Ctrl Pts',(-4.04436523318425,-29.3142582213721,-36.5665637508769));
#1362=CARTESIAN_POINT('Ctrl Pts',(-3.8029838058529,-29.1750509599514,-36.7001768174149));
#1363=CARTESIAN_POINT('Ctrl Pts',(-3.56821101046921,-29.0322667979785,-36.8444801625565));
#1364=CARTESIAN_POINT('Ctrl Pts',(-2.40113307802438,-28.2837298041336,-37.6389858939512));
#1365=CARTESIAN_POINT('Ctrl Pts',(-1.61100732168948,-27.6366861884543,-38.4588290002387));
#1366=CARTESIAN_POINT('Ctrl Pts',(-1.03943465710148,-27.0352672867355,-39.3297014220836));
#1367=CARTESIAN_POINT('Ctrl Pts',(-0.412562971010102,-26.3756617731662,
-40.2848297850643));
#1368=CARTESIAN_POINT('Ctrl Pts',(0.0368866947444494,-25.6850885737211,
-41.4226976974466));
#1369=CARTESIAN_POINT('Ctrl Pts',(0.227273302022507,-25.0365386479514,-42.6325412097798));
#1370=CARTESIAN_POINT('Origin',(-26.852380015559,-25.0365386479514,-4.50057698686652E-16));
#1371=CARTESIAN_POINT('Origin',(-9.152837598456,-32.9784841178516,-48.6290931256703));
#1372=CARTESIAN_POINT('',(-19.9689794032165,-35.1142981217648,-48.6290931256703));
#1373=CARTESIAN_POINT('',(-0.107847407750619,-22.8745203298235,-46.6182135918624));
#1374=CARTESIAN_POINT('Ctrl Pts',(-0.107847407750622,-22.8745203298235,
-46.6182135918624));
#1375=CARTESIAN_POINT('Ctrl Pts',(0.220991822150459,-23.4087173832058,-45.6252983548348));
#1376=CARTESIAN_POINT('Ctrl Pts',(0.367356057852257,-23.9742462585189,-44.5968159848533));
#1377=CARTESIAN_POINT('Ctrl Pts',(0.30718944337659,-24.7035757946471,-43.2514828220387));
#1378=CARTESIAN_POINT('Ctrl Pts',(0.275813103867476,-24.8711883361122,-42.940995492314));
#1379=CARTESIAN_POINT('Ctrl Pts',(0.227273302022521,-25.0365386479514,-42.6325412097799));
#1380=CARTESIAN_POINT('',(-0.450048478911489,-23.3104530566537,-48.5883238164771));
#1381=CARTESIAN_POINT('Ctrl Pts',(-0.450048478914888,-23.3104530566529,
-48.5883238164796));
#1382=CARTESIAN_POINT('Ctrl Pts',(-0.369149299832588,-23.2371152002343,
-48.2542118467079));
#1383=CARTESIAN_POINT('Ctrl Pts',(-0.29999181570775,-23.1627561320147,-47.9172925588872));
#1384=CARTESIAN_POINT('Ctrl Pts',(-0.187542069803568,-23.0172042718849,
-47.2600106335133));
#1385=CARTESIAN_POINT('Ctrl Pts',(-0.142924271910512,-22.9460122079841,
-46.9395245071703));
#1386=CARTESIAN_POINT('Ctrl Pts',(-0.107847407750618,-22.8745203298235,
-46.6182135918624));
#1387=CARTESIAN_POINT('Origin',(-80.6835557216417,329.265788650833,147.899939715158));
#1388=CARTESIAN_POINT('Ctrl Pts',(1.52700735708178,-31.5317291763347,-46.2418421361393));
#1389=CARTESIAN_POINT('Ctrl Pts',(1.55709773509106,-31.423412478263,-46.4434992283125));
#1390=CARTESIAN_POINT('Ctrl Pts',(1.57992882273414,-31.3144926539897,-46.6462237605795));
#1391=CARTESIAN_POINT('Ctrl Pts',(1.68515491048809,-30.5717228529489,-48.0295118848495));
#1392=CARTESIAN_POINT('Ctrl Pts',(1.52631422269701,-29.9375805345908,-49.213867408776));
#1393=CARTESIAN_POINT('Ctrl Pts',(1.12130961536002,-29.3374961632445,-50.3799881538832));
#1394=CARTESIAN_POINT('Ctrl Pts',(1.11214518337016,-29.3241256421831,-50.4059959193573));
#1395=CARTESIAN_POINT('Ctrl Pts',(1.10286089438933,-29.3107856188167,-50.4319702845371));
#1396=CARTESIAN_POINT('Origin',(62.3548778638543,-395.106267322623,-245.094926675156));
#1397=CARTESIAN_POINT('Ctrl Pts',(-8.08220474971516,-23.6298172224862,-51.5706327021121));
#1398=CARTESIAN_POINT('Ctrl Pts',(-6.1148378619384,-23.6297400463686,-50.8545203131549));
#1399=CARTESIAN_POINT('Ctrl Pts',(-4.16991893910977,-23.5682338602311,-50.1072564177653));
#1400=CARTESIAN_POINT('Ctrl Pts',(-1.2865202859854,-23.382988800162,-48.9392061884857));
#1401=CARTESIAN_POINT('Ctrl Pts',(-0.3310679462321,-23.305695599782,-48.5419731039626));
#1402=CARTESIAN_POINT('Ctrl Pts',(1.56816492542764,-23.1191692120893,-47.7313097221237));
#1403=CARTESIAN_POINT('Ctrl Pts',(2.51194526121312,-23.0099354897584,-47.3178791537146));
#1404=CARTESIAN_POINT('Ctrl Pts',(4.38734904891451,-22.758200647198,-46.4741476559029));
#1405=CARTESIAN_POINT('Ctrl Pts',(5.31897248984826,-22.6156994971019,-46.0438467113793));
#1406=CARTESIAN_POINT('Ctrl Pts',(7.16940633298781,-22.29563422665,-45.1654639015772));
#1407=CARTESIAN_POINT('Ctrl Pts',(8.08821746446578,-22.1180721037972,-44.7173830495056));
#1408=CARTESIAN_POINT('Ctrl Pts',(10.8241839572079,-21.5293779054378,-43.3447381411176));
#1409=CARTESIAN_POINT('Ctrl Pts',(12.6209550397391,-21.0624641187958,-42.3918864032614));
#1410=CARTESIAN_POINT('Ctrl Pts',(14.386103881087,-20.5090158446738,-41.3951518207232));
#1411=CARTESIAN_POINT('Ctrl Pts',(-8.65244761451261,-23.2726187014437,-50.003903307476));
#1412=CARTESIAN_POINT('Ctrl Pts',(-6.71028656781438,-23.2725444227096,-49.2969707906296));
#1413=CARTESIAN_POINT('Ctrl Pts',(-4.79102444728026,-23.2133473317839,-48.5572917929359));
#1414=CARTESIAN_POINT('Ctrl Pts',(-1.94763865516455,-23.0350568320558,-47.3988822133127));
#1415=CARTESIAN_POINT('Ctrl Pts',(-1.00577699639917,-22.9606654106737,-47.0045766986702));
#1416=CARTESIAN_POINT('Ctrl Pts',(0.865669437683914,-22.7811416875396,-46.1993390734513));
#1417=CARTESIAN_POINT('Ctrl Pts',(1.79525368479145,-22.6760088708521,-45.7884072784578));
#1418=CARTESIAN_POINT('Ctrl Pts',(3.64159291963843,-22.4337247804451,-44.9494048840827));
#1419=CARTESIAN_POINT('Ctrl Pts',(4.55834790088934,-22.2965734779797,-44.521334636529));
#1420=CARTESIAN_POINT('Ctrl Pts',(6.37834035280523,-21.988524253909,-43.6473144377725));
#1421=CARTESIAN_POINT('Ctrl Pts',(7.28157881040062,-21.8176282548079,-43.2013659389332));
#1422=CARTESIAN_POINT('Ctrl Pts',(9.96977217367838,-21.2510351009897,-41.8352280939917));
#1423=CARTESIAN_POINT('Ctrl Pts',(11.7332795655854,-20.8016504192825,-40.8868649626902));
#1424=CARTESIAN_POINT('Ctrl Pts',(13.4639297784673,-20.2689799700145,-39.8954450393551));
#1425=CARTESIAN_POINT('Ctrl Pts',(-8.65815004316059,-23.2690467162333,-49.9882360135297));
#1426=CARTESIAN_POINT('Ctrl Pts',(-6.71624105487314,-23.268972466473,-49.2813952954043));
#1427=CARTESIAN_POINT('Ctrl Pts',(-4.79723550236197,-23.2097984664994,-48.5417921466876));
#1428=CARTESIAN_POINT('Ctrl Pts',(-1.95424983885634,-23.0315775123747,-47.383478973561));
#1429=CARTESIAN_POINT('Ctrl Pts',(-1.01252408690085,-22.9572151087826,-46.9892027346173));
#1430=CARTESIAN_POINT('Ctrl Pts',(0.858644482806477,-22.7777614122941,-46.1840193669646));
#1431=CARTESIAN_POINT('Ctrl Pts',(1.78808676902724,-22.672669604663,-45.7731125597052));
#1432=CARTESIAN_POINT('Ctrl Pts',(3.63413535834566,-22.4304800217776,-44.9341574563645));
#1433=CARTESIAN_POINT('Ctrl Pts',(4.55074165499975,-22.2933822177885,-44.5061095157805));
#1434=CARTESIAN_POINT('Ctrl Pts',(6.37042969300341,-21.9854531541816,-43.6321329431344));
#1435=CARTESIAN_POINT('Ctrl Pts',(7.27351242385996,-21.814623816318,-43.1862057678275));
#1436=CARTESIAN_POINT('Ctrl Pts',(9.96122805584309,-21.2482516729452,-41.8201329935204));
#1437=CARTESIAN_POINT('Ctrl Pts',(11.7244028108439,-20.7990422822874,-40.8718147482845));
#1438=CARTESIAN_POINT('Ctrl Pts',(13.4547080374411,-20.2665796112679,-39.8804479715414));
#1439=CARTESIAN_POINT('',(13.4639297784673,-20.2689799700145,-39.8954450393551));
#1440=CARTESIAN_POINT('Ctrl Pts',(-0.107847407750614,-22.8745203298235,
-46.6182135918624));
#1441=CARTESIAN_POINT('Ctrl Pts',(-0.0367254519973999,-22.8677304177713,
-46.5876340189495));
#1442=CARTESIAN_POINT('Ctrl Pts',(0.0343610495120616,-22.8608517433606,
-46.5570062796918));
#1443=CARTESIAN_POINT('Ctrl Pts',(2.96099881670877,-22.5738475008597,-45.2934424888743));
#1444=CARTESIAN_POINT('Ctrl Pts',(5.7819568874709,-22.1477177135568,-43.972929107784));
#1445=CARTESIAN_POINT('Ctrl Pts',(9.29700040866451,-21.3876385273652,-42.1736225779037));
#1446=CARTESIAN_POINT('Ctrl Pts',(10.0741957832558,-21.2044685202672,-41.7656214716917));
#1447=CARTESIAN_POINT('Ctrl Pts',(11.7274937049924,-20.7801914797031,-40.8747408806695));
#1448=CARTESIAN_POINT('Ctrl Pts',(12.6013481504888,-20.5344890250444,-40.3896539652903));
#1449=CARTESIAN_POINT('Ctrl Pts',(13.4639297784673,-20.2689799700145,-39.8954450393551));
#1450=CARTESIAN_POINT('',(14.386103881087,-20.5090158446738,-41.3951518207232));
#1451=CARTESIAN_POINT('',(13.4639297784673,-20.2689799700145,-39.8954450393551));
#1452=CARTESIAN_POINT('Ctrl Pts',(-0.450048478911186,-23.3104530566526,
-48.588323816478));
#1453=CARTESIAN_POINT('Ctrl Pts',(0.861985657139303,-23.1985413592373,-48.0391456024673));
#1454=CARTESIAN_POINT('Ctrl Pts',(2.16321409922301,-23.0567455606003,-47.4747709482013));
#1455=CARTESIAN_POINT('Ctrl Pts',(7.20460141433161,-22.3800417753261,-45.2066848441207));
#1456=CARTESIAN_POINT('Ctrl Pts',(10.8880545026566,-21.6058011955384,-43.3704111899248));
#1457=CARTESIAN_POINT('Ctrl Pts',(14.386103881087,-20.5090158446738,-41.3951518207232));
#1458=CARTESIAN_POINT('Origin',(-28.4541389780978,-5.2110496091094,-47.1952009646882));
#1459=CARTESIAN_POINT('',(33.73741847343,-11.6983086487681,-28.7119452187453));
#1460=CARTESIAN_POINT('Ctrl Pts',(14.386103881087,-20.5090158446738,-41.3951518207232));
#1461=CARTESIAN_POINT('Ctrl Pts',(17.8615587972881,-19.4190836708971,-39.4325030144426));
#1462=CARTESIAN_POINT('Ctrl Pts',(21.2044775457133,-18.1060584432868,-37.3752872493006));
#1463=CARTESIAN_POINT('Ctrl Pts',(27.6469024162616,-15.1364466541365,-33.1295304145138));
#1464=CARTESIAN_POINT('Ctrl Pts',(30.7485356936011,-13.4791843923613,-30.9397825948966));
#1465=CARTESIAN_POINT('Ctrl Pts',(33.7374184354997,-11.6983086745781,-28.711945249916));
#1466=CARTESIAN_POINT('',(37.2554204130257,-15.2969549277327,-29.7350603196066));
#1467=CARTESIAN_POINT('Origin',(-2171.51860169711,-1645.64201835149,-1877.27846833563));
#1468=CARTESIAN_POINT('Ctrl Pts',(37.2554203450649,-15.2969549737014,-29.7350603729728));
#1469=CARTESIAN_POINT('Ctrl Pts',(36.5122698375348,-15.7454142274878,-30.2926124798837));
#1470=CARTESIAN_POINT('Ctrl Pts',(35.770114580688,-16.1820415255163,-30.8422284814323));
#1471=CARTESIAN_POINT('Ctrl Pts',(35.0289376286147,-16.606814011757,-31.3838999148383));
#1472=CARTESIAN_POINT('Ctrl Pts',(34.360026344763,-16.9901706559718,-31.8727577144932));
#1473=CARTESIAN_POINT('Ctrl Pts',(33.6919123382268,-17.363872118851,-32.3551448606102));
#1474=CARTESIAN_POINT('Ctrl Pts',(33.0246036486307,-17.7279297739702,-32.8310657074511));
#1475=CARTESIAN_POINT('Ctrl Pts',(32.979225909549,-17.7526861027012,-32.8634288586407));
#1476=CARTESIAN_POINT('Ctrl Pts',(32.9355172884286,-17.7764923999482,-32.8945763669731));
#1477=CARTESIAN_POINT('Ctrl Pts',(32.8884816998227,-17.8020652442524,-32.9280653732779));
#1478=CARTESIAN_POINT('Ctrl Pts',(32.1472967325685,-18.2050411254952,-33.4557838259889));
#1479=CARTESIAN_POINT('Ctrl Pts',(31.4066798745072,-18.5963497522901,-33.9758306936525));
#1480=CARTESIAN_POINT('Ctrl Pts',(30.6666116515852,-18.9759665086493,-34.4881944769647));
#1481=CARTESIAN_POINT('Ctrl Pts',(29.9507735537407,-19.3431544629019,-34.9837832682285));
#1482=CARTESIAN_POINT('Ctrl Pts',(29.2354489951341,-19.6994039368472,-35.472183958893));
#1483=CARTESIAN_POINT('Ctrl Pts',(28.5206463585257,-20.0447285495682,-35.9533998059747));
#1484=CARTESIAN_POINT('Ctrl Pts',(28.4737495730622,-20.0673846135622,-35.9849714247496));
#1485=CARTESIAN_POINT('Ctrl Pts',(28.4286018992913,-20.0891531630267,-36.0153383036325));
#1486=CARTESIAN_POINT('Ctrl Pts',(28.3799628368608,-20.1125559554516,-36.0480218090895));
#1487=CARTESIAN_POINT('Ctrl Pts',(27.6260573691869,-20.4752992380377,-36.5546161436725));
#1488=CARTESIAN_POINT('Ctrl Pts',(26.8723792104415,-20.8260550994679,-37.05345827741));
#1489=CARTESIAN_POINT('Ctrl Pts',(26.1189070477034,-21.1647959129287,-37.5445352765115));
#1490=CARTESIAN_POINT('Ctrl Pts',(25.3654348849653,-21.5035367263895,-38.035612275613));
#1491=CARTESIAN_POINT('Ctrl Pts',(24.6121688343436,-21.8302626487852,-38.5189241993527));
#1492=CARTESIAN_POINT('Ctrl Pts',(23.859119468723,-22.1449901007202,-38.9944748829137));
#1493=CARTESIAN_POINT('Ctrl Pts',(23.8105356386829,-22.1652950976192,-39.0251555721757));
#1494=CARTESIAN_POINT('Ctrl Pts',(23.7638002905934,-22.1847817583607,-39.0546396361354));
#1495=CARTESIAN_POINT('Ctrl Pts',(23.7133707785256,-22.2057556060649,-39.0864199689723));
#1496=CARTESIAN_POINT('Ctrl Pts',(22.9803151858382,-22.5106365325165,-39.5483865787681));
#1497=CARTESIAN_POINT('Ctrl Pts',(22.2471148741037,-22.8042875208037,-40.0032210835355));
#1498=CARTESIAN_POINT('Ctrl Pts',(21.5137510990981,-23.0866844185818,-40.4509122408437));
#1499=CARTESIAN_POINT('Ctrl Pts',(20.7703914951528,-23.3729304171466,-40.9047054778819));
#1500=CARTESIAN_POINT('Ctrl Pts',(20.0268639786583,-23.6476134935624,-41.3511593293115));
#1501=CARTESIAN_POINT('Ctrl Pts',(19.2831789476473,-23.9107498464338,-41.7902778176868));
#1502=CARTESIAN_POINT('Ctrl Pts',(19.1454192277461,-23.9594930492089,-41.8716198340506));
#1503=CARTESIAN_POINT('Ctrl Pts',(19.0076541835884,-24.0078401537313,-41.9527101900491));
#1504=CARTESIAN_POINT('Ctrl Pts',(18.8698839902405,-24.0557914137162,-42.0335489686018));
#1505=CARTESIAN_POINT('Origin',(40.0752768237474,-10.2725116654689,-4.50057698686652E-16));
#1506=CARTESIAN_POINT('',(44.4239835280447,-6.77233309859551,2.29621274840129E-16));
#1507=CARTESIAN_POINT('Origin',(40.4995408924593,-10.6967757341808,-4.50057698686652E-16));
#1508=CARTESIAN_POINT('',(49.8333504041217,-12.1816999746726,2.29621274840129E-16));
#1509=CARTESIAN_POINT('',(43.9997194593327,-6.34806902988357,2.29621274840129E-16));
#1510=CARTESIAN_POINT('Origin',(45.9089077685363,-16.1061426102579,-4.50057698686652E-16));
#1511=CARTESIAN_POINT('Ctrl Pts',(37.6749754719978,-16.8159912223353,-29.0833165636592));
#1512=CARTESIAN_POINT('Ctrl Pts',(38.458902144196,-16.345520445728,-28.4889667052976));
#1513=CARTESIAN_POINT('Ctrl Pts',(39.2128740847259,-15.9051139736841,-27.8494745169273));
#1514=CARTESIAN_POINT('Ctrl Pts',(40.6588922099134,-15.0803820326418,-26.4833002442863));
#1515=CARTESIAN_POINT('Ctrl Pts',(41.3510783742605,-14.6959502099547,-25.7567924743199));
#1516=CARTESIAN_POINT('Ctrl Pts',(42.3421067446916,-14.1588659999064,-24.6000709069023));
#1517=CARTESIAN_POINT('Ctrl Pts',(42.6645791536706,-13.986440278294,-24.2032909660906));
#1518=CARTESIAN_POINT('Ctrl Pts',(43.1360323944971,-13.737666626482,-23.5910175894334));
#1519=CARTESIAN_POINT('Ctrl Pts',(43.2911615955323,-13.6563761511463,-23.3840437335821));
#1520=CARTESIAN_POINT('Ctrl Pts',(43.5972126821701,-13.497108354837,-22.964368387772));
#1521=CARTESIAN_POINT('Ctrl Pts',(43.7482751811421,-13.4190589370755,-22.751462898163));
#1522=CARTESIAN_POINT('Ctrl Pts',(44.0456754288191,-13.2665033508206,-22.3204473435881));
#1523=CARTESIAN_POINT('Ctrl Pts',(44.1914111607919,-13.1923044609933,-22.1032244237132));
#1524=CARTESIAN_POINT('Ctrl Pts',(44.4773157257052,-13.047815798858,-21.6649203410532));
#1525=CARTESIAN_POINT('Ctrl Pts',(44.6174311072388,-12.9775534547864,-21.4439169152503));
#1526=CARTESIAN_POINT('Ctrl Pts',(45.0293106614363,-12.7726031480836,-20.7753975843418));
#1527=CARTESIAN_POINT('Ctrl Pts',(45.292612766107,-12.6437483299869,-20.3223756931773));
#1528=CARTESIAN_POINT('Ctrl Pts',(46.0488066045035,-12.27984463302,-18.9414932826897));
#1529=CARTESIAN_POINT('Ctrl Pts',(46.5080837738772,-12.0673860401729,-17.9918371556498));
#1530=CARTESIAN_POINT('Ctrl Pts',(47.1285214029583,-11.7927540975412,-16.5235638937066));
#1531=CARTESIAN_POINT('Ctrl Pts',(47.3239297795297,-11.708560148186,-16.0267347554358));
#1532=CARTESIAN_POINT('Ctrl Pts',(47.5994924374896,-11.5933577554409,-15.2704374835586));
#1533=CARTESIAN_POINT('Ctrl Pts',(47.6884480399034,-11.5567953887407,-15.0164062785858));
#1534=CARTESIAN_POINT('Ctrl Pts',(47.8174075551811,-11.5047503481436,-14.6326404245394));
#1535=CARTESIAN_POINT('Ctrl Pts',(47.8596669239146,-11.4878613140261,-14.5042044620751));
#1536=CARTESIAN_POINT('Ctrl Pts',(47.9426703713719,-11.4550245151088,-14.2464613385891));
#1537=CARTESIAN_POINT('Ctrl Pts',(47.9834516630541,-11.4390625081609,-14.1170307246509));
#1538=CARTESIAN_POINT('Ctrl Pts',(48.103251967148,-11.3926919269375,-13.7282472958654));
#1539=CARTESIAN_POINT('Ctrl Pts',(48.1797632605694,-11.3637822476875,-13.4683285874756));
#1540=CARTESIAN_POINT('Ctrl Pts',(48.3261893256375,-11.309891660501,-12.9468245802496));
#1541=CARTESIAN_POINT('Ctrl Pts',(48.3960935992833,-11.2849146854936,-12.6852758821845));
#1542=CARTESIAN_POINT('Ctrl Pts',(48.5959371046796,-11.2158211512255,-11.8982533408135));
#1543=CARTESIAN_POINT('Ctrl Pts',(48.7160124353774,-11.1775380178525,-11.3704044158481));
#1544=CARTESIAN_POINT('Ctrl Pts',(49.0373698339118,-11.0855674080445,-9.7754927311932));
#1545=CARTESIAN_POINT('Ctrl Pts',(49.1992795537763,-11.0549291984549,-8.69894715920052));
#1546=CARTESIAN_POINT('Ctrl Pts',(49.3080459299009,-11.0550155899948,-7.60957950690843));
#1547=CARTESIAN_POINT('Ctrl Pts',(37.2510265769476,-15.2995200851762,-29.7383917985464));
#1548=CARTESIAN_POINT('Ctrl Pts',(38.0620734661081,-14.8058110421019,-29.1273879162241));
#1549=CARTESIAN_POINT('Ctrl Pts',(38.8422302713357,-14.3437380095343,-28.4695603815349));
#1550=CARTESIAN_POINT('Ctrl Pts',(40.3387911114469,-13.4787473970799,-27.0635493096592));
#1551=CARTESIAN_POINT('Ctrl Pts',(41.0553388624403,-13.0757171168323,-26.3155460304351));
#1552=CARTESIAN_POINT('Ctrl Pts',(42.0815884206774,-12.5130100888758,-25.1242276761877));
#1553=CARTESIAN_POINT('Ctrl Pts',(42.4155811223688,-12.3324229401916,-24.7155216874666));
#1554=CARTESIAN_POINT('Ctrl Pts',(42.9039789135516,-12.0719864967351,-24.0847673432747));
#1555=CARTESIAN_POINT('Ctrl Pts',(43.0647010678758,-11.9869045213256,-23.8715335320918));
#1556=CARTESIAN_POINT('Ctrl Pts',(43.3818234842535,-11.8202500640397,-23.4391414193924));
#1557=CARTESIAN_POINT('Ctrl Pts',(43.5383694831443,-11.7386021834603,-23.2197729141725));
#1558=CARTESIAN_POINT('Ctrl Pts',(43.8466051996002,-11.5790587159704,-22.7756516283487));
#1559=CARTESIAN_POINT('Ctrl Pts',(43.9976709205236,-11.5014844298393,-22.5518129992402));
#1560=CARTESIAN_POINT('Ctrl Pts',(44.2940739035215,-11.3504715288295,-22.100140631168));
#1561=CARTESIAN_POINT('Ctrl Pts',(44.4393557649141,-11.2770615966858,-21.8723869927908));
#1562=CARTESIAN_POINT('Ctrl Pts',(44.8664893048843,-11.063008430357,-21.1834228377348));
#1563=CARTESIAN_POINT('Ctrl Pts',(45.139633603013,-10.9285380529081,-20.7165122428461));
#1564=CARTESIAN_POINT('Ctrl Pts',(45.9243871687657,-10.5491269725873,-19.2932138775754));
#1565=CARTESIAN_POINT('Ctrl Pts',(46.4014181662706,-10.3281121172196,-18.314281207647));
#1566=CARTESIAN_POINT('Ctrl Pts',(47.0465561977151,-10.0433170752235,-16.8006639732132));
#1567=CARTESIAN_POINT('Ctrl Pts',(47.2498768747879,-9.95618126657801,-16.2884785980162));
#1568=CARTESIAN_POINT('Ctrl Pts',(47.536815917393,-9.83724492530854,-15.5087956287092));
#1569=CARTESIAN_POINT('Ctrl Pts',(47.6294827883415,-9.79955082788789,-15.2469078511081));
#1570=CARTESIAN_POINT('Ctrl Pts',(47.7638837521852,-9.74597998877228,-14.8512718538279));
#1571=CARTESIAN_POINT('Ctrl Pts',(47.807936831633,-9.7286108118624,-14.7188630810035));
#1572=CARTESIAN_POINT('Ctrl Pts',(47.8944850719684,-9.69487146303811,-14.453147195939));
#1573=CARTESIAN_POINT('Ctrl Pts',(47.9370190663679,-9.67848670262728,-14.3197128119983));
#1574=CARTESIAN_POINT('Ctrl Pts',(48.0620021621891,-9.63093747313458,-13.9189028815444));
#1575=CARTESIAN_POINT('Ctrl Pts',(48.1418696143477,-9.60136084522587,-13.6509439542653));
#1576=CARTESIAN_POINT('Ctrl Pts',(48.2948146393507,-9.54637105492806,-13.1133095955183));
#1577=CARTESIAN_POINT('Ctrl Pts',(48.3678812494904,-9.52096191057227,-12.8436718962657));
#1578=CARTESIAN_POINT('Ctrl Pts',(48.5769225475811,-9.45092133752603,-12.0323136473222));
#1579=CARTESIAN_POINT('Ctrl Pts',(48.7027442909051,-9.41247259458161,-11.4881493406608));
#1580=CARTESIAN_POINT('Ctrl Pts',(49.0402134518009,-9.32139067973299,-9.8439777939109));
#1581=CARTESIAN_POINT('Ctrl Pts',(49.2113384563893,-9.29319521238651,-8.73423206262845));
#1582=CARTESIAN_POINT('Ctrl Pts',(49.3277729932675,-9.29758891827425,-7.61136754644855));
#1583=CARTESIAN_POINT('',(49.3271441255383,-9.29767317849744,-7.61741563674524));
#1584=CARTESIAN_POINT('',(49.3074598216335,-11.0549999232772,-7.61544625751547));
#1585=CARTESIAN_POINT('',(49.3271441856472,-9.2976739004779,-7.61741455493546));
#1586=CARTESIAN_POINT('',(49.0831854553893,-11.0821868327388,-9.37790536483625));
#1587=CARTESIAN_POINT('Ctrl Pts',(49.0831854553893,-11.0821868327388,-9.37790536483625));
#1588=CARTESIAN_POINT('Ctrl Pts',(49.1736179336036,-11.0640548186262,-8.79358335376953));
#1589=CARTESIAN_POINT('Ctrl Pts',(49.2483921213392,-11.0550176410928,-8.20598689383467));
#1590=CARTESIAN_POINT('Ctrl Pts',(49.3074598216335,-11.0549999232772,-7.61544625751547));
#1591=CARTESIAN_POINT('',(37.679193330808,-16.8134443888988,-29.0801209952635));
#1592=CARTESIAN_POINT('Ctrl Pts',(37.679193330808,-16.8134443888988,-29.0801209952635));
#1593=CARTESIAN_POINT('Ctrl Pts',(39.2338324127488,-15.8805266930062,-27.900955416235));
#1594=CARTESIAN_POINT('Ctrl Pts',(40.6873265634819,-15.0556491009324,-26.5315215806741));
#1595=CARTESIAN_POINT('Ctrl Pts',(43.341537811566,-13.6172154932042,-23.4335430990273));
#1596=CARTESIAN_POINT('Ctrl Pts',(44.5288191558984,-13.0112926226007,-21.7171369992362));
#1597=CARTESIAN_POINT('Ctrl Pts',(46.0490889507983,-12.2796934096697,-18.9409787603844));
#1598=CARTESIAN_POINT('Ctrl Pts',(46.5082542380667,-12.0672950270309,-17.9914342358505));
#1599=CARTESIAN_POINT('Ctrl Pts',(47.547926472118,-11.6070916305225,-15.5310376622016));
#1600=CARTESIAN_POINT('Ctrl Pts',(48.0632838195241,-11.3999641456052,-13.9959452870165));
#1601=CARTESIAN_POINT('Ctrl Pts',(48.7175799092878,-11.1737489255116,-11.419201186065));
#1602=CARTESIAN_POINT('Ctrl Pts',(48.9244460694127,-11.1140146101433,-10.4035868354868));
#1603=CARTESIAN_POINT('Ctrl Pts',(49.0831854553893,-11.0821868327388,-9.37790536483625));
#1604=CARTESIAN_POINT('',(37.2554203450649,-15.2969549737014,-29.7350603729728));
#1605=CARTESIAN_POINT('Ctrl Pts',(49.3271440357379,-9.29767273232774,-7.61741612475689));
#1606=CARTESIAN_POINT('Ctrl Pts',(49.265211828761,-9.29537123562368,-8.21364812842733));
#1607=CARTESIAN_POINT('Ctrl Pts',(49.1876560946197,-9.30234627470108,-8.80802475193556));
#1608=CARTESIAN_POINT('Ctrl Pts',(48.9980433268726,-9.33537953876307,-10.0117392918591));
#1609=CARTESIAN_POINT('Ctrl Pts',(48.8850227635236,-9.36206253115506,-10.6202762301885));
#1610=CARTESIAN_POINT('Ctrl Pts',(48.4849628565655,-9.47537325693598,-12.4878442036027));
#1611=CARTESIAN_POINT('Ctrl Pts',(48.1429200271458,-9.59534415709454,-13.7307252546971));
#1612=CARTESIAN_POINT('Ctrl Pts',(47.4472561421861,-9.87207157868601,-15.7865044602226));
#1613=CARTESIAN_POINT('Ctrl Pts',(47.1302685635555,-10.0058582286445,-16.6123317117068));
#1614=CARTESIAN_POINT('Ctrl Pts',(46.5802753861988,-10.2496953609648,-17.8889937612813));
#1615=CARTESIAN_POINT('Ctrl Pts',(46.3687109923022,-10.3457612500569,-18.3501398034245));
#1616=CARTESIAN_POINT('Ctrl Pts',(45.9097170694767,-10.5587531737742,-19.2917478579117));
#1617=CARTESIAN_POINT('Ctrl Pts',(45.6609467454482,-10.6766069763918,-19.7710049822977));
#1618=CARTESIAN_POINT('Ctrl Pts',(44.8593994144803,-11.064131197425,-21.2247630067974));
#1619=CARTESIAN_POINT('Ctrl Pts',(44.2702201439294,-11.3593346610694,-22.1709953059412));
#1620=CARTESIAN_POINT('Ctrl Pts',(43.1678955178557,-11.9309394404913,-23.7488591751765));
#1621=CARTESIAN_POINT('Ctrl Pts',(42.6746966444111,-12.1923946678619,-24.3980759510114));
#1622=CARTESIAN_POINT('Ctrl Pts',(41.7798881979893,-12.6774899000142,-25.4834178309158));
#1623=CARTESIAN_POINT('Ctrl Pts',(41.3882855235504,-12.8930427990526,-25.9306156592095));
#1624=CARTESIAN_POINT('Ctrl Pts',(39.8212253812589,-13.7691268663097,-27.6163164731822));
#1625=CARTESIAN_POINT('Ctrl Pts',(38.5706032537417,-14.4963288995605,-28.7438767056662));
#1626=CARTESIAN_POINT('Ctrl Pts',(37.2554204854782,-15.2969548882239,-29.7350602671507));
#1627=CARTESIAN_POINT('Ctrl Pts',(37.26502778244,-15.2911566745233,-29.7278519482842));
#1628=CARTESIAN_POINT('Ctrl Pts',(35.8282054015115,-16.1584040272231,-30.805954331907));
#1629=CARTESIAN_POINT('Ctrl Pts',(34.3701703985802,-16.9964920193043,-31.8731120077879));
#1630=CARTESIAN_POINT('Ctrl Pts',(31.4100952499496,-18.6058425488855,-33.9806676556353));
#1631=CARTESIAN_POINT('Ctrl Pts',(29.9081709796658,-19.3772643711912,-35.0211254136847));
#1632=CARTESIAN_POINT('Ctrl Pts',(26.8517545647268,-20.8478470007806,-37.0749183979222));
#1633=CARTESIAN_POINT('Ctrl Pts',(25.2972684680708,-21.5470161214523,-38.0882567443791));
#1634=CARTESIAN_POINT('Ctrl Pts',(22.1259348971193,-22.8659659401102,-40.0868130576044));
#1635=CARTESIAN_POINT('Ctrl Pts',(20.5089535493486,-23.4855626121805,-41.0719619517847));
#1636=CARTESIAN_POINT('Ctrl Pts',(18.8588512951297,-24.0596305206632,-42.0400220278398));
#1637=CARTESIAN_POINT('Ctrl Pts',(37.688864539485,-16.8076821544363,-29.0727778265593));
#1638=CARTESIAN_POINT('Ctrl Pts',(36.244013889732,-17.6749295071362,-30.168701959504));
#1639=CARTESIAN_POINT('Ctrl Pts',(34.7770578769808,-18.5130174992171,-31.2540629436294));
#1640=CARTESIAN_POINT('Ctrl Pts',(31.7971013256744,-20.1223680287989,-33.3986033216017));
#1641=CARTESIAN_POINT('Ctrl Pts',(30.2842207574851,-20.8937898511041,-34.4578424079224));
#1642=CARTESIAN_POINT('Ctrl Pts',(27.2035545505707,-22.3643724806939,-36.5496089119885));
#1643=CARTESIAN_POINT('Ctrl Pts',(25.6357739064359,-23.0635416013655,-37.5821402017572));
#1644=CARTESIAN_POINT('Ctrl Pts',(22.4352001482245,-24.3824914200233,-39.6192469478091));
#1645=CARTESIAN_POINT('Ctrl Pts',(20.8022663213039,-25.0020880920936,-40.6237532500514));
#1646=CARTESIAN_POINT('Ctrl Pts',(19.1347672156262,-25.5761560005763,-41.6110402218675));
#1647=CARTESIAN_POINT('Ctrl Pts',(19.1459096465779,-25.5722808289137,-41.6044488073491));
#1648=CARTESIAN_POINT('Ctrl Pts',(21.6315249223366,-24.716215301756,-40.1325184934014));
#1649=CARTESIAN_POINT('Ctrl Pts',(24.0528975147,-23.7544032546813,-38.6148028437495));
#1650=CARTESIAN_POINT('Ctrl Pts',(27.1963305115941,-22.3554454519942,-36.5465193350486));
#1651=CARTESIAN_POINT('Ctrl Pts',(27.9734912671336,-21.9967969536192,-36.0268301876689));
#1652=CARTESIAN_POINT('Ctrl Pts',(30.2837896874702,-20.8939542056248,-34.4581426179771));
#1653=CARTESIAN_POINT('Ctrl Pts',(31.7976909105595,-20.1220095252492,-33.3981860515684));
#1654=CARTESIAN_POINT('Ctrl Pts',(34.7745243764903,-18.5143435044014,-31.2558941388998));
#1655=CARTESIAN_POINT('Ctrl Pts',(36.2392269312447,-17.6775870316521,-30.1722158138483));
#1656=CARTESIAN_POINT('Ctrl Pts',(37.679193330808,-16.8134443888988,-29.0801209952635));
#1657=CARTESIAN_POINT('Ctrl Pts',(3.21693797126907,-25.5722808289137,-54.245819453781));
#1658=CARTESIAN_POINT('Ctrl Pts',(23.3800587637453,-25.5722808289137,-43.06908183933));
#1659=CARTESIAN_POINT('Ctrl Pts',(31.3478421705715,-25.5722808289137,-21.4361132178907));
#1660=CARTESIAN_POINT('Ctrl Pts',(1.52446913266296,-29.063244846571,-51.1925623399883));
#1661=CARTESIAN_POINT('Ctrl Pts',(20.5526970870221,-29.063244846571,-40.6449138235348));
#1662=CARTESIAN_POINT('Ctrl Pts',(28.0720092270665,-29.063244846571,-20.2295692697371));
#1663=CARTESIAN_POINT('Ctrl Pts',(-0.548373397409976,-31.5317291763347,
-47.4531013488308));
#1664=CARTESIAN_POINT('Ctrl Pts',(17.0899003738862,-31.5317291763347,-37.6759264787982));
#1665=CARTESIAN_POINT('Ctrl Pts',(24.0599496299732,-31.5317291763347,-18.7518607571275));
#1666=CARTESIAN_POINT('Origin',(-26.852380015559,-25.5722808289137,-4.50057698686652E-16));
#1667=CARTESIAN_POINT('Ctrl Pts',(30.1643179627605,-25.3512267484849,-20.1239789124099));
#1668=CARTESIAN_POINT('Ctrl Pts',(31.0520809331672,-24.7605289134906,-19.4227425064528));
#1669=CARTESIAN_POINT('Ctrl Pts',(31.9291222824043,-24.1582862661376,-18.7180183937703));
#1670=CARTESIAN_POINT('Ctrl Pts',(32.7963491844175,-23.5454756319275,-18.0101016749466));
#1671=CARTESIAN_POINT('Ctrl Pts',(31.3478421705715,-25.5722808289137,-21.4361132178907));
#1672=CARTESIAN_POINT('Ctrl Pts',(32.2403424516736,-24.9815829939193,-20.7220143613625));
#1673=CARTESIAN_POINT('Ctrl Pts',(33.1216779032242,-24.3793403465663,-20.0046947757087));
#1674=CARTESIAN_POINT('Ctrl Pts',(33.9928107173396,-23.7665297123562,-19.2844547831537));
#1675=CARTESIAN_POINT('',(33.9928107173396,-23.7665297123562,-19.2844547831537));
#1676=CARTESIAN_POINT('',(32.7963491844172,-23.5454756319273,-18.0101016749465));
#1677=CARTESIAN_POINT('',(33.9928107173396,-23.7665297123562,-19.2844547831537));
#1678=CARTESIAN_POINT('Ctrl Pts',(30.1643179627605,-25.3512267484849,-20.1239789124099));
#1679=CARTESIAN_POINT('Ctrl Pts',(30.7884802070401,-24.9359230033735,-19.6309584739563));
#1680=CARTESIAN_POINT('Ctrl Pts',(31.4139961279795,-24.510480497073,-19.1309553203476));
#1681=CARTESIAN_POINT('Ctrl Pts',(32.0408587661469,-24.0748917358163,-18.6239671877043));
#1682=CARTESIAN_POINT('Ctrl Pts',(32.2924711755486,-23.90005353195,-18.420470444039));
#1683=CARTESIAN_POINT('Ctrl Pts',(32.5443009379253,-23.7235810913244,-18.2158484838011));
#1684=CARTESIAN_POINT('Ctrl Pts',(32.7963491844174,-23.5454756319275,-18.0101016749466));
#1685=CARTESIAN_POINT('Ctrl Pts',(33.9928107173396,-23.7665297123562,-19.2844547831537));
#1686=CARTESIAN_POINT('Ctrl Pts',(33.3231429621807,-24.237616916396,-19.8381263831378));
#1687=CARTESIAN_POINT('Ctrl Pts',(32.6538994167566,-24.6979139867601,-20.3847330513073));
#1688=CARTESIAN_POINT('Ctrl Pts',(31.9849275662977,-25.1474152033187,-20.9243124576293));
#1689=CARTESIAN_POINT('Ctrl Pts',(31.7725394869408,-25.2901247956402,-21.0956204636249));
#1690=CARTESIAN_POINT('Ctrl Pts',(31.5601790666296,-25.4317464812537,-21.2662202353511));
#1691=CARTESIAN_POINT('Ctrl Pts',(31.3478421705715,-25.5722808289137,-21.4361132178907));
#1692=CARTESIAN_POINT('Origin',(-32.7506525994538,-12.9075913924062,-35.0577438066111));
#1693=CARTESIAN_POINT('',(29.3293043405693,-19.9510923754471,-16.971168553018));
#1694=CARTESIAN_POINT('Origin',(-2580.50877796735,-1915.64118229667,-2180.34244041679));
#1695=CARTESIAN_POINT('',(26.8034231615581,-21.6838668573858,-18.9996965790135));
#1696=CARTESIAN_POINT('Ctrl Pts',(29.3293042500509,-19.951092440968,-16.9711686276833));
#1697=CARTESIAN_POINT('Ctrl Pts',(28.7291673781072,-20.3753729120041,-17.4611907216344));
#1698=CARTESIAN_POINT('Ctrl Pts',(28.1303437642805,-20.7898168751695,-17.9444382897722));
#1699=CARTESIAN_POINT('Ctrl Pts',(27.5328263644541,-21.1944167450605,-18.4209090403818));
#1700=CARTESIAN_POINT('Ctrl Pts',(27.2894745108227,-21.3591987720704,-18.6149620343125));
#1701=CARTESIAN_POINT('Ctrl Pts',(27.0463397238926,-21.5223483938889,-18.8078910882876));
#1702=CARTESIAN_POINT('Ctrl Pts',(26.8034231615581,-21.6838668573858,-18.9996965790135));
#1703=CARTESIAN_POINT('Ctrl Pts',(26.8034231615581,-21.6838668573859,-18.9996965790136));
#1704=CARTESIAN_POINT('Ctrl Pts',(25.2153246292293,-22.7396383172925,-20.2535369064167));
#1705=CARTESIAN_POINT('Ctrl Pts',(23.5278137336815,-23.6742672415636,-21.4660146947119));
#1706=CARTESIAN_POINT('Ctrl Pts',(19.9843945520369,-25.321510507582,-23.81014608044));
#1707=CARTESIAN_POINT('Ctrl Pts',(18.1366846155759,-26.0300175599033,-24.9361865672293));
#1708=CARTESIAN_POINT('Ctrl Pts',(16.2258438064667,-26.6373932369805,-26.0204686631168));
#1709=CARTESIAN_POINT('Ctrl Pts',(26.8066714192967,-21.6817071479968,-18.9971318381298));
#1710=CARTESIAN_POINT('Ctrl Pts',(25.2113637847972,-22.7425270001136,-20.2568276376402));
#1711=CARTESIAN_POINT('Ctrl Pts',(23.5243547448123,-23.6758752353773,-21.4683029716434));
#1712=CARTESIAN_POINT('Ctrl Pts',(19.9895755007293,-25.3191020195062,-23.8067186495276));
#1713=CARTESIAN_POINT('Ctrl Pts',(18.1415565657117,-26.028634805305,-24.9335281944329));
#1714=CARTESIAN_POINT('Ctrl Pts',(16.2219354549336,-26.6386353680474,-26.0226862988616));
#1715=CARTESIAN_POINT('Ctrl Pts',(26.3642655648422,-20.2668969767275,-19.6284426136918));
#1716=CARTESIAN_POINT('Ctrl Pts',(24.8149471517083,-21.2878908900548,-20.8785235716311));
#1717=CARTESIAN_POINT('Ctrl Pts',(23.1750365592675,-22.1861988028238,-22.0833809687996));
#1718=CARTESIAN_POINT('Ctrl Pts',(19.7342237597051,-23.7677345758808,-24.4144957724966));
#1719=CARTESIAN_POINT('Ctrl Pts',(17.933080363664,-24.4506296537973,-25.5406405407268));
#1720=CARTESIAN_POINT('Ctrl Pts',(16.058870752546,-25.0377292074525,-26.6318727066158));
#1721=CARTESIAN_POINT('',(26.3611123096873,-20.2689799700145,-19.6309858348238));
#1722=CARTESIAN_POINT('',(26.8034231615581,-21.6838668573858,-18.9996965790135));
#1723=CARTESIAN_POINT('Ctrl Pts',(16.0626871451807,-25.0365386479514,-26.6296489723988));
#1724=CARTESIAN_POINT('Ctrl Pts',(16.9714581716091,-24.7518002533462,-26.1004860072479));
#1725=CARTESIAN_POINT('Ctrl Pts',(17.877254351752,-24.440054535573,-25.5548306896982));
#1726=CARTESIAN_POINT('Ctrl Pts',(19.2269694644933,-23.9268469177956,-24.7100684096754));
#1727=CARTESIAN_POINT('Ctrl Pts',(19.6753641200503,-23.7481793482907,-24.4241064560031));
#1728=CARTESIAN_POINT('Ctrl Pts',(20.3450000514582,-23.4681512469211,-23.9884649684031));
#1729=CARTESIAN_POINT('Ctrl Pts',(20.6790776839249,-23.3251306266339,-23.7689702286788));
#1730=CARTESIAN_POINT('Ctrl Pts',(21.0673743249974,-23.1528757856099,-23.5099408380905));
#1731=CARTESIAN_POINT('Ctrl Pts',(21.2334556126015,-23.0778812613393,-23.3982936894762));
#1732=CARTESIAN_POINT('Ctrl Pts',(21.3441007034398,-23.0276230876236,-23.3237210445489));
#1733=CARTESIAN_POINT('Ctrl Pts',(21.4015582383502,-23.0013644063565,-23.2848920474686));
#1734=CARTESIAN_POINT('Ctrl Pts',(21.8792139230423,-22.781827171298,-22.9612919795221));
#1735=CARTESIAN_POINT('Ctrl Pts',(22.3016275200278,-22.5788443278102,-22.6693839717452));
#1736=CARTESIAN_POINT('Ctrl Pts',(22.9312183914603,-22.2620678651574,-22.2250632815416));
#1737=CARTESIAN_POINT('Ctrl Pts',(23.2450052777317,-22.1006043464978,-22.0012889727928));
#1738=CARTESIAN_POINT('Ctrl Pts',(23.5571233678205,-21.9344285972418,-21.7750885125947));
#1739=CARTESIAN_POINT('Ctrl Pts',(23.7648131957255,-21.8225867896459,-21.6237489691358));
#1740=CARTESIAN_POINT('Ctrl Pts',(23.8706423290266,-21.7649367760498,-21.5462045633446));
#1741=CARTESIAN_POINT('Ctrl Pts',(24.7820570137185,-21.2628794437099,-20.8747683983127));
#1742=CARTESIAN_POINT('Ctrl Pts',(25.580076157882,-20.7836386920663,-20.2611479794783));
#1743=CARTESIAN_POINT('Ctrl Pts',(26.3611123096873,-20.2689799700145,-19.6309858348238));
#1744=CARTESIAN_POINT('Origin',(-26.852380015559,0.944223465581905,-4.50057698686652E-16));
#1745=CARTESIAN_POINT('Origin',(-26.852380015559,-20.2689799700145,-4.50057698686652E-16));
#1746=CARTESIAN_POINT('Origin',(40.4995408924593,-10.6967757341808,-4.50057698686652E-16));
#1747=CARTESIAN_POINT('',(42.3380185235443,-8.85829810309581,-1.3164953090834E-16));
#1748=CARTESIAN_POINT('Origin',(40.4995408924593,-10.6967757341808,-4.50057698686652E-16));
#1749=CARTESIAN_POINT('Ctrl Pts',(14.386103881087,-20.5090158446738,-41.3951518207232));
#1750=CARTESIAN_POINT('Ctrl Pts',(16.1308431822576,-19.9618507842571,-40.4098677099294));
#1751=CARTESIAN_POINT('Ctrl Pts',(17.8370396089385,-19.3601192805107,-39.403683022376));
#1752=CARTESIAN_POINT('Ctrl Pts',(21.1812111997323,-18.0600731371032,-37.3543194227472));
#1753=CARTESIAN_POINT('Ctrl Pts',(22.8191895180979,-17.3617629636149,-36.3111422215014));
#1754=CARTESIAN_POINT('Ctrl Pts',(26.0347098051789,-15.8795808435841,-34.1920151054551));
#1755=CARTESIAN_POINT('Ctrl Pts',(27.6122438846808,-15.0956977285918,-33.1160609129528));
#1756=CARTESIAN_POINT('Ctrl Pts',(30.7136297582613,-13.4519316815445,-30.9350423290351));
#1757=CARTESIAN_POINT('Ctrl Pts',(32.2374677285398,-12.5920291790499,-29.8299704416546));
#1758=CARTESIAN_POINT('Ctrl Pts',(33.737418435502,-11.6983086745767,-28.7119452499143));
#1759=CARTESIAN_POINT('Ctrl Pts',(13.4639297784673,-20.2689799700145,-39.8954450393551));
#1760=CARTESIAN_POINT('Ctrl Pts',(15.1891728208221,-19.7218149095978,-38.9298633045284));
#1761=CARTESIAN_POINT('Ctrl Pts',(16.8775479227152,-19.1200834058517,-37.9436651680529));
#1762=CARTESIAN_POINT('Ctrl Pts',(20.1891504803305,-17.8200372624436,-35.9343184134979));
#1763=CARTESIAN_POINT('Ctrl Pts',(21.8123795580437,-17.1217270889555,-34.9111708322581));
#1764=CARTESIAN_POINT('Ctrl Pts',(25.0011453177471,-15.6395449689249,-32.8317428375028));
#1765=CARTESIAN_POINT('Ctrl Pts',(26.5666723353601,-14.8556618539321,-31.7754591130503));
#1766=CARTESIAN_POINT('Ctrl Pts',(29.6464398691996,-13.2118958068856,-29.6331362397214));
#1767=CARTESIAN_POINT('Ctrl Pts',(31.1606656311201,-12.3519933043906,-28.5470914044187));
#1768=CARTESIAN_POINT('Ctrl Pts',(32.6520320841578,-11.4582727999174,-27.4476750814875));
#1769=CARTESIAN_POINT('',(32.6520320841578,-11.4582727999174,-27.4476750814875));
#1770=CARTESIAN_POINT('',(32.6520320841578,-11.4582727999174,-27.4476750814875));
#1771=CARTESIAN_POINT('Ctrl Pts',(32.6520320841578,-11.4582727999174,-27.4476750814875));
#1772=CARTESIAN_POINT('Ctrl Pts',(31.7823907787304,-11.9794193905671,-28.0887702047099));
#1773=CARTESIAN_POINT('Ctrl Pts',(30.9127968263844,-12.4843720033369,-28.719543155113));
#1774=CARTESIAN_POINT('Ctrl Pts',(30.0428505823023,-12.9731121603095,-29.3401597835519));
#1775=CARTESIAN_POINT('Ctrl Pts',(29.3976633064849,-13.3355816032261,-29.8004341448167));
#1776=CARTESIAN_POINT('Ctrl Pts',(28.7522829426943,-13.6891347436616,-30.255122572366));
#1777=CARTESIAN_POINT('Ctrl Pts',(28.1065561064535,-14.0337788313572,-30.704297681606));
#1778=CARTESIAN_POINT('Ctrl Pts',(28.0829566562977,-14.0463745769769,-30.72071373404));
#1779=CARTESIAN_POINT('Ctrl Pts',(28.0593567476511,-14.0589584287169,-30.7371224241414));
#1780=CARTESIAN_POINT('Ctrl Pts',(28.0357563717178,-14.0715303850858,-30.7535237549003));
#1781=CARTESIAN_POINT('Ctrl Pts',(27.2086149405479,-14.5121498910206,-31.3283544370657));
#1782=CARTESIAN_POINT('Ctrl Pts',(26.3808891413194,-14.938158597581,-31.8941472306076));
#1783=CARTESIAN_POINT('Ctrl Pts',(25.5521571361311,-15.3495337418392,-32.4510668746086));
#1784=CARTESIAN_POINT('Ctrl Pts',(24.8860866110372,-15.6801651843698,-32.898675700372));
#1785=CARTESIAN_POINT('Ctrl Pts',(24.2193660079487,-16.0013449500496,-33.3405534501906));
#1786=CARTESIAN_POINT('Ctrl Pts',(23.5517666936249,-16.3130811019486,-33.7768004534705));
#1787=CARTESIAN_POINT('Ctrl Pts',(23.5034365821646,-16.3356488947013,-33.8083820711271));
#1788=CARTESIAN_POINT('Ctrl Pts',(23.4573614106533,-16.3571169394245,-33.8384607305022));
#1789=CARTESIAN_POINT('Ctrl Pts',(23.4067624485869,-16.3806360314558,-33.8714568493441));
#1790=CARTESIAN_POINT('Ctrl Pts',(22.5971790555246,-16.7569415039557,-34.3993947508144));
#1791=CARTESIAN_POINT('Ctrl Pts',(21.7865989031294,-17.1192209837695,-34.9188602297224));
#1792=CARTESIAN_POINT('Ctrl Pts',(20.9745314064301,-17.4674587085279,-35.4300471288883));
#1793=CARTESIAN_POINT('Ctrl Pts',(20.2132181282745,-17.7939315754888,-35.9092848468564));
#1794=CARTESIAN_POINT('Ctrl Pts',(19.450598024001,-18.108063875296,-36.3812467968398));
#1795=CARTESIAN_POINT('Ctrl Pts',(18.6862434130462,-18.4098645893954,-36.8461130685037));
#1796=CARTESIAN_POINT('Ctrl Pts',(18.6352864389826,-18.429984637002,-36.8771041532813));
#1797=CARTESIAN_POINT('Ctrl Pts',(18.5859121308785,-18.4494255474269,-36.9070987478014));
#1798=CARTESIAN_POINT('Ctrl Pts',(18.533349211202,-18.4700603365287,-36.9389918050596));
#1799=CARTESIAN_POINT('Ctrl Pts',(17.087081616377,-19.0378261111026,-37.8165285837685));
#1800=CARTESIAN_POINT('Ctrl Pts',(15.6364096378677,-19.5607260826611,-38.6675785987925));
#1801=CARTESIAN_POINT('Ctrl Pts',(14.1778323083018,-20.0387815035707,-39.4935379819581));
#1802=CARTESIAN_POINT('Ctrl Pts',(13.9400799508252,-20.1167059310397,-39.6281717696545));
#1803=CARTESIAN_POINT('Ctrl Pts',(13.7021175203064,-20.1934387707623,-39.7621388138686));
#1804=CARTESIAN_POINT('Ctrl Pts',(13.4639297784673,-20.2689799700145,-39.8954450393551));
#1805=CARTESIAN_POINT('Ctrl Pts',(37.6458383716061,-15.6968798542452,-29.8489594839011));
#1806=CARTESIAN_POINT('Ctrl Pts',(47.2109731590612,-8.63892695737618,-21.8496031549655));
#1807=CARTESIAN_POINT('Ctrl Pts',(49.9566597383711,-9.94718486320628,-7.84796501030833));
#1808=CARTESIAN_POINT('Ctrl Pts',(36.2517564306586,-14.2686665299999,-29.4421368407283));
#1809=CARTESIAN_POINT('Ctrl Pts',(45.8509152549886,-7.17413378957442,-21.4069813112001));
#1810=CARTESIAN_POINT('Ctrl Pts',(48.5727033412333,-8.51896914027256,-7.34201877424547));
#1811=CARTESIAN_POINT('Ctrl Pts',(34.8565232074518,-12.8412450960518,-29.0362401343253));
#1812=CARTESIAN_POINT('Ctrl Pts',(44.4929626086827,-5.70824398316101,-20.9628912367293));
#1813=CARTESIAN_POINT('Ctrl Pts',(47.1876430081032,-7.09154727265387,-6.82978059572327));
#1814=CARTESIAN_POINT('Ctrl Pts',(33.4599889922659,-11.4149317599779,-28.6315262651601));
#1815=CARTESIAN_POINT('Ctrl Pts',(43.138063338188,-4.24138303429573,-20.5170681774305));
#1816=CARTESIAN_POINT('Ctrl Pts',(45.8011330601857,-5.6652367692623,-6.30967381323913));
#1817=CARTESIAN_POINT('',(45.5666174420785,-5.72089064459172,-8.43327254135044));
#1818=CARTESIAN_POINT('Ctrl Pts',(33.7374185154048,-11.6983086265666,-28.7119451900998));
#1819=CARTESIAN_POINT('Ctrl Pts',(34.3190312143961,-11.3488412095471,-28.2765546266777));
#1820=CARTESIAN_POINT('Ctrl Pts',(34.8883811364983,-11.0129855172681,-27.8142569325806));
#1821=CARTESIAN_POINT('Ctrl Pts',(36.0144770315524,-10.3602872950862,-26.8239602395393));
#1822=CARTESIAN_POINT('Ctrl Pts',(36.5697940919636,-10.0445031178109,-26.2949219388942));
#1823=CARTESIAN_POINT('Ctrl Pts',(38.2226318686788,-9.12124042935647,-24.5893740560919));
#1824=CARTESIAN_POINT('Ctrl Pts',(39.258786923806,-8.56636341847496,-23.3309734940531));
#1825=CARTESIAN_POINT('Ctrl Pts',(40.8407031539723,-7.75145350883297,-21.0552816591676));
#1826=CARTESIAN_POINT('Ctrl Pts',(41.4356645452409,-7.45475967531044,-20.091902707327));
#1827=CARTESIAN_POINT('Ctrl Pts',(42.5007131472229,-6.94093620579993,-18.1370886214228));
#1828=CARTESIAN_POINT('Ctrl Pts',(42.9743245028876,-6.72123427967208,-17.1509021191027));
#1829=CARTESIAN_POINT('Ctrl Pts',(43.7402856144956,-6.38112180340807,-15.3214240037027));
#1830=CARTESIAN_POINT('Ctrl Pts',(44.0495307745675,-6.24991695593491,-14.4889552167898));
#1831=CARTESIAN_POINT('Ctrl Pts',(44.722547220516,-5.97958133752173,-12.422625319606));
#1832=CARTESIAN_POINT('Ctrl Pts',(45.049356390474,-5.86278780064932,-11.1765919077424));
#1833=CARTESIAN_POINT('Ctrl Pts',(45.4023485150593,-5.75948568056901,-9.4211342876524));
#1834=CARTESIAN_POINT('Ctrl Pts',(45.4899967486812,-5.73700486981832,-8.92816288639546));
#1835=CARTESIAN_POINT('Ctrl Pts',(45.5666174420785,-5.72089064459172,-8.43327254135044));
#1836=CARTESIAN_POINT('',(45.8257942433461,-5.69060616999179,-6.31892426118068));
#1837=CARTESIAN_POINT('Ctrl Pts',(45.5666174420785,-5.72089064459172,-8.43327254135044));
#1838=CARTESIAN_POINT('Ctrl Pts',(45.5842377329546,-5.71718489196608,-8.31946370662435));
#1839=CARTESIAN_POINT('Ctrl Pts',(45.6012749054544,-5.71381587835178,-8.20555339849906));
#1840=CARTESIAN_POINT('Ctrl Pts',(45.7027027913243,-5.69512068276609,-7.50276335861941));
#1841=CARTESIAN_POINT('Ctrl Pts',(45.7720929219611,-5.68844125658387,-6.91158516496907));
#1842=CARTESIAN_POINT('Ctrl Pts',(45.8257942448746,-5.69060617042783,-6.31892426302406));
#1843=CARTESIAN_POINT('Ctrl Pts',(49.3271441936174,-9.29767290024533,-7.61741623351444));
#1844=CARTESIAN_POINT('Ctrl Pts',(48.1599893137045,-8.09369932125007,-7.18919477390653));
#1845=CARTESIAN_POINT('Ctrl Pts',(46.9928798925121,-6.89121963320635,-6.75664766409641));
#1846=CARTESIAN_POINT('Ctrl Pts',(45.8257942431764,-5.69060616872217,-6.31892426286396));
#1847=CARTESIAN_POINT('Origin',(45.9089077685363,-16.1061426102579,-4.50057698686652E-16));
#1848=CARTESIAN_POINT('',(53.7047600311181,-8.31029034767628,9.00115397373305E-16));
#1849=CARTESIAN_POINT('Origin',(45.9089077685363,-16.1061426102579,-4.50057698686652E-16));
#1850=CARTESIAN_POINT('Origin',(-26.852380015559,-10.166445648291,-4.50057698686652E-16));
#1851=CARTESIAN_POINT('',(45.6457737921283,-5.71970479446639,-8.38510493003886));
#1852=CARTESIAN_POINT('',(45.7876289861096,-5.69060617040713,-6.74350869551276));
#1853=CARTESIAN_POINT('Ctrl Pts',(45.6457737921283,-5.71970479446639,-8.38510493003886));
#1854=CARTESIAN_POINT('Ctrl Pts',(45.6693833768156,-5.71075214378212,-8.10305374939105));
#1855=CARTESIAN_POINT('Ctrl Pts',(45.6933762497469,-5.70382651607417,-7.82101929409541));
#1856=CARTESIAN_POINT('Ctrl Pts',(45.7407152609905,-5.69435470928727,-7.27365860485217));
#1857=CARTESIAN_POINT('Ctrl Pts',(45.7639925224837,-5.69157422640342,-7.00858952718207));
#1858=CARTESIAN_POINT('Ctrl Pts',(45.7876289861096,-5.69060617040713,-6.74350869551276));
#1859=CARTESIAN_POINT('',(49.2480911280807,-9.29767390047788,-8.37037655903058));
#1860=CARTESIAN_POINT('Ctrl Pts',(49.2480911280807,-9.29767390047788,-8.37037655903057));
#1861=CARTESIAN_POINT('Ctrl Pts',(48.0464870083142,-8.10378428305611,-8.37505281732853));
#1862=CARTESIAN_POINT('Ctrl Pts',(46.8456427024433,-6.91103578063073,-8.3799510291005));
#1863=CARTESIAN_POINT('Ctrl Pts',(45.6457737921283,-5.71970479446639,-8.38510493003887));
#1864=CARTESIAN_POINT('Origin',(-26.852380015559,-9.29767390047788,-4.50057698686652E-16));
#1865=CARTESIAN_POINT('Origin',(-26.852380015559,-5.69060617040713,-4.50057698686652E-16));
#1866=CARTESIAN_POINT('Origin',(-26.852380015559,-11.0549999232772,-4.50057698686652E-16));
#1867=CARTESIAN_POINT('',(49.1137036087139,-11.0549999232772,-9.35255924963278));
#1868=CARTESIAN_POINT('Ctrl Pts',(49.2480911280807,-9.29767390047789,-8.37037655903057));
#1869=CARTESIAN_POINT('Ctrl Pts',(49.201980009853,-9.84944289364824,-8.73279032302611));
#1870=CARTESIAN_POINT('Ctrl Pts',(49.1565119975315,-10.4386618461847,-9.06162964642494));
#1871=CARTESIAN_POINT('Ctrl Pts',(49.1137036087139,-11.0549999232772,-9.35255924963278));
#1872=CARTESIAN_POINT('Origin',(-26.852380015559,-11.0549999232772,-4.50057698686652E-16));
#1873=CARTESIAN_POINT('Origin',(-26.852380015559,-25.5722808289137,-4.50057698686652E-16));
#1874=CARTESIAN_POINT('Ctrl Pts',(49.1137036087139,-11.0549999232772,-9.35255924963278));
#1875=CARTESIAN_POINT('Ctrl Pts',(49.1035463439179,-11.0640454221132,-9.36103483539845));
#1876=CARTESIAN_POINT('Ctrl Pts',(49.093373574502,-11.073107759924,-9.36948360478009));
#1877=CARTESIAN_POINT('Ctrl Pts',(49.0831854553893,-11.0821868327388,-9.37790536483626));
#1878=CARTESIAN_POINT('Origin',(-26.852380015559,-25.5722808289137,-4.50057698686652E-16));
#1879=CARTESIAN_POINT('',(40.0340429890052,-20.1710145514951,-8.49420048979935));
#1880=CARTESIAN_POINT('',(40.019755605244,-20.1874571675226,-8.47617371348969));
#1881=CARTESIAN_POINT('Ctrl Pts',(40.0340429890052,-20.171014551495,-8.49420048979926));
#1882=CARTESIAN_POINT('Ctrl Pts',(40.0292745906969,-20.1765008415775,-8.48820057827843));
#1883=CARTESIAN_POINT('Ctrl Pts',(40.0245100621073,-20.1819841202498,-8.48218903708377));
#1884=CARTESIAN_POINT('Ctrl Pts',(40.0197556235183,-20.1874572184361,-8.47617374537026));
#1885=CARTESIAN_POINT('Ctrl Pts',(40.0197556171506,-20.1874571514081,-8.47617371639381));
#1886=CARTESIAN_POINT('Ctrl Pts',(39.9728069007476,-20.2006344184198,-8.74177623863189));
#1887=CARTESIAN_POINT('Ctrl Pts',(39.920586593393,-20.2175797801686,-9.00613998418464));
#1888=CARTESIAN_POINT('Ctrl Pts',(39.8632171389335,-20.2382599560532,-9.26880650269352));
#1889=CARTESIAN_POINT('Ctrl Pts',(39.8298392859546,-20.2502917921018,-9.42162727674205));
#1890=CARTESIAN_POINT('Ctrl Pts',(39.7947069590549,-20.2635966270147,-9.57386497458393));
#1891=CARTESIAN_POINT('Ctrl Pts',(39.7578497581793,-20.2781602340714,-9.72549792603563));
#1892=CARTESIAN_POINT('Ctrl Pts',(39.7244866931278,-20.2913431822627,-9.86275577261805));
#1893=CARTESIAN_POINT('Ctrl Pts',(39.6897094749153,-20.3055580294972,-9.99951918499369));
#1894=CARTESIAN_POINT('Ctrl Pts',(39.653511985104,-20.3208148783893,-10.1357601500911));
#1895=CARTESIAN_POINT('Ctrl Pts',(39.6533049357043,-20.3209021474629,-10.1365394475004));
#1896=CARTESIAN_POINT('Ctrl Pts',(39.6530978369309,-20.3209894518749,-10.1373187384245));
#1897=CARTESIAN_POINT('Ctrl Pts',(39.6528906888278,-20.32107679161,-10.1380980226618));
#1898=CARTESIAN_POINT('Ctrl Pts',(39.6198977947565,-20.3349875664843,-10.2622161869324));
#1899=CARTESIAN_POINT('Ctrl Pts',(39.5856249422828,-20.3498039180683,-10.3863063278796));
#1900=CARTESIAN_POINT('Ctrl Pts',(39.5502130656906,-20.3654711947756,-10.5098233097517));
#1901=CARTESIAN_POINT('Ctrl Pts',(39.5146771975109,-20.3811933290814,-10.6337727755284));
#1902=CARTESIAN_POINT('Ctrl Pts',(39.4779943586812,-20.397772352573,-10.7571449896996));
#1903=CARTESIAN_POINT('Ctrl Pts',(39.4403454864123,-20.41512414126,-10.8794102333302));
#1904=CARTESIAN_POINT('Ctrl Pts',(39.4290720859753,-20.4203198788845,-10.916020760231));
#1905=CARTESIAN_POINT('Ctrl Pts',(39.4177123277638,-20.4255847085122,-10.9525321817722));
#1906=CARTESIAN_POINT('Ctrl Pts',(39.4062717249591,-20.4309158741879,-10.9889306560789));
#1907=CARTESIAN_POINT('Ctrl Pts',(39.3349216383455,-20.4641640464399,-11.2159321820236));
#1908=CARTESIAN_POINT('Ctrl Pts',(39.2597563533061,-20.5003018391634,-11.4407050621884));
#1909=CARTESIAN_POINT('Ctrl Pts',(39.1807157841156,-20.5393770193306,-11.6635430542264));
#1910=CARTESIAN_POINT('Ctrl Pts',(39.162172743425,-20.5485441174835,-11.7158211943774));
#1911=CARTESIAN_POINT('Ctrl Pts',(39.1434162510379,-20.5578730084998,-11.7679927504906));
#1912=CARTESIAN_POINT('Ctrl Pts',(39.1244452304816,-20.5673645395533,-11.8200613471779));
#1913=CARTESIAN_POINT('Ctrl Pts',(39.0437065163491,-20.6077595204205,-12.0416599444033));
#1914=CARTESIAN_POINT('Ctrl Pts',(38.959084960324,-20.6510980358099,-12.2613952834375));
#1915=CARTESIAN_POINT('Ctrl Pts',(38.8704505560664,-20.6974861206034,-12.4795193675063));
#1916=CARTESIAN_POINT('Ctrl Pts',(38.849804484105,-20.708291538035,-12.5303281428789));
#1917=CARTESIAN_POINT('Ctrl Pts',(38.8289405198868,-20.7192625476474,-12.5810494032812));
#1918=CARTESIAN_POINT('Ctrl Pts',(38.8078567289084,-20.7304007208024,-12.6316861691418));
#1919=CARTESIAN_POINT('Ctrl Pts',(38.696352727054,-20.7893062032842,-12.899484405247));
#1920=CARTESIAN_POINT('Ctrl Pts',(38.5792519080169,-20.8525958071688,-13.1635839353188));
#1921=CARTESIAN_POINT('Ctrl Pts',(38.4566799340911,-20.9202598453649,-13.4238375995409));
#1922=CARTESIAN_POINT('Ctrl Pts',(38.4563984732601,-20.9204152216374,-13.4244352174976));
#1923=CARTESIAN_POINT('Ctrl Pts',(38.4561169835795,-20.9205706209781,-13.4250328151745));
#1924=CARTESIAN_POINT('Ctrl Pts',(38.4558354650505,-20.9207260433872,-13.4256303925699));
#1925=CARTESIAN_POINT('Ctrl Pts',(38.4005142193433,-20.9512681228454,-13.5430604105185));
#1926=CARTESIAN_POINT('Ctrl Pts',(38.3442510022477,-20.982605228353,-13.6593500419103));
#1927=CARTESIAN_POINT('Ctrl Pts',(38.2868298675971,-21.0148624430282,-13.7749713338278));
#1928=CARTESIAN_POINT('Ctrl Pts',(38.2806008026291,-21.0183617170694,-13.7875139724124));
#1929=CARTESIAN_POINT('Ctrl Pts',(38.274358075016,-21.0218718475092,-13.8000487254954));
#1930=CARTESIAN_POINT('Ctrl Pts',(38.2681013825775,-21.0253930149484,-13.8125761807123));
#1931=CARTESIAN_POINT('Ctrl Pts',(38.2107623819414,-21.0576624966319,-13.9273831285885));
#1932=CARTESIAN_POINT('Ctrl Pts',(38.1522535952281,-21.0908564633017,-14.0415788992089));
#1933=CARTESIAN_POINT('Ctrl Pts',(38.0923199376906,-21.1251323650938,-14.1556029329791));
#1934=CARTESIAN_POINT('Ctrl Pts',(38.0851735169906,-21.1292193843772,-14.169199028207));
#1935=CARTESIAN_POINT('Ctrl Pts',(38.078006794191,-21.1333218214408,-14.1827926570361));
#1936=CARTESIAN_POINT('Ctrl Pts',(38.0708193014193,-21.1374399717862,-14.1963845443304));
#1937=CARTESIAN_POINT('Ctrl Pts',(38.0033997434263,-21.176068723822,-14.3238781033195));
#1938=CARTESIAN_POINT('Ctrl Pts',(37.9347784526369,-21.2157209395393,-14.4500384679895));
#1939=CARTESIAN_POINT('Ctrl Pts',(37.8647787234084,-21.2565067987311,-14.5752198833912));
#1940=CARTESIAN_POINT('Ctrl Pts',(37.7949491952359,-21.2971934890207,-14.7000969260571));
#1941=CARTESIAN_POINT('Ctrl Pts',(37.723681475767,-21.3390489728867,-14.8240987556067));
#1942=CARTESIAN_POINT('Ctrl Pts',(37.6512853704673,-21.3819020217074,-14.9466913934985));
#1943=CARTESIAN_POINT('Ctrl Pts',(37.650952753486,-21.3820989059415,-14.9472546336477));
#1944=CARTESIAN_POINT('Ctrl Pts',(37.6506201034915,-21.3822958166865,-14.9478178594769));
#1945=CARTESIAN_POINT('Ctrl Pts',(37.6502874205869,-21.3824927538842,-14.9483810707957));
#1946=CARTESIAN_POINT('Ctrl Pts',(37.5931605204254,-21.4163099758583,-15.0450933344103));
#1947=CARTESIAN_POINT('Ctrl Pts',(37.5350098405508,-21.4509375555439,-15.1414809185428));
#1948=CARTESIAN_POINT('Ctrl Pts',(37.476118830067,-21.4862145296482,-15.2370548031134));
#1949=CARTESIAN_POINT('Ctrl Pts',(37.4167838397721,-21.5217574571497,-15.3333492199837));
#1950=CARTESIAN_POINT('Ctrl Pts',(37.3566973104181,-21.5579596465505,-15.428817662423));
#1951=CARTESIAN_POINT('Ctrl Pts',(37.2961769536643,-21.5946314179167,-15.522997721276));
#1952=CARTESIAN_POINT('Ctrl Pts',(37.2646534848443,-21.6137327831967,-15.5720536473803));
#1953=CARTESIAN_POINT('Ctrl Pts',(37.2330127721606,-21.6329611348898,-15.6207606399375));
#1954=CARTESIAN_POINT('Ctrl Pts',(37.2013026442638,-21.6522869783732,-15.669057268429));
#1955=CARTESIAN_POINT('Ctrl Pts',(37.0476926495078,-21.7459051033393,-15.9030154811938));
#1956=CARTESIAN_POINT('Ctrl Pts',(36.8895018376156,-21.8436079706078,-16.1318464077662));
#1957=CARTESIAN_POINT('Ctrl Pts',(36.7269282860336,-21.9453592054072,-16.3554061747555));
#1958=CARTESIAN_POINT('Ctrl Pts',(36.5648756344961,-22.0467844202469,-16.5782496364698));
#1959=CARTESIAN_POINT('Ctrl Pts',(36.3984677806043,-22.1522323181405,-16.7958551158369));
#1960=CARTESIAN_POINT('Ctrl Pts',(36.2278954776691,-22.261678502199,-17.0080690003014));
#1961=CARTESIAN_POINT('Ctrl Pts',(36.0570490319805,-22.3713005874896,-17.2206239536123));
#1962=CARTESIAN_POINT('Ctrl Pts',(35.8823450070118,-22.4847202537531,-17.4273848145511));
#1963=CARTESIAN_POINT('Ctrl Pts',(35.7039382091589,-22.6019450127329,-17.6282944306934));
#1964=CARTESIAN_POINT('Ctrl Pts',(35.6147348102324,-22.6605573922228,-17.7287492387646));
#1965=CARTESIAN_POINT('Ctrl Pts',(35.5246057975447,-22.7201207814124,-17.8277414193592));
#1966=CARTESIAN_POINT('Ctrl Pts',(35.4335698718441,-22.7806350105065,-17.9252653698769));
#1967=CARTESIAN_POINT('Ctrl Pts',(35.3838536688556,-22.8136828174484,-17.9785247889784));
#1968=CARTESIAN_POINT('Ctrl Pts',(35.3342049758294,-22.8467887585982,-18.0309896267832));
#1969=CARTESIAN_POINT('Ctrl Pts',(35.2840754460023,-22.880319512464,-18.0832468381613));
#1970=CARTESIAN_POINT('Ctrl Pts',(35.2424122024794,-22.9081873175009,-18.1266784229175));
#1971=CARTESIAN_POINT('Ctrl Pts',(35.2004163707946,-22.9363490057474,-18.169965962449));
#1972=CARTESIAN_POINT('Ctrl Pts',(35.1577595716462,-22.9650290743332,-18.2134272068991));
#1973=CARTESIAN_POINT('Ctrl Pts',(34.9419382921596,-23.110135346288,-18.4333185623825));
#1974=CARTESIAN_POINT('Ctrl Pts',(34.7218990694929,-23.2599861954736,-18.6446522787045));
#1975=CARTESIAN_POINT('Ctrl Pts',(34.4978721258469,-23.4145951685137,-18.8474010336329));
#1976=CARTESIAN_POINT('Ctrl Pts',(34.3316789471935,-23.5292910004511,-18.9978091028641));
#1977=CARTESIAN_POINT('Ctrl Pts',(34.1632915868734,-23.6466047140354,-19.143493286453));
#1978=CARTESIAN_POINT('Ctrl Pts',(33.9928107173396,-23.7665297123562,-19.2844547831537));
#1979=CARTESIAN_POINT('Ctrl Pts',(49.0831854553893,-11.0821868327388,-9.37790536483626));
#1980=CARTESIAN_POINT('Ctrl Pts',(48.5236278982678,-11.5808327308664,-9.84044996522579));
#1981=CARTESIAN_POINT('Ctrl Pts',(47.917156299252,-12.1307239287193,-10.2199573002115));
#1982=CARTESIAN_POINT('Ctrl Pts',(46.1983480017382,-13.7267665690638,-10.9749733232192));
#1983=CARTESIAN_POINT('Ctrl Pts',(45.0468642370264,-14.8404069714135,-11.1210087606859));
#1984=CARTESIAN_POINT('Ctrl Pts',(44.0085517949543,-15.8910664640281,-10.9604078825452));
#1985=CARTESIAN_POINT('Ctrl Pts',(43.1097482260384,-16.800558119346,-10.8213855260802));
#1986=CARTESIAN_POINT('Ctrl Pts',(42.1846781621798,-17.7752350961813,-10.4348533713469));
#1987=CARTESIAN_POINT('Ctrl Pts',(40.8808879262499,-19.2070287814815,-9.44225667595804));
#1988=CARTESIAN_POINT('Ctrl Pts',(40.4327024626622,-19.7123361074568,-8.99581998847109));
#1989=CARTESIAN_POINT('Ctrl Pts',(40.0340429890052,-20.171014551495,-8.49420048979925));
#1990=CARTESIAN_POINT('Ctrl Pts',(40.1697654219323,-20.1558319768058,-7.48495859169213));
#1991=CARTESIAN_POINT('Ctrl Pts',(40.1315366507276,-20.160192746465,-7.78797689371655));
#1992=CARTESIAN_POINT('Ctrl Pts',(40.0865680574199,-20.1693470420897,-8.08947358254816));
#1993=CARTESIAN_POINT('Ctrl Pts',(39.9841416752166,-20.1969831120333,-8.68403373015651));
#1994=CARTESIAN_POINT('Ctrl Pts',(39.9268990954853,-20.2153043036108,-8.97723833404505));
#1995=CARTESIAN_POINT('Ctrl Pts',(39.7995353428257,-20.2612156063784,-9.56037470672582));
#1996=CARTESIAN_POINT('Ctrl Pts',(39.7291459386879,-20.288925333001,-9.8512283063073));
#1997=CARTESIAN_POINT('Ctrl Pts',(39.5766354390006,-20.3532282502185,-10.4249677390251));
#1998=CARTESIAN_POINT('Ctrl Pts',(39.4943788004989,-20.3898595080702,-10.7086190550091));
#1999=CARTESIAN_POINT('Ctrl Pts',(39.3181656288748,-20.4719722302161,-11.2692425684574));
#2000=CARTESIAN_POINT('Ctrl Pts',(39.2241988194545,-20.5174563263488,-11.5462752956175));
#2001=CARTESIAN_POINT('Ctrl Pts',(39.024692971733,-20.6172727441692,-12.0938478883274));
#2002=CARTESIAN_POINT('Ctrl Pts',(38.9191537626771,-20.671605075718,-12.364387678743));
#2003=CARTESIAN_POINT('Ctrl Pts',(38.6965606441272,-20.7891963650262,-12.8989850577836));
#2004=CARTESIAN_POINT('Ctrl Pts',(38.5795068054617,-20.8524550948206,-13.1630427186678));
#2005=CARTESIAN_POINT('Ctrl Pts',(38.3952664984059,-20.9541622206371,-13.5542350399774));
#2006=CARTESIAN_POINT('Ctrl Pts',(38.3324091786789,-20.9892017057322,-13.6838164065887));
#2007=CARTESIAN_POINT('Ctrl Pts',(38.2037942003801,-21.061584330853,-13.9413362620065));
#2008=CARTESIAN_POINT('Ctrl Pts',(38.1380365761477,-21.0989274271886,-14.0692747735624));
#2009=CARTESIAN_POINT('Ctrl Pts',(38.0036027220922,-21.1759525273997,-14.3234946824926));
#2010=CARTESIAN_POINT('Ctrl Pts',(37.9349220436083,-21.215637327032,-14.449781883575));
#2011=CARTESIAN_POINT('Ctrl Pts',(37.794635488796,-21.2973762722566,-14.7006579308711));
#2012=CARTESIAN_POINT('Ctrl Pts',(37.7229629186834,-21.3394712789432,-14.8253460014373));
#2013=CARTESIAN_POINT('Ctrl Pts',(37.5049364244248,-21.4685357037672,-15.1944512095305));
#2014=CARTESIAN_POINT('Ctrl Pts',(37.3552428528257,-21.5584680176483,-15.434597497118));
#2015=CARTESIAN_POINT('Ctrl Pts',(37.0473632825533,-21.7461059740021,-15.9035175866943));
#2016=CARTESIAN_POINT('Ctrl Pts',(36.8891979595252,-21.8437984077697,-16.1322650294862));
#2017=CARTESIAN_POINT('Ctrl Pts',(36.56465957187,-22.0469200581109,-16.5785479989558));
#2018=CARTESIAN_POINT('Ctrl Pts',(36.3982858383038,-22.1523495360463,-16.7960828121442));
#2019=CARTESIAN_POINT('Ctrl Pts',(35.8871157524795,-22.4803365104041,-17.4320421456496));
#2020=CARTESIAN_POINT('Ctrl Pts',(35.5302972337887,-22.7145556813144,-17.8338647342102));
#2021=CARTESIAN_POINT('Ctrl Pts',(34.781803570614,-23.2178010615031,-18.5964731928172));
#2022=CARTESIAN_POINT('Ctrl Pts',(34.3898315346333,-23.4871279326903,-18.9568421128342));
#2023=CARTESIAN_POINT('Ctrl Pts',(33.9816803220018,-23.7743610207884,-19.2936487486002));
#2024=CARTESIAN_POINT('Ctrl Pts',(38.4241745269602,-20.1732864084279,-7.26415717520939));
#2025=CARTESIAN_POINT('Ctrl Pts',(38.3913141268087,-20.1793959363969,-7.54074804832734));
#2026=CARTESIAN_POINT('Ctrl Pts',(38.3521806700313,-20.189847803386,-7.81592267299586));
#2027=CARTESIAN_POINT('Ctrl Pts',(38.262241883947,-20.2191639579076,-8.35851648748402));
#2028=CARTESIAN_POINT('Ctrl Pts',(38.2116376387824,-20.237883379296,-8.62606550289298));
#2029=CARTESIAN_POINT('Ctrl Pts',(38.0984424940997,-20.2837205688747,-9.15811573863318));
#2030=CARTESIAN_POINT('Ctrl Pts',(38.0356105476235,-20.3109535427739,-9.42345771967091));
#2031=CARTESIAN_POINT('Ctrl Pts',(37.8989865979031,-20.3734379570728,-9.9468071920757));
#2032=CARTESIAN_POINT('Ctrl Pts',(37.8250753883329,-20.4087293960706,-10.2055132534761));
#2033=CARTESIAN_POINT('Ctrl Pts',(37.666336528344,-20.4873139744602,-10.7167648454329));
#2034=CARTESIAN_POINT('Ctrl Pts',(37.5814998596823,-20.5306099294436,-10.9693656205038));
#2035=CARTESIAN_POINT('Ctrl Pts',(37.4010336168815,-20.6252082535834,-11.4685744243616));
#2036=CARTESIAN_POINT('Ctrl Pts',(37.3054038800591,-20.6765106251869,-11.7151823869967));
#2037=CARTESIAN_POINT('Ctrl Pts',(37.1034089167667,-20.7871992307931,-12.2024128751333));
#2038=CARTESIAN_POINT('Ctrl Pts',(36.9970437515977,-20.8465852491995,-12.4430354694569));
#2039=CARTESIAN_POINT('Ctrl Pts',(36.8294256454069,-20.9418450734142,-12.7994485925599));
#2040=CARTESIAN_POINT('Ctrl Pts',(36.772207303215,-20.9746290347507,-12.9174991580545));
#2041=CARTESIAN_POINT('Ctrl Pts',(36.6550682042532,-21.0422860200712,-13.1520825127009));
#2042=CARTESIAN_POINT('Ctrl Pts',(36.5951474790477,-21.0771590035908,-13.2686153228657));
#2043=CARTESIAN_POINT('Ctrl Pts',(36.4725872060721,-21.1490270645857,-13.5001497876303));
#2044=CARTESIAN_POINT('Ctrl Pts',(36.4099435816435,-21.1860247288618,-13.6151567199589));
#2045=CARTESIAN_POINT('Ctrl Pts',(36.2819317456166,-21.2621706885052,-13.8436014565272));
#2046=CARTESIAN_POINT('Ctrl Pts',(36.2165025181528,-21.3013568875721,-13.9571295470997));
#2047=CARTESIAN_POINT('Ctrl Pts',(36.017387806174,-21.4214212422572,-14.2931641069695));
#2048=CARTESIAN_POINT('Ctrl Pts',(35.8805741502956,-21.504976877583,-14.5117477906047));
#2049=CARTESIAN_POINT('Ctrl Pts',(35.5989939313893,-21.6791205938683,-14.9384703723417));
#2050=CARTESIAN_POINT('Ctrl Pts',(35.4542463157952,-21.7696964525521,-15.1465853050409));
#2051=CARTESIAN_POINT('Ctrl Pts',(35.1570691760516,-21.9578575950788,-15.5525177109076));
#2052=CARTESIAN_POINT('Ctrl Pts',(35.0046390178194,-22.055443097898,-15.7503345308182));
#2053=CARTESIAN_POINT('Ctrl Pts',(34.5360797603519,-22.3588148265902,-16.3284971476033));
#2054=CARTESIAN_POINT('Ctrl Pts',(34.2087066784274,-22.5751823057258,-16.6935945493511));
#2055=CARTESIAN_POINT('Ctrl Pts',(33.5214654730715,-23.0396299463768,-17.3860653305999));
#2056=CARTESIAN_POINT('Ctrl Pts',(33.161319988209,-23.2879835107717,-17.7130557859858));
#2057=CARTESIAN_POINT('Ctrl Pts',(32.7860930403039,-23.5526883836865,-18.0184119973517));
#2058=CARTESIAN_POINT('',(38.4087961549105,-20.1763717561312,-7.39014423925728));
#2059=CARTESIAN_POINT('Ctrl Pts',(40.0197555796467,-20.1874571540694,-8.4761737574244));
#2060=CARTESIAN_POINT('Ctrl Pts',(39.7447790057666,-20.1857582955784,-8.31544637924332));
#2061=CARTESIAN_POINT('Ctrl Pts',(39.4743005172785,-20.1838008995415,-8.1463311037654));
#2062=CARTESIAN_POINT('Ctrl Pts',(38.9363981269711,-20.1798611518832,-7.78534335039035));
#2063=CARTESIAN_POINT('Ctrl Pts',(38.668658268605,-20.1778711246189,-7.59239641287343));
#2064=CARTESIAN_POINT('Ctrl Pts',(38.4087961355555,-20.176371746185,-7.39014426419906));
#2065=CARTESIAN_POINT('Ctrl Pts',(32.7963491851004,-23.5454756314458,-18.0101016743896));
#2066=CARTESIAN_POINT('Ctrl Pts',(33.4312085041568,-23.0978176489249,-17.4924772459523));
#2067=CARTESIAN_POINT('Ctrl Pts',(34.0332567531228,-22.6896113936456,-16.9038165133612));
#2068=CARTESIAN_POINT('Ctrl Pts',(35.1624996000866,-21.9498937139376,-15.5844995937136));
#2069=CARTESIAN_POINT('Ctrl Pts',(35.6847772775995,-21.6220283363614,-14.8544659091752));
#2070=CARTESIAN_POINT('Ctrl Pts',(36.2824918798531,-21.2615768323664,-13.8458572172663));
#2071=CARTESIAN_POINT('Ctrl Pts',(36.4106915257972,-21.1853403114434,-13.617153353208));
#2072=CARTESIAN_POINT('Ctrl Pts',(37.032363519917,-20.8207985348354,-12.4427230400477));
#2073=CARTESIAN_POINT('Ctrl Pts',(37.4461213130711,-20.5954565460893,-11.4402984254592));
#2074=CARTESIAN_POINT('Ctrl Pts',(37.9227099853475,-20.3608904812862,-9.88356005433143));
#2075=CARTESIAN_POINT('Ctrl Pts',(38.0563803693921,-20.3003045714005,-9.36359086192924));
#2076=CARTESIAN_POINT('Ctrl Pts',(38.2668364041979,-20.2160133203206,-8.35908819195148));
#2077=CARTESIAN_POINT('Ctrl Pts',(38.3476109275502,-20.1894459606287,-7.876154748117));
#2078=CARTESIAN_POINT('Ctrl Pts',(38.4087961642612,-20.1763717451979,-7.3901442407286));
#2079=CARTESIAN_POINT('Ctrl Pts',(44.1994233472597,-5.66898929320608,-6.16818437502157));
#2080=CARTESIAN_POINT('Ctrl Pts',(44.1055853293541,-5.66883798902089,-7.25073738714072));
#2081=CARTESIAN_POINT('Ctrl Pts',(43.9572866629388,-5.69951820965165,-8.31781743755754));
#2082=CARTESIAN_POINT('Ctrl Pts',(43.655814649909,-5.79099116689096,-9.89427859413326));
#2083=CARTESIAN_POINT('Ctrl Pts',(43.5423521924051,-5.82898456078092,-10.415004408555));
#2084=CARTESIAN_POINT('Ctrl Pts',(43.2891777466693,-5.9202084627575,-11.4489314485319));
#2085=CARTESIAN_POINT('Ctrl Pts',(43.1494663701931,-5.97343810400203,-11.9621329181562));
#2086=CARTESIAN_POINT('Ctrl Pts',(42.9201058897347,-6.06492035389271,-12.7262399642097));
#2087=CARTESIAN_POINT('Ctrl Pts',(42.8403519446883,-6.09735522682056,-12.9799926546818));
#2088=CARTESIAN_POINT('Ctrl Pts',(42.6742037487377,-6.16615849408823,-13.4855834837189));
#2089=CARTESIAN_POINT('Ctrl Pts',(42.5878095886772,-6.20252680173695,-13.7374216521221));
#2090=CARTESIAN_POINT('Ctrl Pts',(42.4083273077428,-6.27926008604207,-14.2391638457759));
#2091=CARTESIAN_POINT('Ctrl Pts',(42.3152115237561,-6.31963760433776,-14.4891323114234));
#2092=CARTESIAN_POINT('Ctrl Pts',(42.1223276084784,-6.40441459772741,-14.9868530164852));
#2093=CARTESIAN_POINT('Ctrl Pts',(42.0222792035589,-6.44894143004519,-15.2352562064377));
#2094=CARTESIAN_POINT('Ctrl Pts',(41.8166782007949,-6.54154761917395,-15.7269115489451));
#2095=CARTESIAN_POINT('Ctrl Pts',(41.710985102708,-6.58968639370047,-15.970567355175));
#2096=CARTESIAN_POINT('Ctrl Pts',(41.4939545686236,-6.6895965774391,-16.4534363051208));
#2097=CARTESIAN_POINT('Ctrl Pts',(41.3826086504072,-6.74137147073482,-16.6926753823312));
#2098=CARTESIAN_POINT('Ctrl Pts',(41.0401948602357,-6.90214351361077,-17.4038760139827));
#2099=CARTESIAN_POINT('Ctrl Pts',(40.8007561904717,-7.01658354570653,-17.8693253465829));
#2100=CARTESIAN_POINT('Ctrl Pts',(40.3000157891538,-7.26003866491664,-18.7830997048281));
#2101=CARTESIAN_POINT('Ctrl Pts',(40.0387133133729,-7.38905373087482,-19.2314243123248));
#2102=CARTESIAN_POINT('Ctrl Pts',(39.4945147647694,-7.66187636477725,-20.1110340527586));
#2103=CARTESIAN_POINT('Ctrl Pts',(39.211618549681,-7.80568336995362,-20.5423192779733));
#2104=CARTESIAN_POINT('Ctrl Pts',(38.7711442541815,-8.03277426651894,-21.1764149252703));
#2105=CARTESIAN_POINT('Ctrl Pts',(38.6216298638993,-8.11036909317107,-21.3856403525927));
#2106=CARTESIAN_POINT('Ctrl Pts',(38.3172154182367,-8.26941892412293,-21.7997878016324));
#2107=CARTESIAN_POINT('Ctrl Pts',(38.1623154188627,-8.35087383447405,-22.0047098842878));
#2108=CARTESIAN_POINT('Ctrl Pts',(37.8471120226961,-8.51771949991339,-22.4102168843494));
#2109=CARTESIAN_POINT('Ctrl Pts',(37.68685885334,-8.60308333751376,-22.6107404135595));
#2110=CARTESIAN_POINT('Ctrl Pts',(37.3607184787624,-8.77794260668305,-23.0076514114272));
#2111=CARTESIAN_POINT('Ctrl Pts',(37.1954118557917,-8.86712737286461,-23.2033281658941));
#2112=CARTESIAN_POINT('Ctrl Pts',(36.693960527488,-9.13939482847762,-23.7807913556638));
#2113=CARTESIAN_POINT('Ctrl Pts',(36.3516865342468,-9.32750083979865,-24.1538349851296));
#2114=CARTESIAN_POINT('Ctrl Pts',(35.6519802143439,-9.71692399610177,-24.8761178252635));
#2115=CARTESIAN_POINT('Ctrl Pts',(35.2945035270512,-9.9182626591197,-25.2254215622654));
#2116=CARTESIAN_POINT('Ctrl Pts',(34.1977064253511,-10.543799011748,-26.2400946373879));
#2117=CARTESIAN_POINT('Ctrl Pts',(33.4359713037081,-10.988420999334,-26.8700957093571));
#2118=CARTESIAN_POINT('Ctrl Pts',(32.6452581956602,-11.4623276857713,-27.452656577107));
#2119=CARTESIAN_POINT('Ctrl Pts',(45.8267289931341,-5.69064324340622,-6.3091944756418));
#2120=CARTESIAN_POINT('Ctrl Pts',(45.7239559443008,-5.6863027867615,-7.44636620559351));
#2121=CARTESIAN_POINT('Ctrl Pts',(45.5647947668464,-5.71453071934976,-8.56744691917866));
#2122=CARTESIAN_POINT('Ctrl Pts',(45.2442268172486,-5.80487034824502,-10.2239979626446));
#2123=CARTESIAN_POINT('Ctrl Pts',(45.1239430327361,-5.84290896238394,-10.7712309057695));
#2124=CARTESIAN_POINT('Ctrl Pts',(44.8561891039264,-5.9350689788466,-11.8579060111091));
#2125=CARTESIAN_POINT('Ctrl Pts',(44.7087196028459,-5.98918948371827,-12.3973484021421));
#2126=CARTESIAN_POINT('Ctrl Pts',(44.4670125042553,-6.08264899082973,-13.200623540815));
#2127=CARTESIAN_POINT('Ctrl Pts',(44.383024720891,-6.11584983186602,-13.4674000284366));
#2128=CARTESIAN_POINT('Ctrl Pts',(44.208170256815,-6.18640070919811,-13.9989748147513));
#2129=CARTESIAN_POINT('Ctrl Pts',(44.1173036708097,-6.22375065515523,-14.2637731435596));
#2130=CARTESIAN_POINT('Ctrl Pts',(43.9286353875962,-6.30266532046552,-14.7913727035436));
#2131=CARTESIAN_POINT('Ctrl Pts',(43.8308046746191,-6.34424300318862,-15.0542417195111));
#2132=CARTESIAN_POINT('Ctrl Pts',(43.6282519889335,-6.43163974075921,-15.5776877251318));
#2133=CARTESIAN_POINT('Ctrl Pts',(43.5232360441126,-6.47759044232226,-15.8389494581087));
#2134=CARTESIAN_POINT('Ctrl Pts',(43.3075177066705,-6.57324878204567,-16.3560957296243));
#2135=CARTESIAN_POINT('Ctrl Pts',(43.1966675704321,-6.62301747230967,-16.6124047025802));
#2136=CARTESIAN_POINT('Ctrl Pts',(42.9691312050052,-6.7263922979895,-17.1203910723214));
#2137=CARTESIAN_POINT('Ctrl Pts',(42.8524360489081,-6.78000200543845,-17.3720957338996));
#2138=CARTESIAN_POINT('Ctrl Pts',(42.4936883713125,-6.94658319772479,-18.1204185177958));
#2139=CARTESIAN_POINT('Ctrl Pts',(42.2429790732105,-7.06530205826675,-18.6102500162296));
#2140=CARTESIAN_POINT('Ctrl Pts',(41.718943941018,-7.31811827691456,-19.5720763494406));
#2141=CARTESIAN_POINT('Ctrl Pts',(41.445617344497,-7.45221562973312,-20.0440707358167));
#2142=CARTESIAN_POINT('Ctrl Pts',(40.8766192395725,-7.736005358365,-20.9703198349393));
#2143=CARTESIAN_POINT('Ctrl Pts',(40.5809475931845,-7.88569716214561,-21.4245746333134));
#2144=CARTESIAN_POINT('Ctrl Pts',(40.1207431081968,-8.12222217090786,-22.0926034190315));
#2145=CARTESIAN_POINT('Ctrl Pts',(39.9645574324276,-8.20306290737177,-22.3130529731207));
#2146=CARTESIAN_POINT('Ctrl Pts',(39.6466100407116,-8.36880855617481,-22.7494748377448));
#2147=CARTESIAN_POINT('Ctrl Pts',(39.4848483834684,-8.45371337126613,-22.9654472113237));
#2148=CARTESIAN_POINT('Ctrl Pts',(39.1557295904923,-8.62766492671327,-23.3928805279447));
#2149=CARTESIAN_POINT('Ctrl Pts',(38.9884248866217,-8.71668359269479,-23.6042767460046));
#2150=CARTESIAN_POINT('Ctrl Pts',(38.6479783624806,-8.89906584584266,-24.0227713223546));
#2151=CARTESIAN_POINT('Ctrl Pts',(38.4754426046333,-8.99210541097645,-24.2291203453874));
#2152=CARTESIAN_POINT('Ctrl Pts',(37.9521246990984,-9.27619053505509,-24.8381752404695));
#2153=CARTESIAN_POINT('Ctrl Pts',(37.5950074803213,-9.47252573332972,-25.2317574992596));
#2154=CARTESIAN_POINT('Ctrl Pts',(36.8651042458923,-9.87909411029132,-25.9940775953664));
#2155=CARTESIAN_POINT('Ctrl Pts',(36.4922718974518,-10.0893497260488,-26.36288339067));
#2156=CARTESIAN_POINT('Ctrl Pts',(35.3485532445033,-10.7427191160782,-27.4346446024995));
#2157=CARTESIAN_POINT('Ctrl Pts',(34.554482545329,-11.207291989809,-28.1006965944083));
#2158=CARTESIAN_POINT('Ctrl Pts',(33.7304003734251,-11.7025555189088,-28.7172662150545));
#2159=CARTESIAN_POINT('Ctrl Pts',(52.9445119593696,-5.78535693058416,-6.92596815599272));
#2160=CARTESIAN_POINT('Ctrl Pts',(52.8026573703831,-5.76269325476121,-8.30204041481055));
#2161=CARTESIAN_POINT('Ctrl Pts',(52.5959839162768,-5.78019495770632,-9.65931830588317));
#2162=CARTESIAN_POINT('Ctrl Pts',(52.1918909494991,-5.86557744459026,-11.6661799588652));
#2163=CARTESIAN_POINT('Ctrl Pts',(52.0417708983259,-5.90381385065514,-12.3293542370708));
#2164=CARTESIAN_POINT('Ctrl Pts',(51.7102467757959,-6.00006840200761,-13.6467476970674));
#2165=CARTESIAN_POINT('Ctrl Pts',(51.5288434852652,-6.05808551595605,-14.3009670409702));
#2166=CARTESIAN_POINT('Ctrl Pts',(51.2331326729564,-6.16019348305515,-15.2755621668708));
#2167=CARTESIAN_POINT('Ctrl Pts',(51.1306262158953,-6.19674464415499,-15.5993043276225));
#2168=CARTESIAN_POINT('Ctrl Pts',(50.9176908128636,-6.27493951214107,-16.2445321138974));
#2169=CARTESIAN_POINT('Ctrl Pts',(50.807261978495,-6.31658311273411,-16.566017770747));
#2170=CARTESIAN_POINT('Ctrl Pts',(50.5784144144466,-6.40503906895113,-17.2067166259269));
#2171=CARTESIAN_POINT('Ctrl Pts',(50.4599607525226,-6.45186623258138,-17.5260122373259));
#2172=CARTESIAN_POINT('Ctrl Pts',(50.2151171736126,-6.55072164760092,-18.1619798866731));
#2173=CARTESIAN_POINT('Ctrl Pts',(50.0883733677817,-6.60290030780582,-18.4794844765113));
#2174=CARTESIAN_POINT('Ctrl Pts',(49.8284021313107,-6.71190865683333,-19.1081272580694));
#2175=CARTESIAN_POINT('Ctrl Pts',(49.6949952747639,-6.7688065465209,-19.4197807785105));
#2176=CARTESIAN_POINT('Ctrl Pts',(49.4215067382952,-6.88733560549171,-20.0376299409168));
#2177=CARTESIAN_POINT('Ctrl Pts',(49.2814141864076,-6.94897073149627,-20.3438586707321));
#2178=CARTESIAN_POINT('Ctrl Pts',(48.8512226064482,-7.14096095792836,-21.2545525639444));
#2179=CARTESIAN_POINT('Ctrl Pts',(48.5512159396517,-7.27839527755261,-21.8510308776767));
#2180=CARTESIAN_POINT('Ctrl Pts',(47.9252903979702,-7.57215664641963,-23.0230350160055));
#2181=CARTESIAN_POINT('Ctrl Pts',(47.5993706810327,-7.72848375978506,-23.5985602598757));
#2182=CARTESIAN_POINT('Ctrl Pts',(46.9219001081368,-8.06024321079347,-24.7288084255983));
#2183=CARTESIAN_POINT('Ctrl Pts',(46.5703491329202,-8.23567493587968,-25.2835314039911));
#2184=CARTESIAN_POINT('Ctrl Pts',(46.0238454287192,-8.51346445034012,-26.0999826543258));
#2185=CARTESIAN_POINT('Ctrl Pts',(45.8384797631171,-8.60850269274079,-26.3695261807212));
#2186=CARTESIAN_POINT('Ctrl Pts',(45.4613396972121,-8.80353563515521,-26.9033756283143));
#2187=CARTESIAN_POINT('Ctrl Pts',(45.2695653674109,-8.90353022349055,-27.1676816217673));
#2188=CARTESIAN_POINT('Ctrl Pts',(44.8795810728432,-9.10856271507628,-27.6910199473305));
#2189=CARTESIAN_POINT('Ctrl Pts',(44.6814331820266,-9.21356748376802,-27.9499729594618));
#2190=CARTESIAN_POINT('Ctrl Pts',(44.2784120162177,-9.42885502877288,-28.4628734193414));
#2191=CARTESIAN_POINT('Ctrl Pts',(44.0742562531086,-9.53875536151354,-28.7159026045198));
#2192=CARTESIAN_POINT('Ctrl Pts',(43.4552946365467,-9.87453059034818,-29.4631386105175));
#2193=CARTESIAN_POINT('Ctrl Pts',(43.0332536229363,-10.1068599897569,-29.9465561785656));
#2194=CARTESIAN_POINT('Ctrl Pts',(42.171270047982,-10.5884210147589,-30.8839979546725));
#2195=CARTESIAN_POINT('Ctrl Pts',(41.731272527694,-10.8376790972512,-31.3381051306587));
#2196=CARTESIAN_POINT('Ctrl Pts',(40.3823205068946,-11.6127893046952,-32.6595680307097));
#2197=CARTESIAN_POINT('Ctrl Pts',(39.4468150234568,-12.164626717772,-33.4833055960164));
#2198=CARTESIAN_POINT('Ctrl Pts',(38.4767776310841,-12.7533043951614,-34.2486284165803));
#2199=CARTESIAN_POINT('',(47.2436186651193,-5.7104425594692,-7.26287508517747));
#2200=CARTESIAN_POINT('Ctrl Pts',(45.7876289861096,-5.69060617040713,-6.74350869551276));
#2201=CARTESIAN_POINT('Ctrl Pts',(45.8921520991203,-5.69202932894817,-6.78085080651667));
#2202=CARTESIAN_POINT('Ctrl Pts',(45.9966414148915,-5.6934522175181,-6.81816783286218));
#2203=CARTESIAN_POINT('Ctrl Pts',(46.4815549029977,-5.7000564199505,-6.99129003888673));
#2204=CARTESIAN_POINT('Ctrl Pts',(46.8626278175557,-5.7052488673435,-7.12717223113262));
#2205=CARTESIAN_POINT('Ctrl Pts',(47.243618665104,-5.71044255946936,-7.26287508522058));
#2206=CARTESIAN_POINT('',(48.1000556146237,-5.7208202811808,-6.51665742295594));
#2207=CARTESIAN_POINT('Ctrl Pts',(47.2436186651194,-5.7104425594692,-7.26287508517739));
#2208=CARTESIAN_POINT('Ctrl Pts',(47.5389600363895,-5.71182452983976,-7.02548530950629));
#2209=CARTESIAN_POINT('Ctrl Pts',(47.8248824274626,-5.71520058824165,-6.77676250897894));
#2210=CARTESIAN_POINT('Ctrl Pts',(48.100055614545,-5.7208202811395,-6.5166574228718));
#2211=CARTESIAN_POINT('',(44.1986272821278,-5.66898886496939,-6.17745200972827));
#2212=CARTESIAN_POINT('Ctrl Pts',(45.5666174420785,-5.72089064459172,-8.43327254135043));
#2213=CARTESIAN_POINT('Ctrl Pts',(45.5930504557181,-5.72048508741216,-8.41729186861241));
#2214=CARTESIAN_POINT('Ctrl Pts',(45.6194358897672,-5.72008976253819,-8.40123613764509));
#2215=CARTESIAN_POINT('Ctrl Pts',(45.6457737921283,-5.71970479446639,-8.38510493003886));
#2216=CARTESIAN_POINT('Origin',(-26.852380015559,-5.69060617040713,-4.50057698686652E-16));
#2217=CARTESIAN_POINT('Ctrl Pts',(47.2436186651194,-5.71044255946951,-7.26287508517763));
#2218=CARTESIAN_POINT('Ctrl Pts',(47.37470676695,-5.71203425420667,-7.15829900107883));
#2219=CARTESIAN_POINT('Ctrl Pts',(47.5040114942908,-5.71360278064734,-7.05114949857408));
#2220=CARTESIAN_POINT('Ctrl Pts',(47.7911631970288,-5.71708294731355,-6.80364388419292));
#2221=CARTESIAN_POINT('Ctrl Pts',(47.9477398516329,-5.71897836857693,-6.66185685321286));
#2222=CARTESIAN_POINT('Ctrl Pts',(48.1000556145441,-5.72082028113872,-6.51665742287193));
#2223=CARTESIAN_POINT('Ctrl Pts',(34.9145678702888,-16.5217880168314,-6.10844124921869));
#2224=CARTESIAN_POINT('Ctrl Pts',(33.4604813910822,-15.9628776419218,-12.9146096816784));
#2225=CARTESIAN_POINT('Ctrl Pts',(28.7699779346277,-19.3719938211438,-16.80405453008));
#2226=CARTESIAN_POINT('Ctrl Pts',(36.2623094063798,-17.9232980357468,-6.55991424555398));
#2227=CARTESIAN_POINT('Ctrl Pts',(34.7960276164444,-17.3793446870958,-13.335218562569));
#2228=CARTESIAN_POINT('Ctrl Pts',(30.123082427328,-20.7726546266708,-17.2081548445299));
#2229=CARTESIAN_POINT('Ctrl Pts',(37.6089416983853,-19.3255526891456,-7.00897352173916));
#2230=CARTESIAN_POINT('Ctrl Pts',(36.1326122957934,-18.7964982274693,-13.7558889160515));
#2231=CARTESIAN_POINT('Ctrl Pts',(31.4750431201286,-22.1741465949202,-17.6132035114323));
#2232=CARTESIAN_POINT('Ctrl Pts',(38.954726727968,-20.7284195139906,-7.45603101942778));
#2233=CARTESIAN_POINT('Ctrl Pts',(37.4698757264798,-20.2140161946112,-14.1765455006085));
#2234=CARTESIAN_POINT('Ctrl Pts',(32.8260660946998,-23.5763173129928,-18.0190279607489));
#2235=CARTESIAN_POINT('',(34.7646374439953,-16.6030470937986,-7.33431316101517));
#2236=CARTESIAN_POINT('Ctrl Pts',(38.4087961617279,-20.1763717490202,-7.39014428246788));
#2237=CARTESIAN_POINT('Ctrl Pts',(37.8665946165598,-19.6380586757456,-7.38710029962615));
#2238=CARTESIAN_POINT('Ctrl Pts',(37.3224018086325,-19.1009550746698,-7.38154924340044));
#2239=CARTESIAN_POINT('Ctrl Pts',(36.1088423985284,-17.9097288893556,-7.36399540986343));
#2240=CARTESIAN_POINT('Ctrl Pts',(35.4373868123935,-17.2550319891138,-7.35079212144632));
#2241=CARTESIAN_POINT('Ctrl Pts',(34.7646286926742,-16.6030564883848,-7.33429876020862));
#2242=CARTESIAN_POINT('Ctrl Pts',(34.7646374439953,-16.6030470937986,-7.33431316101517));
#2243=CARTESIAN_POINT('Ctrl Pts',(34.7407473616209,-16.6124239081099,-7.46856658766956));
#2244=CARTESIAN_POINT('Ctrl Pts',(34.7153744854427,-16.6228265224921,-7.6022531909077));
#2245=CARTESIAN_POINT('Ctrl Pts',(34.6885330691213,-16.6342473509019,-7.73538689599635));
#2246=CARTESIAN_POINT('Ctrl Pts',(34.6148226051282,-16.6656106199332,-8.10099156669158));
#2247=CARTESIAN_POINT('Ctrl Pts',(34.5300429882282,-16.7046469504292,-8.46242897010797));
#2248=CARTESIAN_POINT('Ctrl Pts',(34.4342279420407,-16.7514236577385,-8.81988238366659));
#2249=CARTESIAN_POINT('Ctrl Pts',(34.3910616694192,-16.7724973427221,-8.98092109431924));
#2250=CARTESIAN_POINT('Ctrl Pts',(34.3456550375291,-16.7951424438237,-9.14115099035123));
#2251=CARTESIAN_POINT('Ctrl Pts',(34.2980084396734,-16.8193670407835,-9.30058783511445));
#2252=CARTESIAN_POINT('Ctrl Pts',(34.221325406417,-16.8583544115066,-9.55718749636029));
#2253=CARTESIAN_POINT('Ctrl Pts',(34.1389292852264,-16.9013932214572,-9.81139823461622));
#2254=CARTESIAN_POINT('Ctrl Pts',(34.0507949681979,-16.9485521304328,-10.0632575806236));
#2255=CARTESIAN_POINT('Ctrl Pts',(33.9625734404136,-16.9957577041383,-10.3153661467379));
#2256=CARTESIAN_POINT('Ctrl Pts',(33.8686029875217,-17.0470907339356,-10.5651189535129));
#2257=CARTESIAN_POINT('Ctrl Pts',(33.7688045343096,-17.1026683422997,-10.81253163415));
#2258=CARTESIAN_POINT('Ctrl Pts',(33.7188802106967,-17.130471122967,-10.9363001930453));
#2259=CARTESIAN_POINT('Ctrl Pts',(33.6674923501949,-17.1593382496319,-11.0594928168559));
#2260=CARTESIAN_POINT('Ctrl Pts',(33.6146379672795,-17.1892835696343,-11.1820804220567));
#2261=CARTESIAN_POINT('Ctrl Pts',(33.5618889468191,-17.2191691952036,-11.3044236552619));
#2262=CARTESIAN_POINT('Ctrl Pts',(33.5076630073342,-17.2501382323148,-11.4261968411961));
#2263=CARTESIAN_POINT('Ctrl Pts',(33.452005008162,-17.2821772351155,-11.5472731730351));
#2264=CARTESIAN_POINT('Ctrl Pts',(33.4518650201212,-17.2822578179122,-11.5475776977886));
#2265=CARTESIAN_POINT('Ctrl Pts',(33.4517250238938,-17.2823384069646,-11.547882216239));
#2266=CARTESIAN_POINT('Ctrl Pts',(33.4515850194731,-17.2824190022765,-11.5481867284008));
#2267=CARTESIAN_POINT('Ctrl Pts',(33.4071870231399,-17.3079772692724,-11.6447531781313));
#2268=CARTESIAN_POINT('Ctrl Pts',(33.3618640154055,-17.3342238715668,-11.7408970021844));
#2269=CARTESIAN_POINT('Ctrl Pts',(33.315627031827,-17.3611576444984,-11.8365921190186));
#2270=CARTESIAN_POINT('Ctrl Pts',(33.3039817596085,-17.3679411994231,-11.860693943992));
#2271=CARTESIAN_POINT('Ctrl Pts',(33.2922783342379,-17.37476847923,-11.884767177416));
#2272=CARTESIAN_POINT('Ctrl Pts',(33.2805166321404,-17.3816397068841,-11.9088110229786));
#2273=CARTESIAN_POINT('Ctrl Pts',(33.2802512232564,-17.3817947596859,-11.909353584775));
#2274=CARTESIAN_POINT('Ctrl Pts',(33.2799857864769,-17.3819498338642,-11.9098961279523));
#2275=CARTESIAN_POINT('Ctrl Pts',(33.2797203218476,-17.3821049293937,-11.9104386524057));
#2276=CARTESIAN_POINT('Ctrl Pts',(33.2506755185595,-17.3990741171854,-11.9697969031439));
#2277=CARTESIAN_POINT('Ctrl Pts',(33.221276671713,-17.4163105206473,-12.0289800998954));
#2278=CARTESIAN_POINT('Ctrl Pts',(33.1915261156285,-17.4338141307886,-12.0879789228294));
#2279=CARTESIAN_POINT('Ctrl Pts',(33.1722982066797,-17.4451267873022,-12.1261101090917));
#2280=CARTESIAN_POINT('Ctrl Pts',(33.1525927828976,-17.4567461047328,-12.1648118442539));
#2281=CARTESIAN_POINT('Ctrl Pts',(33.1330434167983,-17.4682989289176,-12.2028371210551));
#2282=CARTESIAN_POINT('Ctrl Pts',(33.1220683882906,-17.4747846929126,-12.2241845394209));
#2283=CARTESIAN_POINT('Ctrl Pts',(33.1111431389216,-17.4812490293509,-12.2453193543496));
#2284=CARTESIAN_POINT('Ctrl Pts',(33.1003841594376,-17.4876224132426,-12.2660254211494));
#2285=CARTESIAN_POINT('Ctrl Pts',(33.0397273735096,-17.5235541652211,-12.382761721573));
#2286=CARTESIAN_POINT('Ctrl Pts',(32.9775878033874,-17.5606031302838,-12.4989206390084));
#2287=CARTESIAN_POINT('Ctrl Pts',(32.9139684990456,-17.5987833393362,-12.6144388408149));
#2288=CARTESIAN_POINT('Ctrl Pts',(32.8520478408673,-17.635944130363,-12.7268726871363));
#2289=CARTESIAN_POINT('Ctrl Pts',(32.7887254037277,-17.6741765673253,-12.8386995680398));
#2290=CARTESIAN_POINT('Ctrl Pts',(32.7240051649025,-17.713493574987,-12.9498618396303));
#2291=CARTESIAN_POINT('Ctrl Pts',(32.7228619791222,-17.7141880508557,-12.9518253541428));
#2292=CARTESIAN_POINT('Ctrl Pts',(32.7217183574239,-17.7148828651528,-12.953788661187));
#2293=CARTESIAN_POINT('Ctrl Pts',(32.7205742998457,-17.7155780179276,-12.9557517604432));
#2294=CARTESIAN_POINT('Ctrl Pts',(32.6560603627097,-17.7547780051232,-13.0664518374485));
#2295=CARTESIAN_POINT('Ctrl Pts',(32.590160591294,-17.7950539775454,-13.1764914483987));
#2296=CARTESIAN_POINT('Ctrl Pts',(32.5228800450131,-17.8364170656718,-13.2858111878258));
#2297=CARTESIAN_POINT('Ctrl Pts',(32.4886432122589,-17.8574653657922,-13.3414403680627));
#2298=CARTESIAN_POINT('Ctrl Pts',(32.4540488942567,-17.8787951672684,-13.396883174863));
#2299=CARTESIAN_POINT('Ctrl Pts',(32.4190982479237,-17.9004077915954,-13.4521318318269));
#2300=CARTESIAN_POINT('Ctrl Pts',(32.3981242224699,-17.9133776156279,-13.4852867762709));
#2301=CARTESIAN_POINT('Ctrl Pts',(32.3765786092387,-17.9267239695917,-13.5190655947443));
#2302=CARTESIAN_POINT('Ctrl Pts',(32.3552576173896,-17.9399543932015,-13.5522154257751));
#2303=CARTESIAN_POINT('Ctrl Pts',(32.3410497858745,-17.9487708512187,-13.5743057308309));
#2304=CARTESIAN_POINT('Ctrl Pts',(32.3269423796433,-17.9575352635294,-13.5961174272997));
#2305=CARTESIAN_POINT('Ctrl Pts',(32.3131787377272,-17.9660954206947,-13.6172877487231));
#2306=CARTESIAN_POINT('Ctrl Pts',(32.1883088156115,-18.043756999297,-13.8093543836597));
#2307=CARTESIAN_POINT('Ctrl Pts',(32.0586615444442,-18.1251642479518,-13.9995958081605));
#2308=CARTESIAN_POINT('Ctrl Pts',(31.92423263572,-18.2104386691354,-14.187586766837));
#2309=CARTESIAN_POINT('Ctrl Pts',(31.9104502790098,-18.2191814500012,-14.2068605858046));
#2310=CARTESIAN_POINT('Ctrl Pts',(31.8966176909045,-18.2279648618179,-14.2261107770994));
#2311=CARTESIAN_POINT('Ctrl Pts',(31.8827348877102,-18.2367890226319,-14.2453369016956));
#2312=CARTESIAN_POINT('Ctrl Pts',(31.8813937493993,-18.2376414744001,-14.2471942277634));
#2313=CARTESIAN_POINT('Ctrl Pts',(31.8800521426218,-18.2384943065764,-14.2490513289995));
#2314=CARTESIAN_POINT('Ctrl Pts',(31.8787100674071,-18.2393475192434,-14.2509082049941));
#2315=CARTESIAN_POINT('Ctrl Pts',(31.805354277821,-18.2859828256588,-14.3524022220602));
#2316=CARTESIAN_POINT('Ctrl Pts',(31.7305987528207,-18.3337549607608,-14.453223094282));
#2317=CARTESIAN_POINT('Ctrl Pts',(31.654445639888,-18.3826809920744,-14.5533006465145));
#2318=CARTESIAN_POINT('Ctrl Pts',(31.615672456707,-18.4075915689554,-14.6042549032162));
#2319=CARTESIAN_POINT('Ctrl Pts',(31.5765370290944,-18.4328012749049,-14.6550165035852));
#2320=CARTESIAN_POINT('Ctrl Pts',(31.5370401772194,-18.4583122009756,-14.7055761842505));
#2321=CARTESIAN_POINT('Ctrl Pts',(31.5139986239255,-18.4731946874202,-14.7350715369499));
#2322=CARTESIAN_POINT('Ctrl Pts',(31.4903087348192,-18.4885196155402,-14.7651646300337));
#2323=CARTESIAN_POINT('Ctrl Pts',(31.4668878154631,-18.5036945255526,-14.7946848448439));
#2324=CARTESIAN_POINT('Ctrl Pts',(31.4501615897554,-18.5145318016691,-14.8157669282733));
#2325=CARTESIAN_POINT('Ctrl Pts',(31.4335732239373,-18.525291967397,-14.8365575440372));
#2326=CARTESIAN_POINT('Ctrl Pts',(31.4174664094316,-18.5357507102291,-14.8566403855948));
#2327=CARTESIAN_POINT('Ctrl Pts',(31.2628247993579,-18.6361651547073,-15.0494558521309));
#2328=CARTESIAN_POINT('Ctrl Pts',(31.1020630641759,-18.741572266128,-15.2401263160394));
#2329=CARTESIAN_POINT('Ctrl Pts',(30.9351573089937,-18.8522023174697,-15.427947439628));
#2330=CARTESIAN_POINT('Ctrl Pts',(30.9332821425161,-18.8534452330508,-15.4300575878032));
#2331=CARTESIAN_POINT('Ctrl Pts',(30.9314062385552,-18.8546887807339,-15.4321673346641));
#2332=CARTESIAN_POINT('Ctrl Pts',(30.9295295949939,-18.8559329622257,-15.4342766817606));
#2333=CARTESIAN_POINT('Ctrl Pts',(30.8478876244574,-18.9100601448095,-15.5260422450542));
#2334=CARTESIAN_POINT('Ctrl Pts',(30.7647684046392,-18.9654395240276,-15.617128436331));
#2335=CARTESIAN_POINT('Ctrl Pts',(30.6801865535735,-19.0220887835928,-15.7074413681198));
#2336=CARTESIAN_POINT('Ctrl Pts',(30.6786408050137,-19.0231240590128,-15.7090918532119));
#2337=CARTESIAN_POINT('Ctrl Pts',(30.6770945184046,-19.0241597920987,-15.7107421319427));
#2338=CARTESIAN_POINT('Ctrl Pts',(30.6755476944761,-19.0251959825035,-15.7123922028022));
#2339=CARTESIAN_POINT('Ctrl Pts',(30.6338013848087,-19.0531611081511,-15.7569249823928));
#2340=CARTESIAN_POINT('Ctrl Pts',(30.5917039447753,-19.0814322302437,-15.8012646951987));
#2341=CARTESIAN_POINT('Ctrl Pts',(30.549247199788,-19.1100173271775,-15.8454087871509));
#2342=CARTESIAN_POINT('Ctrl Pts',(30.5272322534679,-19.1248394567294,-15.8682986675449));
#2343=CARTESIAN_POINT('Ctrl Pts',(30.5051214190211,-19.1397454508618,-15.891135200407));
#2344=CARTESIAN_POINT('Ctrl Pts',(30.4829147716396,-19.1547359291784,-15.913916735164));
#2345=CARTESIAN_POINT('Ctrl Pts',(30.4668560799349,-19.1655762629603,-15.9303911555001));
#2346=CARTESIAN_POINT('Ctrl Pts',(30.4499991711841,-19.1769664923809,-15.9475988488249));
#2347=CARTESIAN_POINT('Ctrl Pts',(30.4339664392407,-19.1878101574022,-15.9638849689364));
#2348=CARTESIAN_POINT('Ctrl Pts',(30.4278284220733,-19.1919615772782,-15.9701199939581));
#2349=CARTESIAN_POINT('Ctrl Pts',(30.4218114392207,-19.1960326388982,-15.976220394637));
#2350=CARTESIAN_POINT('Ctrl Pts',(30.4160073614681,-19.1999609337361,-15.9820949034092));
#2351=CARTESIAN_POINT('Ctrl Pts',(30.2607731512632,-19.3050259884445,-16.1392128416012));
#2352=CARTESIAN_POINT('Ctrl Pts',(30.0997850671893,-19.414948660948,-16.2948055183757));
#2353=CARTESIAN_POINT('Ctrl Pts',(29.9330818418323,-19.5299113686297,-16.4480484863008));
#2354=CARTESIAN_POINT('Ctrl Pts',(29.9161966817852,-19.5415557967114,-16.4635702738004));
#2355=CARTESIAN_POINT('Ctrl Pts',(29.899252928926,-19.5532519176885,-16.4790679611415));
#2356=CARTESIAN_POINT('Ctrl Pts',(29.8822506514849,-19.5649999108599,-16.4945406963218));
#2357=CARTESIAN_POINT('Ctrl Pts',(29.7043987579119,-19.6878894965904,-16.656392851723));
#2358=CARTESIAN_POINT('Ctrl Pts',(29.5200998812684,-19.8164818635117,-16.8155570470511));
#2359=CARTESIAN_POINT('Ctrl Pts',(29.3293043414265,-19.9510923765004,-16.971168553158));
#2360=CARTESIAN_POINT('Ctrl Pts',(29.3293042500509,-19.951092440968,-16.9711686276833));
#2361=CARTESIAN_POINT('Ctrl Pts',(28.4972393288718,-20.5393397445324,-17.6505639690476));
#2362=CARTESIAN_POINT('Ctrl Pts',(27.6555805870447,-21.1172560149662,-18.3268380814275));
#2363=CARTESIAN_POINT('Ctrl Pts',(26.8034231615581,-21.6838668573858,-18.9996965790136));
#2364=CARTESIAN_POINT('Ctrl Pts',(28.8744277542896,-18.5362055535967,-17.6391449143985));
#2365=CARTESIAN_POINT('Ctrl Pts',(28.0461490670331,-19.1244528571611,-18.3065789694017));
#2366=CARTESIAN_POINT('Ctrl Pts',(27.2086603637498,-19.7023691275948,-18.9706223117834));
#2367=CARTESIAN_POINT('Ctrl Pts',(26.3611123096873,-20.2689799700145,-19.6309858348238));
#2368=CARTESIAN_POINT('',(28.8744277542896,-18.5362055535967,-17.6391449143985));
#2369=CARTESIAN_POINT('',(29.3293042500509,-19.951092440968,-16.9711686276833));
#2370=CARTESIAN_POINT('Ctrl Pts',(26.3611123096873,-20.2689799700145,-19.6309858348238));
#2371=CARTESIAN_POINT('Ctrl Pts',(27.1976723467124,-19.7097181614761,-18.9791857112592));
#2372=CARTESIAN_POINT('Ctrl Pts',(28.035348656873,-19.1321266893368,-18.3152841579543));
#2373=CARTESIAN_POINT('Ctrl Pts',(28.8744277542896,-18.5362055535967,-17.6391449143985));
#2374=CARTESIAN_POINT('Origin',(-26.852380015559,-4.86314478939183,-4.50057698686652E-16));
#2375=CARTESIAN_POINT('',(35.0587535471295,-14.8924379017405,-4.78278636286114));
#2376=CARTESIAN_POINT('',(44.2506092005076,-5.66898886496938,-5.54720433086341));
#2377=CARTESIAN_POINT('Ctrl Pts',(35.0587529579687,-14.8924373414959,-4.7827863337303));
#2378=CARTESIAN_POINT('Ctrl Pts',(35.1957959370017,-14.7327793600197,-5.08168572369341));
#2379=CARTESIAN_POINT('Ctrl Pts',(35.344401018797,-14.5610036306934,-5.36230292511522));
#2380=CARTESIAN_POINT('Ctrl Pts',(35.9386444748118,-13.880766872621,-6.34678666253533));
#2381=CARTESIAN_POINT('Ctrl Pts',(36.5041029589004,-13.2473517954188,-6.99864920253349));
#2382=CARTESIAN_POINT('Ctrl Pts',(37.7846825356085,-11.8677152240296,-7.92821084410083));
#2383=CARTESIAN_POINT('Ctrl Pts',(38.5004341404256,-11.1220602917985,-8.20588202791039));
#2384=CARTESIAN_POINT('Ctrl Pts',(39.9683947526242,-9.64257298948503,-8.39020326580797));
#2385=CARTESIAN_POINT('Ctrl Pts',(40.8236108467108,-8.8113669386993,-8.26046765519536));
#2386=CARTESIAN_POINT('Ctrl Pts',(42.4399959387994,-7.29151948600749,-7.50918838726986));
#2387=CARTESIAN_POINT('Ctrl Pts',(43.200367923826,-6.60201536651537,-6.88767569627358));
#2388=CARTESIAN_POINT('Ctrl Pts',(43.9623200689357,-5.92364034646262,-5.95530752180991));
#2389=CARTESIAN_POINT('Ctrl Pts',(44.1095571366309,-5.79328255245934,-5.75716882686985));
#2390=CARTESIAN_POINT('Ctrl Pts',(44.2506092005076,-5.66898886496938,-5.54720433086341));
#2391=CARTESIAN_POINT('',(44.1986272821278,-5.66898886496939,-6.17745200972827));
#2392=CARTESIAN_POINT('Origin',(-26.852380015559,-5.66898886496938,-4.50057698686652E-16));
#2393=CARTESIAN_POINT('Ctrl Pts',(44.1986272821278,-5.66898886496939,-6.17745200972827));
#2394=CARTESIAN_POINT('Ctrl Pts',(44.058846402077,-5.66902563301078,-7.78474091318487));
#2395=CARTESIAN_POINT('Ctrl Pts',(43.797555367134,-5.73703276566641,-9.37282874189114));
#2396=CARTESIAN_POINT('Ctrl Pts',(43.0335083136352,-6.01233438807909,-12.4930830101991));
#2397=CARTESIAN_POINT('Ctrl Pts',(42.532865117729,-6.21896606478833,-14.0142950720515));
#2398=CARTESIAN_POINT('Ctrl Pts',(41.5107606739781,-6.67934344611476,-16.4584866900829));
#2399=CARTESIAN_POINT('Ctrl Pts',(41.0536076939178,-6.89365360816075,-17.4079281562724));
#2400=CARTESIAN_POINT('Ctrl Pts',(40.0492359464405,-7.3819692717263,-19.2407519959658));
#2401=CARTESIAN_POINT('Ctrl Pts',(39.5039489970846,-7.65497365919017,-20.1215028070133));
#2402=CARTESIAN_POINT('Ctrl Pts',(37.140210701192,-8.87362234207239,-23.524280666351));
#2403=CARTESIAN_POINT('Ctrl Pts',(35.0127715533171,-10.0435959910284,-25.7072370613468));
#2404=CARTESIAN_POINT('Ctrl Pts',(32.6520320841578,-11.4582727999174,-27.4476750814875));
#2405=CARTESIAN_POINT('',(34.9159767980853,-14.9152840086785,-6.13976340902951));
#2406=CARTESIAN_POINT('Ctrl Pts',(28.8744277542896,-18.5362055535967,-17.6391449143985));
#2407=CARTESIAN_POINT('Ctrl Pts',(29.6747341730703,-17.9678228145575,-16.9942434606593));
#2408=CARTESIAN_POINT('Ctrl Pts',(30.4258715921874,-17.4589691549055,-16.2448169108025));
#2409=CARTESIAN_POINT('Ctrl Pts',(31.7884881882542,-16.5730283812914,-14.5665282950808));
#2410=CARTESIAN_POINT('Ctrl Pts',(32.395330656648,-16.1984800283915,-13.6469328429551));
#2411=CARTESIAN_POINT('Ctrl Pts',(33.4402571683053,-15.5863661165645,-11.6671174187549));
#2412=CARTESIAN_POINT('Ctrl Pts',(33.8743326557787,-15.3510616926104,-10.6152055790975));
#2413=CARTESIAN_POINT('Ctrl Pts',(34.5474865813116,-15.024073442646,-8.41872462830085));
#2414=CARTESIAN_POINT('Ctrl Pts',(34.7830568197867,-14.9338121286245,-7.28967046144806));
#2415=CARTESIAN_POINT('Ctrl Pts',(34.9159767980853,-14.9152840086786,-6.1397634090295));
#2416=CARTESIAN_POINT('Ctrl Pts',(34.9159767980854,-14.9152840086785,-6.13976340902951));
#2417=CARTESIAN_POINT('Ctrl Pts',(34.9687441232544,-14.9079401756891,-5.68314367718639));
#2418=CARTESIAN_POINT('Ctrl Pts',(35.016230856858,-14.9003269994854,-5.23079491097884));
#2419=CARTESIAN_POINT('Ctrl Pts',(35.0587535471293,-14.8924379017407,-4.78278636286113));
#2420=CARTESIAN_POINT('Origin',(39.9692108065694,-10.1664456482909,-4.50057698686652E-16));
#2421=CARTESIAN_POINT('',(41.8076884376544,-8.32796801720589,-7.68465866464965E-16));
#2422=CARTESIAN_POINT('Ctrl Pts',(35.3633877840412,-16.4437289138905,0.000379703500997001));
#2423=CARTESIAN_POINT('Ctrl Pts',(35.3510235933502,-16.4557790224648,-0.510758893840687));
#2424=CARTESIAN_POINT('Ctrl Pts',(35.3329316947898,-16.4672577353523,-1.02205808787635));
#2425=CARTESIAN_POINT('Ctrl Pts',(35.2852745243814,-16.4891199545321,-2.04340637286014));
#2426=CARTESIAN_POINT('Ctrl Pts',(35.2557069495686,-16.4995086989105,-2.55366668982119));
#2427=CARTESIAN_POINT('Ctrl Pts',(35.149696920774,-16.5291661652854,-4.08284903931073));
#2428=CARTESIAN_POINT('Ctrl Pts',(35.0559472626713,-16.5469347843168,-5.10052593374189));
#2429=CARTESIAN_POINT('Ctrl Pts',(34.9387650789399,-16.5630304737771,-6.11623822781487));
#2430=CARTESIAN_POINT('Ctrl Pts',(34.6936138138767,-16.596703499041,-8.24116153870864));
#2431=CARTESIAN_POINT('Ctrl Pts',(34.4484625488134,-16.6303765243049,-10.3660848496024));
#2432=CARTESIAN_POINT('Ctrl Pts',(34.2033112837502,-16.6640495495687,-12.4910081604962));
#2433=CARTESIAN_POINT('Ctrl Pts',(35.3631670186234,-16.4274004532301,3.33211459083423E-14));
#2434=CARTESIAN_POINT('Ctrl Pts',(35.3508015804738,-16.4394518506915,-0.511124734299712));
#2435=CARTESIAN_POINT('Ctrl Pts',(35.3327086909117,-16.4509318387563,-1.0224104451108));
#2436=CARTESIAN_POINT('Ctrl Pts',(35.2850499832832,-16.4727965557686,-2.04373258971716));
#2437=CARTESIAN_POINT('Ctrl Pts',(35.2554818615803,-16.483186523304,-2.55398024362081));
#2438=CARTESIAN_POINT('Ctrl Pts',(35.1494707537638,-16.5128475549574,-4.08312586376875));
#2439=CARTESIAN_POINT('Ctrl Pts',(35.0557211229664,-16.5306184112878,-5.10077994311576));
#2440=CARTESIAN_POINT('Ctrl Pts',(34.9385394523968,-16.5467161523405,-6.11647115040116));
#2441=CARTESIAN_POINT('Ctrl Pts',(34.6933892608949,-16.5803934696429,-8.24135034663101));
#2442=CARTESIAN_POINT('Ctrl Pts',(34.448239069393,-16.6140707869454,-10.3662295428609));
#2443=CARTESIAN_POINT('Ctrl Pts',(34.2030888778911,-16.6477481042479,-12.4911087390907));
#2444=CARTESIAN_POINT('Ctrl Pts',(35.3410904768471,-14.7945543871874,-0.0379703500963347));
#2445=CARTESIAN_POINT('Ctrl Pts',(35.328600292834,-14.8067346733679,-0.547708780202194));
#2446=CARTESIAN_POINT('Ctrl Pts',(35.3104083031063,-14.8183421791539,-1.05764616855573));
#2447=CARTESIAN_POINT('Ctrl Pts',(35.2625958734683,-14.8404566794168,-2.0763542754183));
#2448=CARTESIAN_POINT('Ctrl Pts',(35.2329730627586,-14.8509689626554,-2.58533562358297));
#2449=CARTESIAN_POINT('Ctrl Pts',(35.1268540527346,-14.8809865221568,-4.11080830957004));
#2450=CARTESIAN_POINT('Ctrl Pts',(35.0331071524756,-14.8989811083931,-5.1261808805026));
#2451=CARTESIAN_POINT('Ctrl Pts',(34.9159767980854,-14.9152840086785,-6.13976340902953));
#2452=CARTESIAN_POINT('Ctrl Pts',(34.6709339627181,-14.9493905298399,-8.26023113886754));
#2453=CARTESIAN_POINT('Ctrl Pts',(34.4258911273509,-14.9834970510012,-10.3806988687056));
#2454=CARTESIAN_POINT('Ctrl Pts',(34.1808482919836,-15.0176035721625,-12.5011665985436));
#2455=CARTESIAN_POINT('',(34.9385394523968,-16.5467161523405,-6.11647115040115));
#2456=CARTESIAN_POINT('Ctrl Pts',(35.0754696905939,-15.0601867642663,-4.62690185541282));
#2457=CARTESIAN_POINT('Ctrl Pts',(35.0699030415245,-15.0048602715997,-4.67953141189493));
#2458=CARTESIAN_POINT('Ctrl Pts',(35.0643291968122,-14.9489289327961,-4.73149372037103));
#2459=CARTESIAN_POINT('Ctrl Pts',(35.0587535471293,-14.8924379017402,-4.78278636286079));
#2460=CARTESIAN_POINT('Origin',(39.9692108065694,-10.1664456482909,-4.50057698686652E-16));
#2461=CARTESIAN_POINT('Ctrl Pts',(44.2506092005076,-5.66898886496939,-5.54720433086341));
#2462=CARTESIAN_POINT('Ctrl Pts',(44.3223581342009,-5.66987788613969,-5.49113384266709));
#2463=CARTESIAN_POINT('Ctrl Pts',(44.3935462741979,-5.67075943580446,-5.43397104353958));
#2464=CARTESIAN_POINT('Ctrl Pts',(44.464024752753,-5.67163170210732,-5.3757715891197));
#2465=CARTESIAN_POINT('Origin',(-26.852380015559,-5.69060617040713,-4.50057698686652E-16));
#2466=CARTESIAN_POINT('',(44.1986272821278,-5.66898886496939,-6.17745200972827));
#2467=CARTESIAN_POINT('Ctrl Pts',(44.1994233472597,-5.66898929320608,-6.16818437502157));
#2468=CARTESIAN_POINT('Ctrl Pts',(44.1055853293541,-5.66883798902089,-7.25073738714072));
#2469=CARTESIAN_POINT('Ctrl Pts',(43.9572866629388,-5.69951820965165,-8.31781743755754));
#2470=CARTESIAN_POINT('Ctrl Pts',(43.655814649909,-5.79099116689096,-9.89427859413326));
#2471=CARTESIAN_POINT('Ctrl Pts',(43.5423521924051,-5.82898456078092,-10.415004408555));
#2472=CARTESIAN_POINT('Ctrl Pts',(43.2891777466693,-5.9202084627575,-11.4489314485319));
#2473=CARTESIAN_POINT('Ctrl Pts',(43.1494663701931,-5.97343810400203,-11.9621329181562));
#2474=CARTESIAN_POINT('Ctrl Pts',(42.9201058897347,-6.06492035389271,-12.7262399642097));
#2475=CARTESIAN_POINT('Ctrl Pts',(42.8403519446883,-6.09735522682056,-12.9799926546818));
#2476=CARTESIAN_POINT('Ctrl Pts',(42.6742037487377,-6.16615849408823,-13.4855834837189));
#2477=CARTESIAN_POINT('Ctrl Pts',(42.5878095886772,-6.20252680173695,-13.7374216521221));
#2478=CARTESIAN_POINT('Ctrl Pts',(42.4083273077428,-6.27926008604207,-14.2391638457759));
#2479=CARTESIAN_POINT('Ctrl Pts',(42.3152115237561,-6.31963760433776,-14.4891323114234));
#2480=CARTESIAN_POINT('Ctrl Pts',(42.1223276084784,-6.40441459772741,-14.9868530164852));
#2481=CARTESIAN_POINT('Ctrl Pts',(42.0222792035589,-6.44894143004519,-15.2352562064377));
#2482=CARTESIAN_POINT('Ctrl Pts',(41.8166782007949,-6.54154761917395,-15.7269115489451));
#2483=CARTESIAN_POINT('Ctrl Pts',(41.710985102708,-6.58968639370047,-15.970567355175));
#2484=CARTESIAN_POINT('Ctrl Pts',(41.4939545686236,-6.6895965774391,-16.4534363051208));
#2485=CARTESIAN_POINT('Ctrl Pts',(41.3826086504072,-6.74137147073482,-16.6926753823312));
#2486=CARTESIAN_POINT('Ctrl Pts',(41.0401948602357,-6.90214351361077,-17.4038760139827));
#2487=CARTESIAN_POINT('Ctrl Pts',(40.8007561904717,-7.01658354570653,-17.8693253465829));
#2488=CARTESIAN_POINT('Ctrl Pts',(40.3000157891538,-7.26003866491664,-18.7830997048281));
#2489=CARTESIAN_POINT('Ctrl Pts',(40.0387133133729,-7.38905373087482,-19.2314243123248));
#2490=CARTESIAN_POINT('Ctrl Pts',(39.4945147647694,-7.66187636477725,-20.1110340527586));
#2491=CARTESIAN_POINT('Ctrl Pts',(39.211618549681,-7.80568336995362,-20.5423192779733));
#2492=CARTESIAN_POINT('Ctrl Pts',(38.7711442541815,-8.03277426651894,-21.1764149252703));
#2493=CARTESIAN_POINT('Ctrl Pts',(38.6216298638993,-8.11036909317107,-21.3856403525927));
#2494=CARTESIAN_POINT('Ctrl Pts',(38.3172154182367,-8.26941892412293,-21.7997878016324));
#2495=CARTESIAN_POINT('Ctrl Pts',(38.1623154188627,-8.35087383447405,-22.0047098842878));
#2496=CARTESIAN_POINT('Ctrl Pts',(37.8471120226961,-8.51771949991339,-22.4102168843494));
#2497=CARTESIAN_POINT('Ctrl Pts',(37.68685885334,-8.60308333751376,-22.6107404135595));
#2498=CARTESIAN_POINT('Ctrl Pts',(37.3607184787624,-8.77794260668305,-23.0076514114272));
#2499=CARTESIAN_POINT('Ctrl Pts',(37.1954118557917,-8.86712737286461,-23.2033281658941));
#2500=CARTESIAN_POINT('Ctrl Pts',(36.693960527488,-9.13939482847762,-23.7807913556638));
#2501=CARTESIAN_POINT('Ctrl Pts',(36.3516865342468,-9.32750083979865,-24.1538349851296));
#2502=CARTESIAN_POINT('Ctrl Pts',(35.6519802143439,-9.71692399610177,-24.8761178252635));
#2503=CARTESIAN_POINT('Ctrl Pts',(35.2945035270512,-9.9182626591197,-25.2254215622654));
#2504=CARTESIAN_POINT('Ctrl Pts',(34.1977064253511,-10.543799011748,-26.2400946373879));
#2505=CARTESIAN_POINT('Ctrl Pts',(33.4359713037081,-10.988420999334,-26.8700957093571));
#2506=CARTESIAN_POINT('Ctrl Pts',(32.6452581956602,-11.4623276857713,-27.452656577107));
#2507=CARTESIAN_POINT('Ctrl Pts',(45.8267289931341,-5.69064324340622,-6.3091944756418));
#2508=CARTESIAN_POINT('Ctrl Pts',(45.7239559443008,-5.6863027867615,-7.44636620559351));
#2509=CARTESIAN_POINT('Ctrl Pts',(45.5647947668464,-5.71453071934976,-8.56744691917866));
#2510=CARTESIAN_POINT('Ctrl Pts',(45.2442268172486,-5.80487034824502,-10.2239979626446));
#2511=CARTESIAN_POINT('Ctrl Pts',(45.1239430327361,-5.84290896238394,-10.7712309057695));
#2512=CARTESIAN_POINT('Ctrl Pts',(44.8561891039264,-5.9350689788466,-11.8579060111091));
#2513=CARTESIAN_POINT('Ctrl Pts',(44.7087196028459,-5.98918948371827,-12.3973484021421));
#2514=CARTESIAN_POINT('Ctrl Pts',(44.4670125042553,-6.08264899082973,-13.200623540815));
#2515=CARTESIAN_POINT('Ctrl Pts',(44.383024720891,-6.11584983186602,-13.4674000284366));
#2516=CARTESIAN_POINT('Ctrl Pts',(44.208170256815,-6.18640070919811,-13.9989748147513));
#2517=CARTESIAN_POINT('Ctrl Pts',(44.1173036708097,-6.22375065515523,-14.2637731435596));
#2518=CARTESIAN_POINT('Ctrl Pts',(43.9286353875962,-6.30266532046552,-14.7913727035436));
#2519=CARTESIAN_POINT('Ctrl Pts',(43.8308046746191,-6.34424300318862,-15.0542417195111));
#2520=CARTESIAN_POINT('Ctrl Pts',(43.6282519889335,-6.43163974075921,-15.5776877251318));
#2521=CARTESIAN_POINT('Ctrl Pts',(43.5232360441126,-6.47759044232226,-15.8389494581087));
#2522=CARTESIAN_POINT('Ctrl Pts',(43.3075177066705,-6.57324878204567,-16.3560957296243));
#2523=CARTESIAN_POINT('Ctrl Pts',(43.1966675704321,-6.62301747230967,-16.6124047025802));
#2524=CARTESIAN_POINT('Ctrl Pts',(42.9691312050052,-6.7263922979895,-17.1203910723214));
#2525=CARTESIAN_POINT('Ctrl Pts',(42.8524360489081,-6.78000200543845,-17.3720957338996));
#2526=CARTESIAN_POINT('Ctrl Pts',(42.4936883713125,-6.94658319772479,-18.1204185177958));
#2527=CARTESIAN_POINT('Ctrl Pts',(42.2429790732105,-7.06530205826675,-18.6102500162296));
#2528=CARTESIAN_POINT('Ctrl Pts',(41.718943941018,-7.31811827691456,-19.5720763494406));
#2529=CARTESIAN_POINT('Ctrl Pts',(41.445617344497,-7.45221562973312,-20.0440707358167));
#2530=CARTESIAN_POINT('Ctrl Pts',(40.8766192395725,-7.736005358365,-20.9703198349393));
#2531=CARTESIAN_POINT('Ctrl Pts',(40.5809475931845,-7.88569716214561,-21.4245746333134));
#2532=CARTESIAN_POINT('Ctrl Pts',(40.1207431081968,-8.12222217090786,-22.0926034190315));
#2533=CARTESIAN_POINT('Ctrl Pts',(39.9645574324276,-8.20306290737177,-22.3130529731207));
#2534=CARTESIAN_POINT('Ctrl Pts',(39.6466100407116,-8.36880855617481,-22.7494748377448));
#2535=CARTESIAN_POINT('Ctrl Pts',(39.4848483834684,-8.45371337126613,-22.9654472113237));
#2536=CARTESIAN_POINT('Ctrl Pts',(39.1557295904923,-8.62766492671327,-23.3928805279447));
#2537=CARTESIAN_POINT('Ctrl Pts',(38.9884248866217,-8.71668359269479,-23.6042767460046));
#2538=CARTESIAN_POINT('Ctrl Pts',(38.6479783624806,-8.89906584584266,-24.0227713223546));
#2539=CARTESIAN_POINT('Ctrl Pts',(38.4754426046333,-8.99210541097645,-24.2291203453874));
#2540=CARTESIAN_POINT('Ctrl Pts',(37.9521246990984,-9.27619053505509,-24.8381752404695));
#2541=CARTESIAN_POINT('Ctrl Pts',(37.5950074803213,-9.47252573332972,-25.2317574992596));
#2542=CARTESIAN_POINT('Ctrl Pts',(36.8651042458923,-9.87909411029132,-25.9940775953664));
#2543=CARTESIAN_POINT('Ctrl Pts',(36.4922718974518,-10.0893497260488,-26.36288339067));
#2544=CARTESIAN_POINT('Ctrl Pts',(35.3485532445033,-10.7427191160782,-27.4346446024995));
#2545=CARTESIAN_POINT('Ctrl Pts',(34.554482545329,-11.207291989809,-28.1006965944083));
#2546=CARTESIAN_POINT('Ctrl Pts',(33.7304003734251,-11.7025555189088,-28.7172662150545));
#2547=CARTESIAN_POINT('Ctrl Pts',(52.9445119593696,-5.78535693058416,-6.92596815599272));
#2548=CARTESIAN_POINT('Ctrl Pts',(52.8026573703831,-5.76269325476121,-8.30204041481055));
#2549=CARTESIAN_POINT('Ctrl Pts',(52.5959839162768,-5.78019495770632,-9.65931830588317));
#2550=CARTESIAN_POINT('Ctrl Pts',(52.1918909494991,-5.86557744459026,-11.6661799588652));
#2551=CARTESIAN_POINT('Ctrl Pts',(52.0417708983259,-5.90381385065514,-12.3293542370708));
#2552=CARTESIAN_POINT('Ctrl Pts',(51.7102467757959,-6.00006840200761,-13.6467476970674));
#2553=CARTESIAN_POINT('Ctrl Pts',(51.5288434852652,-6.05808551595605,-14.3009670409702));
#2554=CARTESIAN_POINT('Ctrl Pts',(51.2331326729564,-6.16019348305515,-15.2755621668708));
#2555=CARTESIAN_POINT('Ctrl Pts',(51.1306262158953,-6.19674464415499,-15.5993043276225));
#2556=CARTESIAN_POINT('Ctrl Pts',(50.9176908128636,-6.27493951214107,-16.2445321138974));
#2557=CARTESIAN_POINT('Ctrl Pts',(50.807261978495,-6.31658311273411,-16.566017770747));
#2558=CARTESIAN_POINT('Ctrl Pts',(50.5784144144466,-6.40503906895113,-17.2067166259269));
#2559=CARTESIAN_POINT('Ctrl Pts',(50.4599607525226,-6.45186623258138,-17.5260122373259));
#2560=CARTESIAN_POINT('Ctrl Pts',(50.2151171736126,-6.55072164760092,-18.1619798866731));
#2561=CARTESIAN_POINT('Ctrl Pts',(50.0883733677817,-6.60290030780582,-18.4794844765113));
#2562=CARTESIAN_POINT('Ctrl Pts',(49.8284021313107,-6.71190865683333,-19.1081272580694));
#2563=CARTESIAN_POINT('Ctrl Pts',(49.6949952747639,-6.7688065465209,-19.4197807785105));
#2564=CARTESIAN_POINT('Ctrl Pts',(49.4215067382952,-6.88733560549171,-20.0376299409168));
#2565=CARTESIAN_POINT('Ctrl Pts',(49.2814141864076,-6.94897073149627,-20.3438586707321));
#2566=CARTESIAN_POINT('Ctrl Pts',(48.8512226064482,-7.14096095792836,-21.2545525639444));
#2567=CARTESIAN_POINT('Ctrl Pts',(48.5512159396517,-7.27839527755261,-21.8510308776767));
#2568=CARTESIAN_POINT('Ctrl Pts',(47.9252903979702,-7.57215664641963,-23.0230350160055));
#2569=CARTESIAN_POINT('Ctrl Pts',(47.5993706810327,-7.72848375978506,-23.5985602598757));
#2570=CARTESIAN_POINT('Ctrl Pts',(46.9219001081368,-8.06024321079347,-24.7288084255983));
#2571=CARTESIAN_POINT('Ctrl Pts',(46.5703491329202,-8.23567493587968,-25.2835314039911));
#2572=CARTESIAN_POINT('Ctrl Pts',(46.0238454287192,-8.51346445034012,-26.0999826543258));
#2573=CARTESIAN_POINT('Ctrl Pts',(45.8384797631171,-8.60850269274079,-26.3695261807212));
#2574=CARTESIAN_POINT('Ctrl Pts',(45.4613396972121,-8.80353563515521,-26.9033756283143));
#2575=CARTESIAN_POINT('Ctrl Pts',(45.2695653674109,-8.90353022349055,-27.1676816217673));
#2576=CARTESIAN_POINT('Ctrl Pts',(44.8795810728432,-9.10856271507628,-27.6910199473305));
#2577=CARTESIAN_POINT('Ctrl Pts',(44.6814331820266,-9.21356748376802,-27.9499729594618));
#2578=CARTESIAN_POINT('Ctrl Pts',(44.2784120162177,-9.42885502877288,-28.4628734193414));
#2579=CARTESIAN_POINT('Ctrl Pts',(44.0742562531086,-9.53875536151354,-28.7159026045198));
#2580=CARTESIAN_POINT('Ctrl Pts',(43.4552946365467,-9.87453059034818,-29.4631386105175));
#2581=CARTESIAN_POINT('Ctrl Pts',(43.0332536229363,-10.1068599897569,-29.9465561785656));
#2582=CARTESIAN_POINT('Ctrl Pts',(42.171270047982,-10.5884210147589,-30.8839979546725));
#2583=CARTESIAN_POINT('Ctrl Pts',(41.731272527694,-10.8376790972512,-31.3381051306587));
#2584=CARTESIAN_POINT('Ctrl Pts',(40.3823205068946,-11.6127893046952,-32.6595680307097));
#2585=CARTESIAN_POINT('Ctrl Pts',(39.4468150234568,-12.164626717772,-33.4833055960164));
#2586=CARTESIAN_POINT('Ctrl Pts',(38.4767776310841,-12.7533043951614,-34.2486284165803));
#2587=CARTESIAN_POINT('Ctrl Pts',(44.3911394573607,-5.74451699749965,-9.07985236744643));
#2588=CARTESIAN_POINT('Ctrl Pts',(44.7914840561435,-5.73477525160428,-8.88013848626791));
#2589=CARTESIAN_POINT('Ctrl Pts',(45.1839981835687,-5.72676110603225,-8.66459361721735));
#2590=CARTESIAN_POINT('Ctrl Pts',(45.5666174420785,-5.72089064459172,-8.43327254135043));
#2591=CARTESIAN_POINT('Origin',(39.9692108065694,-10.1664456482909,-4.50057698686652E-16));
#2592=CARTESIAN_POINT('',(47.7650630691511,-2.37059338570926,9.00115397373305E-16));
#2593=CARTESIAN_POINT('Ctrl Pts',(34.7646374439953,-16.6030470937986,-7.33431316101517));
#2594=CARTESIAN_POINT('Ctrl Pts',(34.7292104478141,-16.3463231324553,-7.5099367401694));
#2595=CARTESIAN_POINT('Ctrl Pts',(34.6922039613055,-16.0835449461872,-7.6777862455427));
#2596=CARTESIAN_POINT('Ctrl Pts',(34.6407805676501,-15.7196062983773,-7.89639480952232));
#2597=CARTESIAN_POINT('Ctrl Pts',(34.6268928101851,-15.6214449716334,-7.95401776508831));
#2598=CARTESIAN_POINT('Ctrl Pts',(34.6129327250789,-15.5227237297814,-8.01069255604589));
#2599=CARTESIAN_POINT('Ctrl Pts',(28.8733821471667,-18.5369463278364,-17.6399877202377));
#2600=CARTESIAN_POINT('Ctrl Pts',(29.0743747594361,-18.3941945865,-17.4780557490669));
#2601=CARTESIAN_POINT('Ctrl Pts',(29.2720187336165,-18.2553779244277,-17.309733373265));
#2602=CARTESIAN_POINT('Ctrl Pts',(29.6601717877417,-17.9856413990029,-16.9606532046442));
#2603=CARTESIAN_POINT('Ctrl Pts',(29.8507376996937,-17.8546783881779,-16.7798678141429));
#2604=CARTESIAN_POINT('Ctrl Pts',(30.1312570668582,-17.6639467003927,-16.4992734821604));
#2605=CARTESIAN_POINT('Ctrl Pts',(30.2239180451539,-17.6012939092784,-16.4041202485573));
#2606=CARTESIAN_POINT('Ctrl Pts',(30.4075314280849,-17.4778203744686,-16.2105564363499));
#2607=CARTESIAN_POINT('Ctrl Pts',(30.4983022439183,-17.417122407645,-16.1123318402356));
#2608=CARTESIAN_POINT('Ctrl Pts',(30.7668300598336,-17.2385459743966,-15.814086848271));
#2609=CARTESIAN_POINT('Ctrl Pts',(30.9411514153201,-17.1239447152533,-15.6101644118842));
#2610=CARTESIAN_POINT('Ctrl Pts',(31.2803424285841,-16.9034107835935,-15.1923943629413));
#2611=CARTESIAN_POINT('Ctrl Pts',(31.4452308924556,-16.7974651335999,-14.9785315260781));
#2612=CARTESIAN_POINT('Ctrl Pts',(31.7655731702696,-16.5939958095221,-14.5409309450111));
#2613=CARTESIAN_POINT('Ctrl Pts',(31.9210269825794,-16.4964724257758,-14.3171930771121));
#2614=CARTESIAN_POINT('Ctrl Pts',(32.2224038712095,-16.3097115010472,-13.8598373522808));
#2615=CARTESIAN_POINT('Ctrl Pts',(32.3683271554195,-16.2204740164673,-13.6262196091365));
#2616=CARTESIAN_POINT('Ctrl Pts',(32.5799343121305,-16.0927903080432,-13.268315505389));
#2617=CARTESIAN_POINT('Ctrl Pts',(32.6492565354077,-16.0512583953984,-13.147767294095));
#2618=CARTESIAN_POINT('Ctrl Pts',(32.7854446231571,-15.9702538475682,-12.9041575831561));
#2619=CARTESIAN_POINT('Ctrl Pts',(32.8523105264559,-15.9307811879142,-12.7810961195626));
#2620=CARTESIAN_POINT('Ctrl Pts',(32.9835514597109,-15.8539007556997,-12.5324347859303));
#2621=CARTESIAN_POINT('Ctrl Pts',(33.0479318333723,-15.8164901080626,-12.4068216310887));
#2622=CARTESIAN_POINT('Ctrl Pts',(33.1741401809731,-15.7437560847354,-12.1530789701578));
#2623=CARTESIAN_POINT('Ctrl Pts',(33.2360588110443,-15.7083827718114,-12.024737818705));
#2624=CARTESIAN_POINT('Ctrl Pts',(33.3564365551369,-15.6402243823509,-11.7673791798051));
#2625=CARTESIAN_POINT('Ctrl Pts',(33.4150734418268,-15.6073361963707,-11.6380125211132));
#2626=CARTESIAN_POINT('Ctrl Pts',(33.5291747626087,-15.5439554776578,-11.378130204788));
#2627=CARTESIAN_POINT('Ctrl Pts',(33.5846567732963,-15.5134527821438,-11.2475798520934));
#2628=CARTESIAN_POINT('Ctrl Pts',(33.7464425843126,-15.4254461980537,-10.8541234037913));
#2629=CARTESIAN_POINT('Ctrl Pts',(33.8480888747255,-15.3714412543898,-10.5894130351748));
#2630=CARTESIAN_POINT('Ctrl Pts',(34.0391236988377,-15.272513309395,-10.0552652309708));
#2631=CARTESIAN_POINT('Ctrl Pts',(34.1285115396037,-15.2275911619331,-9.78582747481788));
#2632=CARTESIAN_POINT('Ctrl Pts',(34.3783873301503,-15.1062124902536,-8.97049031747274));
#2633=CARTESIAN_POINT('Ctrl Pts',(34.5206314610483,-15.043105390943,-8.41758456914093));
#2634=CARTESIAN_POINT('Ctrl Pts',(34.7559237311619,-14.9522802960709,-7.29247723524763));
#2635=CARTESIAN_POINT('Ctrl Pts',(34.848923043061,-14.9246010380977,-6.72025640860072));
#2636=CARTESIAN_POINT('Ctrl Pts',(34.9161517778734,-14.9152579296425,-6.13824893115569));
#2637=CARTESIAN_POINT('Ctrl Pts',(29.3283276639443,-19.951781452007,-16.971965048032));
#2638=CARTESIAN_POINT('Ctrl Pts',(29.5161390715031,-19.8192724094139,-16.8188169352728));
#2639=CARTESIAN_POINT('Ctrl Pts',(29.7007980825479,-19.6903799377988,-16.6596692325305));
#2640=CARTESIAN_POINT('Ctrl Pts',(30.0633902179623,-19.4398424651732,-16.3296960507125));
#2641=CARTESIAN_POINT('Ctrl Pts',(30.241376507711,-19.3181574969882,-16.1588443919687));
#2642=CARTESIAN_POINT('Ctrl Pts',(30.5033229129964,-19.1408631373334,-15.8937199578775));
#2643=CARTESIAN_POINT('Ctrl Pts',(30.5898394493302,-19.0826114014,-15.8038211597223));
#2644=CARTESIAN_POINT('Ctrl Pts',(30.7612567058614,-18.9677837272604,-15.6209619789501));
#2645=CARTESIAN_POINT('Ctrl Pts',(30.8459878737644,-18.9113219362978,-15.5281773086442));
#2646=CARTESIAN_POINT('Ctrl Pts',(31.0966151446769,-18.745164253656,-15.246471859776));
#2647=CARTESIAN_POINT('Ctrl Pts',(31.2592709463882,-18.6384728006193,-15.0538869870157));
#2648=CARTESIAN_POINT('Ctrl Pts',(31.5756618817149,-18.4330286656468,-14.6593937677709));
#2649=CARTESIAN_POINT('Ctrl Pts',(31.7294146044284,-18.3342639504992,-14.4574710299592));
#2650=CARTESIAN_POINT('Ctrl Pts',(32.0280064971921,-18.1444365484146,-14.0443435801065));
#2651=CARTESIAN_POINT('Ctrl Pts',(32.1728456773229,-18.0533741402683,-13.8331387578265));
#2652=CARTESIAN_POINT('Ctrl Pts',(32.4535118082303,-17.8788167664916,-13.4014367199113));
#2653=CARTESIAN_POINT('Ctrl Pts',(32.5893389649376,-17.7953218635669,-13.18093961766));
#2654=CARTESIAN_POINT('Ctrl Pts',(32.7861924420405,-17.67570964759,-12.8431568609657));
#2655=CARTESIAN_POINT('Ctrl Pts',(32.8506618909932,-17.6367777913553,-12.729389197781));
#2656=CARTESIAN_POINT('Ctrl Pts',(32.977275400837,-17.5607912597635,-12.4994878690497));
#2657=CARTESIAN_POINT('Ctrl Pts',(33.0394194987815,-17.5237365624923,-12.3833542378446));
#2658=CARTESIAN_POINT('Ctrl Pts',(33.1613488283949,-17.4515083365746,-12.1486965866766));
#2659=CARTESIAN_POINT('Ctrl Pts',(33.2211390048524,-17.416332081033,-12.0301600320116));
#2660=CARTESIAN_POINT('Ctrl Pts',(33.3383019222891,-17.3478804696221,-11.790716651896));
#2661=CARTESIAN_POINT('Ctrl Pts',(33.3957586354897,-17.3145578714716,-11.6696101222946));
#2662=CARTESIAN_POINT('Ctrl Pts',(33.507411845023,-17.250284704357,-11.4267623456367));
#2663=CARTESIAN_POINT('Ctrl Pts',(33.5617734248789,-17.2192371653318,-11.3046915998377));
#2664=CARTESIAN_POINT('Ctrl Pts',(33.6675028039926,-17.1593333063416,-11.0594685710554));
#2665=CARTESIAN_POINT('Ctrl Pts',(33.7188869249146,-17.1304674277243,-10.9362835482938));
#2666=CARTESIAN_POINT('Ctrl Pts',(33.8686397733881,-17.0470704235327,-10.5650277585132));
#2667=CARTESIAN_POINT('Ctrl Pts',(33.9626115258148,-16.9957375664273,-10.3152573186871));
#2668=CARTESIAN_POINT('Ctrl Pts',(34.1389784449659,-16.9013672162253,-9.81125775944964));
#2669=CARTESIAN_POINT('Ctrl Pts',(34.2213729705852,-16.8583305199609,-9.55702834932463));
#2670=CARTESIAN_POINT('Ctrl Pts',(34.4512794137639,-16.7414407624369,-8.78770671776402));
#2671=CARTESIAN_POINT('Ctrl Pts',(34.5815554429705,-16.6797727211183,-8.26599773069605));
#2672=CARTESIAN_POINT('Ctrl Pts',(34.795604216307,-16.5887034906718,-7.20431386149555));
#2673=CARTESIAN_POINT('Ctrl Pts',(34.8793309458284,-16.5593378119279,-6.66432092848405));
#2674=CARTESIAN_POINT('Ctrl Pts',(34.9386939844117,-16.5466831842103,-6.11504181391154));
#2675=UNCERTAINTY_MEASURE_WITH_UNIT(LENGTH_MEASURE(0.01),#2679,
'DISTANCE_ACCURACY_VALUE',
'Maximum model space distance between geometric entities at asserted c
onnectivities');
#2676=UNCERTAINTY_MEASURE_WITH_UNIT(LENGTH_MEASURE(0.01),#2679,
'DISTANCE_ACCURACY_VALUE',
'Maximum model space distance between geometric entities at asserted c
onnectivities');
#2677=(
GEOMETRIC_REPRESENTATION_CONTEXT(3)
GLOBAL_UNCERTAINTY_ASSIGNED_CONTEXT((#2675))
GLOBAL_UNIT_ASSIGNED_CONTEXT((#2679,#2681,#2682))
REPRESENTATION_CONTEXT('','3D')
);
#2678=(
GEOMETRIC_REPRESENTATION_CONTEXT(3)
GLOBAL_UNCERTAINTY_ASSIGNED_CONTEXT((#2676))
GLOBAL_UNIT_ASSIGNED_CONTEXT((#2679,#2681,#2682))
REPRESENTATION_CONTEXT('','3D')
);
#2679=(
LENGTH_UNIT()
NAMED_UNIT(*)
SI_UNIT(.MILLI.,.METRE.)
);
#2680=(
LENGTH_UNIT()
NAMED_UNIT(*)
SI_UNIT($,.METRE.)
);
#2681=(
NAMED_UNIT(*)
PLANE_ANGLE_UNIT()
SI_UNIT($,.RADIAN.)
);
#2682=(
NAMED_UNIT(*)
SI_UNIT($,.STERADIAN.)
SOLID_ANGLE_UNIT()
);
#2683=SHAPE_DEFINITION_REPRESENTATION(#2684,#2685);
#2684=PRODUCT_DEFINITION_SHAPE('',$,#2687);
#2685=SHAPE_REPRESENTATION('',(#735),#2677);
#2686=PRODUCT_DEFINITION_CONTEXT('part definition',#2691,'design');
#2687=PRODUCT_DEFINITION('RSB-01_ARM-AXIS-ALL','rsb-01_arm-axis-all v6',
#2688,#2686);
#2688=PRODUCT_DEFINITION_FORMATION('',$,#2693);
#2689=PRODUCT_RELATED_PRODUCT_CATEGORY('rsb-01_arm-axis-all v6',
'rsb-01_arm-axis-all v6',(#2693));
#2690=APPLICATION_PROTOCOL_DEFINITION('international standard',
'automotive_design',2009,#2691);
#2691=APPLICATION_CONTEXT(
'Core Data for Automotive Mechanical Design Process');
#2692=PRODUCT_CONTEXT('part definition',#2691,'mechanical');
#2693=PRODUCT('RSB-01_ARM-AXIS-ALL','rsb-01_arm-axis-all v6',
'STEP AP214',(#2692));
#2694=PRESENTATION_STYLE_ASSIGNMENT((#2696));
#2695=PRESENTATION_STYLE_ASSIGNMENT((#2697));
#2696=SURFACE_STYLE_USAGE(.BOTH.,#2698);
#2697=SURFACE_STYLE_USAGE(.BOTH.,#2699);
#2698=SURFACE_SIDE_STYLE('',(#2700));
#2699=SURFACE_SIDE_STYLE('',(#2701));
#2700=SURFACE_STYLE_FILL_AREA(#2702);
#2701=SURFACE_STYLE_FILL_AREA(#2703);
#2702=FILL_AREA_STYLE('Steel - Satin',(#2704));
#2703=FILL_AREA_STYLE('Opaque(73,169,84)',(#2705));
#2704=FILL_AREA_STYLE_COLOUR('Steel - Satin',#2706);
#2705=FILL_AREA_STYLE_COLOUR('Opaque(73,169,84)',#2707);
#2706=COLOUR_RGB('Steel - Satin',0.627450980392157,0.627450980392157,0.627450980392157);
#2707=COLOUR_RGB('Opaque(73,169,84)',0.286274509803922,0.662745098039216,
0.329411764705882);
ENDSEC;
END-ISO-10303-21;
