ISO-10303-21;
HEADER;
/* Generated by software containing ST-Developer
 * from STEP Tools, Inc. (www.steptools.com) 
 */

FILE_DESCRIPTION(
/* description */ (''),
/* implementation_level */ '2;1');

FILE_NAME(
/* name */ 'fl57sth76_vslot_mount.step',
/* time_stamp */ '2026-08-04T09:23:11+02:00',
/* author */ (''),
/* organization */ (''),
/* preprocessor_version */ 'ST-DEVELOPER v20.1',
/* originating_system */ 'Autodesk Translation Framework v15.8.0.0',
/* authorisation */ '');

FILE_SCHEMA (('AUTOMOTIVE_DESIGN { 1 0 10303 214 3 1 1 }'));
ENDSEC;

DATA;
#10=MECHANICAL_DESIGN_GEOMETRIC_PRESENTATION_REPRESENTATION('',(#13),#4207);
#11=SHAPE_REPRESENTATION_RELATIONSHIP('SRR','None',#4214,#12);
#12=ADVANCED_BREP_SHAPE_REPRESENTATION('',(#14),#4206);
#13=STYLED_ITEM('',(#4223),#14);
#14=MANIFOLD_SOLID_BREP('fl57sth76_vslot_mount',#2653);
#15=CYLINDRICAL_SURFACE('',#2766,22.5);
#16=CYLINDRICAL_SURFACE('',#2767,2.6);
#17=CYLINDRICAL_SURFACE('',#2768,2.6);
#18=CYLINDRICAL_SURFACE('',#2769,2.6);
#19=CYLINDRICAL_SURFACE('',#2770,2.6);
#20=CYLINDRICAL_SURFACE('',#2788,1.65);
#21=CYLINDRICAL_SURFACE('',#2789,1.65);
#22=FACE_BOUND('',#188,.T.);
#23=FACE_BOUND('',#195,.T.);
#24=FACE_BOUND('',#265,.T.);
#25=FACE_BOUND('',#266,.T.);
#26=FACE_BOUND('',#271,.T.);
#27=FACE_BOUND('',#272,.T.);
#28=FACE_BOUND('',#273,.T.);
#29=FACE_BOUND('',#274,.T.);
#30=FACE_BOUND('',#275,.T.);
#31=FACE_BOUND('',#280,.T.);
#32=FACE_BOUND('',#281,.T.);
#33=FACE_BOUND('',#282,.T.);
#34=FACE_BOUND('',#283,.T.);
#35=FACE_BOUND('',#284,.T.);
#36=FACE_BOUND('',#298,.T.);
#37=FACE_BOUND('',#306,.T.);
#38=FACE_BOUND('',#328,.T.);
#39=FACE_BOUND('',#329,.T.);
#40=CIRCLE('',#2671,1.65);
#41=CIRCLE('',#2678,1.65);
#42=CIRCLE('',#2752,22.5);
#43=CIRCLE('',#2753,2.6);
#44=CIRCLE('',#2754,2.6);
#45=CIRCLE('',#2755,2.6);
#46=CIRCLE('',#2756,2.6);
#47=CIRCLE('',#2761,22.5);
#48=CIRCLE('',#2762,2.6);
#49=CIRCLE('',#2763,2.6);
#50=CIRCLE('',#2764,2.6);
#51=CIRCLE('',#2765,2.6);
#52=CIRCLE('',#2779,1.65);
#53=CIRCLE('',#2787,1.65);
#54=FACE_OUTER_BOUND('',#184,.T.);
#55=FACE_OUTER_BOUND('',#185,.T.);
#56=FACE_OUTER_BOUND('',#186,.T.);
#57=FACE_OUTER_BOUND('',#187,.T.);
#58=FACE_OUTER_BOUND('',#189,.T.);
#59=FACE_OUTER_BOUND('',#190,.T.);
#60=FACE_OUTER_BOUND('',#191,.T.);
#61=FACE_OUTER_BOUND('',#192,.T.);
#62=FACE_OUTER_BOUND('',#193,.T.);
#63=FACE_OUTER_BOUND('',#194,.T.);
#64=FACE_OUTER_BOUND('',#196,.T.);
#65=FACE_OUTER_BOUND('',#197,.T.);
#66=FACE_OUTER_BOUND('',#198,.T.);
#67=FACE_OUTER_BOUND('',#199,.T.);
#68=FACE_OUTER_BOUND('',#200,.T.);
#69=FACE_OUTER_BOUND('',#201,.T.);
#70=FACE_OUTER_BOUND('',#202,.T.);
#71=FACE_OUTER_BOUND('',#203,.T.);
#72=FACE_OUTER_BOUND('',#204,.T.);
#73=FACE_OUTER_BOUND('',#205,.T.);
#74=FACE_OUTER_BOUND('',#206,.T.);
#75=FACE_OUTER_BOUND('',#207,.T.);
#76=FACE_OUTER_BOUND('',#208,.T.);
#77=FACE_OUTER_BOUND('',#209,.T.);
#78=FACE_OUTER_BOUND('',#210,.T.);
#79=FACE_OUTER_BOUND('',#211,.T.);
#80=FACE_OUTER_BOUND('',#212,.T.);
#81=FACE_OUTER_BOUND('',#213,.T.);
#82=FACE_OUTER_BOUND('',#214,.T.);
#83=FACE_OUTER_BOUND('',#215,.T.);
#84=FACE_OUTER_BOUND('',#216,.T.);
#85=FACE_OUTER_BOUND('',#217,.T.);
#86=FACE_OUTER_BOUND('',#218,.T.);
#87=FACE_OUTER_BOUND('',#219,.T.);
#88=FACE_OUTER_BOUND('',#220,.T.);
#89=FACE_OUTER_BOUND('',#221,.T.);
#90=FACE_OUTER_BOUND('',#222,.T.);
#91=FACE_OUTER_BOUND('',#223,.T.);
#92=FACE_OUTER_BOUND('',#224,.T.);
#93=FACE_OUTER_BOUND('',#225,.T.);
#94=FACE_OUTER_BOUND('',#226,.T.);
#95=FACE_OUTER_BOUND('',#227,.T.);
#96=FACE_OUTER_BOUND('',#228,.T.);
#97=FACE_OUTER_BOUND('',#229,.T.);
#98=FACE_OUTER_BOUND('',#230,.T.);
#99=FACE_OUTER_BOUND('',#231,.T.);
#100=FACE_OUTER_BOUND('',#232,.T.);
#101=FACE_OUTER_BOUND('',#233,.T.);
#102=FACE_OUTER_BOUND('',#234,.T.);
#103=FACE_OUTER_BOUND('',#235,.T.);
#104=FACE_OUTER_BOUND('',#236,.T.);
#105=FACE_OUTER_BOUND('',#237,.T.);
#106=FACE_OUTER_BOUND('',#238,.T.);
#107=FACE_OUTER_BOUND('',#239,.T.);
#108=FACE_OUTER_BOUND('',#240,.T.);
#109=FACE_OUTER_BOUND('',#241,.T.);
#110=FACE_OUTER_BOUND('',#242,.T.);
#111=FACE_OUTER_BOUND('',#243,.T.);
#112=FACE_OUTER_BOUND('',#244,.T.);
#113=FACE_OUTER_BOUND('',#245,.T.);
#114=FACE_OUTER_BOUND('',#246,.T.);
#115=FACE_OUTER_BOUND('',#247,.T.);
#116=FACE_OUTER_BOUND('',#248,.T.);
#117=FACE_OUTER_BOUND('',#249,.T.);
#118=FACE_OUTER_BOUND('',#250,.T.);
#119=FACE_OUTER_BOUND('',#251,.T.);
#120=FACE_OUTER_BOUND('',#252,.T.);
#121=FACE_OUTER_BOUND('',#253,.T.);
#122=FACE_OUTER_BOUND('',#254,.T.);
#123=FACE_OUTER_BOUND('',#255,.T.);
#124=FACE_OUTER_BOUND('',#256,.T.);
#125=FACE_OUTER_BOUND('',#257,.T.);
#126=FACE_OUTER_BOUND('',#258,.T.);
#127=FACE_OUTER_BOUND('',#259,.T.);
#128=FACE_OUTER_BOUND('',#260,.T.);
#129=FACE_OUTER_BOUND('',#261,.T.);
#130=FACE_OUTER_BOUND('',#262,.T.);
#131=FACE_OUTER_BOUND('',#263,.T.);
#132=FACE_OUTER_BOUND('',#264,.T.);
#133=FACE_OUTER_BOUND('',#267,.T.);
#134=FACE_OUTER_BOUND('',#268,.T.);
#135=FACE_OUTER_BOUND('',#269,.T.);
#136=FACE_OUTER_BOUND('',#270,.T.);
#137=FACE_OUTER_BOUND('',#276,.T.);
#138=FACE_OUTER_BOUND('',#277,.T.);
#139=FACE_OUTER_BOUND('',#278,.T.);
#140=FACE_OUTER_BOUND('',#279,.T.);
#141=FACE_OUTER_BOUND('',#285,.T.);
#142=FACE_OUTER_BOUND('',#286,.T.);
#143=FACE_OUTER_BOUND('',#287,.T.);
#144=FACE_OUTER_BOUND('',#288,.T.);
#145=FACE_OUTER_BOUND('',#289,.T.);
#146=FACE_OUTER_BOUND('',#290,.T.);
#147=FACE_OUTER_BOUND('',#291,.T.);
#148=FACE_OUTER_BOUND('',#292,.T.);
#149=FACE_OUTER_BOUND('',#293,.T.);
#150=FACE_OUTER_BOUND('',#294,.T.);
#151=FACE_OUTER_BOUND('',#295,.T.);
#152=FACE_OUTER_BOUND('',#296,.T.);
#153=FACE_OUTER_BOUND('',#297,.T.);
#154=FACE_OUTER_BOUND('',#299,.T.);
#155=FACE_OUTER_BOUND('',#300,.T.);
#156=FACE_OUTER_BOUND('',#301,.T.);
#157=FACE_OUTER_BOUND('',#302,.T.);
#158=FACE_OUTER_BOUND('',#303,.T.);
#159=FACE_OUTER_BOUND('',#304,.T.);
#160=FACE_OUTER_BOUND('',#305,.T.);
#161=FACE_OUTER_BOUND('',#307,.T.);
#162=FACE_OUTER_BOUND('',#308,.T.);
#163=FACE_OUTER_BOUND('',#309,.T.);
#164=FACE_OUTER_BOUND('',#310,.T.);
#165=FACE_OUTER_BOUND('',#311,.T.);
#166=FACE_OUTER_BOUND('',#312,.T.);
#167=FACE_OUTER_BOUND('',#313,.T.);
#168=FACE_OUTER_BOUND('',#314,.T.);
#169=FACE_OUTER_BOUND('',#315,.T.);
#170=FACE_OUTER_BOUND('',#316,.T.);
#171=FACE_OUTER_BOUND('',#317,.T.);
#172=FACE_OUTER_BOUND('',#318,.T.);
#173=FACE_OUTER_BOUND('',#319,.T.);
#174=FACE_OUTER_BOUND('',#320,.T.);
#175=FACE_OUTER_BOUND('',#321,.T.);
#176=FACE_OUTER_BOUND('',#322,.T.);
#177=FACE_OUTER_BOUND('',#323,.T.);
#178=FACE_OUTER_BOUND('',#324,.T.);
#179=FACE_OUTER_BOUND('',#325,.T.);
#180=FACE_OUTER_BOUND('',#326,.T.);
#181=FACE_OUTER_BOUND('',#327,.T.);
#182=FACE_OUTER_BOUND('',#330,.T.);
#183=FACE_OUTER_BOUND('',#331,.T.);
#184=EDGE_LOOP('',(#1660,#1661,#1662,#1663));
#185=EDGE_LOOP('',(#1664,#1665,#1666,#1667));
#186=EDGE_LOOP('',(#1668,#1669,#1670,#1671));
#187=EDGE_LOOP('',(#1672));
#188=EDGE_LOOP('',(#1673,#1674,#1675,#1676,#1677,#1678,#1679,#1680,#1681,
#1682,#1683,#1684,#1685,#1686,#1687,#1688,#1689,#1690,#1691,#1692,#1693,
#1694,#1695,#1696,#1697,#1698,#1699,#1700,#1701,#1702,#1703,#1704));
#189=EDGE_LOOP('',(#1705,#1706,#1707,#1708));
#190=EDGE_LOOP('',(#1709,#1710,#1711,#1712));
#191=EDGE_LOOP('',(#1713,#1714,#1715,#1716));
#192=EDGE_LOOP('',(#1717,#1718,#1719,#1720));
#193=EDGE_LOOP('',(#1721,#1722,#1723,#1724));
#194=EDGE_LOOP('',(#1725));
#195=EDGE_LOOP('',(#1726,#1727,#1728,#1729,#1730,#1731,#1732,#1733,#1734,
#1735,#1736,#1737,#1738,#1739,#1740,#1741,#1742,#1743,#1744,#1745,#1746,
#1747,#1748,#1749,#1750,#1751,#1752,#1753,#1754,#1755,#1756,#1757));
#196=EDGE_LOOP('',(#1758,#1759,#1760,#1761));
#197=EDGE_LOOP('',(#1762,#1763,#1764,#1765));
#198=EDGE_LOOP('',(#1766,#1767,#1768,#1769));
#199=EDGE_LOOP('',(#1770,#1771,#1772,#1773));
#200=EDGE_LOOP('',(#1774,#1775,#1776,#1777));
#201=EDGE_LOOP('',(#1778,#1779,#1780,#1781));
#202=EDGE_LOOP('',(#1782,#1783,#1784,#1785));
#203=EDGE_LOOP('',(#1786,#1787,#1788,#1789));
#204=EDGE_LOOP('',(#1790,#1791,#1792,#1793));
#205=EDGE_LOOP('',(#1794,#1795,#1796,#1797));
#206=EDGE_LOOP('',(#1798,#1799,#1800,#1801));
#207=EDGE_LOOP('',(#1802,#1803,#1804,#1805));
#208=EDGE_LOOP('',(#1806,#1807,#1808,#1809));
#209=EDGE_LOOP('',(#1810,#1811,#1812,#1813));
#210=EDGE_LOOP('',(#1814,#1815,#1816,#1817));
#211=EDGE_LOOP('',(#1818,#1819,#1820,#1821));
#212=EDGE_LOOP('',(#1822,#1823,#1824,#1825));
#213=EDGE_LOOP('',(#1826,#1827,#1828,#1829));
#214=EDGE_LOOP('',(#1830,#1831,#1832,#1833));
#215=EDGE_LOOP('',(#1834,#1835,#1836,#1837));
#216=EDGE_LOOP('',(#1838,#1839,#1840,#1841));
#217=EDGE_LOOP('',(#1842,#1843,#1844,#1845));
#218=EDGE_LOOP('',(#1846,#1847,#1848,#1849));
#219=EDGE_LOOP('',(#1850,#1851,#1852,#1853));
#220=EDGE_LOOP('',(#1854,#1855,#1856,#1857));
#221=EDGE_LOOP('',(#1858,#1859,#1860,#1861));
#222=EDGE_LOOP('',(#1862,#1863,#1864,#1865));
#223=EDGE_LOOP('',(#1866,#1867,#1868,#1869));
#224=EDGE_LOOP('',(#1870,#1871,#1872,#1873));
#225=EDGE_LOOP('',(#1874,#1875,#1876,#1877));
#226=EDGE_LOOP('',(#1878,#1879,#1880,#1881));
#227=EDGE_LOOP('',(#1882,#1883,#1884,#1885));
#228=EDGE_LOOP('',(#1886,#1887,#1888,#1889,#1890,#1891));
#229=EDGE_LOOP('',(#1892,#1893,#1894,#1895,#1896,#1897,#1898,#1899,#1900,
#1901,#1902,#1903,#1904,#1905,#1906,#1907,#1908,#1909,#1910,#1911,#1912,
#1913,#1914,#1915,#1916,#1917,#1918,#1919));
#230=EDGE_LOOP('',(#1920,#1921,#1922,#1923));
#231=EDGE_LOOP('',(#1924,#1925,#1926,#1927));
#232=EDGE_LOOP('',(#1928,#1929,#1930,#1931));
#233=EDGE_LOOP('',(#1932,#1933,#1934,#1935));
#234=EDGE_LOOP('',(#1936,#1937,#1938,#1939));
#235=EDGE_LOOP('',(#1940,#1941,#1942,#1943));
#236=EDGE_LOOP('',(#1944,#1945,#1946,#1947));
#237=EDGE_LOOP('',(#1948,#1949,#1950,#1951));
#238=EDGE_LOOP('',(#1952,#1953,#1954,#1955));
#239=EDGE_LOOP('',(#1956,#1957,#1958,#1959));
#240=EDGE_LOOP('',(#1960,#1961,#1962,#1963));
#241=EDGE_LOOP('',(#1964,#1965,#1966,#1967));
#242=EDGE_LOOP('',(#1968,#1969,#1970,#1971));
#243=EDGE_LOOP('',(#1972,#1973,#1974,#1975));
#244=EDGE_LOOP('',(#1976,#1977,#1978,#1979));
#245=EDGE_LOOP('',(#1980,#1981,#1982,#1983));
#246=EDGE_LOOP('',(#1984,#1985,#1986,#1987));
#247=EDGE_LOOP('',(#1988,#1989,#1990,#1991));
#248=EDGE_LOOP('',(#1992,#1993,#1994,#1995));
#249=EDGE_LOOP('',(#1996,#1997,#1998,#1999));
#250=EDGE_LOOP('',(#2000,#2001,#2002,#2003));
#251=EDGE_LOOP('',(#2004,#2005,#2006,#2007));
#252=EDGE_LOOP('',(#2008,#2009,#2010,#2011));
#253=EDGE_LOOP('',(#2012,#2013,#2014,#2015));
#254=EDGE_LOOP('',(#2016,#2017,#2018,#2019));
#255=EDGE_LOOP('',(#2020,#2021,#2022,#2023));
#256=EDGE_LOOP('',(#2024,#2025,#2026,#2027));
#257=EDGE_LOOP('',(#2028,#2029,#2030,#2031));
#258=EDGE_LOOP('',(#2032,#2033,#2034,#2035));
#259=EDGE_LOOP('',(#2036,#2037,#2038,#2039));
#260=EDGE_LOOP('',(#2040,#2041,#2042,#2043));
#261=EDGE_LOOP('',(#2044,#2045,#2046,#2047));
#262=EDGE_LOOP('',(#2048,#2049,#2050,#2051));
#263=EDGE_LOOP('',(#2052,#2053,#2054,#2055,#2056,#2057,#2058,#2059,#2060,
#2061,#2062,#2063,#2064,#2065,#2066,#2067,#2068,#2069,#2070,#2071,#2072,
#2073,#2074,#2075,#2076,#2077,#2078,#2079));
#264=EDGE_LOOP('',(#2080,#2081,#2082,#2083,#2084,#2085,#2086,#2087));
#265=EDGE_LOOP('',(#2088,#2089,#2090,#2091,#2092,#2093,#2094,#2095,#2096,
#2097,#2098,#2099,#2100,#2101,#2102,#2103,#2104,#2105,#2106,#2107,#2108,
#2109,#2110,#2111,#2112,#2113,#2114,#2115,#2116,#2117,#2118,#2119));
#266=EDGE_LOOP('',(#2120,#2121,#2122,#2123,#2124,#2125,#2126,#2127,#2128,
#2129,#2130,#2131,#2132,#2133,#2134,#2135,#2136,#2137,#2138,#2139,#2140,
#2141,#2142,#2143,#2144,#2145,#2146,#2147,#2148,#2149,#2150,#2151));
#267=EDGE_LOOP('',(#2152,#2153,#2154,#2155,#2156,#2157,#2158,#2159,#2160,
#2161,#2162));
#268=EDGE_LOOP('',(#2163,#2164,#2165,#2166));
#269=EDGE_LOOP('',(#2167,#2168,#2169,#2170,#2171,#2172));
#270=EDGE_LOOP('',(#2173,#2174,#2175,#2176,#2177,#2178,#2179,#2180,#2181));
#271=EDGE_LOOP('',(#2182));
#272=EDGE_LOOP('',(#2183));
#273=EDGE_LOOP('',(#2184));
#274=EDGE_LOOP('',(#2185));
#275=EDGE_LOOP('',(#2186));
#276=EDGE_LOOP('',(#2187,#2188,#2189,#2190,#2191,#2192));
#277=EDGE_LOOP('',(#2193,#2194,#2195,#2196));
#278=EDGE_LOOP('',(#2197,#2198,#2199,#2200));
#279=EDGE_LOOP('',(#2201,#2202,#2203,#2204));
#280=EDGE_LOOP('',(#2205));
#281=EDGE_LOOP('',(#2206));
#282=EDGE_LOOP('',(#2207));
#283=EDGE_LOOP('',(#2208));
#284=EDGE_LOOP('',(#2209));
#285=EDGE_LOOP('',(#2210,#2211,#2212,#2213));
#286=EDGE_LOOP('',(#2214,#2215,#2216,#2217));
#287=EDGE_LOOP('',(#2218,#2219,#2220,#2221));
#288=EDGE_LOOP('',(#2222,#2223,#2224,#2225));
#289=EDGE_LOOP('',(#2226,#2227,#2228,#2229));
#290=EDGE_LOOP('',(#2230,#2231,#2232,#2233));
#291=EDGE_LOOP('',(#2234,#2235,#2236,#2237));
#292=EDGE_LOOP('',(#2238,#2239,#2240,#2241));
#293=EDGE_LOOP('',(#2242,#2243,#2244,#2245));
#294=EDGE_LOOP('',(#2246,#2247,#2248,#2249));
#295=EDGE_LOOP('',(#2250,#2251,#2252,#2253));
#296=EDGE_LOOP('',(#2254,#2255,#2256,#2257));
#297=EDGE_LOOP('',(#2258,#2259,#2260,#2261,#2262,#2263));
#298=EDGE_LOOP('',(#2264));
#299=EDGE_LOOP('',(#2265,#2266,#2267,#2268));
#300=EDGE_LOOP('',(#2269,#2270,#2271,#2272));
#301=EDGE_LOOP('',(#2273,#2274,#2275,#2276));
#302=EDGE_LOOP('',(#2277,#2278,#2279,#2280));
#303=EDGE_LOOP('',(#2281,#2282,#2283,#2284));
#304=EDGE_LOOP('',(#2285,#2286,#2287,#2288));
#305=EDGE_LOOP('',(#2289,#2290,#2291,#2292,#2293,#2294));
#306=EDGE_LOOP('',(#2295));
#307=EDGE_LOOP('',(#2296,#2297,#2298,#2299));
#308=EDGE_LOOP('',(#2300,#2301,#2302,#2303));
#309=EDGE_LOOP('',(#2304,#2305,#2306,#2307));
#310=EDGE_LOOP('',(#2308,#2309,#2310,#2311));
#311=EDGE_LOOP('',(#2312,#2313,#2314,#2315));
#312=EDGE_LOOP('',(#2316,#2317,#2318,#2319));
#313=EDGE_LOOP('',(#2320,#2321,#2322,#2323));
#314=EDGE_LOOP('',(#2324,#2325,#2326,#2327));
#315=EDGE_LOOP('',(#2328,#2329,#2330,#2331));
#316=EDGE_LOOP('',(#2332,#2333,#2334,#2335));
#317=EDGE_LOOP('',(#2336,#2337,#2338,#2339));
#318=EDGE_LOOP('',(#2340,#2341,#2342,#2343));
#319=EDGE_LOOP('',(#2344,#2345,#2346,#2347));
#320=EDGE_LOOP('',(#2348,#2349,#2350,#2351));
#321=EDGE_LOOP('',(#2352,#2353,#2354,#2355));
#322=EDGE_LOOP('',(#2356,#2357,#2358,#2359));
#323=EDGE_LOOP('',(#2360,#2361,#2362,#2363));
#324=EDGE_LOOP('',(#2364,#2365,#2366,#2367));
#325=EDGE_LOOP('',(#2368,#2369,#2370,#2371));
#326=EDGE_LOOP('',(#2372,#2373,#2374,#2375));
#327=EDGE_LOOP('',(#2376,#2377,#2378,#2379));
#328=EDGE_LOOP('',(#2380,#2381,#2382,#2383,#2384,#2385));
#329=EDGE_LOOP('',(#2386,#2387,#2388,#2389,#2390,#2391));
#330=EDGE_LOOP('',(#2392,#2393,#2394,#2395));
#331=EDGE_LOOP('',(#2396,#2397,#2398,#2399));
#332=LINE('',#3461,#688);
#333=LINE('',#3463,#689);
#334=LINE('',#3465,#690);
#335=LINE('',#3466,#691);
#336=LINE('',#3470,#692);
#337=LINE('',#3472,#693);
#338=LINE('',#3474,#694);
#339=LINE('',#3475,#695);
#340=LINE('',#3479,#696);
#341=LINE('',#3481,#697);
#342=LINE('',#3483,#698);
#343=LINE('',#3484,#699);
#344=LINE('',#3490,#700);
#345=LINE('',#3492,#701);
#346=LINE('',#3494,#702);
#347=LINE('',#3496,#703);
#348=LINE('',#3498,#704);
#349=LINE('',#3500,#705);
#350=LINE('',#3502,#706);
#351=LINE('',#3504,#707);
#352=LINE('',#3506,#708);
#353=LINE('',#3508,#709);
#354=LINE('',#3510,#710);
#355=LINE('',#3512,#711);
#356=LINE('',#3514,#712);
#357=LINE('',#3516,#713);
#358=LINE('',#3518,#714);
#359=LINE('',#3520,#715);
#360=LINE('',#3522,#716);
#361=LINE('',#3524,#717);
#362=LINE('',#3526,#718);
#363=LINE('',#3528,#719);
#364=LINE('',#3530,#720);
#365=LINE('',#3532,#721);
#366=LINE('',#3534,#722);
#367=LINE('',#3536,#723);
#368=LINE('',#3538,#724);
#369=LINE('',#3540,#725);
#370=LINE('',#3542,#726);
#371=LINE('',#3544,#727);
#372=LINE('',#3546,#728);
#373=LINE('',#3548,#729);
#374=LINE('',#3550,#730);
#375=LINE('',#3551,#731);
#376=LINE('',#3554,#732);
#377=LINE('',#3556,#733);
#378=LINE('',#3557,#734);
#379=LINE('',#3560,#735);
#380=LINE('',#3562,#736);
#381=LINE('',#3563,#737);
#382=LINE('',#3567,#738);
#383=LINE('',#3569,#739);
#384=LINE('',#3571,#740);
#385=LINE('',#3572,#741);
#386=LINE('',#3576,#742);
#387=LINE('',#3577,#743);
#388=LINE('',#3578,#744);
#389=LINE('',#3582,#745);
#390=LINE('',#3584,#746);
#391=LINE('',#3586,#747);
#392=LINE('',#3587,#748);
#393=LINE('',#3593,#749);
#394=LINE('',#3595,#750);
#395=LINE('',#3597,#751);
#396=LINE('',#3599,#752);
#397=LINE('',#3601,#753);
#398=LINE('',#3603,#754);
#399=LINE('',#3605,#755);
#400=LINE('',#3607,#756);
#401=LINE('',#3609,#757);
#402=LINE('',#3611,#758);
#403=LINE('',#3613,#759);
#404=LINE('',#3615,#760);
#405=LINE('',#3617,#761);
#406=LINE('',#3619,#762);
#407=LINE('',#3621,#763);
#408=LINE('',#3623,#764);
#409=LINE('',#3625,#765);
#410=LINE('',#3627,#766);
#411=LINE('',#3629,#767);
#412=LINE('',#3631,#768);
#413=LINE('',#3633,#769);
#414=LINE('',#3635,#770);
#415=LINE('',#3637,#771);
#416=LINE('',#3639,#772);
#417=LINE('',#3641,#773);
#418=LINE('',#3643,#774);
#419=LINE('',#3645,#775);
#420=LINE('',#3647,#776);
#421=LINE('',#3649,#777);
#422=LINE('',#3651,#778);
#423=LINE('',#3653,#779);
#424=LINE('',#3654,#780);
#425=LINE('',#3657,#781);
#426=LINE('',#3659,#782);
#427=LINE('',#3660,#783);
#428=LINE('',#3663,#784);
#429=LINE('',#3664,#785);
#430=LINE('',#3667,#786);
#431=LINE('',#3668,#787);
#432=LINE('',#3671,#788);
#433=LINE('',#3672,#789);
#434=LINE('',#3675,#790);
#435=LINE('',#3676,#791);
#436=LINE('',#3679,#792);
#437=LINE('',#3680,#793);
#438=LINE('',#3683,#794);
#439=LINE('',#3684,#795);
#440=LINE('',#3687,#796);
#441=LINE('',#3688,#797);
#442=LINE('',#3691,#798);
#443=LINE('',#3692,#799);
#444=LINE('',#3695,#800);
#445=LINE('',#3696,#801);
#446=LINE('',#3699,#802);
#447=LINE('',#3700,#803);
#448=LINE('',#3703,#804);
#449=LINE('',#3704,#805);
#450=LINE('',#3707,#806);
#451=LINE('',#3708,#807);
#452=LINE('',#3711,#808);
#453=LINE('',#3712,#809);
#454=LINE('',#3715,#810);
#455=LINE('',#3716,#811);
#456=LINE('',#3719,#812);
#457=LINE('',#3720,#813);
#458=LINE('',#3723,#814);
#459=LINE('',#3725,#815);
#460=LINE('',#3726,#816);
#461=LINE('',#3729,#817);
#462=LINE('',#3730,#818);
#463=LINE('',#3733,#819);
#464=LINE('',#3734,#820);
#465=LINE('',#3737,#821);
#466=LINE('',#3738,#822);
#467=LINE('',#3741,#823);
#468=LINE('',#3742,#824);
#469=LINE('',#3745,#825);
#470=LINE('',#3746,#826);
#471=LINE('',#3749,#827);
#472=LINE('',#3750,#828);
#473=LINE('',#3753,#829);
#474=LINE('',#3754,#830);
#475=LINE('',#3757,#831);
#476=LINE('',#3758,#832);
#477=LINE('',#3761,#833);
#478=LINE('',#3762,#834);
#479=LINE('',#3765,#835);
#480=LINE('',#3766,#836);
#481=LINE('',#3769,#837);
#482=LINE('',#3770,#838);
#483=LINE('',#3773,#839);
#484=LINE('',#3774,#840);
#485=LINE('',#3777,#841);
#486=LINE('',#3778,#842);
#487=LINE('',#3781,#843);
#488=LINE('',#3782,#844);
#489=LINE('',#3785,#845);
#490=LINE('',#3786,#846);
#491=LINE('',#3789,#847);
#492=LINE('',#3790,#848);
#493=LINE('',#3792,#849);
#494=LINE('',#3793,#850);
#495=LINE('',#3796,#851);
#496=LINE('',#3798,#852);
#497=LINE('',#3800,#853);
#498=LINE('',#3802,#854);
#499=LINE('',#3804,#855);
#500=LINE('',#3806,#856);
#501=LINE('',#3808,#857);
#502=LINE('',#3810,#858);
#503=LINE('',#3812,#859);
#504=LINE('',#3814,#860);
#505=LINE('',#3816,#861);
#506=LINE('',#3818,#862);
#507=LINE('',#3820,#863);
#508=LINE('',#3822,#864);
#509=LINE('',#3824,#865);
#510=LINE('',#3826,#866);
#511=LINE('',#3828,#867);
#512=LINE('',#3830,#868);
#513=LINE('',#3832,#869);
#514=LINE('',#3834,#870);
#515=LINE('',#3835,#871);
#516=LINE('',#3837,#872);
#517=LINE('',#3838,#873);
#518=LINE('',#3841,#874);
#519=LINE('',#3842,#875);
#520=LINE('',#3845,#876);
#521=LINE('',#3846,#877);
#522=LINE('',#3849,#878);
#523=LINE('',#3850,#879);
#524=LINE('',#3853,#880);
#525=LINE('',#3854,#881);
#526=LINE('',#3857,#882);
#527=LINE('',#3858,#883);
#528=LINE('',#3861,#884);
#529=LINE('',#3862,#885);
#530=LINE('',#3865,#886);
#531=LINE('',#3866,#887);
#532=LINE('',#3869,#888);
#533=LINE('',#3870,#889);
#534=LINE('',#3873,#890);
#535=LINE('',#3874,#891);
#536=LINE('',#3877,#892);
#537=LINE('',#3878,#893);
#538=LINE('',#3881,#894);
#539=LINE('',#3882,#895);
#540=LINE('',#3885,#896);
#541=LINE('',#3886,#897);
#542=LINE('',#3889,#898);
#543=LINE('',#3890,#899);
#544=LINE('',#3893,#900);
#545=LINE('',#3894,#901);
#546=LINE('',#3897,#902);
#547=LINE('',#3898,#903);
#548=LINE('',#3900,#904);
#549=LINE('',#3903,#905);
#550=LINE('',#3904,#906);
#551=LINE('',#3907,#907);
#552=LINE('',#3908,#908);
#553=LINE('',#3911,#909);
#554=LINE('',#3912,#910);
#555=LINE('',#3915,#911);
#556=LINE('',#3916,#912);
#557=LINE('',#3919,#913);
#558=LINE('',#3920,#914);
#559=LINE('',#3923,#915);
#560=LINE('',#3924,#916);
#561=LINE('',#3927,#917);
#562=LINE('',#3928,#918);
#563=LINE('',#3931,#919);
#564=LINE('',#3932,#920);
#565=LINE('',#3935,#921);
#566=LINE('',#3936,#922);
#567=LINE('',#3939,#923);
#568=LINE('',#3940,#924);
#569=LINE('',#3943,#925);
#570=LINE('',#3944,#926);
#571=LINE('',#3947,#927);
#572=LINE('',#3948,#928);
#573=LINE('',#3951,#929);
#574=LINE('',#3952,#930);
#575=LINE('',#3955,#931);
#576=LINE('',#3956,#932);
#577=LINE('',#3959,#933);
#578=LINE('',#3960,#934);
#579=LINE('',#3962,#935);
#580=LINE('',#3965,#936);
#581=LINE('',#3966,#937);
#582=LINE('',#3969,#938);
#583=LINE('',#3971,#939);
#584=LINE('',#3973,#940);
#585=LINE('',#3975,#941);
#586=LINE('',#3977,#942);
#587=LINE('',#3979,#943);
#588=LINE('',#3981,#944);
#589=LINE('',#3983,#945);
#590=LINE('',#3985,#946);
#591=LINE('',#3987,#947);
#592=LINE('',#3989,#948);
#593=LINE('',#3991,#949);
#594=LINE('',#3993,#950);
#595=LINE('',#3995,#951);
#596=LINE('',#3997,#952);
#597=LINE('',#3999,#953);
#598=LINE('',#4001,#954);
#599=LINE('',#4003,#955);
#600=LINE('',#4005,#956);
#601=LINE('',#4007,#957);
#602=LINE('',#4008,#958);
#603=LINE('',#4009,#959);
#604=LINE('',#4011,#960);
#605=LINE('',#4012,#961);
#606=LINE('',#4015,#962);
#607=LINE('',#4017,#963);
#608=LINE('',#4019,#964);
#609=LINE('',#4021,#965);
#610=LINE('',#4022,#966);
#611=LINE('',#4023,#967);
#612=LINE('',#4026,#968);
#613=LINE('',#4027,#969);
#614=LINE('',#4030,#970);
#615=LINE('',#4032,#971);
#616=LINE('',#4034,#972);
#617=LINE('',#4035,#973);
#618=LINE('',#4037,#974);
#619=LINE('',#4038,#975);
#620=LINE('',#4051,#976);
#621=LINE('',#4052,#977);
#622=LINE('',#4055,#978);
#623=LINE('',#4056,#979);
#624=LINE('',#4058,#980);
#625=LINE('',#4071,#981);
#626=LINE('',#4073,#982);
#627=LINE('',#4075,#983);
#628=LINE('',#4077,#984);
#629=LINE('',#4079,#985);
#630=LINE('',#4084,#986);
#631=LINE('',#4086,#987);
#632=LINE('',#4088,#988);
#633=LINE('',#4089,#989);
#634=LINE('',#4092,#990);
#635=LINE('',#4094,#991);
#636=LINE('',#4095,#992);
#637=LINE('',#4098,#993);
#638=LINE('',#4100,#994);
#639=LINE('',#4101,#995);
#640=LINE('',#4104,#996);
#641=LINE('',#4106,#997);
#642=LINE('',#4107,#998);
#643=LINE('',#4110,#999);
#644=LINE('',#4112,#1000);
#645=LINE('',#4113,#1001);
#646=LINE('',#4115,#1002);
#647=LINE('',#4116,#1003);
#648=LINE('',#4123,#1004);
#649=LINE('',#4125,#1005);
#650=LINE('',#4127,#1006);
#651=LINE('',#4128,#1007);
#652=LINE('',#4131,#1008);
#653=LINE('',#4133,#1009);
#654=LINE('',#4134,#1010);
#655=LINE('',#4137,#1011);
#656=LINE('',#4139,#1012);
#657=LINE('',#4140,#1013);
#658=LINE('',#4143,#1014);
#659=LINE('',#4145,#1015);
#660=LINE('',#4146,#1016);
#661=LINE('',#4149,#1017);
#662=LINE('',#4151,#1018);
#663=LINE('',#4152,#1019);
#664=LINE('',#4154,#1020);
#665=LINE('',#4155,#1021);
#666=LINE('',#4160,#1022);
#667=LINE('',#4162,#1023);
#668=LINE('',#4164,#1024);
#669=LINE('',#4166,#1025);
#670=LINE('',#4168,#1026);
#671=LINE('',#4170,#1027);
#672=LINE('',#4172,#1028);
#673=LINE('',#4174,#1029);
#674=LINE('',#4175,#1030);
#675=LINE('',#4177,#1031);
#676=LINE('',#4179,#1032);
#677=LINE('',#4180,#1033);
#678=LINE('',#4182,#1034);
#679=LINE('',#4183,#1035);
#680=LINE('',#4185,#1036);
#681=LINE('',#4187,#1037);
#682=LINE('',#4189,#1038);
#683=LINE('',#4191,#1039);
#684=LINE('',#4193,#1040);
#685=LINE('',#4195,#1041);
#686=LINE('',#4196,#1042);
#687=LINE('',#4199,#1043);
#688=VECTOR('',#2815,10.);
#689=VECTOR('',#2816,10.);
#690=VECTOR('',#2817,10.);
#691=VECTOR('',#2818,10.);
#692=VECTOR('',#2821,10.);
#693=VECTOR('',#2822,10.);
#694=VECTOR('',#2823,10.);
#695=VECTOR('',#2824,10.);
#696=VECTOR('',#2827,10.);
#697=VECTOR('',#2828,10.);
#698=VECTOR('',#2829,10.);
#699=VECTOR('',#2830,10.);
#700=VECTOR('',#2835,10.);
#701=VECTOR('',#2836,10.);
#702=VECTOR('',#2837,10.);
#703=VECTOR('',#2838,10.);
#704=VECTOR('',#2839,10.);
#705=VECTOR('',#2840,10.);
#706=VECTOR('',#2841,10.);
#707=VECTOR('',#2842,10.);
#708=VECTOR('',#2843,10.);
#709=VECTOR('',#2844,10.);
#710=VECTOR('',#2845,10.);
#711=VECTOR('',#2846,10.);
#712=VECTOR('',#2847,10.);
#713=VECTOR('',#2848,10.);
#714=VECTOR('',#2849,10.);
#715=VECTOR('',#2850,10.);
#716=VECTOR('',#2851,10.);
#717=VECTOR('',#2852,10.);
#718=VECTOR('',#2853,10.);
#719=VECTOR('',#2854,10.);
#720=VECTOR('',#2855,10.);
#721=VECTOR('',#2856,10.);
#722=VECTOR('',#2857,10.);
#723=VECTOR('',#2858,10.);
#724=VECTOR('',#2859,10.);
#725=VECTOR('',#2860,10.);
#726=VECTOR('',#2861,10.);
#727=VECTOR('',#2862,10.);
#728=VECTOR('',#2863,10.);
#729=VECTOR('',#2864,10.);
#730=VECTOR('',#2865,10.);
#731=VECTOR('',#2866,10.);
#732=VECTOR('',#2869,10.);
#733=VECTOR('',#2870,10.);
#734=VECTOR('',#2871,10.);
#735=VECTOR('',#2874,10.);
#736=VECTOR('',#2875,10.);
#737=VECTOR('',#2876,10.);
#738=VECTOR('',#2879,10.);
#739=VECTOR('',#2880,10.);
#740=VECTOR('',#2881,10.);
#741=VECTOR('',#2882,10.);
#742=VECTOR('',#2885,10.);
#743=VECTOR('',#2886,10.);
#744=VECTOR('',#2887,10.);
#745=VECTOR('',#2890,10.);
#746=VECTOR('',#2891,10.);
#747=VECTOR('',#2892,10.);
#748=VECTOR('',#2893,10.);
#749=VECTOR('',#2898,10.);
#750=VECTOR('',#2899,10.);
#751=VECTOR('',#2900,10.);
#752=VECTOR('',#2901,10.);
#753=VECTOR('',#2902,10.);
#754=VECTOR('',#2903,10.);
#755=VECTOR('',#2904,10.);
#756=VECTOR('',#2905,10.);
#757=VECTOR('',#2906,10.);
#758=VECTOR('',#2907,10.);
#759=VECTOR('',#2908,10.);
#760=VECTOR('',#2909,10.);
#761=VECTOR('',#2910,10.);
#762=VECTOR('',#2911,10.);
#763=VECTOR('',#2912,10.);
#764=VECTOR('',#2913,10.);
#765=VECTOR('',#2914,10.);
#766=VECTOR('',#2915,10.);
#767=VECTOR('',#2916,10.);
#768=VECTOR('',#2917,10.);
#769=VECTOR('',#2918,10.);
#770=VECTOR('',#2919,10.);
#771=VECTOR('',#2920,10.);
#772=VECTOR('',#2921,10.);
#773=VECTOR('',#2922,10.);
#774=VECTOR('',#2923,10.);
#775=VECTOR('',#2924,10.);
#776=VECTOR('',#2925,10.);
#777=VECTOR('',#2926,10.);
#778=VECTOR('',#2927,10.);
#779=VECTOR('',#2928,10.);
#780=VECTOR('',#2929,10.);
#781=VECTOR('',#2932,10.);
#782=VECTOR('',#2933,10.);
#783=VECTOR('',#2934,10.);
#784=VECTOR('',#2937,10.);
#785=VECTOR('',#2938,10.);
#786=VECTOR('',#2941,10.);
#787=VECTOR('',#2942,10.);
#788=VECTOR('',#2945,10.);
#789=VECTOR('',#2946,10.);
#790=VECTOR('',#2949,10.);
#791=VECTOR('',#2950,10.);
#792=VECTOR('',#2953,10.);
#793=VECTOR('',#2954,10.);
#794=VECTOR('',#2957,10.);
#795=VECTOR('',#2958,10.);
#796=VECTOR('',#2961,10.);
#797=VECTOR('',#2962,10.);
#798=VECTOR('',#2965,10.);
#799=VECTOR('',#2966,10.);
#800=VECTOR('',#2969,10.);
#801=VECTOR('',#2970,10.);
#802=VECTOR('',#2973,10.);
#803=VECTOR('',#2974,10.);
#804=VECTOR('',#2977,10.);
#805=VECTOR('',#2978,10.);
#806=VECTOR('',#2981,10.);
#807=VECTOR('',#2982,10.);
#808=VECTOR('',#2985,10.);
#809=VECTOR('',#2986,10.);
#810=VECTOR('',#2989,10.);
#811=VECTOR('',#2990,10.);
#812=VECTOR('',#2993,10.);
#813=VECTOR('',#2994,10.);
#814=VECTOR('',#2997,10.);
#815=VECTOR('',#2998,10.);
#816=VECTOR('',#2999,10.);
#817=VECTOR('',#3002,10.);
#818=VECTOR('',#3003,10.);
#819=VECTOR('',#3006,10.);
#820=VECTOR('',#3007,10.);
#821=VECTOR('',#3010,10.);
#822=VECTOR('',#3011,10.);
#823=VECTOR('',#3014,10.);
#824=VECTOR('',#3015,10.);
#825=VECTOR('',#3018,10.);
#826=VECTOR('',#3019,10.);
#827=VECTOR('',#3022,10.);
#828=VECTOR('',#3023,10.);
#829=VECTOR('',#3026,10.);
#830=VECTOR('',#3027,10.);
#831=VECTOR('',#3030,10.);
#832=VECTOR('',#3031,10.);
#833=VECTOR('',#3034,10.);
#834=VECTOR('',#3035,10.);
#835=VECTOR('',#3038,10.);
#836=VECTOR('',#3039,10.);
#837=VECTOR('',#3042,10.);
#838=VECTOR('',#3043,10.);
#839=VECTOR('',#3046,10.);
#840=VECTOR('',#3047,10.);
#841=VECTOR('',#3050,10.);
#842=VECTOR('',#3051,10.);
#843=VECTOR('',#3054,10.);
#844=VECTOR('',#3055,10.);
#845=VECTOR('',#3058,10.);
#846=VECTOR('',#3059,10.);
#847=VECTOR('',#3062,10.);
#848=VECTOR('',#3063,10.);
#849=VECTOR('',#3064,10.);
#850=VECTOR('',#3065,10.);
#851=VECTOR('',#3068,10.);
#852=VECTOR('',#3069,10.);
#853=VECTOR('',#3070,10.);
#854=VECTOR('',#3071,10.);
#855=VECTOR('',#3072,10.);
#856=VECTOR('',#3073,10.);
#857=VECTOR('',#3074,10.);
#858=VECTOR('',#3075,10.);
#859=VECTOR('',#3076,10.);
#860=VECTOR('',#3077,10.);
#861=VECTOR('',#3078,10.);
#862=VECTOR('',#3079,10.);
#863=VECTOR('',#3080,10.);
#864=VECTOR('',#3081,10.);
#865=VECTOR('',#3082,10.);
#866=VECTOR('',#3083,10.);
#867=VECTOR('',#3084,10.);
#868=VECTOR('',#3085,10.);
#869=VECTOR('',#3086,10.);
#870=VECTOR('',#3087,10.);
#871=VECTOR('',#3088,10.);
#872=VECTOR('',#3089,10.);
#873=VECTOR('',#3090,10.);
#874=VECTOR('',#3093,10.);
#875=VECTOR('',#3094,10.);
#876=VECTOR('',#3097,10.);
#877=VECTOR('',#3098,10.);
#878=VECTOR('',#3101,10.);
#879=VECTOR('',#3102,10.);
#880=VECTOR('',#3105,10.);
#881=VECTOR('',#3106,10.);
#882=VECTOR('',#3109,10.);
#883=VECTOR('',#3110,10.);
#884=VECTOR('',#3113,10.);
#885=VECTOR('',#3114,10.);
#886=VECTOR('',#3117,10.);
#887=VECTOR('',#3118,10.);
#888=VECTOR('',#3121,10.);
#889=VECTOR('',#3122,10.);
#890=VECTOR('',#3125,10.);
#891=VECTOR('',#3126,10.);
#892=VECTOR('',#3129,10.);
#893=VECTOR('',#3130,10.);
#894=VECTOR('',#3133,10.);
#895=VECTOR('',#3134,10.);
#896=VECTOR('',#3137,10.);
#897=VECTOR('',#3138,10.);
#898=VECTOR('',#3141,10.);
#899=VECTOR('',#3142,10.);
#900=VECTOR('',#3145,10.);
#901=VECTOR('',#3146,10.);
#902=VECTOR('',#3149,10.);
#903=VECTOR('',#3150,10.);
#904=VECTOR('',#3153,10.);
#905=VECTOR('',#3156,10.);
#906=VECTOR('',#3157,10.);
#907=VECTOR('',#3160,10.);
#908=VECTOR('',#3161,10.);
#909=VECTOR('',#3164,10.);
#910=VECTOR('',#3165,10.);
#911=VECTOR('',#3168,10.);
#912=VECTOR('',#3169,10.);
#913=VECTOR('',#3172,10.);
#914=VECTOR('',#3173,10.);
#915=VECTOR('',#3176,10.);
#916=VECTOR('',#3177,10.);
#917=VECTOR('',#3180,10.);
#918=VECTOR('',#3181,10.);
#919=VECTOR('',#3184,10.);
#920=VECTOR('',#3185,10.);
#921=VECTOR('',#3188,10.);
#922=VECTOR('',#3189,10.);
#923=VECTOR('',#3192,10.);
#924=VECTOR('',#3193,10.);
#925=VECTOR('',#3196,10.);
#926=VECTOR('',#3197,10.);
#927=VECTOR('',#3200,10.);
#928=VECTOR('',#3201,10.);
#929=VECTOR('',#3204,10.);
#930=VECTOR('',#3205,10.);
#931=VECTOR('',#3208,10.);
#932=VECTOR('',#3209,10.);
#933=VECTOR('',#3212,10.);
#934=VECTOR('',#3213,10.);
#935=VECTOR('',#3216,10.);
#936=VECTOR('',#3219,10.);
#937=VECTOR('',#3220,10.);
#938=VECTOR('',#3223,10.);
#939=VECTOR('',#3224,10.);
#940=VECTOR('',#3225,10.);
#941=VECTOR('',#3226,10.);
#942=VECTOR('',#3227,10.);
#943=VECTOR('',#3228,10.);
#944=VECTOR('',#3229,10.);
#945=VECTOR('',#3230,10.);
#946=VECTOR('',#3231,10.);
#947=VECTOR('',#3232,10.);
#948=VECTOR('',#3233,10.);
#949=VECTOR('',#3234,10.);
#950=VECTOR('',#3235,10.);
#951=VECTOR('',#3236,10.);
#952=VECTOR('',#3237,10.);
#953=VECTOR('',#3238,10.);
#954=VECTOR('',#3239,10.);
#955=VECTOR('',#3240,10.);
#956=VECTOR('',#3241,10.);
#957=VECTOR('',#3242,10.);
#958=VECTOR('',#3243,10.);
#959=VECTOR('',#3244,10.);
#960=VECTOR('',#3247,10.);
#961=VECTOR('',#3248,10.);
#962=VECTOR('',#3251,10.);
#963=VECTOR('',#3252,10.);
#964=VECTOR('',#3253,10.);
#965=VECTOR('',#3254,10.);
#966=VECTOR('',#3255,10.);
#967=VECTOR('',#3256,10.);
#968=VECTOR('',#3259,10.);
#969=VECTOR('',#3260,10.);
#970=VECTOR('',#3263,10.);
#971=VECTOR('',#3264,10.);
#972=VECTOR('',#3265,10.);
#973=VECTOR('',#3266,10.);
#974=VECTOR('',#3269,10.);
#975=VECTOR('',#3270,10.);
#976=VECTOR('',#3283,10.);
#977=VECTOR('',#3284,10.);
#978=VECTOR('',#3287,10.);
#979=VECTOR('',#3288,10.);
#980=VECTOR('',#3291,10.);
#981=VECTOR('',#3306,22.5);
#982=VECTOR('',#3309,2.6);
#983=VECTOR('',#3312,2.6);
#984=VECTOR('',#3315,2.6);
#985=VECTOR('',#3318,2.6);
#986=VECTOR('',#3323,10.);
#987=VECTOR('',#3324,10.);
#988=VECTOR('',#3325,10.);
#989=VECTOR('',#3326,10.);
#990=VECTOR('',#3329,10.);
#991=VECTOR('',#3330,10.);
#992=VECTOR('',#3331,10.);
#993=VECTOR('',#3334,10.);
#994=VECTOR('',#3335,10.);
#995=VECTOR('',#3336,10.);
#996=VECTOR('',#3339,10.);
#997=VECTOR('',#3340,10.);
#998=VECTOR('',#3341,10.);
#999=VECTOR('',#3344,10.);
#1000=VECTOR('',#3345,10.);
#1001=VECTOR('',#3346,10.);
#1002=VECTOR('',#3349,10.);
#1003=VECTOR('',#3350,10.);
#1004=VECTOR('',#3357,10.);
#1005=VECTOR('',#3358,10.);
#1006=VECTOR('',#3359,10.);
#1007=VECTOR('',#3360,10.);
#1008=VECTOR('',#3363,10.);
#1009=VECTOR('',#3364,10.);
#1010=VECTOR('',#3365,10.);
#1011=VECTOR('',#3368,10.);
#1012=VECTOR('',#3369,10.);
#1013=VECTOR('',#3370,10.);
#1014=VECTOR('',#3373,10.);
#1015=VECTOR('',#3374,10.);
#1016=VECTOR('',#3375,10.);
#1017=VECTOR('',#3378,10.);
#1018=VECTOR('',#3379,10.);
#1019=VECTOR('',#3380,10.);
#1020=VECTOR('',#3383,10.);
#1021=VECTOR('',#3384,10.);
#1022=VECTOR('',#3391,1.65);
#1023=VECTOR('',#3394,1.65);
#1024=VECTOR('',#3397,10.);
#1025=VECTOR('',#3400,10.);
#1026=VECTOR('',#3403,10.);
#1027=VECTOR('',#3406,10.);
#1028=VECTOR('',#3409,10.);
#1029=VECTOR('',#3412,10.);
#1030=VECTOR('',#3413,10.);
#1031=VECTOR('',#3416,10.);
#1032=VECTOR('',#3419,10.);
#1033=VECTOR('',#3420,10.);
#1034=VECTOR('',#3423,10.);
#1035=VECTOR('',#3424,10.);
#1036=VECTOR('',#3427,10.);
#1037=VECTOR('',#3430,10.);
#1038=VECTOR('',#3433,10.);
#1039=VECTOR('',#3436,10.);
#1040=VECTOR('',#3439,10.);
#1041=VECTOR('',#3442,10.);
#1042=VECTOR('',#3443,10.);
#1043=VECTOR('',#3448,10.);
#1044=VERTEX_POINT('',#3459);
#1045=VERTEX_POINT('',#3460);
#1046=VERTEX_POINT('',#3462);
#1047=VERTEX_POINT('',#3464);
#1048=VERTEX_POINT('',#3468);
#1049=VERTEX_POINT('',#3469);
#1050=VERTEX_POINT('',#3471);
#1051=VERTEX_POINT('',#3473);
#1052=VERTEX_POINT('',#3477);
#1053=VERTEX_POINT('',#3478);
#1054=VERTEX_POINT('',#3480);
#1055=VERTEX_POINT('',#3482);
#1056=VERTEX_POINT('',#3486);
#1057=VERTEX_POINT('',#3488);
#1058=VERTEX_POINT('',#3489);
#1059=VERTEX_POINT('',#3491);
#1060=VERTEX_POINT('',#3493);
#1061=VERTEX_POINT('',#3495);
#1062=VERTEX_POINT('',#3497);
#1063=VERTEX_POINT('',#3499);
#1064=VERTEX_POINT('',#3501);
#1065=VERTEX_POINT('',#3503);
#1066=VERTEX_POINT('',#3505);
#1067=VERTEX_POINT('',#3507);
#1068=VERTEX_POINT('',#3509);
#1069=VERTEX_POINT('',#3511);
#1070=VERTEX_POINT('',#3513);
#1071=VERTEX_POINT('',#3515);
#1072=VERTEX_POINT('',#3517);
#1073=VERTEX_POINT('',#3519);
#1074=VERTEX_POINT('',#3521);
#1075=VERTEX_POINT('',#3523);
#1076=VERTEX_POINT('',#3525);
#1077=VERTEX_POINT('',#3527);
#1078=VERTEX_POINT('',#3529);
#1079=VERTEX_POINT('',#3531);
#1080=VERTEX_POINT('',#3533);
#1081=VERTEX_POINT('',#3535);
#1082=VERTEX_POINT('',#3537);
#1083=VERTEX_POINT('',#3539);
#1084=VERTEX_POINT('',#3541);
#1085=VERTEX_POINT('',#3543);
#1086=VERTEX_POINT('',#3545);
#1087=VERTEX_POINT('',#3547);
#1088=VERTEX_POINT('',#3549);
#1089=VERTEX_POINT('',#3553);
#1090=VERTEX_POINT('',#3555);
#1091=VERTEX_POINT('',#3559);
#1092=VERTEX_POINT('',#3561);
#1093=VERTEX_POINT('',#3565);
#1094=VERTEX_POINT('',#3566);
#1095=VERTEX_POINT('',#3568);
#1096=VERTEX_POINT('',#3570);
#1097=VERTEX_POINT('',#3574);
#1098=VERTEX_POINT('',#3575);
#1099=VERTEX_POINT('',#3580);
#1100=VERTEX_POINT('',#3581);
#1101=VERTEX_POINT('',#3583);
#1102=VERTEX_POINT('',#3585);
#1103=VERTEX_POINT('',#3589);
#1104=VERTEX_POINT('',#3591);
#1105=VERTEX_POINT('',#3592);
#1106=VERTEX_POINT('',#3594);
#1107=VERTEX_POINT('',#3596);
#1108=VERTEX_POINT('',#3598);
#1109=VERTEX_POINT('',#3600);
#1110=VERTEX_POINT('',#3602);
#1111=VERTEX_POINT('',#3604);
#1112=VERTEX_POINT('',#3606);
#1113=VERTEX_POINT('',#3608);
#1114=VERTEX_POINT('',#3610);
#1115=VERTEX_POINT('',#3612);
#1116=VERTEX_POINT('',#3614);
#1117=VERTEX_POINT('',#3616);
#1118=VERTEX_POINT('',#3618);
#1119=VERTEX_POINT('',#3620);
#1120=VERTEX_POINT('',#3622);
#1121=VERTEX_POINT('',#3624);
#1122=VERTEX_POINT('',#3626);
#1123=VERTEX_POINT('',#3628);
#1124=VERTEX_POINT('',#3630);
#1125=VERTEX_POINT('',#3632);
#1126=VERTEX_POINT('',#3634);
#1127=VERTEX_POINT('',#3636);
#1128=VERTEX_POINT('',#3638);
#1129=VERTEX_POINT('',#3640);
#1130=VERTEX_POINT('',#3642);
#1131=VERTEX_POINT('',#3644);
#1132=VERTEX_POINT('',#3646);
#1133=VERTEX_POINT('',#3648);
#1134=VERTEX_POINT('',#3650);
#1135=VERTEX_POINT('',#3652);
#1136=VERTEX_POINT('',#3656);
#1137=VERTEX_POINT('',#3658);
#1138=VERTEX_POINT('',#3662);
#1139=VERTEX_POINT('',#3666);
#1140=VERTEX_POINT('',#3670);
#1141=VERTEX_POINT('',#3674);
#1142=VERTEX_POINT('',#3678);
#1143=VERTEX_POINT('',#3682);
#1144=VERTEX_POINT('',#3686);
#1145=VERTEX_POINT('',#3690);
#1146=VERTEX_POINT('',#3694);
#1147=VERTEX_POINT('',#3698);
#1148=VERTEX_POINT('',#3702);
#1149=VERTEX_POINT('',#3706);
#1150=VERTEX_POINT('',#3710);
#1151=VERTEX_POINT('',#3714);
#1152=VERTEX_POINT('',#3718);
#1153=VERTEX_POINT('',#3722);
#1154=VERTEX_POINT('',#3724);
#1155=VERTEX_POINT('',#3728);
#1156=VERTEX_POINT('',#3732);
#1157=VERTEX_POINT('',#3736);
#1158=VERTEX_POINT('',#3740);
#1159=VERTEX_POINT('',#3744);
#1160=VERTEX_POINT('',#3748);
#1161=VERTEX_POINT('',#3752);
#1162=VERTEX_POINT('',#3756);
#1163=VERTEX_POINT('',#3760);
#1164=VERTEX_POINT('',#3764);
#1165=VERTEX_POINT('',#3768);
#1166=VERTEX_POINT('',#3772);
#1167=VERTEX_POINT('',#3776);
#1168=VERTEX_POINT('',#3780);
#1169=VERTEX_POINT('',#3784);
#1170=VERTEX_POINT('',#3788);
#1171=VERTEX_POINT('',#3791);
#1172=VERTEX_POINT('',#3795);
#1173=VERTEX_POINT('',#3797);
#1174=VERTEX_POINT('',#3799);
#1175=VERTEX_POINT('',#3801);
#1176=VERTEX_POINT('',#3803);
#1177=VERTEX_POINT('',#3805);
#1178=VERTEX_POINT('',#3807);
#1179=VERTEX_POINT('',#3809);
#1180=VERTEX_POINT('',#3811);
#1181=VERTEX_POINT('',#3813);
#1182=VERTEX_POINT('',#3815);
#1183=VERTEX_POINT('',#3817);
#1184=VERTEX_POINT('',#3819);
#1185=VERTEX_POINT('',#3821);
#1186=VERTEX_POINT('',#3823);
#1187=VERTEX_POINT('',#3825);
#1188=VERTEX_POINT('',#3827);
#1189=VERTEX_POINT('',#3829);
#1190=VERTEX_POINT('',#3831);
#1191=VERTEX_POINT('',#3833);
#1192=VERTEX_POINT('',#3836);
#1193=VERTEX_POINT('',#3840);
#1194=VERTEX_POINT('',#3844);
#1195=VERTEX_POINT('',#3848);
#1196=VERTEX_POINT('',#3852);
#1197=VERTEX_POINT('',#3856);
#1198=VERTEX_POINT('',#3860);
#1199=VERTEX_POINT('',#3864);
#1200=VERTEX_POINT('',#3868);
#1201=VERTEX_POINT('',#3872);
#1202=VERTEX_POINT('',#3876);
#1203=VERTEX_POINT('',#3880);
#1204=VERTEX_POINT('',#3884);
#1205=VERTEX_POINT('',#3888);
#1206=VERTEX_POINT('',#3892);
#1207=VERTEX_POINT('',#3896);
#1208=VERTEX_POINT('',#3902);
#1209=VERTEX_POINT('',#3906);
#1210=VERTEX_POINT('',#3910);
#1211=VERTEX_POINT('',#3914);
#1212=VERTEX_POINT('',#3918);
#1213=VERTEX_POINT('',#3922);
#1214=VERTEX_POINT('',#3926);
#1215=VERTEX_POINT('',#3930);
#1216=VERTEX_POINT('',#3934);
#1217=VERTEX_POINT('',#3938);
#1218=VERTEX_POINT('',#3942);
#1219=VERTEX_POINT('',#3946);
#1220=VERTEX_POINT('',#3950);
#1221=VERTEX_POINT('',#3954);
#1222=VERTEX_POINT('',#3958);
#1223=VERTEX_POINT('',#3964);
#1224=VERTEX_POINT('',#3968);
#1225=VERTEX_POINT('',#3970);
#1226=VERTEX_POINT('',#3972);
#1227=VERTEX_POINT('',#3974);
#1228=VERTEX_POINT('',#3976);
#1229=VERTEX_POINT('',#3978);
#1230=VERTEX_POINT('',#3980);
#1231=VERTEX_POINT('',#3982);
#1232=VERTEX_POINT('',#3984);
#1233=VERTEX_POINT('',#3986);
#1234=VERTEX_POINT('',#3988);
#1235=VERTEX_POINT('',#3990);
#1236=VERTEX_POINT('',#3992);
#1237=VERTEX_POINT('',#3994);
#1238=VERTEX_POINT('',#3996);
#1239=VERTEX_POINT('',#3998);
#1240=VERTEX_POINT('',#4000);
#1241=VERTEX_POINT('',#4002);
#1242=VERTEX_POINT('',#4004);
#1243=VERTEX_POINT('',#4006);
#1244=VERTEX_POINT('',#4014);
#1245=VERTEX_POINT('',#4016);
#1246=VERTEX_POINT('',#4018);
#1247=VERTEX_POINT('',#4020);
#1248=VERTEX_POINT('',#4025);
#1249=VERTEX_POINT('',#4029);
#1250=VERTEX_POINT('',#4031);
#1251=VERTEX_POINT('',#4033);
#1252=VERTEX_POINT('',#4039);
#1253=VERTEX_POINT('',#4041);
#1254=VERTEX_POINT('',#4043);
#1255=VERTEX_POINT('',#4045);
#1256=VERTEX_POINT('',#4047);
#1257=VERTEX_POINT('',#4050);
#1258=VERTEX_POINT('',#4054);
#1259=VERTEX_POINT('',#4060);
#1260=VERTEX_POINT('',#4062);
#1261=VERTEX_POINT('',#4064);
#1262=VERTEX_POINT('',#4066);
#1263=VERTEX_POINT('',#4068);
#1264=VERTEX_POINT('',#4082);
#1265=VERTEX_POINT('',#4083);
#1266=VERTEX_POINT('',#4085);
#1267=VERTEX_POINT('',#4087);
#1268=VERTEX_POINT('',#4091);
#1269=VERTEX_POINT('',#4093);
#1270=VERTEX_POINT('',#4097);
#1271=VERTEX_POINT('',#4099);
#1272=VERTEX_POINT('',#4103);
#1273=VERTEX_POINT('',#4105);
#1274=VERTEX_POINT('',#4109);
#1275=VERTEX_POINT('',#4111);
#1276=VERTEX_POINT('',#4118);
#1277=VERTEX_POINT('',#4121);
#1278=VERTEX_POINT('',#4122);
#1279=VERTEX_POINT('',#4124);
#1280=VERTEX_POINT('',#4126);
#1281=VERTEX_POINT('',#4130);
#1282=VERTEX_POINT('',#4132);
#1283=VERTEX_POINT('',#4136);
#1284=VERTEX_POINT('',#4138);
#1285=VERTEX_POINT('',#4142);
#1286=VERTEX_POINT('',#4144);
#1287=VERTEX_POINT('',#4148);
#1288=VERTEX_POINT('',#4150);
#1289=VERTEX_POINT('',#4157);
#1290=EDGE_CURVE('',#1044,#1045,#332,.T.);
#1291=EDGE_CURVE('',#1045,#1046,#333,.T.);
#1292=EDGE_CURVE('',#1046,#1047,#334,.T.);
#1293=EDGE_CURVE('',#1047,#1044,#335,.T.);
#1294=EDGE_CURVE('',#1048,#1049,#336,.T.);
#1295=EDGE_CURVE('',#1050,#1048,#337,.T.);
#1296=EDGE_CURVE('',#1050,#1051,#338,.T.);
#1297=EDGE_CURVE('',#1051,#1049,#339,.T.);
#1298=EDGE_CURVE('',#1052,#1053,#340,.T.);
#1299=EDGE_CURVE('',#1054,#1052,#341,.T.);
#1300=EDGE_CURVE('',#1054,#1055,#342,.T.);
#1301=EDGE_CURVE('',#1055,#1053,#343,.T.);
#1302=EDGE_CURVE('',#1056,#1056,#40,.T.);
#1303=EDGE_CURVE('',#1057,#1058,#344,.T.);
#1304=EDGE_CURVE('',#1059,#1057,#345,.T.);
#1305=EDGE_CURVE('',#1060,#1059,#346,.T.);
#1306=EDGE_CURVE('',#1061,#1060,#347,.T.);
#1307=EDGE_CURVE('',#1062,#1061,#348,.T.);
#1308=EDGE_CURVE('',#1063,#1062,#349,.T.);
#1309=EDGE_CURVE('',#1064,#1063,#350,.T.);
#1310=EDGE_CURVE('',#1065,#1064,#351,.T.);
#1311=EDGE_CURVE('',#1066,#1065,#352,.T.);
#1312=EDGE_CURVE('',#1067,#1066,#353,.T.);
#1313=EDGE_CURVE('',#1068,#1067,#354,.T.);
#1314=EDGE_CURVE('',#1069,#1068,#355,.T.);
#1315=EDGE_CURVE('',#1070,#1069,#356,.T.);
#1316=EDGE_CURVE('',#1071,#1070,#357,.T.);
#1317=EDGE_CURVE('',#1072,#1071,#358,.T.);
#1318=EDGE_CURVE('',#1073,#1072,#359,.T.);
#1319=EDGE_CURVE('',#1074,#1073,#360,.T.);
#1320=EDGE_CURVE('',#1075,#1074,#361,.T.);
#1321=EDGE_CURVE('',#1076,#1075,#362,.T.);
#1322=EDGE_CURVE('',#1077,#1076,#363,.T.);
#1323=EDGE_CURVE('',#1078,#1077,#364,.T.);
#1324=EDGE_CURVE('',#1079,#1078,#365,.T.);
#1325=EDGE_CURVE('',#1080,#1079,#366,.T.);
#1326=EDGE_CURVE('',#1081,#1080,#367,.T.);
#1327=EDGE_CURVE('',#1082,#1081,#368,.T.);
#1328=EDGE_CURVE('',#1083,#1082,#369,.T.);
#1329=EDGE_CURVE('',#1084,#1083,#370,.T.);
#1330=EDGE_CURVE('',#1085,#1084,#371,.T.);
#1331=EDGE_CURVE('',#1086,#1085,#372,.T.);
#1332=EDGE_CURVE('',#1087,#1086,#373,.T.);
#1333=EDGE_CURVE('',#1088,#1087,#374,.T.);
#1334=EDGE_CURVE('',#1058,#1088,#375,.T.);
#1335=EDGE_CURVE('',#1089,#1049,#376,.T.);
#1336=EDGE_CURVE('',#1090,#1089,#377,.F.);
#1337=EDGE_CURVE('',#1048,#1090,#378,.T.);
#1338=EDGE_CURVE('',#1091,#1053,#379,.T.);
#1339=EDGE_CURVE('',#1092,#1091,#380,.F.);
#1340=EDGE_CURVE('',#1052,#1092,#381,.T.);
#1341=EDGE_CURVE('',#1093,#1094,#382,.T.);
#1342=EDGE_CURVE('',#1093,#1095,#383,.T.);
#1343=EDGE_CURVE('',#1096,#1095,#384,.T.);
#1344=EDGE_CURVE('',#1096,#1094,#385,.T.);
#1345=EDGE_CURVE('',#1097,#1098,#386,.F.);
#1346=EDGE_CURVE('',#1098,#1096,#387,.T.);
#1347=EDGE_CURVE('',#1095,#1097,#388,.T.);
#1348=EDGE_CURVE('',#1099,#1100,#389,.T.);
#1349=EDGE_CURVE('',#1099,#1101,#390,.T.);
#1350=EDGE_CURVE('',#1102,#1101,#391,.T.);
#1351=EDGE_CURVE('',#1102,#1100,#392,.T.);
#1352=EDGE_CURVE('',#1103,#1103,#41,.T.);
#1353=EDGE_CURVE('',#1104,#1105,#393,.T.);
#1354=EDGE_CURVE('',#1106,#1104,#394,.T.);
#1355=EDGE_CURVE('',#1107,#1106,#395,.T.);
#1356=EDGE_CURVE('',#1108,#1107,#396,.T.);
#1357=EDGE_CURVE('',#1109,#1108,#397,.T.);
#1358=EDGE_CURVE('',#1110,#1109,#398,.T.);
#1359=EDGE_CURVE('',#1111,#1110,#399,.T.);
#1360=EDGE_CURVE('',#1112,#1111,#400,.T.);
#1361=EDGE_CURVE('',#1113,#1112,#401,.T.);
#1362=EDGE_CURVE('',#1114,#1113,#402,.T.);
#1363=EDGE_CURVE('',#1115,#1114,#403,.T.);
#1364=EDGE_CURVE('',#1116,#1115,#404,.T.);
#1365=EDGE_CURVE('',#1117,#1116,#405,.T.);
#1366=EDGE_CURVE('',#1118,#1117,#406,.T.);
#1367=EDGE_CURVE('',#1119,#1118,#407,.T.);
#1368=EDGE_CURVE('',#1120,#1119,#408,.T.);
#1369=EDGE_CURVE('',#1121,#1120,#409,.T.);
#1370=EDGE_CURVE('',#1122,#1121,#410,.T.);
#1371=EDGE_CURVE('',#1123,#1122,#411,.T.);
#1372=EDGE_CURVE('',#1124,#1123,#412,.T.);
#1373=EDGE_CURVE('',#1125,#1124,#413,.T.);
#1374=EDGE_CURVE('',#1126,#1125,#414,.T.);
#1375=EDGE_CURVE('',#1127,#1126,#415,.T.);
#1376=EDGE_CURVE('',#1128,#1127,#416,.T.);
#1377=EDGE_CURVE('',#1129,#1128,#417,.T.);
#1378=EDGE_CURVE('',#1130,#1129,#418,.T.);
#1379=EDGE_CURVE('',#1131,#1130,#419,.T.);
#1380=EDGE_CURVE('',#1132,#1131,#420,.T.);
#1381=EDGE_CURVE('',#1133,#1132,#421,.T.);
#1382=EDGE_CURVE('',#1134,#1133,#422,.T.);
#1383=EDGE_CURVE('',#1135,#1134,#423,.T.);
#1384=EDGE_CURVE('',#1105,#1135,#424,.T.);
#1385=EDGE_CURVE('',#1120,#1136,#425,.T.);
#1386=EDGE_CURVE('',#1137,#1136,#426,.T.);
#1387=EDGE_CURVE('',#1121,#1137,#427,.T.);
#1388=EDGE_CURVE('',#1119,#1138,#428,.T.);
#1389=EDGE_CURVE('',#1136,#1138,#429,.T.);
#1390=EDGE_CURVE('',#1118,#1139,#430,.T.);
#1391=EDGE_CURVE('',#1138,#1139,#431,.T.);
#1392=EDGE_CURVE('',#1117,#1140,#432,.T.);
#1393=EDGE_CURVE('',#1139,#1140,#433,.T.);
#1394=EDGE_CURVE('',#1116,#1141,#434,.T.);
#1395=EDGE_CURVE('',#1140,#1141,#435,.T.);
#1396=EDGE_CURVE('',#1115,#1142,#436,.T.);
#1397=EDGE_CURVE('',#1141,#1142,#437,.T.);
#1398=EDGE_CURVE('',#1114,#1143,#438,.T.);
#1399=EDGE_CURVE('',#1142,#1143,#439,.T.);
#1400=EDGE_CURVE('',#1113,#1144,#440,.T.);
#1401=EDGE_CURVE('',#1143,#1144,#441,.T.);
#1402=EDGE_CURVE('',#1112,#1145,#442,.T.);
#1403=EDGE_CURVE('',#1144,#1145,#443,.T.);
#1404=EDGE_CURVE('',#1111,#1146,#444,.T.);
#1405=EDGE_CURVE('',#1145,#1146,#445,.T.);
#1406=EDGE_CURVE('',#1110,#1147,#446,.T.);
#1407=EDGE_CURVE('',#1146,#1147,#447,.T.);
#1408=EDGE_CURVE('',#1109,#1148,#448,.T.);
#1409=EDGE_CURVE('',#1147,#1148,#449,.T.);
#1410=EDGE_CURVE('',#1108,#1149,#450,.T.);
#1411=EDGE_CURVE('',#1148,#1149,#451,.T.);
#1412=EDGE_CURVE('',#1107,#1150,#452,.T.);
#1413=EDGE_CURVE('',#1149,#1150,#453,.T.);
#1414=EDGE_CURVE('',#1106,#1151,#454,.T.);
#1415=EDGE_CURVE('',#1150,#1151,#455,.T.);
#1416=EDGE_CURVE('',#1104,#1152,#456,.T.);
#1417=EDGE_CURVE('',#1151,#1152,#457,.T.);
#1418=EDGE_CURVE('',#1073,#1153,#458,.T.);
#1419=EDGE_CURVE('',#1154,#1153,#459,.T.);
#1420=EDGE_CURVE('',#1074,#1154,#460,.T.);
#1421=EDGE_CURVE('',#1072,#1155,#461,.T.);
#1422=EDGE_CURVE('',#1153,#1155,#462,.T.);
#1423=EDGE_CURVE('',#1071,#1156,#463,.T.);
#1424=EDGE_CURVE('',#1155,#1156,#464,.T.);
#1425=EDGE_CURVE('',#1070,#1157,#465,.T.);
#1426=EDGE_CURVE('',#1156,#1157,#466,.T.);
#1427=EDGE_CURVE('',#1069,#1158,#467,.T.);
#1428=EDGE_CURVE('',#1157,#1158,#468,.T.);
#1429=EDGE_CURVE('',#1068,#1159,#469,.T.);
#1430=EDGE_CURVE('',#1158,#1159,#470,.T.);
#1431=EDGE_CURVE('',#1067,#1160,#471,.T.);
#1432=EDGE_CURVE('',#1159,#1160,#472,.T.);
#1433=EDGE_CURVE('',#1066,#1161,#473,.T.);
#1434=EDGE_CURVE('',#1160,#1161,#474,.T.);
#1435=EDGE_CURVE('',#1065,#1162,#475,.T.);
#1436=EDGE_CURVE('',#1161,#1162,#476,.T.);
#1437=EDGE_CURVE('',#1064,#1163,#477,.T.);
#1438=EDGE_CURVE('',#1162,#1163,#478,.T.);
#1439=EDGE_CURVE('',#1063,#1164,#479,.T.);
#1440=EDGE_CURVE('',#1163,#1164,#480,.T.);
#1441=EDGE_CURVE('',#1062,#1165,#481,.T.);
#1442=EDGE_CURVE('',#1164,#1165,#482,.T.);
#1443=EDGE_CURVE('',#1061,#1166,#483,.T.);
#1444=EDGE_CURVE('',#1165,#1166,#484,.T.);
#1445=EDGE_CURVE('',#1060,#1167,#485,.T.);
#1446=EDGE_CURVE('',#1166,#1167,#486,.T.);
#1447=EDGE_CURVE('',#1059,#1168,#487,.T.);
#1448=EDGE_CURVE('',#1167,#1168,#488,.T.);
#1449=EDGE_CURVE('',#1057,#1169,#489,.T.);
#1450=EDGE_CURVE('',#1168,#1169,#490,.T.);
#1451=EDGE_CURVE('',#1089,#1170,#491,.T.);
#1452=EDGE_CURVE('',#1098,#1170,#492,.F.);
#1453=EDGE_CURVE('',#1171,#1097,#493,.F.);
#1454=EDGE_CURVE('',#1090,#1171,#494,.F.);
#1455=EDGE_CURVE('',#1172,#1051,#495,.T.);
#1456=EDGE_CURVE('',#1173,#1172,#496,.T.);
#1457=EDGE_CURVE('',#1174,#1173,#497,.T.);
#1458=EDGE_CURVE('',#1174,#1175,#498,.T.);
#1459=EDGE_CURVE('',#1176,#1175,#499,.T.);
#1460=EDGE_CURVE('',#1177,#1176,#500,.T.);
#1461=EDGE_CURVE('',#1178,#1177,#501,.T.);
#1462=EDGE_CURVE('',#1178,#1179,#502,.T.);
#1463=EDGE_CURVE('',#1179,#1180,#503,.T.);
#1464=EDGE_CURVE('',#1180,#1181,#504,.T.);
#1465=EDGE_CURVE('',#1181,#1182,#505,.T.);
#1466=EDGE_CURVE('',#1182,#1183,#506,.T.);
#1467=EDGE_CURVE('',#1183,#1184,#507,.T.);
#1468=EDGE_CURVE('',#1184,#1185,#508,.T.);
#1469=EDGE_CURVE('',#1186,#1185,#509,.T.);
#1470=EDGE_CURVE('',#1187,#1186,#510,.T.);
#1471=EDGE_CURVE('',#1187,#1188,#511,.T.);
#1472=EDGE_CURVE('',#1188,#1189,#512,.T.);
#1473=EDGE_CURVE('',#1190,#1189,#513,.T.);
#1474=EDGE_CURVE('',#1191,#1190,#514,.T.);
#1475=EDGE_CURVE('',#1054,#1191,#515,.T.);
#1476=EDGE_CURVE('',#1092,#1192,#516,.F.);
#1477=EDGE_CURVE('',#1170,#1192,#517,.T.);
#1478=EDGE_CURVE('',#1105,#1193,#518,.T.);
#1479=EDGE_CURVE('',#1152,#1193,#519,.T.);
#1480=EDGE_CURVE('',#1194,#1137,#520,.T.);
#1481=EDGE_CURVE('',#1122,#1194,#521,.T.);
#1482=EDGE_CURVE('',#1195,#1194,#522,.T.);
#1483=EDGE_CURVE('',#1123,#1195,#523,.T.);
#1484=EDGE_CURVE('',#1196,#1195,#524,.T.);
#1485=EDGE_CURVE('',#1124,#1196,#525,.T.);
#1486=EDGE_CURVE('',#1197,#1196,#526,.T.);
#1487=EDGE_CURVE('',#1125,#1197,#527,.T.);
#1488=EDGE_CURVE('',#1198,#1197,#528,.T.);
#1489=EDGE_CURVE('',#1126,#1198,#529,.T.);
#1490=EDGE_CURVE('',#1199,#1198,#530,.T.);
#1491=EDGE_CURVE('',#1127,#1199,#531,.T.);
#1492=EDGE_CURVE('',#1200,#1199,#532,.T.);
#1493=EDGE_CURVE('',#1128,#1200,#533,.T.);
#1494=EDGE_CURVE('',#1201,#1200,#534,.T.);
#1495=EDGE_CURVE('',#1129,#1201,#535,.T.);
#1496=EDGE_CURVE('',#1202,#1201,#536,.T.);
#1497=EDGE_CURVE('',#1130,#1202,#537,.T.);
#1498=EDGE_CURVE('',#1203,#1202,#538,.T.);
#1499=EDGE_CURVE('',#1131,#1203,#539,.T.);
#1500=EDGE_CURVE('',#1204,#1203,#540,.T.);
#1501=EDGE_CURVE('',#1132,#1204,#541,.T.);
#1502=EDGE_CURVE('',#1205,#1204,#542,.T.);
#1503=EDGE_CURVE('',#1133,#1205,#543,.T.);
#1504=EDGE_CURVE('',#1206,#1205,#544,.T.);
#1505=EDGE_CURVE('',#1134,#1206,#545,.T.);
#1506=EDGE_CURVE('',#1207,#1206,#546,.T.);
#1507=EDGE_CURVE('',#1135,#1207,#547,.T.);
#1508=EDGE_CURVE('',#1193,#1207,#548,.T.);
#1509=EDGE_CURVE('',#1058,#1208,#549,.T.);
#1510=EDGE_CURVE('',#1169,#1208,#550,.T.);
#1511=EDGE_CURVE('',#1209,#1154,#551,.T.);
#1512=EDGE_CURVE('',#1075,#1209,#552,.T.);
#1513=EDGE_CURVE('',#1210,#1209,#553,.T.);
#1514=EDGE_CURVE('',#1076,#1210,#554,.T.);
#1515=EDGE_CURVE('',#1211,#1210,#555,.T.);
#1516=EDGE_CURVE('',#1077,#1211,#556,.T.);
#1517=EDGE_CURVE('',#1212,#1211,#557,.T.);
#1518=EDGE_CURVE('',#1078,#1212,#558,.T.);
#1519=EDGE_CURVE('',#1213,#1212,#559,.T.);
#1520=EDGE_CURVE('',#1079,#1213,#560,.T.);
#1521=EDGE_CURVE('',#1214,#1213,#561,.T.);
#1522=EDGE_CURVE('',#1080,#1214,#562,.T.);
#1523=EDGE_CURVE('',#1215,#1214,#563,.T.);
#1524=EDGE_CURVE('',#1081,#1215,#564,.T.);
#1525=EDGE_CURVE('',#1216,#1215,#565,.T.);
#1526=EDGE_CURVE('',#1082,#1216,#566,.T.);
#1527=EDGE_CURVE('',#1217,#1216,#567,.T.);
#1528=EDGE_CURVE('',#1083,#1217,#568,.T.);
#1529=EDGE_CURVE('',#1218,#1217,#569,.T.);
#1530=EDGE_CURVE('',#1084,#1218,#570,.T.);
#1531=EDGE_CURVE('',#1219,#1218,#571,.T.);
#1532=EDGE_CURVE('',#1085,#1219,#572,.T.);
#1533=EDGE_CURVE('',#1220,#1219,#573,.T.);
#1534=EDGE_CURVE('',#1086,#1220,#574,.T.);
#1535=EDGE_CURVE('',#1221,#1220,#575,.T.);
#1536=EDGE_CURVE('',#1087,#1221,#576,.T.);
#1537=EDGE_CURVE('',#1222,#1221,#577,.T.);
#1538=EDGE_CURVE('',#1088,#1222,#578,.T.);
#1539=EDGE_CURVE('',#1208,#1222,#579,.T.);
#1540=EDGE_CURVE('',#1091,#1223,#580,.T.);
#1541=EDGE_CURVE('',#1192,#1223,#581,.F.);
#1542=EDGE_CURVE('',#1055,#1224,#582,.T.);
#1543=EDGE_CURVE('',#1224,#1225,#583,.T.);
#1544=EDGE_CURVE('',#1225,#1226,#584,.T.);
#1545=EDGE_CURVE('',#1227,#1226,#585,.T.);
#1546=EDGE_CURVE('',#1228,#1227,#586,.T.);
#1547=EDGE_CURVE('',#1228,#1229,#587,.T.);
#1548=EDGE_CURVE('',#1229,#1230,#588,.T.);
#1549=EDGE_CURVE('',#1231,#1230,#589,.T.);
#1550=EDGE_CURVE('',#1232,#1231,#590,.T.);
#1551=EDGE_CURVE('',#1233,#1232,#591,.T.);
#1552=EDGE_CURVE('',#1234,#1233,#592,.T.);
#1553=EDGE_CURVE('',#1235,#1234,#593,.T.);
#1554=EDGE_CURVE('',#1236,#1235,#594,.T.);
#1555=EDGE_CURVE('',#1237,#1236,#595,.T.);
#1556=EDGE_CURVE('',#1237,#1238,#596,.T.);
#1557=EDGE_CURVE('',#1238,#1239,#597,.T.);
#1558=EDGE_CURVE('',#1239,#1240,#598,.T.);
#1559=EDGE_CURVE('',#1241,#1240,#599,.T.);
#1560=EDGE_CURVE('',#1241,#1242,#600,.T.);
#1561=EDGE_CURVE('',#1242,#1243,#601,.T.);
#1562=EDGE_CURVE('',#1243,#1050,#602,.T.);
#1563=EDGE_CURVE('',#1223,#1171,#603,.T.);
#1564=EDGE_CURVE('',#1101,#1098,#604,.T.);
#1565=EDGE_CURVE('',#1097,#1102,#605,.T.);
#1566=EDGE_CURVE('',#1244,#1099,#606,.T.);
#1567=EDGE_CURVE('',#1245,#1244,#607,.T.);
#1568=EDGE_CURVE('',#1245,#1246,#608,.T.);
#1569=EDGE_CURVE('',#1246,#1247,#609,.T.);
#1570=EDGE_CURVE('',#1247,#1046,#610,.T.);
#1571=EDGE_CURVE('',#1094,#1045,#611,.T.);
#1572=EDGE_CURVE('',#1100,#1248,#612,.T.);
#1573=EDGE_CURVE('',#1244,#1248,#613,.T.);
#1574=EDGE_CURVE('',#1248,#1249,#614,.T.);
#1575=EDGE_CURVE('',#1249,#1250,#615,.T.);
#1576=EDGE_CURVE('',#1251,#1250,#616,.T.);
#1577=EDGE_CURVE('',#1245,#1251,#617,.T.);
#1578=EDGE_CURVE('',#1044,#1093,#618,.T.);
#1579=EDGE_CURVE('',#1047,#1249,#619,.T.);
#1580=EDGE_CURVE('',#1252,#1252,#42,.T.);
#1581=EDGE_CURVE('',#1253,#1253,#43,.T.);
#1582=EDGE_CURVE('',#1254,#1254,#44,.T.);
#1583=EDGE_CURVE('',#1255,#1255,#45,.T.);
#1584=EDGE_CURVE('',#1256,#1256,#46,.T.);
#1585=EDGE_CURVE('',#1247,#1257,#620,.T.);
#1586=EDGE_CURVE('',#1250,#1257,#621,.T.);
#1587=EDGE_CURVE('',#1258,#1257,#622,.T.);
#1588=EDGE_CURVE('',#1258,#1246,#623,.T.);
#1589=EDGE_CURVE('',#1251,#1258,#624,.T.);
#1590=EDGE_CURVE('',#1259,#1259,#47,.T.);
#1591=EDGE_CURVE('',#1260,#1260,#48,.T.);
#1592=EDGE_CURVE('',#1261,#1261,#49,.T.);
#1593=EDGE_CURVE('',#1262,#1262,#50,.T.);
#1594=EDGE_CURVE('',#1263,#1263,#51,.T.);
#1595=EDGE_CURVE('',#1259,#1252,#625,.T.);
#1596=EDGE_CURVE('',#1260,#1253,#626,.T.);
#1597=EDGE_CURVE('',#1261,#1254,#627,.T.);
#1598=EDGE_CURVE('',#1262,#1255,#628,.T.);
#1599=EDGE_CURVE('',#1263,#1256,#629,.T.);
#1600=EDGE_CURVE('',#1264,#1265,#630,.T.);
#1601=EDGE_CURVE('',#1264,#1266,#631,.T.);
#1602=EDGE_CURVE('',#1266,#1267,#632,.T.);
#1603=EDGE_CURVE('',#1265,#1267,#633,.T.);
#1604=EDGE_CURVE('',#1268,#1264,#634,.T.);
#1605=EDGE_CURVE('',#1268,#1269,#635,.T.);
#1606=EDGE_CURVE('',#1269,#1266,#636,.T.);
#1607=EDGE_CURVE('',#1270,#1268,#637,.T.);
#1608=EDGE_CURVE('',#1270,#1271,#638,.T.);
#1609=EDGE_CURVE('',#1271,#1269,#639,.T.);
#1610=EDGE_CURVE('',#1272,#1270,#640,.T.);
#1611=EDGE_CURVE('',#1272,#1273,#641,.T.);
#1612=EDGE_CURVE('',#1273,#1271,#642,.T.);
#1613=EDGE_CURVE('',#1274,#1272,#643,.T.);
#1614=EDGE_CURVE('',#1274,#1275,#644,.T.);
#1615=EDGE_CURVE('',#1275,#1273,#645,.T.);
#1616=EDGE_CURVE('',#1265,#1274,#646,.T.);
#1617=EDGE_CURVE('',#1267,#1275,#647,.T.);
#1618=EDGE_CURVE('',#1276,#1276,#52,.T.);
#1619=EDGE_CURVE('',#1277,#1278,#648,.T.);
#1620=EDGE_CURVE('',#1277,#1279,#649,.T.);
#1621=EDGE_CURVE('',#1279,#1280,#650,.T.);
#1622=EDGE_CURVE('',#1278,#1280,#651,.T.);
#1623=EDGE_CURVE('',#1281,#1277,#652,.T.);
#1624=EDGE_CURVE('',#1281,#1282,#653,.T.);
#1625=EDGE_CURVE('',#1282,#1279,#654,.T.);
#1626=EDGE_CURVE('',#1283,#1281,#655,.T.);
#1627=EDGE_CURVE('',#1283,#1284,#656,.T.);
#1628=EDGE_CURVE('',#1284,#1282,#657,.T.);
#1629=EDGE_CURVE('',#1285,#1283,#658,.T.);
#1630=EDGE_CURVE('',#1285,#1286,#659,.T.);
#1631=EDGE_CURVE('',#1286,#1284,#660,.T.);
#1632=EDGE_CURVE('',#1287,#1285,#661,.T.);
#1633=EDGE_CURVE('',#1287,#1288,#662,.T.);
#1634=EDGE_CURVE('',#1288,#1286,#663,.T.);
#1635=EDGE_CURVE('',#1278,#1287,#664,.T.);
#1636=EDGE_CURVE('',#1280,#1288,#665,.T.);
#1637=EDGE_CURVE('',#1289,#1289,#53,.T.);
#1638=EDGE_CURVE('',#1103,#1276,#666,.T.);
#1639=EDGE_CURVE('',#1056,#1289,#667,.T.);
#1640=EDGE_CURVE('',#1172,#1243,#668,.T.);
#1641=EDGE_CURVE('',#1173,#1242,#669,.T.);
#1642=EDGE_CURVE('',#1174,#1241,#670,.T.);
#1643=EDGE_CURVE('',#1175,#1240,#671,.T.);
#1644=EDGE_CURVE('',#1176,#1239,#672,.T.);
#1645=EDGE_CURVE('',#1178,#1237,#673,.T.);
#1646=EDGE_CURVE('',#1179,#1236,#674,.T.);
#1647=EDGE_CURVE('',#1180,#1235,#675,.T.);
#1648=EDGE_CURVE('',#1185,#1230,#676,.T.);
#1649=EDGE_CURVE('',#1186,#1229,#677,.T.);
#1650=EDGE_CURVE('',#1182,#1233,#678,.T.);
#1651=EDGE_CURVE('',#1183,#1232,#679,.T.);
#1652=EDGE_CURVE('',#1177,#1238,#680,.T.);
#1653=EDGE_CURVE('',#1181,#1234,#681,.T.);
#1654=EDGE_CURVE('',#1191,#1224,#682,.T.);
#1655=EDGE_CURVE('',#1190,#1225,#683,.T.);
#1656=EDGE_CURVE('',#1189,#1226,#684,.T.);
#1657=EDGE_CURVE('',#1187,#1228,#685,.T.);
#1658=EDGE_CURVE('',#1188,#1227,#686,.T.);
#1659=EDGE_CURVE('',#1184,#1231,#687,.T.);
#1660=ORIENTED_EDGE('',*,*,#1290,.T.);
#1661=ORIENTED_EDGE('',*,*,#1291,.T.);
#1662=ORIENTED_EDGE('',*,*,#1292,.T.);
#1663=ORIENTED_EDGE('',*,*,#1293,.T.);
#1664=ORIENTED_EDGE('',*,*,#1294,.F.);
#1665=ORIENTED_EDGE('',*,*,#1295,.F.);
#1666=ORIENTED_EDGE('',*,*,#1296,.T.);
#1667=ORIENTED_EDGE('',*,*,#1297,.T.);
#1668=ORIENTED_EDGE('',*,*,#1298,.F.);
#1669=ORIENTED_EDGE('',*,*,#1299,.F.);
#1670=ORIENTED_EDGE('',*,*,#1300,.T.);
#1671=ORIENTED_EDGE('',*,*,#1301,.T.);
#1672=ORIENTED_EDGE('',*,*,#1302,.T.);
#1673=ORIENTED_EDGE('',*,*,#1303,.F.);
#1674=ORIENTED_EDGE('',*,*,#1304,.F.);
#1675=ORIENTED_EDGE('',*,*,#1305,.F.);
#1676=ORIENTED_EDGE('',*,*,#1306,.F.);
#1677=ORIENTED_EDGE('',*,*,#1307,.F.);
#1678=ORIENTED_EDGE('',*,*,#1308,.F.);
#1679=ORIENTED_EDGE('',*,*,#1309,.F.);
#1680=ORIENTED_EDGE('',*,*,#1310,.F.);
#1681=ORIENTED_EDGE('',*,*,#1311,.F.);
#1682=ORIENTED_EDGE('',*,*,#1312,.F.);
#1683=ORIENTED_EDGE('',*,*,#1313,.F.);
#1684=ORIENTED_EDGE('',*,*,#1314,.F.);
#1685=ORIENTED_EDGE('',*,*,#1315,.F.);
#1686=ORIENTED_EDGE('',*,*,#1316,.F.);
#1687=ORIENTED_EDGE('',*,*,#1317,.F.);
#1688=ORIENTED_EDGE('',*,*,#1318,.F.);
#1689=ORIENTED_EDGE('',*,*,#1319,.F.);
#1690=ORIENTED_EDGE('',*,*,#1320,.F.);
#1691=ORIENTED_EDGE('',*,*,#1321,.F.);
#1692=ORIENTED_EDGE('',*,*,#1322,.F.);
#1693=ORIENTED_EDGE('',*,*,#1323,.F.);
#1694=ORIENTED_EDGE('',*,*,#1324,.F.);
#1695=ORIENTED_EDGE('',*,*,#1325,.F.);
#1696=ORIENTED_EDGE('',*,*,#1326,.F.);
#1697=ORIENTED_EDGE('',*,*,#1327,.F.);
#1698=ORIENTED_EDGE('',*,*,#1328,.F.);
#1699=ORIENTED_EDGE('',*,*,#1329,.F.);
#1700=ORIENTED_EDGE('',*,*,#1330,.F.);
#1701=ORIENTED_EDGE('',*,*,#1331,.F.);
#1702=ORIENTED_EDGE('',*,*,#1332,.F.);
#1703=ORIENTED_EDGE('',*,*,#1333,.F.);
#1704=ORIENTED_EDGE('',*,*,#1334,.F.);
#1705=ORIENTED_EDGE('',*,*,#1294,.T.);
#1706=ORIENTED_EDGE('',*,*,#1335,.F.);
#1707=ORIENTED_EDGE('',*,*,#1336,.F.);
#1708=ORIENTED_EDGE('',*,*,#1337,.F.);
#1709=ORIENTED_EDGE('',*,*,#1298,.T.);
#1710=ORIENTED_EDGE('',*,*,#1338,.F.);
#1711=ORIENTED_EDGE('',*,*,#1339,.F.);
#1712=ORIENTED_EDGE('',*,*,#1340,.F.);
#1713=ORIENTED_EDGE('',*,*,#1341,.F.);
#1714=ORIENTED_EDGE('',*,*,#1342,.T.);
#1715=ORIENTED_EDGE('',*,*,#1343,.F.);
#1716=ORIENTED_EDGE('',*,*,#1344,.T.);
#1717=ORIENTED_EDGE('',*,*,#1345,.T.);
#1718=ORIENTED_EDGE('',*,*,#1346,.T.);
#1719=ORIENTED_EDGE('',*,*,#1343,.T.);
#1720=ORIENTED_EDGE('',*,*,#1347,.T.);
#1721=ORIENTED_EDGE('',*,*,#1348,.F.);
#1722=ORIENTED_EDGE('',*,*,#1349,.T.);
#1723=ORIENTED_EDGE('',*,*,#1350,.F.);
#1724=ORIENTED_EDGE('',*,*,#1351,.T.);
#1725=ORIENTED_EDGE('',*,*,#1352,.T.);
#1726=ORIENTED_EDGE('',*,*,#1353,.F.);
#1727=ORIENTED_EDGE('',*,*,#1354,.F.);
#1728=ORIENTED_EDGE('',*,*,#1355,.F.);
#1729=ORIENTED_EDGE('',*,*,#1356,.F.);
#1730=ORIENTED_EDGE('',*,*,#1357,.F.);
#1731=ORIENTED_EDGE('',*,*,#1358,.F.);
#1732=ORIENTED_EDGE('',*,*,#1359,.F.);
#1733=ORIENTED_EDGE('',*,*,#1360,.F.);
#1734=ORIENTED_EDGE('',*,*,#1361,.F.);
#1735=ORIENTED_EDGE('',*,*,#1362,.F.);
#1736=ORIENTED_EDGE('',*,*,#1363,.F.);
#1737=ORIENTED_EDGE('',*,*,#1364,.F.);
#1738=ORIENTED_EDGE('',*,*,#1365,.F.);
#1739=ORIENTED_EDGE('',*,*,#1366,.F.);
#1740=ORIENTED_EDGE('',*,*,#1367,.F.);
#1741=ORIENTED_EDGE('',*,*,#1368,.F.);
#1742=ORIENTED_EDGE('',*,*,#1369,.F.);
#1743=ORIENTED_EDGE('',*,*,#1370,.F.);
#1744=ORIENTED_EDGE('',*,*,#1371,.F.);
#1745=ORIENTED_EDGE('',*,*,#1372,.F.);
#1746=ORIENTED_EDGE('',*,*,#1373,.F.);
#1747=ORIENTED_EDGE('',*,*,#1374,.F.);
#1748=ORIENTED_EDGE('',*,*,#1375,.F.);
#1749=ORIENTED_EDGE('',*,*,#1376,.F.);
#1750=ORIENTED_EDGE('',*,*,#1377,.F.);
#1751=ORIENTED_EDGE('',*,*,#1378,.F.);
#1752=ORIENTED_EDGE('',*,*,#1379,.F.);
#1753=ORIENTED_EDGE('',*,*,#1380,.F.);
#1754=ORIENTED_EDGE('',*,*,#1381,.F.);
#1755=ORIENTED_EDGE('',*,*,#1382,.F.);
#1756=ORIENTED_EDGE('',*,*,#1383,.F.);
#1757=ORIENTED_EDGE('',*,*,#1384,.F.);
#1758=ORIENTED_EDGE('',*,*,#1369,.T.);
#1759=ORIENTED_EDGE('',*,*,#1385,.T.);
#1760=ORIENTED_EDGE('',*,*,#1386,.F.);
#1761=ORIENTED_EDGE('',*,*,#1387,.F.);
#1762=ORIENTED_EDGE('',*,*,#1368,.T.);
#1763=ORIENTED_EDGE('',*,*,#1388,.T.);
#1764=ORIENTED_EDGE('',*,*,#1389,.F.);
#1765=ORIENTED_EDGE('',*,*,#1385,.F.);
#1766=ORIENTED_EDGE('',*,*,#1367,.T.);
#1767=ORIENTED_EDGE('',*,*,#1390,.T.);
#1768=ORIENTED_EDGE('',*,*,#1391,.F.);
#1769=ORIENTED_EDGE('',*,*,#1388,.F.);
#1770=ORIENTED_EDGE('',*,*,#1366,.T.);
#1771=ORIENTED_EDGE('',*,*,#1392,.T.);
#1772=ORIENTED_EDGE('',*,*,#1393,.F.);
#1773=ORIENTED_EDGE('',*,*,#1390,.F.);
#1774=ORIENTED_EDGE('',*,*,#1365,.T.);
#1775=ORIENTED_EDGE('',*,*,#1394,.T.);
#1776=ORIENTED_EDGE('',*,*,#1395,.F.);
#1777=ORIENTED_EDGE('',*,*,#1392,.F.);
#1778=ORIENTED_EDGE('',*,*,#1364,.T.);
#1779=ORIENTED_EDGE('',*,*,#1396,.T.);
#1780=ORIENTED_EDGE('',*,*,#1397,.F.);
#1781=ORIENTED_EDGE('',*,*,#1394,.F.);
#1782=ORIENTED_EDGE('',*,*,#1363,.T.);
#1783=ORIENTED_EDGE('',*,*,#1398,.T.);
#1784=ORIENTED_EDGE('',*,*,#1399,.F.);
#1785=ORIENTED_EDGE('',*,*,#1396,.F.);
#1786=ORIENTED_EDGE('',*,*,#1362,.T.);
#1787=ORIENTED_EDGE('',*,*,#1400,.T.);
#1788=ORIENTED_EDGE('',*,*,#1401,.F.);
#1789=ORIENTED_EDGE('',*,*,#1398,.F.);
#1790=ORIENTED_EDGE('',*,*,#1361,.T.);
#1791=ORIENTED_EDGE('',*,*,#1402,.T.);
#1792=ORIENTED_EDGE('',*,*,#1403,.F.);
#1793=ORIENTED_EDGE('',*,*,#1400,.F.);
#1794=ORIENTED_EDGE('',*,*,#1360,.T.);
#1795=ORIENTED_EDGE('',*,*,#1404,.T.);
#1796=ORIENTED_EDGE('',*,*,#1405,.F.);
#1797=ORIENTED_EDGE('',*,*,#1402,.F.);
#1798=ORIENTED_EDGE('',*,*,#1359,.T.);
#1799=ORIENTED_EDGE('',*,*,#1406,.T.);
#1800=ORIENTED_EDGE('',*,*,#1407,.F.);
#1801=ORIENTED_EDGE('',*,*,#1404,.F.);
#1802=ORIENTED_EDGE('',*,*,#1358,.T.);
#1803=ORIENTED_EDGE('',*,*,#1408,.T.);
#1804=ORIENTED_EDGE('',*,*,#1409,.F.);
#1805=ORIENTED_EDGE('',*,*,#1406,.F.);
#1806=ORIENTED_EDGE('',*,*,#1357,.T.);
#1807=ORIENTED_EDGE('',*,*,#1410,.T.);
#1808=ORIENTED_EDGE('',*,*,#1411,.F.);
#1809=ORIENTED_EDGE('',*,*,#1408,.F.);
#1810=ORIENTED_EDGE('',*,*,#1356,.T.);
#1811=ORIENTED_EDGE('',*,*,#1412,.T.);
#1812=ORIENTED_EDGE('',*,*,#1413,.F.);
#1813=ORIENTED_EDGE('',*,*,#1410,.F.);
#1814=ORIENTED_EDGE('',*,*,#1355,.T.);
#1815=ORIENTED_EDGE('',*,*,#1414,.T.);
#1816=ORIENTED_EDGE('',*,*,#1415,.F.);
#1817=ORIENTED_EDGE('',*,*,#1412,.F.);
#1818=ORIENTED_EDGE('',*,*,#1354,.T.);
#1819=ORIENTED_EDGE('',*,*,#1416,.T.);
#1820=ORIENTED_EDGE('',*,*,#1417,.F.);
#1821=ORIENTED_EDGE('',*,*,#1414,.F.);
#1822=ORIENTED_EDGE('',*,*,#1319,.T.);
#1823=ORIENTED_EDGE('',*,*,#1418,.T.);
#1824=ORIENTED_EDGE('',*,*,#1419,.F.);
#1825=ORIENTED_EDGE('',*,*,#1420,.F.);
#1826=ORIENTED_EDGE('',*,*,#1318,.T.);
#1827=ORIENTED_EDGE('',*,*,#1421,.T.);
#1828=ORIENTED_EDGE('',*,*,#1422,.F.);
#1829=ORIENTED_EDGE('',*,*,#1418,.F.);
#1830=ORIENTED_EDGE('',*,*,#1317,.T.);
#1831=ORIENTED_EDGE('',*,*,#1423,.T.);
#1832=ORIENTED_EDGE('',*,*,#1424,.F.);
#1833=ORIENTED_EDGE('',*,*,#1421,.F.);
#1834=ORIENTED_EDGE('',*,*,#1316,.T.);
#1835=ORIENTED_EDGE('',*,*,#1425,.T.);
#1836=ORIENTED_EDGE('',*,*,#1426,.F.);
#1837=ORIENTED_EDGE('',*,*,#1423,.F.);
#1838=ORIENTED_EDGE('',*,*,#1315,.T.);
#1839=ORIENTED_EDGE('',*,*,#1427,.T.);
#1840=ORIENTED_EDGE('',*,*,#1428,.F.);
#1841=ORIENTED_EDGE('',*,*,#1425,.F.);
#1842=ORIENTED_EDGE('',*,*,#1314,.T.);
#1843=ORIENTED_EDGE('',*,*,#1429,.T.);
#1844=ORIENTED_EDGE('',*,*,#1430,.F.);
#1845=ORIENTED_EDGE('',*,*,#1427,.F.);
#1846=ORIENTED_EDGE('',*,*,#1313,.T.);
#1847=ORIENTED_EDGE('',*,*,#1431,.T.);
#1848=ORIENTED_EDGE('',*,*,#1432,.F.);
#1849=ORIENTED_EDGE('',*,*,#1429,.F.);
#1850=ORIENTED_EDGE('',*,*,#1312,.T.);
#1851=ORIENTED_EDGE('',*,*,#1433,.T.);
#1852=ORIENTED_EDGE('',*,*,#1434,.F.);
#1853=ORIENTED_EDGE('',*,*,#1431,.F.);
#1854=ORIENTED_EDGE('',*,*,#1311,.T.);
#1855=ORIENTED_EDGE('',*,*,#1435,.T.);
#1856=ORIENTED_EDGE('',*,*,#1436,.F.);
#1857=ORIENTED_EDGE('',*,*,#1433,.F.);
#1858=ORIENTED_EDGE('',*,*,#1310,.T.);
#1859=ORIENTED_EDGE('',*,*,#1437,.T.);
#1860=ORIENTED_EDGE('',*,*,#1438,.F.);
#1861=ORIENTED_EDGE('',*,*,#1435,.F.);
#1862=ORIENTED_EDGE('',*,*,#1309,.T.);
#1863=ORIENTED_EDGE('',*,*,#1439,.T.);
#1864=ORIENTED_EDGE('',*,*,#1440,.F.);
#1865=ORIENTED_EDGE('',*,*,#1437,.F.);
#1866=ORIENTED_EDGE('',*,*,#1308,.T.);
#1867=ORIENTED_EDGE('',*,*,#1441,.T.);
#1868=ORIENTED_EDGE('',*,*,#1442,.F.);
#1869=ORIENTED_EDGE('',*,*,#1439,.F.);
#1870=ORIENTED_EDGE('',*,*,#1307,.T.);
#1871=ORIENTED_EDGE('',*,*,#1443,.T.);
#1872=ORIENTED_EDGE('',*,*,#1444,.F.);
#1873=ORIENTED_EDGE('',*,*,#1441,.F.);
#1874=ORIENTED_EDGE('',*,*,#1306,.T.);
#1875=ORIENTED_EDGE('',*,*,#1445,.T.);
#1876=ORIENTED_EDGE('',*,*,#1446,.F.);
#1877=ORIENTED_EDGE('',*,*,#1443,.F.);
#1878=ORIENTED_EDGE('',*,*,#1305,.T.);
#1879=ORIENTED_EDGE('',*,*,#1447,.T.);
#1880=ORIENTED_EDGE('',*,*,#1448,.F.);
#1881=ORIENTED_EDGE('',*,*,#1445,.F.);
#1882=ORIENTED_EDGE('',*,*,#1304,.T.);
#1883=ORIENTED_EDGE('',*,*,#1449,.T.);
#1884=ORIENTED_EDGE('',*,*,#1450,.F.);
#1885=ORIENTED_EDGE('',*,*,#1447,.F.);
#1886=ORIENTED_EDGE('',*,*,#1336,.T.);
#1887=ORIENTED_EDGE('',*,*,#1451,.T.);
#1888=ORIENTED_EDGE('',*,*,#1452,.F.);
#1889=ORIENTED_EDGE('',*,*,#1345,.F.);
#1890=ORIENTED_EDGE('',*,*,#1453,.F.);
#1891=ORIENTED_EDGE('',*,*,#1454,.F.);
#1892=ORIENTED_EDGE('',*,*,#1335,.T.);
#1893=ORIENTED_EDGE('',*,*,#1297,.F.);
#1894=ORIENTED_EDGE('',*,*,#1455,.F.);
#1895=ORIENTED_EDGE('',*,*,#1456,.F.);
#1896=ORIENTED_EDGE('',*,*,#1457,.F.);
#1897=ORIENTED_EDGE('',*,*,#1458,.T.);
#1898=ORIENTED_EDGE('',*,*,#1459,.F.);
#1899=ORIENTED_EDGE('',*,*,#1460,.F.);
#1900=ORIENTED_EDGE('',*,*,#1461,.F.);
#1901=ORIENTED_EDGE('',*,*,#1462,.T.);
#1902=ORIENTED_EDGE('',*,*,#1463,.T.);
#1903=ORIENTED_EDGE('',*,*,#1464,.T.);
#1904=ORIENTED_EDGE('',*,*,#1465,.T.);
#1905=ORIENTED_EDGE('',*,*,#1466,.T.);
#1906=ORIENTED_EDGE('',*,*,#1467,.T.);
#1907=ORIENTED_EDGE('',*,*,#1468,.T.);
#1908=ORIENTED_EDGE('',*,*,#1469,.F.);
#1909=ORIENTED_EDGE('',*,*,#1470,.F.);
#1910=ORIENTED_EDGE('',*,*,#1471,.T.);
#1911=ORIENTED_EDGE('',*,*,#1472,.T.);
#1912=ORIENTED_EDGE('',*,*,#1473,.F.);
#1913=ORIENTED_EDGE('',*,*,#1474,.F.);
#1914=ORIENTED_EDGE('',*,*,#1475,.F.);
#1915=ORIENTED_EDGE('',*,*,#1299,.T.);
#1916=ORIENTED_EDGE('',*,*,#1340,.T.);
#1917=ORIENTED_EDGE('',*,*,#1476,.T.);
#1918=ORIENTED_EDGE('',*,*,#1477,.F.);
#1919=ORIENTED_EDGE('',*,*,#1451,.F.);
#1920=ORIENTED_EDGE('',*,*,#1353,.T.);
#1921=ORIENTED_EDGE('',*,*,#1478,.T.);
#1922=ORIENTED_EDGE('',*,*,#1479,.F.);
#1923=ORIENTED_EDGE('',*,*,#1416,.F.);
#1924=ORIENTED_EDGE('',*,*,#1370,.T.);
#1925=ORIENTED_EDGE('',*,*,#1387,.T.);
#1926=ORIENTED_EDGE('',*,*,#1480,.F.);
#1927=ORIENTED_EDGE('',*,*,#1481,.F.);
#1928=ORIENTED_EDGE('',*,*,#1371,.T.);
#1929=ORIENTED_EDGE('',*,*,#1481,.T.);
#1930=ORIENTED_EDGE('',*,*,#1482,.F.);
#1931=ORIENTED_EDGE('',*,*,#1483,.F.);
#1932=ORIENTED_EDGE('',*,*,#1372,.T.);
#1933=ORIENTED_EDGE('',*,*,#1483,.T.);
#1934=ORIENTED_EDGE('',*,*,#1484,.F.);
#1935=ORIENTED_EDGE('',*,*,#1485,.F.);
#1936=ORIENTED_EDGE('',*,*,#1373,.T.);
#1937=ORIENTED_EDGE('',*,*,#1485,.T.);
#1938=ORIENTED_EDGE('',*,*,#1486,.F.);
#1939=ORIENTED_EDGE('',*,*,#1487,.F.);
#1940=ORIENTED_EDGE('',*,*,#1374,.T.);
#1941=ORIENTED_EDGE('',*,*,#1487,.T.);
#1942=ORIENTED_EDGE('',*,*,#1488,.F.);
#1943=ORIENTED_EDGE('',*,*,#1489,.F.);
#1944=ORIENTED_EDGE('',*,*,#1375,.T.);
#1945=ORIENTED_EDGE('',*,*,#1489,.T.);
#1946=ORIENTED_EDGE('',*,*,#1490,.F.);
#1947=ORIENTED_EDGE('',*,*,#1491,.F.);
#1948=ORIENTED_EDGE('',*,*,#1376,.T.);
#1949=ORIENTED_EDGE('',*,*,#1491,.T.);
#1950=ORIENTED_EDGE('',*,*,#1492,.F.);
#1951=ORIENTED_EDGE('',*,*,#1493,.F.);
#1952=ORIENTED_EDGE('',*,*,#1377,.T.);
#1953=ORIENTED_EDGE('',*,*,#1493,.T.);
#1954=ORIENTED_EDGE('',*,*,#1494,.F.);
#1955=ORIENTED_EDGE('',*,*,#1495,.F.);
#1956=ORIENTED_EDGE('',*,*,#1378,.T.);
#1957=ORIENTED_EDGE('',*,*,#1495,.T.);
#1958=ORIENTED_EDGE('',*,*,#1496,.F.);
#1959=ORIENTED_EDGE('',*,*,#1497,.F.);
#1960=ORIENTED_EDGE('',*,*,#1379,.T.);
#1961=ORIENTED_EDGE('',*,*,#1497,.T.);
#1962=ORIENTED_EDGE('',*,*,#1498,.F.);
#1963=ORIENTED_EDGE('',*,*,#1499,.F.);
#1964=ORIENTED_EDGE('',*,*,#1380,.T.);
#1965=ORIENTED_EDGE('',*,*,#1499,.T.);
#1966=ORIENTED_EDGE('',*,*,#1500,.F.);
#1967=ORIENTED_EDGE('',*,*,#1501,.F.);
#1968=ORIENTED_EDGE('',*,*,#1381,.T.);
#1969=ORIENTED_EDGE('',*,*,#1501,.T.);
#1970=ORIENTED_EDGE('',*,*,#1502,.F.);
#1971=ORIENTED_EDGE('',*,*,#1503,.F.);
#1972=ORIENTED_EDGE('',*,*,#1382,.T.);
#1973=ORIENTED_EDGE('',*,*,#1503,.T.);
#1974=ORIENTED_EDGE('',*,*,#1504,.F.);
#1975=ORIENTED_EDGE('',*,*,#1505,.F.);
#1976=ORIENTED_EDGE('',*,*,#1383,.T.);
#1977=ORIENTED_EDGE('',*,*,#1505,.T.);
#1978=ORIENTED_EDGE('',*,*,#1506,.F.);
#1979=ORIENTED_EDGE('',*,*,#1507,.F.);
#1980=ORIENTED_EDGE('',*,*,#1384,.T.);
#1981=ORIENTED_EDGE('',*,*,#1507,.T.);
#1982=ORIENTED_EDGE('',*,*,#1508,.F.);
#1983=ORIENTED_EDGE('',*,*,#1478,.F.);
#1984=ORIENTED_EDGE('',*,*,#1303,.T.);
#1985=ORIENTED_EDGE('',*,*,#1509,.T.);
#1986=ORIENTED_EDGE('',*,*,#1510,.F.);
#1987=ORIENTED_EDGE('',*,*,#1449,.F.);
#1988=ORIENTED_EDGE('',*,*,#1320,.T.);
#1989=ORIENTED_EDGE('',*,*,#1420,.T.);
#1990=ORIENTED_EDGE('',*,*,#1511,.F.);
#1991=ORIENTED_EDGE('',*,*,#1512,.F.);
#1992=ORIENTED_EDGE('',*,*,#1321,.T.);
#1993=ORIENTED_EDGE('',*,*,#1512,.T.);
#1994=ORIENTED_EDGE('',*,*,#1513,.F.);
#1995=ORIENTED_EDGE('',*,*,#1514,.F.);
#1996=ORIENTED_EDGE('',*,*,#1322,.T.);
#1997=ORIENTED_EDGE('',*,*,#1514,.T.);
#1998=ORIENTED_EDGE('',*,*,#1515,.F.);
#1999=ORIENTED_EDGE('',*,*,#1516,.F.);
#2000=ORIENTED_EDGE('',*,*,#1323,.T.);
#2001=ORIENTED_EDGE('',*,*,#1516,.T.);
#2002=ORIENTED_EDGE('',*,*,#1517,.F.);
#2003=ORIENTED_EDGE('',*,*,#1518,.F.);
#2004=ORIENTED_EDGE('',*,*,#1324,.T.);
#2005=ORIENTED_EDGE('',*,*,#1518,.T.);
#2006=ORIENTED_EDGE('',*,*,#1519,.F.);
#2007=ORIENTED_EDGE('',*,*,#1520,.F.);
#2008=ORIENTED_EDGE('',*,*,#1325,.T.);
#2009=ORIENTED_EDGE('',*,*,#1520,.T.);
#2010=ORIENTED_EDGE('',*,*,#1521,.F.);
#2011=ORIENTED_EDGE('',*,*,#1522,.F.);
#2012=ORIENTED_EDGE('',*,*,#1326,.T.);
#2013=ORIENTED_EDGE('',*,*,#1522,.T.);
#2014=ORIENTED_EDGE('',*,*,#1523,.F.);
#2015=ORIENTED_EDGE('',*,*,#1524,.F.);
#2016=ORIENTED_EDGE('',*,*,#1327,.T.);
#2017=ORIENTED_EDGE('',*,*,#1524,.T.);
#2018=ORIENTED_EDGE('',*,*,#1525,.F.);
#2019=ORIENTED_EDGE('',*,*,#1526,.F.);
#2020=ORIENTED_EDGE('',*,*,#1328,.T.);
#2021=ORIENTED_EDGE('',*,*,#1526,.T.);
#2022=ORIENTED_EDGE('',*,*,#1527,.F.);
#2023=ORIENTED_EDGE('',*,*,#1528,.F.);
#2024=ORIENTED_EDGE('',*,*,#1329,.T.);
#2025=ORIENTED_EDGE('',*,*,#1528,.T.);
#2026=ORIENTED_EDGE('',*,*,#1529,.F.);
#2027=ORIENTED_EDGE('',*,*,#1530,.F.);
#2028=ORIENTED_EDGE('',*,*,#1330,.T.);
#2029=ORIENTED_EDGE('',*,*,#1530,.T.);
#2030=ORIENTED_EDGE('',*,*,#1531,.F.);
#2031=ORIENTED_EDGE('',*,*,#1532,.F.);
#2032=ORIENTED_EDGE('',*,*,#1331,.T.);
#2033=ORIENTED_EDGE('',*,*,#1532,.T.);
#2034=ORIENTED_EDGE('',*,*,#1533,.F.);
#2035=ORIENTED_EDGE('',*,*,#1534,.F.);
#2036=ORIENTED_EDGE('',*,*,#1332,.T.);
#2037=ORIENTED_EDGE('',*,*,#1534,.T.);
#2038=ORIENTED_EDGE('',*,*,#1535,.F.);
#2039=ORIENTED_EDGE('',*,*,#1536,.F.);
#2040=ORIENTED_EDGE('',*,*,#1333,.T.);
#2041=ORIENTED_EDGE('',*,*,#1536,.T.);
#2042=ORIENTED_EDGE('',*,*,#1537,.F.);
#2043=ORIENTED_EDGE('',*,*,#1538,.F.);
#2044=ORIENTED_EDGE('',*,*,#1334,.T.);
#2045=ORIENTED_EDGE('',*,*,#1538,.T.);
#2046=ORIENTED_EDGE('',*,*,#1539,.F.);
#2047=ORIENTED_EDGE('',*,*,#1509,.F.);
#2048=ORIENTED_EDGE('',*,*,#1339,.T.);
#2049=ORIENTED_EDGE('',*,*,#1540,.T.);
#2050=ORIENTED_EDGE('',*,*,#1541,.F.);
#2051=ORIENTED_EDGE('',*,*,#1476,.F.);
#2052=ORIENTED_EDGE('',*,*,#1338,.T.);
#2053=ORIENTED_EDGE('',*,*,#1301,.F.);
#2054=ORIENTED_EDGE('',*,*,#1542,.T.);
#2055=ORIENTED_EDGE('',*,*,#1543,.T.);
#2056=ORIENTED_EDGE('',*,*,#1544,.T.);
#2057=ORIENTED_EDGE('',*,*,#1545,.F.);
#2058=ORIENTED_EDGE('',*,*,#1546,.F.);
#2059=ORIENTED_EDGE('',*,*,#1547,.T.);
#2060=ORIENTED_EDGE('',*,*,#1548,.T.);
#2061=ORIENTED_EDGE('',*,*,#1549,.F.);
#2062=ORIENTED_EDGE('',*,*,#1550,.F.);
#2063=ORIENTED_EDGE('',*,*,#1551,.F.);
#2064=ORIENTED_EDGE('',*,*,#1552,.F.);
#2065=ORIENTED_EDGE('',*,*,#1553,.F.);
#2066=ORIENTED_EDGE('',*,*,#1554,.F.);
#2067=ORIENTED_EDGE('',*,*,#1555,.F.);
#2068=ORIENTED_EDGE('',*,*,#1556,.T.);
#2069=ORIENTED_EDGE('',*,*,#1557,.T.);
#2070=ORIENTED_EDGE('',*,*,#1558,.T.);
#2071=ORIENTED_EDGE('',*,*,#1559,.F.);
#2072=ORIENTED_EDGE('',*,*,#1560,.T.);
#2073=ORIENTED_EDGE('',*,*,#1561,.T.);
#2074=ORIENTED_EDGE('',*,*,#1562,.T.);
#2075=ORIENTED_EDGE('',*,*,#1295,.T.);
#2076=ORIENTED_EDGE('',*,*,#1337,.T.);
#2077=ORIENTED_EDGE('',*,*,#1454,.T.);
#2078=ORIENTED_EDGE('',*,*,#1563,.F.);
#2079=ORIENTED_EDGE('',*,*,#1540,.F.);
#2080=ORIENTED_EDGE('',*,*,#1564,.T.);
#2081=ORIENTED_EDGE('',*,*,#1452,.T.);
#2082=ORIENTED_EDGE('',*,*,#1477,.T.);
#2083=ORIENTED_EDGE('',*,*,#1541,.T.);
#2084=ORIENTED_EDGE('',*,*,#1563,.T.);
#2085=ORIENTED_EDGE('',*,*,#1453,.T.);
#2086=ORIENTED_EDGE('',*,*,#1565,.T.);
#2087=ORIENTED_EDGE('',*,*,#1350,.T.);
#2088=ORIENTED_EDGE('',*,*,#1539,.T.);
#2089=ORIENTED_EDGE('',*,*,#1537,.T.);
#2090=ORIENTED_EDGE('',*,*,#1535,.T.);
#2091=ORIENTED_EDGE('',*,*,#1533,.T.);
#2092=ORIENTED_EDGE('',*,*,#1531,.T.);
#2093=ORIENTED_EDGE('',*,*,#1529,.T.);
#2094=ORIENTED_EDGE('',*,*,#1527,.T.);
#2095=ORIENTED_EDGE('',*,*,#1525,.T.);
#2096=ORIENTED_EDGE('',*,*,#1523,.T.);
#2097=ORIENTED_EDGE('',*,*,#1521,.T.);
#2098=ORIENTED_EDGE('',*,*,#1519,.T.);
#2099=ORIENTED_EDGE('',*,*,#1517,.T.);
#2100=ORIENTED_EDGE('',*,*,#1515,.T.);
#2101=ORIENTED_EDGE('',*,*,#1513,.T.);
#2102=ORIENTED_EDGE('',*,*,#1511,.T.);
#2103=ORIENTED_EDGE('',*,*,#1419,.T.);
#2104=ORIENTED_EDGE('',*,*,#1422,.T.);
#2105=ORIENTED_EDGE('',*,*,#1424,.T.);
#2106=ORIENTED_EDGE('',*,*,#1426,.T.);
#2107=ORIENTED_EDGE('',*,*,#1428,.T.);
#2108=ORIENTED_EDGE('',*,*,#1430,.T.);
#2109=ORIENTED_EDGE('',*,*,#1432,.T.);
#2110=ORIENTED_EDGE('',*,*,#1434,.T.);
#2111=ORIENTED_EDGE('',*,*,#1436,.T.);
#2112=ORIENTED_EDGE('',*,*,#1438,.T.);
#2113=ORIENTED_EDGE('',*,*,#1440,.T.);
#2114=ORIENTED_EDGE('',*,*,#1442,.T.);
#2115=ORIENTED_EDGE('',*,*,#1444,.T.);
#2116=ORIENTED_EDGE('',*,*,#1446,.T.);
#2117=ORIENTED_EDGE('',*,*,#1448,.T.);
#2118=ORIENTED_EDGE('',*,*,#1450,.T.);
#2119=ORIENTED_EDGE('',*,*,#1510,.T.);
#2120=ORIENTED_EDGE('',*,*,#1508,.T.);
#2121=ORIENTED_EDGE('',*,*,#1506,.T.);
#2122=ORIENTED_EDGE('',*,*,#1504,.T.);
#2123=ORIENTED_EDGE('',*,*,#1502,.T.);
#2124=ORIENTED_EDGE('',*,*,#1500,.T.);
#2125=ORIENTED_EDGE('',*,*,#1498,.T.);
#2126=ORIENTED_EDGE('',*,*,#1496,.T.);
#2127=ORIENTED_EDGE('',*,*,#1494,.T.);
#2128=ORIENTED_EDGE('',*,*,#1492,.T.);
#2129=ORIENTED_EDGE('',*,*,#1490,.T.);
#2130=ORIENTED_EDGE('',*,*,#1488,.T.);
#2131=ORIENTED_EDGE('',*,*,#1486,.T.);
#2132=ORIENTED_EDGE('',*,*,#1484,.T.);
#2133=ORIENTED_EDGE('',*,*,#1482,.T.);
#2134=ORIENTED_EDGE('',*,*,#1480,.T.);
#2135=ORIENTED_EDGE('',*,*,#1386,.T.);
#2136=ORIENTED_EDGE('',*,*,#1389,.T.);
#2137=ORIENTED_EDGE('',*,*,#1391,.T.);
#2138=ORIENTED_EDGE('',*,*,#1393,.T.);
#2139=ORIENTED_EDGE('',*,*,#1395,.T.);
#2140=ORIENTED_EDGE('',*,*,#1397,.T.);
#2141=ORIENTED_EDGE('',*,*,#1399,.T.);
#2142=ORIENTED_EDGE('',*,*,#1401,.T.);
#2143=ORIENTED_EDGE('',*,*,#1403,.T.);
#2144=ORIENTED_EDGE('',*,*,#1405,.T.);
#2145=ORIENTED_EDGE('',*,*,#1407,.T.);
#2146=ORIENTED_EDGE('',*,*,#1409,.T.);
#2147=ORIENTED_EDGE('',*,*,#1411,.T.);
#2148=ORIENTED_EDGE('',*,*,#1413,.T.);
#2149=ORIENTED_EDGE('',*,*,#1415,.T.);
#2150=ORIENTED_EDGE('',*,*,#1417,.T.);
#2151=ORIENTED_EDGE('',*,*,#1479,.T.);
#2152=ORIENTED_EDGE('',*,*,#1566,.F.);
#2153=ORIENTED_EDGE('',*,*,#1567,.F.);
#2154=ORIENTED_EDGE('',*,*,#1568,.T.);
#2155=ORIENTED_EDGE('',*,*,#1569,.T.);
#2156=ORIENTED_EDGE('',*,*,#1570,.T.);
#2157=ORIENTED_EDGE('',*,*,#1291,.F.);
#2158=ORIENTED_EDGE('',*,*,#1571,.F.);
#2159=ORIENTED_EDGE('',*,*,#1344,.F.);
#2160=ORIENTED_EDGE('',*,*,#1346,.F.);
#2161=ORIENTED_EDGE('',*,*,#1564,.F.);
#2162=ORIENTED_EDGE('',*,*,#1349,.F.);
#2163=ORIENTED_EDGE('',*,*,#1348,.T.);
#2164=ORIENTED_EDGE('',*,*,#1572,.T.);
#2165=ORIENTED_EDGE('',*,*,#1573,.F.);
#2166=ORIENTED_EDGE('',*,*,#1566,.T.);
#2167=ORIENTED_EDGE('',*,*,#1573,.T.);
#2168=ORIENTED_EDGE('',*,*,#1574,.T.);
#2169=ORIENTED_EDGE('',*,*,#1575,.T.);
#2170=ORIENTED_EDGE('',*,*,#1576,.F.);
#2171=ORIENTED_EDGE('',*,*,#1577,.F.);
#2172=ORIENTED_EDGE('',*,*,#1567,.T.);
#2173=ORIENTED_EDGE('',*,*,#1578,.F.);
#2174=ORIENTED_EDGE('',*,*,#1293,.F.);
#2175=ORIENTED_EDGE('',*,*,#1579,.T.);
#2176=ORIENTED_EDGE('',*,*,#1574,.F.);
#2177=ORIENTED_EDGE('',*,*,#1572,.F.);
#2178=ORIENTED_EDGE('',*,*,#1351,.F.);
#2179=ORIENTED_EDGE('',*,*,#1565,.F.);
#2180=ORIENTED_EDGE('',*,*,#1347,.F.);
#2181=ORIENTED_EDGE('',*,*,#1342,.F.);
#2182=ORIENTED_EDGE('',*,*,#1580,.T.);
#2183=ORIENTED_EDGE('',*,*,#1581,.T.);
#2184=ORIENTED_EDGE('',*,*,#1582,.T.);
#2185=ORIENTED_EDGE('',*,*,#1583,.T.);
#2186=ORIENTED_EDGE('',*,*,#1584,.T.);
#2187=ORIENTED_EDGE('',*,*,#1570,.F.);
#2188=ORIENTED_EDGE('',*,*,#1585,.T.);
#2189=ORIENTED_EDGE('',*,*,#1586,.F.);
#2190=ORIENTED_EDGE('',*,*,#1575,.F.);
#2191=ORIENTED_EDGE('',*,*,#1579,.F.);
#2192=ORIENTED_EDGE('',*,*,#1292,.F.);
#2193=ORIENTED_EDGE('',*,*,#1587,.T.);
#2194=ORIENTED_EDGE('',*,*,#1585,.F.);
#2195=ORIENTED_EDGE('',*,*,#1569,.F.);
#2196=ORIENTED_EDGE('',*,*,#1588,.F.);
#2197=ORIENTED_EDGE('',*,*,#1589,.T.);
#2198=ORIENTED_EDGE('',*,*,#1588,.T.);
#2199=ORIENTED_EDGE('',*,*,#1568,.F.);
#2200=ORIENTED_EDGE('',*,*,#1577,.T.);
#2201=ORIENTED_EDGE('',*,*,#1586,.T.);
#2202=ORIENTED_EDGE('',*,*,#1587,.F.);
#2203=ORIENTED_EDGE('',*,*,#1589,.F.);
#2204=ORIENTED_EDGE('',*,*,#1576,.T.);
#2205=ORIENTED_EDGE('',*,*,#1590,.T.);
#2206=ORIENTED_EDGE('',*,*,#1591,.T.);
#2207=ORIENTED_EDGE('',*,*,#1592,.T.);
#2208=ORIENTED_EDGE('',*,*,#1593,.T.);
#2209=ORIENTED_EDGE('',*,*,#1594,.T.);
#2210=ORIENTED_EDGE('',*,*,#1590,.F.);
#2211=ORIENTED_EDGE('',*,*,#1595,.T.);
#2212=ORIENTED_EDGE('',*,*,#1580,.F.);
#2213=ORIENTED_EDGE('',*,*,#1595,.F.);
#2214=ORIENTED_EDGE('',*,*,#1591,.F.);
#2215=ORIENTED_EDGE('',*,*,#1596,.T.);
#2216=ORIENTED_EDGE('',*,*,#1581,.F.);
#2217=ORIENTED_EDGE('',*,*,#1596,.F.);
#2218=ORIENTED_EDGE('',*,*,#1592,.F.);
#2219=ORIENTED_EDGE('',*,*,#1597,.T.);
#2220=ORIENTED_EDGE('',*,*,#1582,.F.);
#2221=ORIENTED_EDGE('',*,*,#1597,.F.);
#2222=ORIENTED_EDGE('',*,*,#1593,.F.);
#2223=ORIENTED_EDGE('',*,*,#1598,.T.);
#2224=ORIENTED_EDGE('',*,*,#1583,.F.);
#2225=ORIENTED_EDGE('',*,*,#1598,.F.);
#2226=ORIENTED_EDGE('',*,*,#1594,.F.);
#2227=ORIENTED_EDGE('',*,*,#1599,.T.);
#2228=ORIENTED_EDGE('',*,*,#1584,.F.);
#2229=ORIENTED_EDGE('',*,*,#1599,.F.);
#2230=ORIENTED_EDGE('',*,*,#1341,.T.);
#2231=ORIENTED_EDGE('',*,*,#1571,.T.);
#2232=ORIENTED_EDGE('',*,*,#1290,.F.);
#2233=ORIENTED_EDGE('',*,*,#1578,.T.);
#2234=ORIENTED_EDGE('',*,*,#1600,.F.);
#2235=ORIENTED_EDGE('',*,*,#1601,.T.);
#2236=ORIENTED_EDGE('',*,*,#1602,.T.);
#2237=ORIENTED_EDGE('',*,*,#1603,.F.);
#2238=ORIENTED_EDGE('',*,*,#1604,.F.);
#2239=ORIENTED_EDGE('',*,*,#1605,.T.);
#2240=ORIENTED_EDGE('',*,*,#1606,.T.);
#2241=ORIENTED_EDGE('',*,*,#1601,.F.);
#2242=ORIENTED_EDGE('',*,*,#1607,.F.);
#2243=ORIENTED_EDGE('',*,*,#1608,.T.);
#2244=ORIENTED_EDGE('',*,*,#1609,.T.);
#2245=ORIENTED_EDGE('',*,*,#1605,.F.);
#2246=ORIENTED_EDGE('',*,*,#1610,.F.);
#2247=ORIENTED_EDGE('',*,*,#1611,.T.);
#2248=ORIENTED_EDGE('',*,*,#1612,.T.);
#2249=ORIENTED_EDGE('',*,*,#1608,.F.);
#2250=ORIENTED_EDGE('',*,*,#1613,.F.);
#2251=ORIENTED_EDGE('',*,*,#1614,.T.);
#2252=ORIENTED_EDGE('',*,*,#1615,.T.);
#2253=ORIENTED_EDGE('',*,*,#1611,.F.);
#2254=ORIENTED_EDGE('',*,*,#1616,.F.);
#2255=ORIENTED_EDGE('',*,*,#1603,.T.);
#2256=ORIENTED_EDGE('',*,*,#1617,.T.);
#2257=ORIENTED_EDGE('',*,*,#1614,.F.);
#2258=ORIENTED_EDGE('',*,*,#1617,.F.);
#2259=ORIENTED_EDGE('',*,*,#1602,.F.);
#2260=ORIENTED_EDGE('',*,*,#1606,.F.);
#2261=ORIENTED_EDGE('',*,*,#1609,.F.);
#2262=ORIENTED_EDGE('',*,*,#1612,.F.);
#2263=ORIENTED_EDGE('',*,*,#1615,.F.);
#2264=ORIENTED_EDGE('',*,*,#1618,.F.);
#2265=ORIENTED_EDGE('',*,*,#1619,.F.);
#2266=ORIENTED_EDGE('',*,*,#1620,.T.);
#2267=ORIENTED_EDGE('',*,*,#1621,.T.);
#2268=ORIENTED_EDGE('',*,*,#1622,.F.);
#2269=ORIENTED_EDGE('',*,*,#1623,.F.);
#2270=ORIENTED_EDGE('',*,*,#1624,.T.);
#2271=ORIENTED_EDGE('',*,*,#1625,.T.);
#2272=ORIENTED_EDGE('',*,*,#1620,.F.);
#2273=ORIENTED_EDGE('',*,*,#1626,.F.);
#2274=ORIENTED_EDGE('',*,*,#1627,.T.);
#2275=ORIENTED_EDGE('',*,*,#1628,.T.);
#2276=ORIENTED_EDGE('',*,*,#1624,.F.);
#2277=ORIENTED_EDGE('',*,*,#1629,.F.);
#2278=ORIENTED_EDGE('',*,*,#1630,.T.);
#2279=ORIENTED_EDGE('',*,*,#1631,.T.);
#2280=ORIENTED_EDGE('',*,*,#1627,.F.);
#2281=ORIENTED_EDGE('',*,*,#1632,.F.);
#2282=ORIENTED_EDGE('',*,*,#1633,.T.);
#2283=ORIENTED_EDGE('',*,*,#1634,.T.);
#2284=ORIENTED_EDGE('',*,*,#1630,.F.);
#2285=ORIENTED_EDGE('',*,*,#1635,.F.);
#2286=ORIENTED_EDGE('',*,*,#1622,.T.);
#2287=ORIENTED_EDGE('',*,*,#1636,.T.);
#2288=ORIENTED_EDGE('',*,*,#1633,.F.);
#2289=ORIENTED_EDGE('',*,*,#1636,.F.);
#2290=ORIENTED_EDGE('',*,*,#1621,.F.);
#2291=ORIENTED_EDGE('',*,*,#1625,.F.);
#2292=ORIENTED_EDGE('',*,*,#1628,.F.);
#2293=ORIENTED_EDGE('',*,*,#1631,.F.);
#2294=ORIENTED_EDGE('',*,*,#1634,.F.);
#2295=ORIENTED_EDGE('',*,*,#1637,.F.);
#2296=ORIENTED_EDGE('',*,*,#1352,.F.);
#2297=ORIENTED_EDGE('',*,*,#1638,.T.);
#2298=ORIENTED_EDGE('',*,*,#1618,.T.);
#2299=ORIENTED_EDGE('',*,*,#1638,.F.);
#2300=ORIENTED_EDGE('',*,*,#1302,.F.);
#2301=ORIENTED_EDGE('',*,*,#1639,.T.);
#2302=ORIENTED_EDGE('',*,*,#1637,.T.);
#2303=ORIENTED_EDGE('',*,*,#1639,.F.);
#2304=ORIENTED_EDGE('',*,*,#1640,.F.);
#2305=ORIENTED_EDGE('',*,*,#1455,.T.);
#2306=ORIENTED_EDGE('',*,*,#1296,.F.);
#2307=ORIENTED_EDGE('',*,*,#1562,.F.);
#2308=ORIENTED_EDGE('',*,*,#1641,.F.);
#2309=ORIENTED_EDGE('',*,*,#1456,.T.);
#2310=ORIENTED_EDGE('',*,*,#1640,.T.);
#2311=ORIENTED_EDGE('',*,*,#1561,.F.);
#2312=ORIENTED_EDGE('',*,*,#1642,.F.);
#2313=ORIENTED_EDGE('',*,*,#1457,.T.);
#2314=ORIENTED_EDGE('',*,*,#1641,.T.);
#2315=ORIENTED_EDGE('',*,*,#1560,.F.);
#2316=ORIENTED_EDGE('',*,*,#1643,.F.);
#2317=ORIENTED_EDGE('',*,*,#1458,.F.);
#2318=ORIENTED_EDGE('',*,*,#1642,.T.);
#2319=ORIENTED_EDGE('',*,*,#1559,.T.);
#2320=ORIENTED_EDGE('',*,*,#1644,.F.);
#2321=ORIENTED_EDGE('',*,*,#1459,.T.);
#2322=ORIENTED_EDGE('',*,*,#1643,.T.);
#2323=ORIENTED_EDGE('',*,*,#1558,.F.);
#2324=ORIENTED_EDGE('',*,*,#1462,.F.);
#2325=ORIENTED_EDGE('',*,*,#1645,.T.);
#2326=ORIENTED_EDGE('',*,*,#1555,.T.);
#2327=ORIENTED_EDGE('',*,*,#1646,.F.);
#2328=ORIENTED_EDGE('',*,*,#1463,.F.);
#2329=ORIENTED_EDGE('',*,*,#1646,.T.);
#2330=ORIENTED_EDGE('',*,*,#1554,.T.);
#2331=ORIENTED_EDGE('',*,*,#1647,.F.);
#2332=ORIENTED_EDGE('',*,*,#1648,.T.);
#2333=ORIENTED_EDGE('',*,*,#1548,.F.);
#2334=ORIENTED_EDGE('',*,*,#1649,.F.);
#2335=ORIENTED_EDGE('',*,*,#1469,.T.);
#2336=ORIENTED_EDGE('',*,*,#1650,.T.);
#2337=ORIENTED_EDGE('',*,*,#1551,.T.);
#2338=ORIENTED_EDGE('',*,*,#1651,.F.);
#2339=ORIENTED_EDGE('',*,*,#1466,.F.);
#2340=ORIENTED_EDGE('',*,*,#1652,.T.);
#2341=ORIENTED_EDGE('',*,*,#1556,.F.);
#2342=ORIENTED_EDGE('',*,*,#1645,.F.);
#2343=ORIENTED_EDGE('',*,*,#1461,.T.);
#2344=ORIENTED_EDGE('',*,*,#1647,.T.);
#2345=ORIENTED_EDGE('',*,*,#1553,.T.);
#2346=ORIENTED_EDGE('',*,*,#1653,.F.);
#2347=ORIENTED_EDGE('',*,*,#1464,.F.);
#2348=ORIENTED_EDGE('',*,*,#1654,.T.);
#2349=ORIENTED_EDGE('',*,*,#1542,.F.);
#2350=ORIENTED_EDGE('',*,*,#1300,.F.);
#2351=ORIENTED_EDGE('',*,*,#1475,.T.);
#2352=ORIENTED_EDGE('',*,*,#1655,.T.);
#2353=ORIENTED_EDGE('',*,*,#1543,.F.);
#2354=ORIENTED_EDGE('',*,*,#1654,.F.);
#2355=ORIENTED_EDGE('',*,*,#1474,.T.);
#2356=ORIENTED_EDGE('',*,*,#1656,.T.);
#2357=ORIENTED_EDGE('',*,*,#1544,.F.);
#2358=ORIENTED_EDGE('',*,*,#1655,.F.);
#2359=ORIENTED_EDGE('',*,*,#1473,.T.);
#2360=ORIENTED_EDGE('',*,*,#1657,.T.);
#2361=ORIENTED_EDGE('',*,*,#1546,.T.);
#2362=ORIENTED_EDGE('',*,*,#1658,.F.);
#2363=ORIENTED_EDGE('',*,*,#1471,.F.);
#2364=ORIENTED_EDGE('',*,*,#1658,.T.);
#2365=ORIENTED_EDGE('',*,*,#1545,.T.);
#2366=ORIENTED_EDGE('',*,*,#1656,.F.);
#2367=ORIENTED_EDGE('',*,*,#1472,.F.);
#2368=ORIENTED_EDGE('',*,*,#1549,.T.);
#2369=ORIENTED_EDGE('',*,*,#1648,.F.);
#2370=ORIENTED_EDGE('',*,*,#1468,.F.);
#2371=ORIENTED_EDGE('',*,*,#1659,.T.);
#2372=ORIENTED_EDGE('',*,*,#1550,.T.);
#2373=ORIENTED_EDGE('',*,*,#1659,.F.);
#2374=ORIENTED_EDGE('',*,*,#1467,.F.);
#2375=ORIENTED_EDGE('',*,*,#1651,.T.);
#2376=ORIENTED_EDGE('',*,*,#1552,.T.);
#2377=ORIENTED_EDGE('',*,*,#1650,.F.);
#2378=ORIENTED_EDGE('',*,*,#1465,.F.);
#2379=ORIENTED_EDGE('',*,*,#1653,.T.);
#2380=ORIENTED_EDGE('',*,*,#1600,.T.);
#2381=ORIENTED_EDGE('',*,*,#1616,.T.);
#2382=ORIENTED_EDGE('',*,*,#1613,.T.);
#2383=ORIENTED_EDGE('',*,*,#1610,.T.);
#2384=ORIENTED_EDGE('',*,*,#1607,.T.);
#2385=ORIENTED_EDGE('',*,*,#1604,.T.);
#2386=ORIENTED_EDGE('',*,*,#1619,.T.);
#2387=ORIENTED_EDGE('',*,*,#1635,.T.);
#2388=ORIENTED_EDGE('',*,*,#1632,.T.);
#2389=ORIENTED_EDGE('',*,*,#1629,.T.);
#2390=ORIENTED_EDGE('',*,*,#1626,.T.);
#2391=ORIENTED_EDGE('',*,*,#1623,.T.);
#2392=ORIENTED_EDGE('',*,*,#1557,.F.);
#2393=ORIENTED_EDGE('',*,*,#1652,.F.);
#2394=ORIENTED_EDGE('',*,*,#1460,.T.);
#2395=ORIENTED_EDGE('',*,*,#1644,.T.);
#2396=ORIENTED_EDGE('',*,*,#1547,.F.);
#2397=ORIENTED_EDGE('',*,*,#1657,.F.);
#2398=ORIENTED_EDGE('',*,*,#1470,.T.);
#2399=ORIENTED_EDGE('',*,*,#1649,.T.);
#2400=PLANE('',#2667);
#2401=PLANE('',#2668);
#2402=PLANE('',#2669);
#2403=PLANE('',#2670);
#2404=PLANE('',#2672);
#2405=PLANE('',#2673);
#2406=PLANE('',#2674);
#2407=PLANE('',#2675);
#2408=PLANE('',#2676);
#2409=PLANE('',#2677);
#2410=PLANE('',#2679);
#2411=PLANE('',#2680);
#2412=PLANE('',#2681);
#2413=PLANE('',#2682);
#2414=PLANE('',#2683);
#2415=PLANE('',#2684);
#2416=PLANE('',#2685);
#2417=PLANE('',#2686);
#2418=PLANE('',#2687);
#2419=PLANE('',#2688);
#2420=PLANE('',#2689);
#2421=PLANE('',#2690);
#2422=PLANE('',#2691);
#2423=PLANE('',#2692);
#2424=PLANE('',#2693);
#2425=PLANE('',#2694);
#2426=PLANE('',#2695);
#2427=PLANE('',#2696);
#2428=PLANE('',#2697);
#2429=PLANE('',#2698);
#2430=PLANE('',#2699);
#2431=PLANE('',#2700);
#2432=PLANE('',#2701);
#2433=PLANE('',#2702);
#2434=PLANE('',#2703);
#2435=PLANE('',#2704);
#2436=PLANE('',#2705);
#2437=PLANE('',#2706);
#2438=PLANE('',#2707);
#2439=PLANE('',#2708);
#2440=PLANE('',#2709);
#2441=PLANE('',#2710);
#2442=PLANE('',#2711);
#2443=PLANE('',#2712);
#2444=PLANE('',#2713);
#2445=PLANE('',#2714);
#2446=PLANE('',#2715);
#2447=PLANE('',#2716);
#2448=PLANE('',#2717);
#2449=PLANE('',#2718);
#2450=PLANE('',#2719);
#2451=PLANE('',#2720);
#2452=PLANE('',#2721);
#2453=PLANE('',#2722);
#2454=PLANE('',#2723);
#2455=PLANE('',#2724);
#2456=PLANE('',#2725);
#2457=PLANE('',#2726);
#2458=PLANE('',#2727);
#2459=PLANE('',#2728);
#2460=PLANE('',#2729);
#2461=PLANE('',#2730);
#2462=PLANE('',#2731);
#2463=PLANE('',#2732);
#2464=PLANE('',#2733);
#2465=PLANE('',#2734);
#2466=PLANE('',#2735);
#2467=PLANE('',#2736);
#2468=PLANE('',#2737);
#2469=PLANE('',#2738);
#2470=PLANE('',#2739);
#2471=PLANE('',#2740);
#2472=PLANE('',#2741);
#2473=PLANE('',#2742);
#2474=PLANE('',#2743);
#2475=PLANE('',#2744);
#2476=PLANE('',#2745);
#2477=PLANE('',#2746);
#2478=PLANE('',#2747);
#2479=PLANE('',#2748);
#2480=PLANE('',#2749);
#2481=PLANE('',#2750);
#2482=PLANE('',#2751);
#2483=PLANE('',#2757);
#2484=PLANE('',#2758);
#2485=PLANE('',#2759);
#2486=PLANE('',#2760);
#2487=PLANE('',#2771);
#2488=PLANE('',#2772);
#2489=PLANE('',#2773);
#2490=PLANE('',#2774);
#2491=PLANE('',#2775);
#2492=PLANE('',#2776);
#2493=PLANE('',#2777);
#2494=PLANE('',#2778);
#2495=PLANE('',#2780);
#2496=PLANE('',#2781);
#2497=PLANE('',#2782);
#2498=PLANE('',#2783);
#2499=PLANE('',#2784);
#2500=PLANE('',#2785);
#2501=PLANE('',#2786);
#2502=PLANE('',#2790);
#2503=PLANE('',#2791);
#2504=PLANE('',#2792);
#2505=PLANE('',#2793);
#2506=PLANE('',#2794);
#2507=PLANE('',#2795);
#2508=PLANE('',#2796);
#2509=PLANE('',#2797);
#2510=PLANE('',#2798);
#2511=PLANE('',#2799);
#2512=PLANE('',#2800);
#2513=PLANE('',#2801);
#2514=PLANE('',#2802);
#2515=PLANE('',#2803);
#2516=PLANE('',#2804);
#2517=PLANE('',#2805);
#2518=PLANE('',#2806);
#2519=PLANE('',#2807);
#2520=PLANE('',#2808);
#2521=PLANE('',#2809);
#2522=PLANE('',#2810);
#2523=ADVANCED_FACE('',(#54),#2400,.T.);
#2524=ADVANCED_FACE('',(#55),#2401,.T.);
#2525=ADVANCED_FACE('',(#56),#2402,.T.);
#2526=ADVANCED_FACE('',(#57,#22),#2403,.F.);
#2527=ADVANCED_FACE('',(#58),#2404,.F.);
#2528=ADVANCED_FACE('',(#59),#2405,.F.);
#2529=ADVANCED_FACE('',(#60),#2406,.T.);
#2530=ADVANCED_FACE('',(#61),#2407,.T.);
#2531=ADVANCED_FACE('',(#62),#2408,.T.);
#2532=ADVANCED_FACE('',(#63,#23),#2409,.F.);
#2533=ADVANCED_FACE('',(#64),#2410,.T.);
#2534=ADVANCED_FACE('',(#65),#2411,.T.);
#2535=ADVANCED_FACE('',(#66),#2412,.T.);
#2536=ADVANCED_FACE('',(#67),#2413,.T.);
#2537=ADVANCED_FACE('',(#68),#2414,.T.);
#2538=ADVANCED_FACE('',(#69),#2415,.T.);
#2539=ADVANCED_FACE('',(#70),#2416,.T.);
#2540=ADVANCED_FACE('',(#71),#2417,.T.);
#2541=ADVANCED_FACE('',(#72),#2418,.T.);
#2542=ADVANCED_FACE('',(#73),#2419,.T.);
#2543=ADVANCED_FACE('',(#74),#2420,.T.);
#2544=ADVANCED_FACE('',(#75),#2421,.T.);
#2545=ADVANCED_FACE('',(#76),#2422,.T.);
#2546=ADVANCED_FACE('',(#77),#2423,.T.);
#2547=ADVANCED_FACE('',(#78),#2424,.T.);
#2548=ADVANCED_FACE('',(#79),#2425,.T.);
#2549=ADVANCED_FACE('',(#80),#2426,.T.);
#2550=ADVANCED_FACE('',(#81),#2427,.T.);
#2551=ADVANCED_FACE('',(#82),#2428,.T.);
#2552=ADVANCED_FACE('',(#83),#2429,.T.);
#2553=ADVANCED_FACE('',(#84),#2430,.T.);
#2554=ADVANCED_FACE('',(#85),#2431,.T.);
#2555=ADVANCED_FACE('',(#86),#2432,.T.);
#2556=ADVANCED_FACE('',(#87),#2433,.T.);
#2557=ADVANCED_FACE('',(#88),#2434,.T.);
#2558=ADVANCED_FACE('',(#89),#2435,.T.);
#2559=ADVANCED_FACE('',(#90),#2436,.T.);
#2560=ADVANCED_FACE('',(#91),#2437,.T.);
#2561=ADVANCED_FACE('',(#92),#2438,.T.);
#2562=ADVANCED_FACE('',(#93),#2439,.T.);
#2563=ADVANCED_FACE('',(#94),#2440,.T.);
#2564=ADVANCED_FACE('',(#95),#2441,.T.);
#2565=ADVANCED_FACE('',(#96),#2442,.T.);
#2566=ADVANCED_FACE('',(#97),#2443,.T.);
#2567=ADVANCED_FACE('',(#98),#2444,.T.);
#2568=ADVANCED_FACE('',(#99),#2445,.T.);
#2569=ADVANCED_FACE('',(#100),#2446,.T.);
#2570=ADVANCED_FACE('',(#101),#2447,.T.);
#2571=ADVANCED_FACE('',(#102),#2448,.T.);
#2572=ADVANCED_FACE('',(#103),#2449,.T.);
#2573=ADVANCED_FACE('',(#104),#2450,.T.);
#2574=ADVANCED_FACE('',(#105),#2451,.T.);
#2575=ADVANCED_FACE('',(#106),#2452,.T.);
#2576=ADVANCED_FACE('',(#107),#2453,.T.);
#2577=ADVANCED_FACE('',(#108),#2454,.T.);
#2578=ADVANCED_FACE('',(#109),#2455,.T.);
#2579=ADVANCED_FACE('',(#110),#2456,.T.);
#2580=ADVANCED_FACE('',(#111),#2457,.T.);
#2581=ADVANCED_FACE('',(#112),#2458,.T.);
#2582=ADVANCED_FACE('',(#113),#2459,.T.);
#2583=ADVANCED_FACE('',(#114),#2460,.T.);
#2584=ADVANCED_FACE('',(#115),#2461,.T.);
#2585=ADVANCED_FACE('',(#116),#2462,.T.);
#2586=ADVANCED_FACE('',(#117),#2463,.T.);
#2587=ADVANCED_FACE('',(#118),#2464,.T.);
#2588=ADVANCED_FACE('',(#119),#2465,.T.);
#2589=ADVANCED_FACE('',(#120),#2466,.T.);
#2590=ADVANCED_FACE('',(#121),#2467,.T.);
#2591=ADVANCED_FACE('',(#122),#2468,.T.);
#2592=ADVANCED_FACE('',(#123),#2469,.T.);
#2593=ADVANCED_FACE('',(#124),#2470,.T.);
#2594=ADVANCED_FACE('',(#125),#2471,.T.);
#2595=ADVANCED_FACE('',(#126),#2472,.T.);
#2596=ADVANCED_FACE('',(#127),#2473,.T.);
#2597=ADVANCED_FACE('',(#128),#2474,.T.);
#2598=ADVANCED_FACE('',(#129),#2475,.T.);
#2599=ADVANCED_FACE('',(#130),#2476,.T.);
#2600=ADVANCED_FACE('',(#131),#2477,.T.);
#2601=ADVANCED_FACE('',(#132,#24,#25),#2478,.T.);
#2602=ADVANCED_FACE('',(#133),#2479,.T.);
#2603=ADVANCED_FACE('',(#134),#2480,.T.);
#2604=ADVANCED_FACE('',(#135),#2481,.T.);
#2605=ADVANCED_FACE('',(#136,#26,#27,#28,#29,#30),#2482,.T.);
#2606=ADVANCED_FACE('',(#137),#2483,.T.);
#2607=ADVANCED_FACE('',(#138),#2484,.T.);
#2608=ADVANCED_FACE('',(#139),#2485,.T.);
#2609=ADVANCED_FACE('',(#140,#31,#32,#33,#34,#35),#2486,.T.);
#2610=ADVANCED_FACE('',(#141),#15,.F.);
#2611=ADVANCED_FACE('',(#142),#16,.F.);
#2612=ADVANCED_FACE('',(#143),#17,.F.);
#2613=ADVANCED_FACE('',(#144),#18,.F.);
#2614=ADVANCED_FACE('',(#145),#19,.F.);
#2615=ADVANCED_FACE('',(#146),#2487,.T.);
#2616=ADVANCED_FACE('',(#147),#2488,.F.);
#2617=ADVANCED_FACE('',(#148),#2489,.F.);
#2618=ADVANCED_FACE('',(#149),#2490,.F.);
#2619=ADVANCED_FACE('',(#150),#2491,.F.);
#2620=ADVANCED_FACE('',(#151),#2492,.F.);
#2621=ADVANCED_FACE('',(#152),#2493,.F.);
#2622=ADVANCED_FACE('',(#153,#36),#2494,.F.);
#2623=ADVANCED_FACE('',(#154),#2495,.F.);
#2624=ADVANCED_FACE('',(#155),#2496,.F.);
#2625=ADVANCED_FACE('',(#156),#2497,.F.);
#2626=ADVANCED_FACE('',(#157),#2498,.F.);
#2627=ADVANCED_FACE('',(#158),#2499,.F.);
#2628=ADVANCED_FACE('',(#159),#2500,.F.);
#2629=ADVANCED_FACE('',(#160,#37),#2501,.F.);
#2630=ADVANCED_FACE('',(#161),#20,.F.);
#2631=ADVANCED_FACE('',(#162),#21,.F.);
#2632=ADVANCED_FACE('',(#163),#2502,.T.);
#2633=ADVANCED_FACE('',(#164),#2503,.T.);
#2634=ADVANCED_FACE('',(#165),#2504,.T.);
#2635=ADVANCED_FACE('',(#166),#2505,.T.);
#2636=ADVANCED_FACE('',(#167),#2506,.T.);
#2637=ADVANCED_FACE('',(#168),#2507,.T.);
#2638=ADVANCED_FACE('',(#169),#2508,.T.);
#2639=ADVANCED_FACE('',(#170),#2509,.T.);
#2640=ADVANCED_FACE('',(#171),#2510,.T.);
#2641=ADVANCED_FACE('',(#172),#2511,.T.);
#2642=ADVANCED_FACE('',(#173),#2512,.T.);
#2643=ADVANCED_FACE('',(#174),#2513,.T.);
#2644=ADVANCED_FACE('',(#175),#2514,.T.);
#2645=ADVANCED_FACE('',(#176),#2515,.T.);
#2646=ADVANCED_FACE('',(#177),#2516,.T.);
#2647=ADVANCED_FACE('',(#178),#2517,.T.);
#2648=ADVANCED_FACE('',(#179),#2518,.T.);
#2649=ADVANCED_FACE('',(#180),#2519,.T.);
#2650=ADVANCED_FACE('',(#181,#38,#39),#2520,.T.);
#2651=ADVANCED_FACE('',(#182),#2521,.T.);
#2652=ADVANCED_FACE('',(#183),#2522,.T.);
#2653=CLOSED_SHELL('',(#2523,#2524,#2525,#2526,#2527,#2528,#2529,#2530,
#2531,#2532,#2533,#2534,#2535,#2536,#2537,#2538,#2539,#2540,#2541,#2542,
#2543,#2544,#2545,#2546,#2547,#2548,#2549,#2550,#2551,#2552,#2553,#2554,
#2555,#2556,#2557,#2558,#2559,#2560,#2561,#2562,#2563,#2564,#2565,#2566,
#2567,#2568,#2569,#2570,#2571,#2572,#2573,#2574,#2575,#2576,#2577,#2578,
#2579,#2580,#2581,#2582,#2583,#2584,#2585,#2586,#2587,#2588,#2589,#2590,
#2591,#2592,#2593,#2594,#2595,#2596,#2597,#2598,#2599,#2600,#2601,#2602,
#2603,#2604,#2605,#2606,#2607,#2608,#2609,#2610,#2611,#2612,#2613,#2614,
#2615,#2616,#2617,#2618,#2619,#2620,#2621,#2622,#2623,#2624,#2625,#2626,
#2627,#2628,#2629,#2630,#2631,#2632,#2633,#2634,#2635,#2636,#2637,#2638,
#2639,#2640,#2641,#2642,#2643,#2644,#2645,#2646,#2647,#2648,#2649,#2650,
#2651,#2652));
#2654=DERIVED_UNIT_ELEMENT(#2656,1.);
#2655=DERIVED_UNIT_ELEMENT(#4209,-3.);
#2656=(
MASS_UNIT()
NAMED_UNIT(*)
SI_UNIT(.KILO.,.GRAM.)
);
#2657=DERIVED_UNIT((#2654,#2655));
#2658=MEASURE_REPRESENTATION_ITEM('density measure',
POSITIVE_RATIO_MEASURE(1171.75),#2657);
#2659=PROPERTY_DEFINITION_REPRESENTATION(#2664,#2661);
#2660=PROPERTY_DEFINITION_REPRESENTATION(#2665,#2662);
#2661=REPRESENTATION('material name',(#2663),#4206);
#2662=REPRESENTATION('density',(#2658),#4206);
#2663=DESCRIPTIVE_REPRESENTATION_ITEM(
'PA 11 - Nylon- HP 11-30 (with EOS P 396 3D Printer)',
'PA 11 - Nylon- HP 11-30 (with EOS P 396 3D Printer)');
#2664=PROPERTY_DEFINITION('material property','material name',#4216);
#2665=PROPERTY_DEFINITION('material property','density of part',#4216);
#2666=AXIS2_PLACEMENT_3D('',#3457,#2811,#2812);
#2667=AXIS2_PLACEMENT_3D('',#3458,#2813,#2814);
#2668=AXIS2_PLACEMENT_3D('',#3467,#2819,#2820);
#2669=AXIS2_PLACEMENT_3D('',#3476,#2825,#2826);
#2670=AXIS2_PLACEMENT_3D('',#3485,#2831,#2832);
#2671=AXIS2_PLACEMENT_3D('',#3487,#2833,#2834);
#2672=AXIS2_PLACEMENT_3D('',#3552,#2867,#2868);
#2673=AXIS2_PLACEMENT_3D('',#3558,#2872,#2873);
#2674=AXIS2_PLACEMENT_3D('',#3564,#2877,#2878);
#2675=AXIS2_PLACEMENT_3D('',#3573,#2883,#2884);
#2676=AXIS2_PLACEMENT_3D('',#3579,#2888,#2889);
#2677=AXIS2_PLACEMENT_3D('',#3588,#2894,#2895);
#2678=AXIS2_PLACEMENT_3D('',#3590,#2896,#2897);
#2679=AXIS2_PLACEMENT_3D('',#3655,#2930,#2931);
#2680=AXIS2_PLACEMENT_3D('',#3661,#2935,#2936);
#2681=AXIS2_PLACEMENT_3D('',#3665,#2939,#2940);
#2682=AXIS2_PLACEMENT_3D('',#3669,#2943,#2944);
#2683=AXIS2_PLACEMENT_3D('',#3673,#2947,#2948);
#2684=AXIS2_PLACEMENT_3D('',#3677,#2951,#2952);
#2685=AXIS2_PLACEMENT_3D('',#3681,#2955,#2956);
#2686=AXIS2_PLACEMENT_3D('',#3685,#2959,#2960);
#2687=AXIS2_PLACEMENT_3D('',#3689,#2963,#2964);
#2688=AXIS2_PLACEMENT_3D('',#3693,#2967,#2968);
#2689=AXIS2_PLACEMENT_3D('',#3697,#2971,#2972);
#2690=AXIS2_PLACEMENT_3D('',#3701,#2975,#2976);
#2691=AXIS2_PLACEMENT_3D('',#3705,#2979,#2980);
#2692=AXIS2_PLACEMENT_3D('',#3709,#2983,#2984);
#2693=AXIS2_PLACEMENT_3D('',#3713,#2987,#2988);
#2694=AXIS2_PLACEMENT_3D('',#3717,#2991,#2992);
#2695=AXIS2_PLACEMENT_3D('',#3721,#2995,#2996);
#2696=AXIS2_PLACEMENT_3D('',#3727,#3000,#3001);
#2697=AXIS2_PLACEMENT_3D('',#3731,#3004,#3005);
#2698=AXIS2_PLACEMENT_3D('',#3735,#3008,#3009);
#2699=AXIS2_PLACEMENT_3D('',#3739,#3012,#3013);
#2700=AXIS2_PLACEMENT_3D('',#3743,#3016,#3017);
#2701=AXIS2_PLACEMENT_3D('',#3747,#3020,#3021);
#2702=AXIS2_PLACEMENT_3D('',#3751,#3024,#3025);
#2703=AXIS2_PLACEMENT_3D('',#3755,#3028,#3029);
#2704=AXIS2_PLACEMENT_3D('',#3759,#3032,#3033);
#2705=AXIS2_PLACEMENT_3D('',#3763,#3036,#3037);
#2706=AXIS2_PLACEMENT_3D('',#3767,#3040,#3041);
#2707=AXIS2_PLACEMENT_3D('',#3771,#3044,#3045);
#2708=AXIS2_PLACEMENT_3D('',#3775,#3048,#3049);
#2709=AXIS2_PLACEMENT_3D('',#3779,#3052,#3053);
#2710=AXIS2_PLACEMENT_3D('',#3783,#3056,#3057);
#2711=AXIS2_PLACEMENT_3D('',#3787,#3060,#3061);
#2712=AXIS2_PLACEMENT_3D('',#3794,#3066,#3067);
#2713=AXIS2_PLACEMENT_3D('',#3839,#3091,#3092);
#2714=AXIS2_PLACEMENT_3D('',#3843,#3095,#3096);
#2715=AXIS2_PLACEMENT_3D('',#3847,#3099,#3100);
#2716=AXIS2_PLACEMENT_3D('',#3851,#3103,#3104);
#2717=AXIS2_PLACEMENT_3D('',#3855,#3107,#3108);
#2718=AXIS2_PLACEMENT_3D('',#3859,#3111,#3112);
#2719=AXIS2_PLACEMENT_3D('',#3863,#3115,#3116);
#2720=AXIS2_PLACEMENT_3D('',#3867,#3119,#3120);
#2721=AXIS2_PLACEMENT_3D('',#3871,#3123,#3124);
#2722=AXIS2_PLACEMENT_3D('',#3875,#3127,#3128);
#2723=AXIS2_PLACEMENT_3D('',#3879,#3131,#3132);
#2724=AXIS2_PLACEMENT_3D('',#3883,#3135,#3136);
#2725=AXIS2_PLACEMENT_3D('',#3887,#3139,#3140);
#2726=AXIS2_PLACEMENT_3D('',#3891,#3143,#3144);
#2727=AXIS2_PLACEMENT_3D('',#3895,#3147,#3148);
#2728=AXIS2_PLACEMENT_3D('',#3899,#3151,#3152);
#2729=AXIS2_PLACEMENT_3D('',#3901,#3154,#3155);
#2730=AXIS2_PLACEMENT_3D('',#3905,#3158,#3159);
#2731=AXIS2_PLACEMENT_3D('',#3909,#3162,#3163);
#2732=AXIS2_PLACEMENT_3D('',#3913,#3166,#3167);
#2733=AXIS2_PLACEMENT_3D('',#3917,#3170,#3171);
#2734=AXIS2_PLACEMENT_3D('',#3921,#3174,#3175);
#2735=AXIS2_PLACEMENT_3D('',#3925,#3178,#3179);
#2736=AXIS2_PLACEMENT_3D('',#3929,#3182,#3183);
#2737=AXIS2_PLACEMENT_3D('',#3933,#3186,#3187);
#2738=AXIS2_PLACEMENT_3D('',#3937,#3190,#3191);
#2739=AXIS2_PLACEMENT_3D('',#3941,#3194,#3195);
#2740=AXIS2_PLACEMENT_3D('',#3945,#3198,#3199);
#2741=AXIS2_PLACEMENT_3D('',#3949,#3202,#3203);
#2742=AXIS2_PLACEMENT_3D('',#3953,#3206,#3207);
#2743=AXIS2_PLACEMENT_3D('',#3957,#3210,#3211);
#2744=AXIS2_PLACEMENT_3D('',#3961,#3214,#3215);
#2745=AXIS2_PLACEMENT_3D('',#3963,#3217,#3218);
#2746=AXIS2_PLACEMENT_3D('',#3967,#3221,#3222);
#2747=AXIS2_PLACEMENT_3D('',#4010,#3245,#3246);
#2748=AXIS2_PLACEMENT_3D('',#4013,#3249,#3250);
#2749=AXIS2_PLACEMENT_3D('',#4024,#3257,#3258);
#2750=AXIS2_PLACEMENT_3D('',#4028,#3261,#3262);
#2751=AXIS2_PLACEMENT_3D('',#4036,#3267,#3268);
#2752=AXIS2_PLACEMENT_3D('',#4040,#3271,#3272);
#2753=AXIS2_PLACEMENT_3D('',#4042,#3273,#3274);
#2754=AXIS2_PLACEMENT_3D('',#4044,#3275,#3276);
#2755=AXIS2_PLACEMENT_3D('',#4046,#3277,#3278);
#2756=AXIS2_PLACEMENT_3D('',#4048,#3279,#3280);
#2757=AXIS2_PLACEMENT_3D('',#4049,#3281,#3282);
#2758=AXIS2_PLACEMENT_3D('',#4053,#3285,#3286);
#2759=AXIS2_PLACEMENT_3D('',#4057,#3289,#3290);
#2760=AXIS2_PLACEMENT_3D('',#4059,#3292,#3293);
#2761=AXIS2_PLACEMENT_3D('',#4061,#3294,#3295);
#2762=AXIS2_PLACEMENT_3D('',#4063,#3296,#3297);
#2763=AXIS2_PLACEMENT_3D('',#4065,#3298,#3299);
#2764=AXIS2_PLACEMENT_3D('',#4067,#3300,#3301);
#2765=AXIS2_PLACEMENT_3D('',#4069,#3302,#3303);
#2766=AXIS2_PLACEMENT_3D('',#4070,#3304,#3305);
#2767=AXIS2_PLACEMENT_3D('',#4072,#3307,#3308);
#2768=AXIS2_PLACEMENT_3D('',#4074,#3310,#3311);
#2769=AXIS2_PLACEMENT_3D('',#4076,#3313,#3314);
#2770=AXIS2_PLACEMENT_3D('',#4078,#3316,#3317);
#2771=AXIS2_PLACEMENT_3D('',#4080,#3319,#3320);
#2772=AXIS2_PLACEMENT_3D('',#4081,#3321,#3322);
#2773=AXIS2_PLACEMENT_3D('',#4090,#3327,#3328);
#2774=AXIS2_PLACEMENT_3D('',#4096,#3332,#3333);
#2775=AXIS2_PLACEMENT_3D('',#4102,#3337,#3338);
#2776=AXIS2_PLACEMENT_3D('',#4108,#3342,#3343);
#2777=AXIS2_PLACEMENT_3D('',#4114,#3347,#3348);
#2778=AXIS2_PLACEMENT_3D('',#4117,#3351,#3352);
#2779=AXIS2_PLACEMENT_3D('',#4119,#3353,#3354);
#2780=AXIS2_PLACEMENT_3D('',#4120,#3355,#3356);
#2781=AXIS2_PLACEMENT_3D('',#4129,#3361,#3362);
#2782=AXIS2_PLACEMENT_3D('',#4135,#3366,#3367);
#2783=AXIS2_PLACEMENT_3D('',#4141,#3371,#3372);
#2784=AXIS2_PLACEMENT_3D('',#4147,#3376,#3377);
#2785=AXIS2_PLACEMENT_3D('',#4153,#3381,#3382);
#2786=AXIS2_PLACEMENT_3D('',#4156,#3385,#3386);
#2787=AXIS2_PLACEMENT_3D('',#4158,#3387,#3388);
#2788=AXIS2_PLACEMENT_3D('',#4159,#3389,#3390);
#2789=AXIS2_PLACEMENT_3D('',#4161,#3392,#3393);
#2790=AXIS2_PLACEMENT_3D('',#4163,#3395,#3396);
#2791=AXIS2_PLACEMENT_3D('',#4165,#3398,#3399);
#2792=AXIS2_PLACEMENT_3D('',#4167,#3401,#3402);
#2793=AXIS2_PLACEMENT_3D('',#4169,#3404,#3405);
#2794=AXIS2_PLACEMENT_3D('',#4171,#3407,#3408);
#2795=AXIS2_PLACEMENT_3D('',#4173,#3410,#3411);
#2796=AXIS2_PLACEMENT_3D('',#4176,#3414,#3415);
#2797=AXIS2_PLACEMENT_3D('',#4178,#3417,#3418);
#2798=AXIS2_PLACEMENT_3D('',#4181,#3421,#3422);
#2799=AXIS2_PLACEMENT_3D('',#4184,#3425,#3426);
#2800=AXIS2_PLACEMENT_3D('',#4186,#3428,#3429);
#2801=AXIS2_PLACEMENT_3D('',#4188,#3431,#3432);
#2802=AXIS2_PLACEMENT_3D('',#4190,#3434,#3435);
#2803=AXIS2_PLACEMENT_3D('',#4192,#3437,#3438);
#2804=AXIS2_PLACEMENT_3D('',#4194,#3440,#3441);
#2805=AXIS2_PLACEMENT_3D('',#4197,#3444,#3445);
#2806=AXIS2_PLACEMENT_3D('',#4198,#3446,#3447);
#2807=AXIS2_PLACEMENT_3D('',#4200,#3449,#3450);
#2808=AXIS2_PLACEMENT_3D('',#4201,#3451,#3452);
#2809=AXIS2_PLACEMENT_3D('',#4202,#3453,#3454);
#2810=AXIS2_PLACEMENT_3D('',#4203,#3455,#3456);
#2811=DIRECTION('axis',(0.,0.,1.));
#2812=DIRECTION('refdir',(1.,0.,0.));
#2813=DIRECTION('center_axis',(0.,-1.,0.));
#2814=DIRECTION('ref_axis',(0.,0.,-1.));
#2815=DIRECTION('',(1.,0.,0.));
#2816=DIRECTION('',(0.,0.,1.));
#2817=DIRECTION('',(-1.,0.,0.));
#2818=DIRECTION('',(0.,0.,-1.));
#2819=DIRECTION('center_axis',(-2.22050237144109E-16,-1.,0.));
#2820=DIRECTION('ref_axis',(1.,-2.22050237144109E-16,1.15347846714302E-16));
#2821=DIRECTION('',(1.,-2.22050237144109E-16,0.));
#2822=DIRECTION('',(0.,0.,1.));
#2823=DIRECTION('',(1.,-2.22050237144109E-16,1.15347846714302E-16));
#2824=DIRECTION('',(0.,0.,1.));
#2825=DIRECTION('center_axis',(2.22044604925031E-16,1.,0.));
#2826=DIRECTION('ref_axis',(-1.,2.22044604925031E-16,-1.22464679914735E-16));
#2827=DIRECTION('',(-1.,2.22044604925031E-16,0.));
#2828=DIRECTION('',(0.,0.,1.));
#2829=DIRECTION('',(-1.,2.22044604925031E-16,-1.22464679914735E-16));
#2830=DIRECTION('',(0.,0.,1.));
#2831=DIRECTION('center_axis',(0.,0.,1.));
#2832=DIRECTION('ref_axis',(1.,0.,0.));
#2833=DIRECTION('center_axis',(0.,0.,-1.));
#2834=DIRECTION('ref_axis',(-1.,0.,0.));
#2835=DIRECTION('',(0.290284963829892,-0.956940248800456,0.));
#2836=DIRECTION('',(0.471396607274942,-0.881921333594825,0.));
#2837=DIRECTION('',(0.634393040930006,-0.773010652979362,0.));
#2838=DIRECTION('',(0.773010652979362,-0.634393040930007,0.));
#2839=DIRECTION('',(0.881921333594825,-0.471396607274942,0.));
#2840=DIRECTION('',(0.956940382011162,-0.290284524693156,0.));
#2841=DIRECTION('',(0.995184649466633,-0.0980179242076396,0.));
#2842=DIRECTION('',(0.995184649466633,0.0980179242076392,0.));
#2843=DIRECTION('',(0.956940382011162,0.290284524693156,0.));
#2844=DIRECTION('',(0.881921333594825,0.471396607274942,0.));
#2845=DIRECTION('',(0.773010652979362,0.634393040930006,0.));
#2846=DIRECTION('',(0.634393040930007,0.773010652979362,0.));
#2847=DIRECTION('',(0.471396607274942,0.881921333594825,0.));
#2848=DIRECTION('',(0.290284963829893,0.956940248800456,0.));
#2849=DIRECTION('',(0.0980174366280051,0.995184697489303,0.));
#2850=DIRECTION('',(-0.0980174366280047,0.995184697489303,0.));
#2851=DIRECTION('',(-0.290284963829892,0.956940248800456,0.));
#2852=DIRECTION('',(-0.471396607274942,0.881921333594825,0.));
#2853=DIRECTION('',(-0.634393040930006,0.773010652979362,0.));
#2854=DIRECTION('',(-0.773010652979362,0.634393040930007,0.));
#2855=DIRECTION('',(-0.881921333594825,0.471396607274942,0.));
#2856=DIRECTION('',(-0.956940382011162,0.290284524693156,0.));
#2857=DIRECTION('',(-0.995184649466633,0.0980179242076396,0.));
#2858=DIRECTION('',(-0.995184649466633,-0.0980179242076392,0.));
#2859=DIRECTION('',(-0.956940382011162,-0.290284524693156,0.));
#2860=DIRECTION('',(-0.881921333594825,-0.471396607274942,0.));
#2861=DIRECTION('',(-0.773010652979362,-0.634393040930006,0.));
#2862=DIRECTION('',(-0.634393040930007,-0.773010652979362,0.));
#2863=DIRECTION('',(-0.471396607274942,-0.881921333594825,0.));
#2864=DIRECTION('',(-0.290284963829893,-0.956940248800456,0.));
#2865=DIRECTION('',(-0.0980174366280051,-0.995184697489303,0.));
#2866=DIRECTION('',(0.0980174366280047,-0.995184697489303,0.));
#2867=DIRECTION('center_axis',(0.,0.,1.));
#2868=DIRECTION('ref_axis',(1.,0.,0.));
#2869=DIRECTION('',(2.22044604925031E-16,1.,0.));
#2870=DIRECTION('',(-1.,2.22050237144109E-16,0.));
#2871=DIRECTION('',(-2.22044604925031E-16,-1.,0.));
#2872=DIRECTION('center_axis',(0.,0.,1.));
#2873=DIRECTION('ref_axis',(1.,0.,0.));
#2874=DIRECTION('',(-2.22044604925031E-16,-1.,0.));
#2875=DIRECTION('',(1.,-2.22044604925031E-16,0.));
#2876=DIRECTION('',(2.22044604925031E-16,1.,0.));
#2877=DIRECTION('center_axis',(0.,-0.707106781186548,-0.707106781186548));
#2878=DIRECTION('ref_axis',(0.,-0.707106781186548,0.707106781186548));
#2879=DIRECTION('',(1.,-1.22464679914735E-16,1.22464679914735E-16));
#2880=DIRECTION('',(0.,0.707106781186548,-0.707106781186548));
#2881=DIRECTION('',(-1.,0.,0.));
#2882=DIRECTION('',(0.,-0.707106781186547,0.707106781186547));
#2883=DIRECTION('center_axis',(0.,0.,-1.));
#2884=DIRECTION('ref_axis',(0.,-1.,0.));
#2885=DIRECTION('',(-1.,2.22050237144109E-16,0.));
#2886=DIRECTION('',(0.,-1.,0.));
#2887=DIRECTION('',(0.,1.,0.));
#2888=DIRECTION('center_axis',(0.,0.707106781186548,-0.707106781186548));
#2889=DIRECTION('ref_axis',(0.,-0.707106781186548,-0.707106781186548));
#2890=DIRECTION('',(-1.,-1.22464679914735E-16,-1.22464679914735E-16));
#2891=DIRECTION('',(0.,-0.707106781186547,-0.707106781186547));
#2892=DIRECTION('',(1.,0.,0.));
#2893=DIRECTION('',(0.,0.707106781186548,0.707106781186548));
#2894=DIRECTION('center_axis',(0.,0.,1.));
#2895=DIRECTION('ref_axis',(1.,0.,0.));
#2896=DIRECTION('center_axis',(0.,0.,-1.));
#2897=DIRECTION('ref_axis',(-1.,0.,0.));
#2898=DIRECTION('',(-0.0980174366280047,0.995184697489303,0.));
#2899=DIRECTION('',(-0.290284963829892,0.956940248800456,0.));
#2900=DIRECTION('',(-0.471396607274942,0.881921333594825,0.));
#2901=DIRECTION('',(-0.634393040930006,0.773010652979362,0.));
#2902=DIRECTION('',(-0.773010652979362,0.634393040930007,0.));
#2903=DIRECTION('',(-0.881921333594825,0.471396607274942,0.));
#2904=DIRECTION('',(-0.956940382011162,0.290284524693156,0.));
#2905=DIRECTION('',(-0.995184649466633,0.0980179242076396,0.));
#2906=DIRECTION('',(-0.995184649466633,-0.0980179242076392,0.));
#2907=DIRECTION('',(-0.956940382011162,-0.290284524693156,0.));
#2908=DIRECTION('',(-0.881921333594825,-0.471396607274942,0.));
#2909=DIRECTION('',(-0.773010652979362,-0.634393040930006,0.));
#2910=DIRECTION('',(-0.634393040930007,-0.773010652979362,0.));
#2911=DIRECTION('',(-0.471396607274942,-0.881921333594825,0.));
#2912=DIRECTION('',(-0.290284963829893,-0.956940248800456,0.));
#2913=DIRECTION('',(-0.0980174366280051,-0.995184697489303,0.));
#2914=DIRECTION('',(0.0980174366280047,-0.995184697489303,0.));
#2915=DIRECTION('',(0.290284963829892,-0.956940248800456,0.));
#2916=DIRECTION('',(0.471396607274942,-0.881921333594825,0.));
#2917=DIRECTION('',(0.634393040930006,-0.773010652979362,0.));
#2918=DIRECTION('',(0.773010652979362,-0.634393040930007,0.));
#2919=DIRECTION('',(0.881921333594825,-0.471396607274942,0.));
#2920=DIRECTION('',(0.956940382011162,-0.290284524693156,0.));
#2921=DIRECTION('',(0.995184649466633,-0.0980179242076396,0.));
#2922=DIRECTION('',(0.995184649466633,0.0980179242076392,0.));
#2923=DIRECTION('',(0.956940382011162,0.290284524693156,0.));
#2924=DIRECTION('',(0.881921333594825,0.471396607274942,0.));
#2925=DIRECTION('',(0.773010652979362,0.634393040930006,0.));
#2926=DIRECTION('',(0.634393040930007,0.773010652979362,0.));
#2927=DIRECTION('',(0.471396607274942,0.881921333594825,0.));
#2928=DIRECTION('',(0.290284963829893,0.956940248800456,0.));
#2929=DIRECTION('',(0.0980174366280051,0.995184697489303,0.));
#2930=DIRECTION('center_axis',(-0.995184697489303,-0.0980174366280047,0.));
#2931=DIRECTION('ref_axis',(0.0980174366280047,-0.995184697489303,1.20036740027115E-17));
#2932=DIRECTION('',(0.,0.,1.));
#2933=DIRECTION('',(0.0980174366280047,-0.995184697489303,1.20036740027115E-17));
#2934=DIRECTION('',(0.,0.,1.));
#2935=DIRECTION('center_axis',(-0.995184697489303,0.0980174366280051,0.));
#2936=DIRECTION('ref_axis',(-0.0980174366280051,-0.995184697489303,-1.20036740027115E-17));
#2937=DIRECTION('',(0.,0.,1.));
#2938=DIRECTION('',(-0.0980174366280051,-0.995184697489303,-1.20036740027115E-17));
#2939=DIRECTION('center_axis',(-0.956940248800456,0.290284963829893,0.));
#2940=DIRECTION('ref_axis',(-0.290284963829893,-0.956940248800456,-3.55496551794883E-17));
#2941=DIRECTION('',(0.,0.,1.));
#2942=DIRECTION('',(-0.290284963829893,-0.956940248800456,-3.55496551794883E-17));
#2943=DIRECTION('center_axis',(-0.881921333594825,0.471396607274942,0.));
#2944=DIRECTION('ref_axis',(-0.471396607274942,-0.881921333594825,-5.77294346228179E-17));
#2945=DIRECTION('',(0.,0.,1.));
#2946=DIRECTION('',(-0.471396607274942,-0.881921333594825,-5.77294346228179E-17));
#2947=DIRECTION('center_axis',(-0.773010652979362,0.634393040930007,0.));
#2948=DIRECTION('ref_axis',(-0.634393040930007,-0.773010652979362,-7.76907406976288E-17));
#2949=DIRECTION('',(0.,0.,1.));
#2950=DIRECTION('',(-0.634393040930007,-0.773010652979362,-7.76907406976288E-17));
#2951=DIRECTION('center_axis',(-0.634393040930006,0.773010652979362,0.));
#2952=DIRECTION('ref_axis',(-0.773010652979362,-0.634393040930006,-9.46665021877981E-17));
#2953=DIRECTION('',(0.,0.,1.));
#2954=DIRECTION('',(-0.773010652979362,-0.634393040930006,-9.46665021877981E-17));
#2955=DIRECTION('center_axis',(-0.471396607274942,0.881921333594825,0.));
#2956=DIRECTION('ref_axis',(-0.881921333594825,-0.471396607274942,-1.08004213828667E-16));
#2957=DIRECTION('',(0.,0.,1.));
#2958=DIRECTION('',(-0.881921333594825,-0.471396607274941,-1.08004213828667E-16));
#2959=DIRECTION('center_axis',(-0.290284524693156,0.956940382011162,0.));
#2960=DIRECTION('ref_axis',(-0.956940382011162,-0.290284524693156,-1.17191397580481E-16));
#2961=DIRECTION('',(0.,0.,1.));
#2962=DIRECTION('',(-0.956940382011162,-0.290284524693156,-1.17191397580481E-16));
#2963=DIRECTION('center_axis',(-0.0980179242076392,0.995184649466633,0.));
#2964=DIRECTION('ref_axis',(-0.995184649466633,-0.0980179242076392,-1.21874969552989E-16));
#2965=DIRECTION('',(0.,0.,1.));
#2966=DIRECTION('',(-0.995184649466633,-0.0980179242076392,-1.21874969552989E-16));
#2967=DIRECTION('center_axis',(0.0980179242076396,0.995184649466633,0.));
#2968=DIRECTION('ref_axis',(-0.995184649466633,0.0980179242076396,-1.21874969552989E-16));
#2969=DIRECTION('',(0.,0.,1.));
#2970=DIRECTION('',(-0.995184649466633,0.0980179242076396,-1.21874969552989E-16));
#2971=DIRECTION('center_axis',(0.290284524693156,0.956940382011162,0.));
#2972=DIRECTION('ref_axis',(-0.956940382011162,0.290284524693156,-1.17191397580481E-16));
#2973=DIRECTION('',(0.,0.,1.));
#2974=DIRECTION('',(-0.956940382011162,0.290284524693156,-1.17191397580481E-16));
#2975=DIRECTION('center_axis',(0.471396607274942,0.881921333594825,0.));
#2976=DIRECTION('ref_axis',(-0.881921333594825,0.471396607274942,-1.08004213828667E-16));
#2977=DIRECTION('',(0.,0.,1.));
#2978=DIRECTION('',(-0.881921333594825,0.471396607274942,-1.08004213828667E-16));
#2979=DIRECTION('center_axis',(0.634393040930007,0.773010652979362,0.));
#2980=DIRECTION('ref_axis',(-0.773010652979362,0.634393040930007,-9.46665021877981E-17));
#2981=DIRECTION('',(0.,0.,1.));
#2982=DIRECTION('',(-0.773010652979362,0.634393040930007,-9.46665021877981E-17));
#2983=DIRECTION('center_axis',(0.773010652979362,0.634393040930006,0.));
#2984=DIRECTION('ref_axis',(-0.634393040930006,0.773010652979362,-7.76907406976288E-17));
#2985=DIRECTION('',(0.,0.,1.));
#2986=DIRECTION('',(-0.634393040930006,0.773010652979362,-7.76907406976288E-17));
#2987=DIRECTION('center_axis',(0.881921333594825,0.471396607274942,0.));
#2988=DIRECTION('ref_axis',(-0.471396607274942,0.881921333594825,-5.77294346228179E-17));
#2989=DIRECTION('',(0.,0.,1.));
#2990=DIRECTION('',(-0.471396607274941,0.881921333594825,-5.77294346228179E-17));
#2991=DIRECTION('center_axis',(0.956940248800456,0.290284963829892,0.));
#2992=DIRECTION('ref_axis',(-0.290284963829892,0.956940248800456,-3.55496551794883E-17));
#2993=DIRECTION('',(0.,0.,1.));
#2994=DIRECTION('',(-0.290284963829892,0.956940248800456,-3.55496551794883E-17));
#2995=DIRECTION('center_axis',(0.956940248800456,0.290284963829892,0.));
#2996=DIRECTION('ref_axis',(-0.290284963829892,0.956940248800456,-3.55496551794883E-17));
#2997=DIRECTION('',(0.,0.,1.));
#2998=DIRECTION('',(-0.290284963829892,0.956940248800456,-3.55496551794883E-17));
#2999=DIRECTION('',(0.,0.,1.));
#3000=DIRECTION('center_axis',(0.995184697489303,0.0980174366280047,0.));
#3001=DIRECTION('ref_axis',(-0.0980174366280047,0.995184697489303,-1.20036740027115E-17));
#3002=DIRECTION('',(0.,0.,1.));
#3003=DIRECTION('',(-0.0980174366280047,0.995184697489303,-1.20036740027115E-17));
#3004=DIRECTION('center_axis',(0.995184697489303,-0.0980174366280051,0.));
#3005=DIRECTION('ref_axis',(0.0980174366280051,0.995184697489303,1.20036740027115E-17));
#3006=DIRECTION('',(0.,0.,1.));
#3007=DIRECTION('',(0.0980174366280051,0.995184697489303,1.20036740027115E-17));
#3008=DIRECTION('center_axis',(0.956940248800456,-0.290284963829893,0.));
#3009=DIRECTION('ref_axis',(0.290284963829893,0.956940248800456,3.55496551794883E-17));
#3010=DIRECTION('',(0.,0.,1.));
#3011=DIRECTION('',(0.290284963829893,0.956940248800456,3.55496551794883E-17));
#3012=DIRECTION('center_axis',(0.881921333594825,-0.471396607274942,0.));
#3013=DIRECTION('ref_axis',(0.471396607274942,0.881921333594825,5.77294346228179E-17));
#3014=DIRECTION('',(0.,0.,1.));
#3015=DIRECTION('',(0.471396607274942,0.881921333594825,5.77294346228179E-17));
#3016=DIRECTION('center_axis',(0.773010652979362,-0.634393040930007,0.));
#3017=DIRECTION('ref_axis',(0.634393040930007,0.773010652979362,7.76907406976288E-17));
#3018=DIRECTION('',(0.,0.,1.));
#3019=DIRECTION('',(0.634393040930007,0.773010652979362,7.76907406976288E-17));
#3020=DIRECTION('center_axis',(0.634393040930006,-0.773010652979362,0.));
#3021=DIRECTION('ref_axis',(0.773010652979362,0.634393040930006,9.46665021877981E-17));
#3022=DIRECTION('',(0.,0.,1.));
#3023=DIRECTION('',(0.773010652979362,0.634393040930006,9.46665021877981E-17));
#3024=DIRECTION('center_axis',(0.471396607274942,-0.881921333594825,0.));
#3025=DIRECTION('ref_axis',(0.881921333594825,0.471396607274942,1.08004213828667E-16));
#3026=DIRECTION('',(0.,0.,1.));
#3027=DIRECTION('',(0.881921333594825,0.471396607274941,1.08004213828667E-16));
#3028=DIRECTION('center_axis',(0.290284524693156,-0.956940382011162,0.));
#3029=DIRECTION('ref_axis',(0.956940382011162,0.290284524693156,1.17191397580481E-16));
#3030=DIRECTION('',(0.,0.,1.));
#3031=DIRECTION('',(0.956940382011162,0.290284524693156,1.17191397580481E-16));
#3032=DIRECTION('center_axis',(0.0980179242076392,-0.995184649466633,0.));
#3033=DIRECTION('ref_axis',(0.995184649466633,0.0980179242076392,1.21874969552989E-16));
#3034=DIRECTION('',(0.,0.,1.));
#3035=DIRECTION('',(0.995184649466633,0.0980179242076392,1.21874969552989E-16));
#3036=DIRECTION('center_axis',(-0.0980179242076396,-0.995184649466633,0.));
#3037=DIRECTION('ref_axis',(0.995184649466633,-0.0980179242076396,1.21874969552989E-16));
#3038=DIRECTION('',(0.,0.,1.));
#3039=DIRECTION('',(0.995184649466633,-0.0980179242076396,1.21874969552989E-16));
#3040=DIRECTION('center_axis',(-0.290284524693156,-0.956940382011162,0.));
#3041=DIRECTION('ref_axis',(0.956940382011162,-0.290284524693156,1.17191397580481E-16));
#3042=DIRECTION('',(0.,0.,1.));
#3043=DIRECTION('',(0.956940382011162,-0.290284524693156,1.17191397580481E-16));
#3044=DIRECTION('center_axis',(-0.471396607274942,-0.881921333594825,0.));
#3045=DIRECTION('ref_axis',(0.881921333594825,-0.471396607274942,1.08004213828667E-16));
#3046=DIRECTION('',(0.,0.,1.));
#3047=DIRECTION('',(0.881921333594825,-0.471396607274942,1.08004213828667E-16));
#3048=DIRECTION('center_axis',(-0.634393040930007,-0.773010652979362,0.));
#3049=DIRECTION('ref_axis',(0.773010652979362,-0.634393040930007,9.46665021877981E-17));
#3050=DIRECTION('',(0.,0.,1.));
#3051=DIRECTION('',(0.773010652979362,-0.634393040930007,9.46665021877981E-17));
#3052=DIRECTION('center_axis',(-0.773010652979362,-0.634393040930006,0.));
#3053=DIRECTION('ref_axis',(0.634393040930006,-0.773010652979362,7.76907406976288E-17));
#3054=DIRECTION('',(0.,0.,1.));
#3055=DIRECTION('',(0.634393040930006,-0.773010652979362,7.76907406976288E-17));
#3056=DIRECTION('center_axis',(-0.881921333594825,-0.471396607274942,0.));
#3057=DIRECTION('ref_axis',(0.471396607274942,-0.881921333594825,5.77294346228179E-17));
#3058=DIRECTION('',(0.,0.,1.));
#3059=DIRECTION('',(0.471396607274941,-0.881921333594825,5.77294346228179E-17));
#3060=DIRECTION('center_axis',(-2.22050237144109E-16,-1.,0.));
#3061=DIRECTION('ref_axis',(1.,-2.22050237144109E-16,1.15347846714302E-16));
#3062=DIRECTION('',(0.,0.,1.));
#3063=DIRECTION('',(-1.,2.22050237144109E-16,0.));
#3064=DIRECTION('',(-1.,2.22050237144109E-16,0.));
#3065=DIRECTION('',(0.,0.,-1.));
#3066=DIRECTION('center_axis',(1.,-2.22044604925031E-16,0.));
#3067=DIRECTION('ref_axis',(2.22044604925031E-16,1.,-1.09476442525376E-47));
#3068=DIRECTION('',(2.09159995316539E-16,0.995312440876649,0.0967116592566166));
#3069=DIRECTION('',(1.57844278014442E-16,0.923041699301592,0.384699910775177));
#3070=DIRECTION('',(-5.69618834840017E-17,0.273905863508464,0.961756506573095));
#3071=DIRECTION('',(2.08265118316669E-16,0.443663424516959,-0.896193486779437));
#3072=DIRECTION('',(-1.22464679914735E-16,2.46519032881566E-32,1.));
#3073=DIRECTION('',(2.22044604925031E-16,1.,-1.09476442525376E-47));
#3074=DIRECTION('',(1.01404684880341E-16,0.792820257641987,0.60945552673882));
#3075=DIRECTION('',(1.27480889479497E-16,0.0227335375714217,-0.99974155973906));
#3076=DIRECTION('',(2.38000022459343E-16,0.655198148779419,-0.755457070809469));
#3077=DIRECTION('',(2.53549305902463E-16,0.882717698270488,-0.469903676470032));
#3078=DIRECTION('',(2.22044604925031E-16,1.,-1.09476442525376E-47));
#3079=DIRECTION('',(1.38456099243144E-16,0.882717698270488,0.469903676470032));
#3080=DIRECTION('',(5.29664057273329E-17,0.655198148779419,0.755457070809469));
#3081=DIRECTION('',(-1.17385170742308E-16,0.0227335375714217,0.99974155973906));
#3082=DIRECTION('',(2.50678236889013E-16,0.792820257641987,-0.60945552673882));
#3083=DIRECTION('',(2.22044604925031E-16,1.,-1.09476442525376E-47));
#3084=DIRECTION('',(-1.22464679914735E-16,2.46519032881566E-32,1.));
#3085=DIRECTION('',(-1.12389786835596E-17,0.443663424516959,0.896193486779437));
#3086=DIRECTION('',(1.78600521982774E-16,0.273905863508464,-0.961756506573095));
#3087=DIRECTION('',(2.52068580887061E-16,0.923041699301592,-0.384699910775177));
#3088=DIRECTION('',(2.32847520106308E-16,0.995312440876649,-0.0967116592566166));
#3089=DIRECTION('',(0.,0.,-1.));
#3090=DIRECTION('',(2.22044604925031E-16,1.,-1.09476442525376E-47));
#3091=DIRECTION('center_axis',(0.995184697489303,0.0980174366280047,0.));
#3092=DIRECTION('ref_axis',(-0.0980174366280047,0.995184697489303,-1.20036740027115E-17));
#3093=DIRECTION('',(0.,0.,1.));
#3094=DIRECTION('',(-0.0980174366280047,0.995184697489303,-1.20036740027115E-17));
#3095=DIRECTION('center_axis',(-0.956940248800456,-0.290284963829892,0.));
#3096=DIRECTION('ref_axis',(0.290284963829892,-0.956940248800456,3.55496551794883E-17));
#3097=DIRECTION('',(0.290284963829892,-0.956940248800456,3.55496551794883E-17));
#3098=DIRECTION('',(0.,0.,1.));
#3099=DIRECTION('center_axis',(-0.881921333594825,-0.471396607274942,0.));
#3100=DIRECTION('ref_axis',(0.471396607274942,-0.881921333594825,5.77294346228179E-17));
#3101=DIRECTION('',(0.471396607274941,-0.881921333594825,5.77294346228179E-17));
#3102=DIRECTION('',(0.,0.,1.));
#3103=DIRECTION('center_axis',(-0.773010652979362,-0.634393040930006,0.));
#3104=DIRECTION('ref_axis',(0.634393040930006,-0.773010652979362,7.76907406976288E-17));
#3105=DIRECTION('',(0.634393040930006,-0.773010652979362,7.76907406976288E-17));
#3106=DIRECTION('',(0.,0.,1.));
#3107=DIRECTION('center_axis',(-0.634393040930007,-0.773010652979362,0.));
#3108=DIRECTION('ref_axis',(0.773010652979362,-0.634393040930007,9.46665021877981E-17));
#3109=DIRECTION('',(0.773010652979362,-0.634393040930007,9.46665021877981E-17));
#3110=DIRECTION('',(0.,0.,1.));
#3111=DIRECTION('center_axis',(-0.471396607274942,-0.881921333594825,0.));
#3112=DIRECTION('ref_axis',(0.881921333594825,-0.471396607274942,1.08004213828667E-16));
#3113=DIRECTION('',(0.881921333594825,-0.471396607274942,1.08004213828667E-16));
#3114=DIRECTION('',(0.,0.,1.));
#3115=DIRECTION('center_axis',(-0.290284524693156,-0.956940382011162,0.));
#3116=DIRECTION('ref_axis',(0.956940382011162,-0.290284524693156,1.17191397580481E-16));
#3117=DIRECTION('',(0.956940382011162,-0.290284524693156,1.17191397580481E-16));
#3118=DIRECTION('',(0.,0.,1.));
#3119=DIRECTION('center_axis',(-0.0980179242076396,-0.995184649466633,0.));
#3120=DIRECTION('ref_axis',(0.995184649466633,-0.0980179242076396,1.21874969552989E-16));
#3121=DIRECTION('',(0.995184649466633,-0.0980179242076396,1.21874969552989E-16));
#3122=DIRECTION('',(0.,0.,1.));
#3123=DIRECTION('center_axis',(0.0980179242076392,-0.995184649466633,0.));
#3124=DIRECTION('ref_axis',(0.995184649466633,0.0980179242076392,1.21874969552989E-16));
#3125=DIRECTION('',(0.995184649466633,0.0980179242076392,1.21874969552989E-16));
#3126=DIRECTION('',(0.,0.,1.));
#3127=DIRECTION('center_axis',(0.290284524693156,-0.956940382011162,0.));
#3128=DIRECTION('ref_axis',(0.956940382011162,0.290284524693156,1.17191397580481E-16));
#3129=DIRECTION('',(0.956940382011162,0.290284524693156,1.17191397580481E-16));
#3130=DIRECTION('',(0.,0.,1.));
#3131=DIRECTION('center_axis',(0.471396607274942,-0.881921333594825,0.));
#3132=DIRECTION('ref_axis',(0.881921333594825,0.471396607274942,1.08004213828667E-16));
#3133=DIRECTION('',(0.881921333594825,0.471396607274941,1.08004213828667E-16));
#3134=DIRECTION('',(0.,0.,1.));
#3135=DIRECTION('center_axis',(0.634393040930006,-0.773010652979362,0.));
#3136=DIRECTION('ref_axis',(0.773010652979362,0.634393040930006,9.46665021877981E-17));
#3137=DIRECTION('',(0.773010652979362,0.634393040930006,9.46665021877981E-17));
#3138=DIRECTION('',(0.,0.,1.));
#3139=DIRECTION('center_axis',(0.773010652979362,-0.634393040930007,0.));
#3140=DIRECTION('ref_axis',(0.634393040930007,0.773010652979362,7.76907406976288E-17));
#3141=DIRECTION('',(0.634393040930007,0.773010652979362,7.76907406976288E-17));
#3142=DIRECTION('',(0.,0.,1.));
#3143=DIRECTION('center_axis',(0.881921333594825,-0.471396607274942,0.));
#3144=DIRECTION('ref_axis',(0.471396607274942,0.881921333594825,5.77294346228179E-17));
#3145=DIRECTION('',(0.471396607274942,0.881921333594825,5.77294346228179E-17));
#3146=DIRECTION('',(0.,0.,1.));
#3147=DIRECTION('center_axis',(0.956940248800456,-0.290284963829893,0.));
#3148=DIRECTION('ref_axis',(0.290284963829893,0.956940248800456,3.55496551794883E-17));
#3149=DIRECTION('',(0.290284963829893,0.956940248800456,3.55496551794883E-17));
#3150=DIRECTION('',(0.,0.,1.));
#3151=DIRECTION('center_axis',(0.995184697489303,-0.0980174366280051,0.));
#3152=DIRECTION('ref_axis',(0.0980174366280051,0.995184697489303,1.20036740027115E-17));
#3153=DIRECTION('',(0.0980174366280051,0.995184697489303,1.20036740027115E-17));
#3154=DIRECTION('center_axis',(-0.956940248800456,-0.290284963829892,0.));
#3155=DIRECTION('ref_axis',(0.290284963829892,-0.956940248800456,3.55496551794883E-17));
#3156=DIRECTION('',(0.,0.,1.));
#3157=DIRECTION('',(0.290284963829892,-0.956940248800456,3.55496551794883E-17));
#3158=DIRECTION('center_axis',(0.881921333594825,0.471396607274942,0.));
#3159=DIRECTION('ref_axis',(-0.471396607274942,0.881921333594825,-5.77294346228179E-17));
#3160=DIRECTION('',(-0.471396607274941,0.881921333594825,-5.77294346228179E-17));
#3161=DIRECTION('',(0.,0.,1.));
#3162=DIRECTION('center_axis',(0.773010652979362,0.634393040930006,0.));
#3163=DIRECTION('ref_axis',(-0.634393040930006,0.773010652979362,-7.76907406976288E-17));
#3164=DIRECTION('',(-0.634393040930006,0.773010652979362,-7.76907406976288E-17));
#3165=DIRECTION('',(0.,0.,1.));
#3166=DIRECTION('center_axis',(0.634393040930007,0.773010652979362,0.));
#3167=DIRECTION('ref_axis',(-0.773010652979362,0.634393040930007,-9.46665021877981E-17));
#3168=DIRECTION('',(-0.773010652979362,0.634393040930007,-9.46665021877981E-17));
#3169=DIRECTION('',(0.,0.,1.));
#3170=DIRECTION('center_axis',(0.471396607274942,0.881921333594825,0.));
#3171=DIRECTION('ref_axis',(-0.881921333594825,0.471396607274942,-1.08004213828667E-16));
#3172=DIRECTION('',(-0.881921333594825,0.471396607274942,-1.08004213828667E-16));
#3173=DIRECTION('',(0.,0.,1.));
#3174=DIRECTION('center_axis',(0.290284524693156,0.956940382011162,0.));
#3175=DIRECTION('ref_axis',(-0.956940382011162,0.290284524693156,-1.17191397580481E-16));
#3176=DIRECTION('',(-0.956940382011162,0.290284524693156,-1.17191397580481E-16));
#3177=DIRECTION('',(0.,0.,1.));
#3178=DIRECTION('center_axis',(0.0980179242076396,0.995184649466633,0.));
#3179=DIRECTION('ref_axis',(-0.995184649466633,0.0980179242076396,-1.21874969552989E-16));
#3180=DIRECTION('',(-0.995184649466633,0.0980179242076396,-1.21874969552989E-16));
#3181=DIRECTION('',(0.,0.,1.));
#3182=DIRECTION('center_axis',(-0.0980179242076392,0.995184649466633,0.));
#3183=DIRECTION('ref_axis',(-0.995184649466633,-0.0980179242076392,-1.21874969552989E-16));
#3184=DIRECTION('',(-0.995184649466633,-0.0980179242076392,-1.21874969552989E-16));
#3185=DIRECTION('',(0.,0.,1.));
#3186=DIRECTION('center_axis',(-0.290284524693156,0.956940382011162,0.));
#3187=DIRECTION('ref_axis',(-0.956940382011162,-0.290284524693156,-1.17191397580481E-16));
#3188=DIRECTION('',(-0.956940382011162,-0.290284524693156,-1.17191397580481E-16));
#3189=DIRECTION('',(0.,0.,1.));
#3190=DIRECTION('center_axis',(-0.471396607274942,0.881921333594825,0.));
#3191=DIRECTION('ref_axis',(-0.881921333594825,-0.471396607274942,-1.08004213828667E-16));
#3192=DIRECTION('',(-0.881921333594825,-0.471396607274941,-1.08004213828667E-16));
#3193=DIRECTION('',(0.,0.,1.));
#3194=DIRECTION('center_axis',(-0.634393040930006,0.773010652979362,0.));
#3195=DIRECTION('ref_axis',(-0.773010652979362,-0.634393040930006,-9.46665021877981E-17));
#3196=DIRECTION('',(-0.773010652979362,-0.634393040930006,-9.46665021877981E-17));
#3197=DIRECTION('',(0.,0.,1.));
#3198=DIRECTION('center_axis',(-0.773010652979362,0.634393040930007,0.));
#3199=DIRECTION('ref_axis',(-0.634393040930007,-0.773010652979362,-7.76907406976288E-17));
#3200=DIRECTION('',(-0.634393040930007,-0.773010652979362,-7.76907406976288E-17));
#3201=DIRECTION('',(0.,0.,1.));
#3202=DIRECTION('center_axis',(-0.881921333594825,0.471396607274942,0.));
#3203=DIRECTION('ref_axis',(-0.471396607274942,-0.881921333594825,-5.77294346228179E-17));
#3204=DIRECTION('',(-0.471396607274942,-0.881921333594825,-5.77294346228179E-17));
#3205=DIRECTION('',(0.,0.,1.));
#3206=DIRECTION('center_axis',(-0.956940248800456,0.290284963829893,0.));
#3207=DIRECTION('ref_axis',(-0.290284963829893,-0.956940248800456,-3.55496551794883E-17));
#3208=DIRECTION('',(-0.290284963829893,-0.956940248800456,-3.55496551794883E-17));
#3209=DIRECTION('',(0.,0.,1.));
#3210=DIRECTION('center_axis',(-0.995184697489303,0.0980174366280051,0.));
#3211=DIRECTION('ref_axis',(-0.0980174366280051,-0.995184697489303,-1.20036740027115E-17));
#3212=DIRECTION('',(-0.0980174366280051,-0.995184697489303,-1.20036740027115E-17));
#3213=DIRECTION('',(0.,0.,1.));
#3214=DIRECTION('center_axis',(-0.995184697489303,-0.0980174366280047,0.));
#3215=DIRECTION('ref_axis',(0.0980174366280047,-0.995184697489303,1.20036740027115E-17));
#3216=DIRECTION('',(0.0980174366280047,-0.995184697489303,1.20036740027115E-17));
#3217=DIRECTION('center_axis',(2.22044604925031E-16,1.,0.));
#3218=DIRECTION('ref_axis',(-1.,2.22044604925031E-16,-1.22464679914735E-16));
#3219=DIRECTION('',(0.,0.,1.));
#3220=DIRECTION('',(1.,-2.22044604925031E-16,0.));
#3221=DIRECTION('center_axis',(-1.,2.22044604925031E-16,0.));
#3222=DIRECTION('ref_axis',(-2.22044604925031E-16,-1.,1.09476442525376E-47));
#3223=DIRECTION('',(2.32847520106308E-16,0.995312440876649,-0.0967116592566166));
#3224=DIRECTION('',(2.52068580887061E-16,0.923041699301592,-0.384699910775177));
#3225=DIRECTION('',(1.78600521982774E-16,0.273905863508464,-0.961756506573095));
#3226=DIRECTION('',(-1.12389786835596E-17,0.443663424516959,0.896193486779437));
#3227=DIRECTION('',(-1.22464679914735E-16,2.46519032881566E-32,1.));
#3228=DIRECTION('',(2.22044604925031E-16,1.,-1.09476442525376E-47));
#3229=DIRECTION('',(2.50678236889013E-16,0.792820257641987,-0.60945552673882));
#3230=DIRECTION('',(-1.17385170742308E-16,0.0227335375714217,0.99974155973906));
#3231=DIRECTION('',(5.29664057273329E-17,0.655198148779419,0.755457070809469));
#3232=DIRECTION('',(1.38456099243144E-16,0.882717698270488,0.469903676470032));
#3233=DIRECTION('',(2.22044604925031E-16,1.,-1.09476442525376E-47));
#3234=DIRECTION('',(2.53549305902463E-16,0.882717698270488,-0.469903676470032));
#3235=DIRECTION('',(2.38000022459343E-16,0.655198148779419,-0.755457070809469));
#3236=DIRECTION('',(1.27480889479497E-16,0.0227335375714217,-0.99974155973906));
#3237=DIRECTION('',(1.01404684880341E-16,0.792820257641987,0.60945552673882));
#3238=DIRECTION('',(2.22044604925031E-16,1.,-1.09476442525376E-47));
#3239=DIRECTION('',(-1.22464679914735E-16,2.46519032881566E-32,1.));
#3240=DIRECTION('',(2.08265118316669E-16,0.443663424516959,-0.896193486779437));
#3241=DIRECTION('',(-5.69618834840017E-17,0.273905863508464,0.961756506573095));
#3242=DIRECTION('',(1.57844278014442E-16,0.923041699301592,0.384699910775177));
#3243=DIRECTION('',(2.09159995316539E-16,0.995312440876649,0.0967116592566166));
#3244=DIRECTION('',(-2.22044604925031E-16,-1.,1.09476442525376E-47));
#3245=DIRECTION('center_axis',(0.,0.,1.));
#3246=DIRECTION('ref_axis',(1.,0.,0.));
#3247=DIRECTION('',(0.,-1.,0.));
#3248=DIRECTION('',(0.,1.,0.));
#3249=DIRECTION('center_axis',(1.,0.,0.));
#3250=DIRECTION('ref_axis',(0.,1.,0.));
#3251=DIRECTION('',(0.,-1.,2.46519032881566E-32));
#3252=DIRECTION('',(0.,0.,-1.));
#3253=DIRECTION('',(0.,-1.,0.));
#3254=DIRECTION('',(0.,0.,1.));
#3255=DIRECTION('',(0.,-1.,0.));
#3256=DIRECTION('',(0.,-1.,2.46519032881566E-32));
#3257=DIRECTION('center_axis',(1.22464679914735E-16,0.,-1.));
#3258=DIRECTION('ref_axis',(-1.,0.,-1.22464679914735E-16));
#3259=DIRECTION('',(0.,1.,-2.46519032881566E-32));
#3260=DIRECTION('',(-1.,0.,-1.22464679914735E-16));
#3261=DIRECTION('center_axis',(0.,1.,0.));
#3262=DIRECTION('ref_axis',(0.,0.,1.));
#3263=DIRECTION('',(0.,0.,1.));
#3264=DIRECTION('',(1.,0.,0.));
#3265=DIRECTION('',(0.,0.,1.));
#3266=DIRECTION('',(-1.,0.,0.));
#3267=DIRECTION('center_axis',(-1.,0.,0.));
#3268=DIRECTION('ref_axis',(0.,0.,1.));
#3269=DIRECTION('',(0.,1.,-2.46519032881566E-32));
#3270=DIRECTION('',(0.,1.,0.));
#3271=DIRECTION('center_axis',(1.,0.,0.));
#3272=DIRECTION('ref_axis',(0.,1.,0.));
#3273=DIRECTION('center_axis',(1.,0.,0.));
#3274=DIRECTION('ref_axis',(0.,1.,0.));
#3275=DIRECTION('center_axis',(1.,0.,0.));
#3276=DIRECTION('ref_axis',(0.,1.,0.));
#3277=DIRECTION('center_axis',(1.,0.,0.));
#3278=DIRECTION('ref_axis',(0.,1.,0.));
#3279=DIRECTION('center_axis',(1.,0.,0.));
#3280=DIRECTION('ref_axis',(0.,1.,0.));
#3281=DIRECTION('center_axis',(0.,0.,1.));
#3282=DIRECTION('ref_axis',(1.,0.,0.));
#3283=DIRECTION('',(-1.,0.,0.));
#3284=DIRECTION('',(0.,-1.,0.));
#3285=DIRECTION('center_axis',(0.,1.,0.));
#3286=DIRECTION('ref_axis',(-1.,0.,0.));
#3287=DIRECTION('',(0.,0.,1.));
#3288=DIRECTION('',(1.,0.,0.));
#3289=DIRECTION('center_axis',(0.,0.,1.));
#3290=DIRECTION('ref_axis',(1.,0.,0.));
#3291=DIRECTION('',(0.,-1.,0.));
#3292=DIRECTION('center_axis',(1.,0.,0.));
#3293=DIRECTION('ref_axis',(0.,1.,0.));
#3294=DIRECTION('center_axis',(-1.,0.,0.));
#3295=DIRECTION('ref_axis',(0.,1.,0.));
#3296=DIRECTION('center_axis',(-1.,0.,0.));
#3297=DIRECTION('ref_axis',(0.,1.,0.));
#3298=DIRECTION('center_axis',(-1.,0.,0.));
#3299=DIRECTION('ref_axis',(0.,1.,0.));
#3300=DIRECTION('center_axis',(-1.,0.,0.));
#3301=DIRECTION('ref_axis',(0.,1.,0.));
#3302=DIRECTION('center_axis',(-1.,0.,0.));
#3303=DIRECTION('ref_axis',(0.,1.,0.));
#3304=DIRECTION('center_axis',(-1.,0.,0.));
#3305=DIRECTION('ref_axis',(0.,1.,0.));
#3306=DIRECTION('',(-1.,0.,0.));
#3307=DIRECTION('center_axis',(-1.,0.,0.));
#3308=DIRECTION('ref_axis',(0.,1.,0.));
#3309=DIRECTION('',(-1.,0.,0.));
#3310=DIRECTION('center_axis',(-1.,0.,0.));
#3311=DIRECTION('ref_axis',(0.,1.,0.));
#3312=DIRECTION('',(-1.,0.,0.));
#3313=DIRECTION('center_axis',(-1.,0.,0.));
#3314=DIRECTION('ref_axis',(0.,1.,0.));
#3315=DIRECTION('',(-1.,0.,0.));
#3316=DIRECTION('center_axis',(-1.,0.,0.));
#3317=DIRECTION('ref_axis',(0.,1.,0.));
#3318=DIRECTION('',(-1.,0.,0.));
#3319=DIRECTION('center_axis',(1.22464679914735E-16,0.,-1.));
#3320=DIRECTION('ref_axis',(-1.,0.,-1.22464679914735E-16));
#3321=DIRECTION('center_axis',(-0.501005871177572,0.86544388440014,0.));
#3322=DIRECTION('ref_axis',(-0.86544388440014,-0.501005871177572,0.));
#3323=DIRECTION('',(-0.86544388440014,-0.501005871177572,-1.05986308287228E-16));
#3324=DIRECTION('',(0.,0.,1.));
#3325=DIRECTION('',(-0.86544388440014,-0.501005871177572,0.));
#3326=DIRECTION('',(0.,0.,1.));
#3327=DIRECTION('center_axis',(0.498993453851618,0.866605754085001,0.));
#3328=DIRECTION('ref_axis',(-0.866605754085001,0.498993453851618,0.));
#3329=DIRECTION('',(-0.866605754085001,0.498993453851618,-1.06128596286287E-16));
#3330=DIRECTION('',(0.,0.,1.));
#3331=DIRECTION('',(-0.866605754085001,0.498993453851618,0.));
#3332=DIRECTION('center_axis',(0.99999932502919,0.0011618696848619,0.));
#3333=DIRECTION('ref_axis',(-0.0011618696848619,0.99999932502919,0.));
#3334=DIRECTION('',(-0.0011618696848619,0.99999932502919,-1.42287999059272E-19));
#3335=DIRECTION('',(0.,0.,1.));
#3336=DIRECTION('',(-0.0011618696848619,0.99999932502919,0.));
#3337=DIRECTION('center_axis',(0.501005871177573,-0.865443884400139,0.));
#3338=DIRECTION('ref_axis',(0.865443884400139,0.501005871177572,0.));
#3339=DIRECTION('',(0.865443884400139,0.501005871177572,1.05986308287228E-16));
#3340=DIRECTION('',(0.,0.,1.));
#3341=DIRECTION('',(0.865443884400139,0.501005871177572,0.));
#3342=DIRECTION('center_axis',(-0.498993453851618,-0.866605754085001,0.));
#3343=DIRECTION('ref_axis',(0.866605754085001,-0.498993453851617,0.));
#3344=DIRECTION('',(0.866605754085001,-0.498993453851617,1.06128596286287E-16));
#3345=DIRECTION('',(0.,0.,1.));
#3346=DIRECTION('',(0.866605754085001,-0.498993453851617,0.));
#3347=DIRECTION('center_axis',(-0.99999932502919,-0.0011618696848619,0.));
#3348=DIRECTION('ref_axis',(0.0011618696848619,-0.99999932502919,0.));
#3349=DIRECTION('',(0.0011618696848619,-0.99999932502919,1.42287999059272E-19));
#3350=DIRECTION('',(0.0011618696848619,-0.99999932502919,0.));
#3351=DIRECTION('center_axis',(0.,0.,1.));
#3352=DIRECTION('ref_axis',(1.,0.,0.));
#3353=DIRECTION('center_axis',(0.,0.,-1.));
#3354=DIRECTION('ref_axis',(-1.,0.,0.));
#3355=DIRECTION('center_axis',(0.503641087770313,0.863912990242383,0.));
#3356=DIRECTION('ref_axis',(-0.863912990242383,0.503641087770313,0.));
#3357=DIRECTION('',(-0.863912990242383,0.503641087770313,-1.05798827824215E-16));
#3358=DIRECTION('',(0.,0.,1.));
#3359=DIRECTION('',(-0.863912990242383,0.503641087770313,0.));
#3360=DIRECTION('',(0.,0.,1.));
#3361=DIRECTION('center_axis',(0.999991140094438,-0.00420948127752741,0.));
#3362=DIRECTION('ref_axis',(0.00420948127752741,0.999991140094438,0.));
#3363=DIRECTION('',(0.00420948127752741,0.999991140094438,5.15512777259441E-19));
#3364=DIRECTION('',(0.,0.,1.));
#3365=DIRECTION('',(0.00420948127752741,0.999991140094438,0.));
#3366=DIRECTION('center_axis',(0.496350052324125,-0.868122471519911,0.));
#3367=DIRECTION('ref_axis',(0.868122471519911,0.496350052324125,0.));
#3368=DIRECTION('',(0.868122471519911,0.496350052324125,1.06314340601475E-16));
#3369=DIRECTION('',(0.,0.,1.));
#3370=DIRECTION('',(0.868122471519911,0.496350052324125,0.));
#3371=DIRECTION('center_axis',(-0.503641087770313,-0.863912990242383,0.));
#3372=DIRECTION('ref_axis',(0.863912990242383,-0.503641087770313,0.));
#3373=DIRECTION('',(0.863912990242383,-0.503641087770313,1.05798827824215E-16));
#3374=DIRECTION('',(0.,0.,1.));
#3375=DIRECTION('',(0.863912990242383,-0.503641087770313,0.));
#3376=DIRECTION('center_axis',(-0.999991140094438,0.00420948127752741,0.));
#3377=DIRECTION('ref_axis',(-0.00420948127752741,-0.999991140094438,0.));
#3378=DIRECTION('',(-0.00420948127752741,-0.999991140094438,-5.1551277725944E-19));
#3379=DIRECTION('',(0.,0.,1.));
#3380=DIRECTION('',(-0.00420948127752741,-0.999991140094438,0.));
#3381=DIRECTION('center_axis',(-0.496350052324125,0.868122471519911,0.));
#3382=DIRECTION('ref_axis',(-0.868122471519911,-0.496350052324125,0.));
#3383=DIRECTION('',(-0.868122471519911,-0.496350052324125,-1.06314340601475E-16));
#3384=DIRECTION('',(-0.868122471519911,-0.496350052324125,0.));
#3385=DIRECTION('center_axis',(0.,0.,1.));
#3386=DIRECTION('ref_axis',(1.,0.,0.));
#3387=DIRECTION('center_axis',(0.,0.,-1.));
#3388=DIRECTION('ref_axis',(-1.,0.,0.));
#3389=DIRECTION('center_axis',(0.,0.,-1.));
#3390=DIRECTION('ref_axis',(-1.,0.,0.));
#3391=DIRECTION('',(0.,0.,-1.));
#3392=DIRECTION('center_axis',(0.,0.,-1.));
#3393=DIRECTION('ref_axis',(-1.,0.,0.));
#3394=DIRECTION('',(0.,0.,-1.));
#3395=DIRECTION('center_axis',(-1.43364921658392E-16,-0.0967116592566166,
0.995312440876649));
#3396=DIRECTION('ref_axis',(2.09159995316539E-16,0.995312440876649,0.0967116592566166));
#3397=DIRECTION('',(-1.,2.22044604925031E-16,-1.22464679914735E-16));
#3398=DIRECTION('center_axis',(-1.98460545955692E-16,-0.384699910775177,
0.923041699301592));
#3399=DIRECTION('ref_axis',(1.57844278014442E-16,0.923041699301592,0.384699910775177));
#3400=DIRECTION('',(-1.,2.22044604925031E-16,-1.22464679914735E-16));
#3401=DIRECTION('center_axis',(-2.47096637437434E-16,-0.961756506573095,
0.273905863508464));
#3402=DIRECTION('ref_axis',(-5.69618834840017E-17,0.273905863508464,0.961756506573095));
#3403=DIRECTION('',(-1.,2.22044604925031E-16,-1.22464679914735E-16));
#3404=DIRECTION('center_axis',(-1.44661829434981E-16,-0.896193486779437,
-0.44366342451696));
#3405=DIRECTION('ref_axis',(-2.08265118316669E-16,-0.443663424516959,0.896193486779437));
#3406=DIRECTION('',(-1.,2.22044604925031E-16,-1.22464679914735E-16));
#3407=DIRECTION('center_axis',(-2.22044604925031E-16,-1.,1.09476442525376E-47));
#3408=DIRECTION('ref_axis',(-1.22464679914735E-16,2.46519032881566E-32,
1.));
#3409=DIRECTION('',(-1.,2.22044604925031E-16,-1.22464679914735E-16));
#3410=DIRECTION('center_axis',(-2.1920316425738E-16,-0.99974155973906,-0.0227335375714217));
#3411=DIRECTION('ref_axis',(-1.27480889479497E-16,-0.0227335375714217,0.99974155973906));
#3412=DIRECTION('',(-1.,2.22044604925031E-16,-1.22464679914735E-16));
#3413=DIRECTION('',(-1.,2.22044604925031E-16,-1.22464679914735E-16));
#3414=DIRECTION('center_axis',(-8.75065352547111E-17,-0.755457070809469,
-0.655198148779419));
#3415=DIRECTION('ref_axis',(-2.38000022459343E-16,-0.655198148779419,0.755457070809469));
#3416=DIRECTION('',(-1.,2.22044604925031E-16,-1.22464679914735E-16));
#3417=DIRECTION('center_axis',(3.82338325720541E-17,0.60945552673882,0.792820257641987));
#3418=DIRECTION('ref_axis',(2.50678236889013E-16,0.792820257641987,-0.60945552673882));
#3419=DIRECTION('',(-1.,2.22044604925031E-16,-1.22464679914735E-16));
#3420=DIRECTION('',(-1.,2.22044604925031E-16,-1.22464679914735E-16));
#3421=DIRECTION('center_axis',(2.12441316568375E-16,0.469903676470032,-0.882717698270488));
#3422=DIRECTION('ref_axis',(-1.38456099243144E-16,-0.882717698270488,-0.469903676470032));
#3423=DIRECTION('',(-1.,2.22044604925031E-16,-1.22464679914735E-16));
#3424=DIRECTION('',(-1.,2.22044604925031E-16,-1.22464679914735E-16));
#3425=DIRECTION('center_axis',(-2.32418790736142E-16,-0.60945552673882,
0.792820257641987));
#3426=DIRECTION('ref_axis',(1.01404684880341E-16,0.792820257641987,0.60945552673882));
#3427=DIRECTION('',(-1.,2.22044604925031E-16,-1.22464679914735E-16));
#3428=DIRECTION('center_axis',(3.76216417915916E-18,-0.469903676470032,
-0.882717698270488));
#3429=DIRECTION('ref_axis',(-2.53549305902463E-16,-0.882717698270488,0.469903676470032));
#3430=DIRECTION('',(-1.,2.22044604925031E-16,-1.22464679914735E-16));
#3431=DIRECTION('center_axis',(-1.00416317315833E-16,0.0967116592566166,
0.995312440876649));
#3432=DIRECTION('ref_axis',(2.32847520106308E-16,0.995312440876649,-0.0967116592566166));
#3433=DIRECTION('',(-1.,2.22044604925031E-16,-1.22464679914735E-16));
#3434=DIRECTION('center_axis',(-2.76194665501538E-17,0.384699910775177,
0.923041699301592));
#3435=DIRECTION('ref_axis',(2.52068580887061E-16,0.923041699301592,-0.384699910775177));
#3436=DIRECTION('',(-1.,2.22044604925031E-16,-1.22464679914735E-16));
#3437=DIRECTION('center_axis',(1.80009049634768E-16,0.961756506573095,0.273905863508464));
#3438=DIRECTION('ref_axis',(1.78600521982774E-16,0.273905863508464,-0.961756506573095));
#3439=DIRECTION('',(-1.,2.22044604925031E-16,-1.22464679914735E-16));
#3440=DIRECTION('center_axis',(2.22044604925031E-16,1.,-1.09476442525376E-47));
#3441=DIRECTION('ref_axis',(1.22464679914735E-16,-2.46519032881566E-32,
-1.));
#3442=DIRECTION('',(-1.,2.22044604925031E-16,-1.22464679914735E-16));
#3443=DIRECTION('',(-1.,2.22044604925031E-16,-1.22464679914735E-16));
#3444=DIRECTION('center_axis',(2.53328027981671E-16,0.896193486779437,-0.44366342451696));
#3445=DIRECTION('ref_axis',(1.12389786835596E-17,-0.443663424516959,-0.896193486779437));
#3446=DIRECTION('center_axis',(2.24771275061408E-16,0.99974155973906,-0.0227335375714217));
#3447=DIRECTION('ref_axis',(1.17385170742308E-16,-0.0227335375714217,-0.99974155973906));
#3448=DIRECTION('',(-1.,2.22044604925031E-16,-1.22464679914735E-16));
#3449=DIRECTION('center_axis',(2.47983798396708E-16,0.755457070809469,-0.655198148779419));
#3450=DIRECTION('ref_axis',(-5.29664057273329E-17,-0.655198148779419,-0.755457070809469));
#3451=DIRECTION('center_axis',(1.22464679914735E-16,-2.46519032881566E-32,
-1.));
#3452=DIRECTION('ref_axis',(-2.22044604925031E-16,-1.,1.09476442525376E-47));
#3453=DIRECTION('center_axis',(-1.22464679914735E-16,2.46519032881566E-32,
1.));
#3454=DIRECTION('ref_axis',(2.22044604925031E-16,1.,-1.09476442525376E-47));
#3455=DIRECTION('center_axis',(-1.22464679914735E-16,2.46519032881566E-32,
1.));
#3456=DIRECTION('ref_axis',(2.22044604925031E-16,1.,-1.09476442525376E-47));
#3457=CARTESIAN_POINT('',(0.,0.,0.));
#3458=CARTESIAN_POINT('Origin',(-67.0000009983778,-34.9999999552965,14.7999999403953));
#3459=CARTESIAN_POINT('',(-72.0000009983778,-34.9999999552965,14.7999999403953));
#3460=CARTESIAN_POINT('',(7.9999990016222,-34.9999999552965,14.7999999403953));
#3461=CARTESIAN_POINT('',(-67.0000009983778,-34.9999999552965,14.7999999403953));
#3462=CARTESIAN_POINT('',(7.9999990016222,-34.9999999552965,74.9999999403954));
#3463=CARTESIAN_POINT('',(7.9999990016222,-34.9999999552965,14.7999999403953));
#3464=CARTESIAN_POINT('',(-72.0000009983778,-34.9999999552965,74.9999999403954));
#3465=CARTESIAN_POINT('',(-72.0000009983778,-34.9999999552965,74.9999999403954));
#3466=CARTESIAN_POINT('',(-72.0000009983778,-34.9999999552965,14.7999999403953));
#3467=CARTESIAN_POINT('Origin',(-81.4926961660385,-3.19845918416978,9.79999994039535));
#3468=CARTESIAN_POINT('',(-81.4926961660385,-3.19845918416978,10.6999999403954));
#3469=CARTESIAN_POINT('',(22.5073035955429,-3.19845918416978,10.6999999403954));
#3470=CARTESIAN_POINT('',(-55.4926962256431,-3.19845918416978,10.6999999403954));
#3471=CARTESIAN_POINT('',(-81.4926961660385,-3.19845918416978,9.79999994039535));
#3472=CARTESIAN_POINT('',(-81.4926961660385,-3.19845918416978,9.79999994039535));
#3473=CARTESIAN_POINT('',(22.5073035955429,-3.19845918416978,9.79999994039536));
#3474=CARTESIAN_POINT('',(-67.4926964044571,-3.19845918416978,9.79999994039536));
#3475=CARTESIAN_POINT('',(22.5073035955429,-3.19845918416978,9.79999994039536));
#3476=CARTESIAN_POINT('Origin',(22.5073035955429,3.21955677270888,9.79999994039536));
#3477=CARTESIAN_POINT('',(22.5073035955429,3.21955677270888,10.6999999403954));
#3478=CARTESIAN_POINT('',(-81.4926961660385,3.21955677270889,10.6999999403954));
#3479=CARTESIAN_POINT('',(-3.49269634485243,3.21955677270889,10.6999999403954));
#3480=CARTESIAN_POINT('',(22.5073035955429,3.21955677270888,9.79999994039536));
#3481=CARTESIAN_POINT('',(22.5073035955429,3.21955677270888,9.79999994039536));
#3482=CARTESIAN_POINT('',(-81.4926961660385,3.21955677270889,9.79999994039535));
#3483=CARTESIAN_POINT('',(22.5073035955429,3.21955677270888,9.79999994039536));
#3484=CARTESIAN_POINT('',(-81.4926961660385,3.21955677270889,9.79999994039535));
#3485=CARTESIAN_POINT('Origin',(-29.4926962852478,0.0105487942695537,10.6999999403954));
#3486=CARTESIAN_POINT('',(17.1573037147522,0.0105487942695524,10.6999999403954));
#3487=CARTESIAN_POINT('Origin',(15.5073037147522,0.0105487942695526,10.6999999403954));
#3488=CARTESIAN_POINT('',(16.9162199795246,0.594141112267962,10.6999999403954));
#3489=CARTESIAN_POINT('',(17.0030013620854,0.308061541616907,10.6999999403954));
#3490=CARTESIAN_POINT('',(15.0419446588385,6.77279214549518,10.6999999403954));
#3491=CARTESIAN_POINT('',(16.7752949297428,0.857793429493895,10.6999999403954));
#3492=CARTESIAN_POINT('',(11.8106941242653,10.145911535484,10.6999999403954));
#3493=CARTESIAN_POINT('',(16.5856416672468,1.08888674676417,10.6999999403954));
#3494=CARTESIAN_POINT('',(7.57782820123495,12.0649462556616,10.6999999403954));
#3495=CARTESIAN_POINT('',(16.3545483499766,1.27854000926017,10.6999999403954));
#3496=CARTESIAN_POINT('',(2.96754842773405,12.2649598688943,10.6999999403954));
#3497=CARTESIAN_POINT('',(16.0908960327506,1.41946505904197,10.6999999403954));
#3498=CARTESIAN_POINT('',(-1.34335887441376,10.7382651612057,10.6999999403954));
#3499=CARTESIAN_POINT('',(15.804816480726,1.50624629259109,10.6999999403954));
#3500=CARTESIAN_POINT('',(-4.72769890848651,7.73471316738847,10.6999999403954));
#3501=CARTESIAN_POINT('',(15.5073037147522,1.53554897904395,10.6999999403954));
#3502=CARTESIAN_POINT('',(-6.70214844892404,3.72300675387914,10.6999999403954));
#3503=CARTESIAN_POINT('',(15.2097909487784,1.50624629259109,10.6999999403954));
#3504=CARTESIAN_POINT('',(-6.99966239858958,-0.681211598828493,10.6999999403954));
#3505=CARTESIAN_POINT('',(14.9237113967538,1.41946505904197,10.6999999403954));
#3506=CARTESIAN_POINT('',(-5.60880370058645,-4.80900172721697,10.6999999403954));
#3507=CARTESIAN_POINT('',(14.6600590795279,1.27854000926017,10.6999999403954));
#3508=CARTESIAN_POINT('',(-2.77419559393013,-8.04025996798489,10.6999999403954));
#3509=CARTESIAN_POINT('',(14.4289657622576,1.08888674676418,10.6999999403954));
#3510=CARTESIAN_POINT('',(1.04196621025417,-9.89753280902275,10.6999999403954));
#3511=CARTESIAN_POINT('',(14.2393124997616,0.857793429493897,10.6999999403954));
#3512=CARTESIAN_POINT('',(5.23149872990253,-10.1182664496426,10.6999999403954));
#3513=CARTESIAN_POINT('',(14.0983874499798,0.594141112267964,10.6999999403954));
#3514=CARTESIAN_POINT('',(9.13378651958359,-8.69397722742859,10.6999999403954));
#3515=CARTESIAN_POINT('',(14.0116060674191,0.30806154161691,10.6999999403954));
#3516=CARTESIAN_POINT('',(12.137330869228,-5.87058908779873,10.6999999403954));
#3517=CARTESIAN_POINT('',(13.9823035299778,0.0105487942695548,10.6999999403954));
#3518=CARTESIAN_POINT('',(13.773462284631,-2.10984548172592,10.6999999403954));
#3519=CARTESIAN_POINT('',(14.0116060674191,-0.2869639530778,10.6999999403954));
#3520=CARTESIAN_POINT('',(13.7881135533516,1.98218669659134,10.6999999403954));
#3521=CARTESIAN_POINT('',(14.0983874499798,-0.573043523728854,10.6999999403954));
#3522=CARTESIAN_POINT('',(12.1807215605084,5.74864689101231,10.6999999403954));
#3523=CARTESIAN_POINT('',(14.2393124997616,-0.836695840954788,10.6999999403954));
#3524=CARTESIAN_POINT('',(9.20424904447451,8.58324865735472,10.6999999403954));
#3525=CARTESIAN_POINT('',(14.4289657622576,-1.06778915822507,10.6999999403954));
#3526=CARTESIAN_POINT('',(5.32632536115053,10.0238173795466,10.6999999403954));
#3527=CARTESIAN_POINT('',(14.6600590795279,-1.25744242072106,10.6999999403954));
#3528=CARTESIAN_POINT('',(1.15751286888932,9.82380376631386,10.6999999403954));
#3529=CARTESIAN_POINT('',(14.9237113967538,-1.39836747050286,10.6999999403954));
#3530=CARTESIAN_POINT('',(-2.64236943531715,7.99089503163311,10.6999999403954));
#3531=CARTESIAN_POINT('',(15.2097909487784,-1.48514870405198,10.6999999403954));
#3532=CARTESIAN_POINT('',(-5.46576392457414,4.78670869898153,10.6999999403954));
#3533=CARTESIAN_POINT('',(15.5073037147522,-1.51445139050485,10.6999999403954));
#3534=CARTESIAN_POINT('',(-6.85090601560268,0.687657844141176,10.6999999403954));
#3535=CARTESIAN_POINT('',(15.804816480726,-1.48514870405198,10.6999999403954));
#3536=CARTESIAN_POINT('',(-6.55339206593714,-3.68725782211359,10.6999999403954));
#3537=CARTESIAN_POINT('',(16.0908960327506,-1.39836747050286,10.6999999403954));
#3538=CARTESIAN_POINT('',(-4.58465913247421,-7.6702249620748,10.6999999403954));
#3539=CARTESIAN_POINT('',(16.3545483499766,-1.25744242072106,10.6999999403954));
#3540=CARTESIAN_POINT('',(-1.21153271580081,-10.6467050477757,10.6999999403954));
#3541=CARTESIAN_POINT('',(16.5856416672468,-1.06778915822507,10.6999999403954));
#3542=CARTESIAN_POINT('',(3.08309508636918,-12.1490356491072,10.6999999403954));
#3543=CARTESIAN_POINT('',(16.7752949297428,-0.83669584095479,10.6999999403954));
#3544=CARTESIAN_POINT('',(7.67265483248294,-11.9283020084873,10.6999999403954));
#3545=CARTESIAN_POINT('',(16.9162199795246,-0.573043523728857,10.6999999403954));
#3546=CARTESIAN_POINT('',(11.8811566491562,-9.99298778833198,10.6999999403954));
#3547=CARTESIAN_POINT('',(17.0030013620854,-0.286963953077802,10.6999999403954));
#3548=CARTESIAN_POINT('',(15.0853353501189,-6.60865477163055,10.6999999403954));
#3549=CARTESIAN_POINT('',(17.0323038995266,0.0105487942695526,10.6999999403954));
#3550=CARTESIAN_POINT('',(16.8088113401328,-2.25860231560429,10.6999999403954));
#3551=CARTESIAN_POINT('',(16.7941600714122,2.42845627781706,10.6999999403954));
#3552=CARTESIAN_POINT('Origin',(-29.4926962852478,0.0105487942695537,10.6999999403954));
#3553=CARTESIAN_POINT('',(22.5073035955429,-9.1984591841698,10.6999999403954));
#3554=CARTESIAN_POINT('',(22.5073035955429,-1.59395519495012,10.6999999403954));
#3555=CARTESIAN_POINT('',(-81.4926961660385,-9.19845918416978,10.6999999403954));
#3556=CARTESIAN_POINT('',(-55.4926962256431,-9.19845918416978,10.6999999403954));
#3557=CARTESIAN_POINT('',(-81.4926961660385,1.61505278348923,10.6999999403954));
#3558=CARTESIAN_POINT('Origin',(-29.4926962852478,0.0105487942695537,10.6999999403954));
#3559=CARTESIAN_POINT('',(-81.4926961660385,9.21955677270891,10.6999999403954));
#3560=CARTESIAN_POINT('',(-81.4926961660385,1.61505278348923,10.6999999403954));
#3561=CARTESIAN_POINT('',(22.5073035955429,9.21955677270888,10.6999999403954));
#3562=CARTESIAN_POINT('',(-3.49269634485243,9.21955677270889,10.6999999403954));
#3563=CARTESIAN_POINT('',(22.5073035955429,-1.59395519495012,10.6999999403954));
#3564=CARTESIAN_POINT('Origin',(7.9999990016222,-9.19999979436398,11.5999997407198));
#3565=CARTESIAN_POINT('',(-72.0000009983778,-12.3999999940395,14.7999999403954));
#3566=CARTESIAN_POINT('',(7.9999990016222,-12.3999999940395,14.7999999403954));
#3567=CARTESIAN_POINT('',(-10.7463486418128,-12.3999999940395,14.7999999403954));
#3568=CARTESIAN_POINT('',(-72.0000009983778,-9.19999979436398,11.5999997407198));
#3569=CARTESIAN_POINT('',(-72.0000009983778,-7.34194158401458,9.74194153037039));
#3570=CARTESIAN_POINT('',(7.9999990016222,-9.19999979436398,11.5999997407198));
#3571=CARTESIAN_POINT('',(7.9999990016222,-9.19999979436398,11.5999997407198));
#3572=CARTESIAN_POINT('',(7.9999990016222,-7.34194158401458,9.74194153037039));
#3573=CARTESIAN_POINT('Origin',(7.9999990016222,9.19999979436397,11.5999997407198));
#3574=CARTESIAN_POINT('',(-72.0000009983778,-9.19845918416978,11.5999997407198));
#3575=CARTESIAN_POINT('',(7.9999990016222,-9.1984591841698,11.5999997407198));
#3576=CARTESIAN_POINT('',(-78.7405450493097,-9.19845918416978,11.5999999403954));
#3577=CARTESIAN_POINT('',(7.9999990016222,4.59999989718198,11.5999997407198));
#3578=CARTESIAN_POINT('',(-72.0000009983778,4.59999989718198,11.5999997407198));
#3579=CARTESIAN_POINT('Origin',(7.9999990016222,12.7355337002967,15.1355336466525));
#3580=CARTESIAN_POINT('',(7.9999990016222,12.3999999940395,14.7999999403954));
#3581=CARTESIAN_POINT('',(-72.0000009983778,12.3999999940395,14.7999999403954));
#3582=CARTESIAN_POINT('',(-10.7463486418128,12.3999999940395,14.7999999403954));
#3583=CARTESIAN_POINT('',(7.9999990016222,9.19999979436397,11.5999997407198));
#3584=CARTESIAN_POINT('',(7.9999990016222,9.10970853698094,11.5097084833368));
#3585=CARTESIAN_POINT('',(-72.0000009983778,9.19999979436397,11.5999997407198));
#3586=CARTESIAN_POINT('',(-33.9941974654794,9.19999999403953,11.5999999403954));
#3587=CARTESIAN_POINT('',(-72.0000009983778,9.10970853698094,11.5097084833368));
#3588=CARTESIAN_POINT('Origin',(-29.4926962852478,0.0105487942695537,10.6999999403954));
#3589=CARTESIAN_POINT('',(-72.8500011101365,-2.02066721859313E-16,10.6999999403954));
#3590=CARTESIAN_POINT('Origin',(-74.5000011101365,0.,10.6999999403954));
#3591=CARTESIAN_POINT('',(-75.9883939325809,-0.2869639530778,10.6999999403954));
#3592=CARTESIAN_POINT('',(-76.0176964700222,0.0105487942695548,10.6999999403954));
#3593=CARTESIAN_POINT('',(-75.7795526419078,-2.40735868927795,10.6999999403954));
#3594=CARTESIAN_POINT('',(-75.9016125500202,-0.573043523728854,10.6999999403954));
#3595=CARTESIAN_POINT('',(-74.0273372293341,-6.75169455695607,10.6999999403954));
#3596=CARTESIAN_POINT('',(-75.7606875002384,-0.836695840954788,10.6999999403954));
#3597=CARTESIAN_POINT('',(-70.7960866947608,-10.1248139469449,10.6999999403954));
#3598=CARTESIAN_POINT('',(-75.5710342377424,-1.06778915822507,10.6999999403954));
#3599=CARTESIAN_POINT('',(-66.5632207717305,-12.0438486671225,10.6999999403954));
#3600=CARTESIAN_POINT('',(-75.3399409204721,-1.25744242072106,10.6999999403954));
#3601=CARTESIAN_POINT('',(-61.9529409982296,-12.2438622803552,10.6999999403954));
#3602=CARTESIAN_POINT('',(-75.0762886032462,-1.39836747050286,10.6999999403954));
#3603=CARTESIAN_POINT('',(-57.6420336960818,-10.7171675726666,10.6999999403954));
#3604=CARTESIAN_POINT('',(-74.7902090512216,-1.48514870405198,10.6999999403954));
#3605=CARTESIAN_POINT('',(-54.2576936620091,-7.71361557884937,10.6999999403954));
#3606=CARTESIAN_POINT('',(-74.4926962852478,-1.51445139050485,10.6999999403954));
#3607=CARTESIAN_POINT('',(-52.2832441215715,-3.70190916534003,10.6999999403954));
#3608=CARTESIAN_POINT('',(-74.195183519274,-1.48514870405198,10.6999999403954));
#3609=CARTESIAN_POINT('',(-51.985730171906,0.702309187367599,10.6999999403954));
#3610=CARTESIAN_POINT('',(-73.9091039672494,-1.39836747050286,10.6999999403954));
#3611=CARTESIAN_POINT('',(-53.3765888699091,4.83009931575608,10.6999999403954));
#3612=CARTESIAN_POINT('',(-73.6454516500234,-1.25744242072106,10.6999999403954));
#3613=CARTESIAN_POINT('',(-56.2111969765655,8.061357556524,10.6999999403954));
#3614=CARTESIAN_POINT('',(-73.4143583327532,-1.06778915822507,10.6999999403954));
#3615=CARTESIAN_POINT('',(-60.0273587807498,9.91863039756186,10.6999999403954));
#3616=CARTESIAN_POINT('',(-73.2247050702572,-0.83669584095479,10.6999999403954));
#3617=CARTESIAN_POINT('',(-64.2168913003981,10.1393640381817,10.6999999403954));
#3618=CARTESIAN_POINT('',(-73.0837800204754,-0.573043523728857,10.6999999403954));
#3619=CARTESIAN_POINT('',(-68.1191790900792,8.7150748159677,10.6999999403954));
#3620=CARTESIAN_POINT('',(-72.9969986379146,-0.286963953077802,10.6999999403954));
#3621=CARTESIAN_POINT('',(-71.1227234397236,5.89168667633784,10.6999999403954));
#3622=CARTESIAN_POINT('',(-72.9676961004734,0.0105487942695526,10.6999999403954));
#3623=CARTESIAN_POINT('',(-72.7588548551266,2.13094307026503,10.6999999403954));
#3624=CARTESIAN_POINT('',(-72.9969986379146,0.308061541616907,10.6999999403954));
#3625=CARTESIAN_POINT('',(-72.7735061238472,-1.96108910805224,10.6999999403954));
#3626=CARTESIAN_POINT('',(-73.0837800204754,0.594141112267962,10.6999999403954));
#3627=CARTESIAN_POINT('',(-71.166114131004,-5.7275493024732,10.6999999403954));
#3628=CARTESIAN_POINT('',(-73.2247050702572,0.857793429493895,10.6999999403954));
#3629=CARTESIAN_POINT('',(-68.1896416149701,-8.56215106881562,10.6999999403954));
#3630=CARTESIAN_POINT('',(-73.4143583327532,1.08888674676417,10.6999999403954));
#3631=CARTESIAN_POINT('',(-64.3117179316461,-10.0027197910075,10.6999999403954));
#3632=CARTESIAN_POINT('',(-73.6454516500234,1.27854000926017,10.6999999403954));
#3633=CARTESIAN_POINT('',(-60.1429054393849,-9.80270617777476,10.6999999403954));
#3634=CARTESIAN_POINT('',(-73.9091039672494,1.41946505904197,10.6999999403954));
#3635=CARTESIAN_POINT('',(-56.3430231351784,-7.969797443094,10.6999999403954));
#3636=CARTESIAN_POINT('',(-74.195183519274,1.50624629259109,10.6999999403954));
#3637=CARTESIAN_POINT('',(-53.5196286459214,-4.76561111044242,10.6999999403954));
#3638=CARTESIAN_POINT('',(-74.4926962852478,1.53554897904395,10.6999999403954));
#3639=CARTESIAN_POINT('',(-52.1344865548929,-0.66656025560207,10.6999999403954));
#3640=CARTESIAN_POINT('',(-74.7902090512216,1.50624629259109,10.6999999403954));
#3641=CARTESIAN_POINT('',(-52.4320005045584,3.7083554106527,10.6999999403954));
#3642=CARTESIAN_POINT('',(-75.0762886032462,1.41946505904197,10.6999999403954));
#3643=CARTESIAN_POINT('',(-54.4007334380214,7.6913225506139,10.6999999403954));
#3644=CARTESIAN_POINT('',(-75.3399409204721,1.27854000926017,10.6999999403954));
#3645=CARTESIAN_POINT('',(-57.7738598546948,10.6678026363148,10.6999999403954));
#3646=CARTESIAN_POINT('',(-75.5710342377424,1.08888674676418,10.6999999403954));
#3647=CARTESIAN_POINT('',(-62.0684876568648,12.1701332376463,10.6999999403954));
#3648=CARTESIAN_POINT('',(-75.7606875002384,0.857793429493897,10.6999999403954));
#3649=CARTESIAN_POINT('',(-66.6580474029785,11.9493995970264,10.6999999403954));
#3650=CARTESIAN_POINT('',(-75.9016125500202,0.594141112267964,10.6999999403954));
#3651=CARTESIAN_POINT('',(-70.8665492196517,10.0140853768711,10.6999999403954));
#3652=CARTESIAN_POINT('',(-75.9883939325809,0.30806154161691,10.6999999403954));
#3653=CARTESIAN_POINT('',(-74.0707279206145,6.62975236016966,10.6999999403954));
#3654=CARTESIAN_POINT('',(-75.7942039106284,2.27969990414339,10.6999999403954));
#3655=CARTESIAN_POINT('Origin',(-72.9969986379146,0.308061541616907,9.79999994039536));
#3656=CARTESIAN_POINT('',(-72.9676961004734,0.0105487942695526,11.5999999403954));
#3657=CARTESIAN_POINT('',(-72.9676961004734,0.0105487942695526,9.79999994039536));
#3658=CARTESIAN_POINT('',(-72.9969986379146,0.308061541616907,11.5999999403954));
#3659=CARTESIAN_POINT('',(-72.9676961004734,0.0105487942695526,11.5999999403954));
#3660=CARTESIAN_POINT('',(-72.9969986379146,0.308061541616907,9.79999994039536));
#3661=CARTESIAN_POINT('Origin',(-72.9676961004734,0.0105487942695525,9.79999994039536));
#3662=CARTESIAN_POINT('',(-72.9969986379146,-0.286963953077802,11.5999999403954));
#3663=CARTESIAN_POINT('',(-72.9969986379146,-0.286963953077802,9.79999994039536));
#3664=CARTESIAN_POINT('',(-72.9969986379146,-0.286963953077802,11.5999999403954));
#3665=CARTESIAN_POINT('Origin',(-72.9969986379146,-0.286963953077802,9.79999994039536));
#3666=CARTESIAN_POINT('',(-73.0837800204754,-0.573043523728857,11.5999999403954));
#3667=CARTESIAN_POINT('',(-73.0837800204754,-0.573043523728857,9.79999994039536));
#3668=CARTESIAN_POINT('',(-73.0837800204754,-0.573043523728857,11.5999999403954));
#3669=CARTESIAN_POINT('Origin',(-73.0837800204754,-0.573043523728857,9.79999994039536));
#3670=CARTESIAN_POINT('',(-73.2247050702572,-0.83669584095479,11.5999999403954));
#3671=CARTESIAN_POINT('',(-73.2247050702572,-0.83669584095479,9.79999994039536));
#3672=CARTESIAN_POINT('',(-73.2247050702572,-0.83669584095479,11.5999999403954));
#3673=CARTESIAN_POINT('Origin',(-73.2247050702572,-0.836695840954789,9.79999994039536));
#3674=CARTESIAN_POINT('',(-73.4143583327532,-1.06778915822507,11.5999999403954));
#3675=CARTESIAN_POINT('',(-73.4143583327532,-1.06778915822507,9.79999994039536));
#3676=CARTESIAN_POINT('',(-73.4143583327532,-1.06778915822507,11.5999999403954));
#3677=CARTESIAN_POINT('Origin',(-73.4143583327532,-1.06778915822507,9.79999994039536));
#3678=CARTESIAN_POINT('',(-73.6454516500234,-1.25744242072106,11.5999999403954));
#3679=CARTESIAN_POINT('',(-73.6454516500234,-1.25744242072106,9.79999994039536));
#3680=CARTESIAN_POINT('',(-73.6454516500234,-1.25744242072106,11.5999999403954));
#3681=CARTESIAN_POINT('Origin',(-73.6454516500234,-1.25744242072106,9.79999994039536));
#3682=CARTESIAN_POINT('',(-73.9091039672494,-1.39836747050286,11.5999999403954));
#3683=CARTESIAN_POINT('',(-73.9091039672494,-1.39836747050286,9.79999994039536));
#3684=CARTESIAN_POINT('',(-73.9091039672494,-1.39836747050286,11.5999999403954));
#3685=CARTESIAN_POINT('Origin',(-73.9091039672494,-1.39836747050286,9.79999994039536));
#3686=CARTESIAN_POINT('',(-74.195183519274,-1.48514870405198,11.5999999403954));
#3687=CARTESIAN_POINT('',(-74.195183519274,-1.48514870405198,9.79999994039536));
#3688=CARTESIAN_POINT('',(-74.195183519274,-1.48514870405198,11.5999999403954));
#3689=CARTESIAN_POINT('Origin',(-74.195183519274,-1.48514870405198,9.79999994039536));
#3690=CARTESIAN_POINT('',(-74.4926962852478,-1.51445139050485,11.5999999403954));
#3691=CARTESIAN_POINT('',(-74.4926962852478,-1.51445139050485,9.79999994039536));
#3692=CARTESIAN_POINT('',(-74.4926962852478,-1.51445139050485,11.5999999403954));
#3693=CARTESIAN_POINT('Origin',(-74.4926962852478,-1.51445139050485,9.79999994039536));
#3694=CARTESIAN_POINT('',(-74.7902090512216,-1.48514870405198,11.5999999403954));
#3695=CARTESIAN_POINT('',(-74.7902090512216,-1.48514870405198,9.79999994039535));
#3696=CARTESIAN_POINT('',(-74.4926962852478,-1.51445139050485,11.5999999403954));
#3697=CARTESIAN_POINT('Origin',(-74.7902090512216,-1.48514870405198,9.79999994039535));
#3698=CARTESIAN_POINT('',(-75.0762886032462,-1.39836747050286,11.5999999403954));
#3699=CARTESIAN_POINT('',(-75.0762886032462,-1.39836747050286,9.79999994039535));
#3700=CARTESIAN_POINT('',(-74.7902090512216,-1.48514870405198,11.5999999403954));
#3701=CARTESIAN_POINT('Origin',(-75.0762886032462,-1.39836747050286,9.79999994039535));
#3702=CARTESIAN_POINT('',(-75.3399409204721,-1.25744242072106,11.5999999403954));
#3703=CARTESIAN_POINT('',(-75.3399409204721,-1.25744242072106,9.79999994039535));
#3704=CARTESIAN_POINT('',(-75.0762886032462,-1.39836747050286,11.5999999403954));
#3705=CARTESIAN_POINT('Origin',(-75.3399409204721,-1.25744242072106,9.79999994039535));
#3706=CARTESIAN_POINT('',(-75.5710342377424,-1.06778915822507,11.5999999403954));
#3707=CARTESIAN_POINT('',(-75.5710342377424,-1.06778915822507,9.79999994039535));
#3708=CARTESIAN_POINT('',(-75.3399409204721,-1.25744242072106,11.5999999403954));
#3709=CARTESIAN_POINT('Origin',(-75.5710342377424,-1.06778915822507,9.79999994039535));
#3710=CARTESIAN_POINT('',(-75.7606875002384,-0.836695840954788,11.5999999403954));
#3711=CARTESIAN_POINT('',(-75.7606875002384,-0.836695840954788,9.79999994039535));
#3712=CARTESIAN_POINT('',(-75.5710342377424,-1.06778915822507,11.5999999403954));
#3713=CARTESIAN_POINT('Origin',(-75.7606875002384,-0.836695840954788,9.79999994039535));
#3714=CARTESIAN_POINT('',(-75.9016125500202,-0.573043523728854,11.5999999403954));
#3715=CARTESIAN_POINT('',(-75.9016125500202,-0.573043523728854,9.79999994039535));
#3716=CARTESIAN_POINT('',(-75.7606875002384,-0.836695840954788,11.5999999403954));
#3717=CARTESIAN_POINT('Origin',(-75.9016125500202,-0.573043523728854,9.79999994039535));
#3718=CARTESIAN_POINT('',(-75.9883939325809,-0.2869639530778,11.5999999403954));
#3719=CARTESIAN_POINT('',(-75.9883939325809,-0.2869639530778,9.79999994039535));
#3720=CARTESIAN_POINT('',(-75.9016125500202,-0.573043523728854,11.5999999403954));
#3721=CARTESIAN_POINT('Origin',(14.0983874499798,-0.573043523728854,9.79999994039535));
#3722=CARTESIAN_POINT('',(14.0116060674191,-0.2869639530778,11.5999999403954));
#3723=CARTESIAN_POINT('',(14.0116060674191,-0.2869639530778,9.79999994039535));
#3724=CARTESIAN_POINT('',(14.0983874499798,-0.573043523728854,11.5999999403954));
#3725=CARTESIAN_POINT('',(14.0983874499798,-0.573043523728854,11.5999999403954));
#3726=CARTESIAN_POINT('',(14.0983874499798,-0.573043523728854,9.79999994039535));
#3727=CARTESIAN_POINT('Origin',(14.0116060674191,-0.2869639530778,9.79999994039535));
#3728=CARTESIAN_POINT('',(13.9823035299778,0.0105487942695548,11.5999999403954));
#3729=CARTESIAN_POINT('',(13.9823035299778,0.0105487942695548,9.79999994039535));
#3730=CARTESIAN_POINT('',(14.0116060674191,-0.2869639530778,11.5999999403954));
#3731=CARTESIAN_POINT('Origin',(13.9823035299778,0.0105487942695548,9.79999994039535));
#3732=CARTESIAN_POINT('',(14.0116060674191,0.30806154161691,11.5999999403954));
#3733=CARTESIAN_POINT('',(14.0116060674191,0.30806154161691,9.79999994039535));
#3734=CARTESIAN_POINT('',(13.9823035299778,0.0105487942695548,11.5999999403954));
#3735=CARTESIAN_POINT('Origin',(14.0116060674191,0.30806154161691,9.79999994039535));
#3736=CARTESIAN_POINT('',(14.0983874499798,0.594141112267964,11.5999999403954));
#3737=CARTESIAN_POINT('',(14.0983874499798,0.594141112267964,9.79999994039535));
#3738=CARTESIAN_POINT('',(14.0116060674191,0.30806154161691,11.5999999403954));
#3739=CARTESIAN_POINT('Origin',(14.0983874499798,0.594141112267964,9.79999994039535));
#3740=CARTESIAN_POINT('',(14.2393124997616,0.857793429493897,11.5999999403954));
#3741=CARTESIAN_POINT('',(14.2393124997616,0.857793429493897,9.79999994039535));
#3742=CARTESIAN_POINT('',(14.0983874499798,0.594141112267964,11.5999999403954));
#3743=CARTESIAN_POINT('Origin',(14.2393124997616,0.857793429493897,9.79999994039535));
#3744=CARTESIAN_POINT('',(14.4289657622576,1.08888674676418,11.5999999403954));
#3745=CARTESIAN_POINT('',(14.4289657622576,1.08888674676418,9.79999994039535));
#3746=CARTESIAN_POINT('',(14.2393124997616,0.857793429493897,11.5999999403954));
#3747=CARTESIAN_POINT('Origin',(14.4289657622576,1.08888674676418,9.79999994039535));
#3748=CARTESIAN_POINT('',(14.6600590795279,1.27854000926017,11.5999999403954));
#3749=CARTESIAN_POINT('',(14.6600590795279,1.27854000926017,9.79999994039535));
#3750=CARTESIAN_POINT('',(14.4289657622576,1.08888674676418,11.5999999403954));
#3751=CARTESIAN_POINT('Origin',(14.6600590795279,1.27854000926017,9.79999994039535));
#3752=CARTESIAN_POINT('',(14.9237113967538,1.41946505904197,11.5999999403954));
#3753=CARTESIAN_POINT('',(14.9237113967538,1.41946505904197,9.79999994039535));
#3754=CARTESIAN_POINT('',(14.6600590795279,1.27854000926017,11.5999999403954));
#3755=CARTESIAN_POINT('Origin',(14.9237113967538,1.41946505904197,9.79999994039535));
#3756=CARTESIAN_POINT('',(15.2097909487784,1.50624629259109,11.5999999403954));
#3757=CARTESIAN_POINT('',(15.2097909487784,1.50624629259109,9.79999994039535));
#3758=CARTESIAN_POINT('',(14.9237113967538,1.41946505904197,11.5999999403954));
#3759=CARTESIAN_POINT('Origin',(15.2097909487784,1.50624629259109,9.79999994039535));
#3760=CARTESIAN_POINT('',(15.5073037147522,1.53554897904395,11.5999999403954));
#3761=CARTESIAN_POINT('',(15.5073037147522,1.53554897904395,9.79999994039536));
#3762=CARTESIAN_POINT('',(15.2097909487784,1.50624629259109,11.5999999403954));
#3763=CARTESIAN_POINT('Origin',(15.5073037147522,1.53554897904395,9.79999994039536));
#3764=CARTESIAN_POINT('',(15.804816480726,1.50624629259109,11.5999999403954));
#3765=CARTESIAN_POINT('',(15.804816480726,1.50624629259109,9.79999994039536));
#3766=CARTESIAN_POINT('',(15.804816480726,1.50624629259109,11.5999999403954));
#3767=CARTESIAN_POINT('Origin',(15.804816480726,1.50624629259109,9.79999994039536));
#3768=CARTESIAN_POINT('',(16.0908960327506,1.41946505904197,11.5999999403954));
#3769=CARTESIAN_POINT('',(16.0908960327506,1.41946505904197,9.79999994039536));
#3770=CARTESIAN_POINT('',(16.0908960327506,1.41946505904197,11.5999999403954));
#3771=CARTESIAN_POINT('Origin',(16.0908960327506,1.41946505904197,9.79999994039536));
#3772=CARTESIAN_POINT('',(16.3545483499766,1.27854000926017,11.5999999403954));
#3773=CARTESIAN_POINT('',(16.3545483499766,1.27854000926017,9.79999994039536));
#3774=CARTESIAN_POINT('',(16.3545483499766,1.27854000926017,11.5999999403954));
#3775=CARTESIAN_POINT('Origin',(16.3545483499766,1.27854000926017,9.79999994039536));
#3776=CARTESIAN_POINT('',(16.5856416672468,1.08888674676417,11.5999999403954));
#3777=CARTESIAN_POINT('',(16.5856416672468,1.08888674676417,9.79999994039536));
#3778=CARTESIAN_POINT('',(16.5856416672468,1.08888674676417,11.5999999403954));
#3779=CARTESIAN_POINT('Origin',(16.5856416672468,1.08888674676417,9.79999994039536));
#3780=CARTESIAN_POINT('',(16.7752949297428,0.857793429493895,11.5999999403954));
#3781=CARTESIAN_POINT('',(16.7752949297428,0.857793429493895,9.79999994039536));
#3782=CARTESIAN_POINT('',(16.7752949297428,0.857793429493895,11.5999999403954));
#3783=CARTESIAN_POINT('Origin',(16.7752949297428,0.857793429493895,9.79999994039536));
#3784=CARTESIAN_POINT('',(16.9162199795246,0.594141112267962,11.5999999403954));
#3785=CARTESIAN_POINT('',(16.9162199795246,0.594141112267962,9.79999994039536));
#3786=CARTESIAN_POINT('',(16.9162199795246,0.594141112267962,11.5999999403954));
#3787=CARTESIAN_POINT('Origin',(-81.4926961660385,-9.19845918416978,9.79999994039535));
#3788=CARTESIAN_POINT('',(22.5073035955429,-9.1984591841698,11.5999999403954));
#3789=CARTESIAN_POINT('',(22.5073035955429,-9.1984591841698,9.79999994039535));
#3790=CARTESIAN_POINT('',(-78.7405450493097,-9.19845918416978,11.5999999403954));
#3791=CARTESIAN_POINT('',(-81.4926961660385,-9.19845918416978,11.5999999403954));
#3792=CARTESIAN_POINT('',(-78.7405450493097,-9.19845918416978,11.5999999403954));
#3793=CARTESIAN_POINT('',(-81.4926961660385,-9.19845918416978,9.79999994039535));
#3794=CARTESIAN_POINT('Origin',(22.5073035955429,-3.19845918416978,9.79999994039536));
#3795=CARTESIAN_POINT('',(22.5073035955429,-3.34611032009126,9.78565310239792));
#3796=CARTESIAN_POINT('',(22.5073035955429,-3.34611032009126,9.78565310239792));
#3797=CARTESIAN_POINT('',(22.5073035955429,-3.44016078710557,9.74645529985428));
#3798=CARTESIAN_POINT('',(22.5073035955429,-3.44016078710557,9.74645529985428));
#3799=CARTESIAN_POINT('',(22.5073035955429,-3.45541033744813,9.69291006326675));
#3800=CARTESIAN_POINT('',(22.5073035955429,-3.45541033744813,9.69291006326675));
#3801=CARTESIAN_POINT('',(22.5073035955429,-2.9054445385933,8.58198736906052));
#3802=CARTESIAN_POINT('',(22.5073035955429,-3.45541033744813,9.69291006326675));
#3803=CARTESIAN_POINT('',(22.5073035955429,-2.9054445385933,7.80000005960464));
#3804=CARTESIAN_POINT('',(22.5073035955429,-2.9054445385933,7.80000005960464));
#3805=CARTESIAN_POINT('',(22.5073035955429,-5.21493855714799,7.80000005960465));
#3806=CARTESIAN_POINT('',(22.5073035955429,-5.21493855714799,7.80000005960465));
#3807=CARTESIAN_POINT('',(22.5073035955429,-5.48214737176896,7.59459172487259));
#3808=CARTESIAN_POINT('',(22.5073035955429,-5.48214737176896,7.59459172487259));
#3809=CARTESIAN_POINT('',(22.5073035955429,-5.46431187391282,6.81024883985519));
#3810=CARTESIAN_POINT('',(22.5073035955429,-5.48214737176896,7.59459172487259));
#3811=CARTESIAN_POINT('',(22.5073035955429,-3.87468669414521,4.97737799882889));
#3812=CARTESIAN_POINT('',(22.5073035955429,-5.46431187391282,6.81024883985519));
#3813=CARTESIAN_POINT('',(22.5073035955429,-3.54148063659669,4.79999994039536));
#3814=CARTESIAN_POINT('',(22.5073035955429,-3.87468669414521,4.97737799882889));
#3815=CARTESIAN_POINT('',(22.5073035955429,3.56257822513579,4.79999994039536));
#3816=CARTESIAN_POINT('',(22.5073035955429,0.0105487942695526,4.79999994039536));
#3817=CARTESIAN_POINT('',(22.5073035955429,3.89578428268432,4.97737799882889));
#3818=CARTESIAN_POINT('',(22.5073035955429,3.56257822513579,4.79999994039536));
#3819=CARTESIAN_POINT('',(22.5073035955429,5.48540946245193,6.81024883985519));
#3820=CARTESIAN_POINT('',(22.5073035955429,3.89578428268432,4.97737799882889));
#3821=CARTESIAN_POINT('',(22.5073035955429,5.50324496030807,7.59459172487259));
#3822=CARTESIAN_POINT('',(22.5073035955429,5.48540946245193,6.81024883985519));
#3823=CARTESIAN_POINT('',(22.5073035955429,5.23603614568709,7.80000005960464));
#3824=CARTESIAN_POINT('',(22.5073035955429,5.23603614568709,7.80000005960464));
#3825=CARTESIAN_POINT('',(22.5073035955429,2.92654212713241,7.80000005960465));
#3826=CARTESIAN_POINT('',(22.5073035955429,2.92654212713241,7.80000005960465));
#3827=CARTESIAN_POINT('',(22.5073035955429,2.92654212713241,8.58198736906052));
#3828=CARTESIAN_POINT('',(22.5073035955429,2.92654212713241,7.80000005960465));
#3829=CARTESIAN_POINT('',(22.5073035955429,3.47650792598723,9.69291006326675));
#3830=CARTESIAN_POINT('',(22.5073035955429,2.92654212713241,8.58198736906052));
#3831=CARTESIAN_POINT('',(22.5073035955429,3.46125837564467,9.74645529985428));
#3832=CARTESIAN_POINT('',(22.5073035955429,3.46125837564467,9.74645529985428));
#3833=CARTESIAN_POINT('',(22.5073035955429,3.36720790863036,9.78565310239792));
#3834=CARTESIAN_POINT('',(22.5073035955429,3.36720790863036,9.78565310239792));
#3835=CARTESIAN_POINT('',(22.5073035955429,3.21955677270888,9.79999994039536));
#3836=CARTESIAN_POINT('',(22.5073035955429,9.21955677270888,11.5999999403954));
#3837=CARTESIAN_POINT('',(22.5073035955429,9.21955677270888,9.79999994039536));
#3838=CARTESIAN_POINT('',(22.5073035955429,-3.19845918416978,11.5999999403954));
#3839=CARTESIAN_POINT('Origin',(-75.9883939325809,-0.2869639530778,9.79999994039535));
#3840=CARTESIAN_POINT('',(-76.0176964700222,0.0105487942695548,11.5999999403954));
#3841=CARTESIAN_POINT('',(-76.0176964700222,0.0105487942695548,9.79999994039535));
#3842=CARTESIAN_POINT('',(-75.9883939325809,-0.2869639530778,11.5999999403954));
#3843=CARTESIAN_POINT('Origin',(-73.0837800204754,0.594141112267962,9.79999994039536));
#3844=CARTESIAN_POINT('',(-73.0837800204754,0.594141112267962,11.5999999403954));
#3845=CARTESIAN_POINT('',(-72.9969986379146,0.308061541616907,11.5999999403954));
#3846=CARTESIAN_POINT('',(-73.0837800204754,0.594141112267962,9.79999994039536));
#3847=CARTESIAN_POINT('Origin',(-73.2247050702572,0.857793429493895,9.79999994039536));
#3848=CARTESIAN_POINT('',(-73.2247050702572,0.857793429493895,11.5999999403954));
#3849=CARTESIAN_POINT('',(-73.0837800204754,0.594141112267962,11.5999999403954));
#3850=CARTESIAN_POINT('',(-73.2247050702572,0.857793429493895,9.79999994039536));
#3851=CARTESIAN_POINT('Origin',(-73.4143583327532,1.08888674676417,9.79999994039536));
#3852=CARTESIAN_POINT('',(-73.4143583327532,1.08888674676417,11.5999999403954));
#3853=CARTESIAN_POINT('',(-73.2247050702572,0.857793429493895,11.5999999403954));
#3854=CARTESIAN_POINT('',(-73.4143583327532,1.08888674676417,9.79999994039536));
#3855=CARTESIAN_POINT('Origin',(-73.6454516500234,1.27854000926017,9.79999994039536));
#3856=CARTESIAN_POINT('',(-73.6454516500234,1.27854000926017,11.5999999403954));
#3857=CARTESIAN_POINT('',(-73.4143583327532,1.08888674676417,11.5999999403954));
#3858=CARTESIAN_POINT('',(-73.6454516500234,1.27854000926017,9.79999994039536));
#3859=CARTESIAN_POINT('Origin',(-73.9091039672494,1.41946505904197,9.79999994039536));
#3860=CARTESIAN_POINT('',(-73.9091039672494,1.41946505904197,11.5999999403954));
#3861=CARTESIAN_POINT('',(-73.6454516500234,1.27854000926017,11.5999999403954));
#3862=CARTESIAN_POINT('',(-73.9091039672494,1.41946505904197,9.79999994039536));
#3863=CARTESIAN_POINT('Origin',(-74.195183519274,1.50624629259109,9.79999994039536));
#3864=CARTESIAN_POINT('',(-74.195183519274,1.50624629259109,11.5999999403954));
#3865=CARTESIAN_POINT('',(-73.9091039672494,1.41946505904197,11.5999999403954));
#3866=CARTESIAN_POINT('',(-74.195183519274,1.50624629259109,9.79999994039536));
#3867=CARTESIAN_POINT('Origin',(-74.4926962852478,1.53554897904395,9.79999994039536));
#3868=CARTESIAN_POINT('',(-74.4926962852478,1.53554897904395,11.5999999403954));
#3869=CARTESIAN_POINT('',(-74.195183519274,1.50624629259109,11.5999999403954));
#3870=CARTESIAN_POINT('',(-74.4926962852478,1.53554897904395,9.79999994039536));
#3871=CARTESIAN_POINT('Origin',(-74.7902090512216,1.50624629259109,9.79999994039535));
#3872=CARTESIAN_POINT('',(-74.7902090512216,1.50624629259109,11.5999999403954));
#3873=CARTESIAN_POINT('',(-74.7902090512216,1.50624629259109,11.5999999403954));
#3874=CARTESIAN_POINT('',(-74.7902090512216,1.50624629259109,9.79999994039535));
#3875=CARTESIAN_POINT('Origin',(-75.0762886032462,1.41946505904197,9.79999994039535));
#3876=CARTESIAN_POINT('',(-75.0762886032462,1.41946505904197,11.5999999403954));
#3877=CARTESIAN_POINT('',(-75.0762886032462,1.41946505904197,11.5999999403954));
#3878=CARTESIAN_POINT('',(-75.0762886032462,1.41946505904197,9.79999994039535));
#3879=CARTESIAN_POINT('Origin',(-75.3399409204721,1.27854000926017,9.79999994039535));
#3880=CARTESIAN_POINT('',(-75.3399409204721,1.27854000926017,11.5999999403954));
#3881=CARTESIAN_POINT('',(-75.3399409204721,1.27854000926017,11.5999999403954));
#3882=CARTESIAN_POINT('',(-75.3399409204721,1.27854000926017,9.79999994039535));
#3883=CARTESIAN_POINT('Origin',(-75.5710342377424,1.08888674676418,9.79999994039535));
#3884=CARTESIAN_POINT('',(-75.5710342377424,1.08888674676418,11.5999999403954));
#3885=CARTESIAN_POINT('',(-75.5710342377424,1.08888674676418,11.5999999403954));
#3886=CARTESIAN_POINT('',(-75.5710342377424,1.08888674676418,9.79999994039535));
#3887=CARTESIAN_POINT('Origin',(-75.7606875002384,0.857793429493897,9.79999994039535));
#3888=CARTESIAN_POINT('',(-75.7606875002384,0.857793429493897,11.5999999403954));
#3889=CARTESIAN_POINT('',(-75.7606875002384,0.857793429493897,11.5999999403954));
#3890=CARTESIAN_POINT('',(-75.7606875002384,0.857793429493897,9.79999994039535));
#3891=CARTESIAN_POINT('Origin',(-75.9016125500202,0.594141112267964,9.79999994039535));
#3892=CARTESIAN_POINT('',(-75.9016125500202,0.594141112267964,11.5999999403954));
#3893=CARTESIAN_POINT('',(-75.9016125500202,0.594141112267964,11.5999999403954));
#3894=CARTESIAN_POINT('',(-75.9016125500202,0.594141112267964,9.79999994039535));
#3895=CARTESIAN_POINT('Origin',(-75.9883939325809,0.30806154161691,9.79999994039535));
#3896=CARTESIAN_POINT('',(-75.9883939325809,0.30806154161691,11.5999999403954));
#3897=CARTESIAN_POINT('',(-75.9883939325809,0.30806154161691,11.5999999403954));
#3898=CARTESIAN_POINT('',(-75.9883939325809,0.30806154161691,9.79999994039535));
#3899=CARTESIAN_POINT('Origin',(-76.0176964700222,0.0105487942695548,9.79999994039535));
#3900=CARTESIAN_POINT('',(-76.0176964700222,0.0105487942695548,11.5999999403954));
#3901=CARTESIAN_POINT('Origin',(16.9162199795246,0.594141112267962,9.79999994039536));
#3902=CARTESIAN_POINT('',(17.0030013620854,0.308061541616907,11.5999999403954));
#3903=CARTESIAN_POINT('',(17.0030013620854,0.308061541616907,9.79999994039536));
#3904=CARTESIAN_POINT('',(17.0030013620854,0.308061541616907,11.5999999403954));
#3905=CARTESIAN_POINT('Origin',(14.2393124997616,-0.836695840954788,9.79999994039535));
#3906=CARTESIAN_POINT('',(14.2393124997616,-0.836695840954788,11.5999999403954));
#3907=CARTESIAN_POINT('',(14.2393124997616,-0.836695840954788,11.5999999403954));
#3908=CARTESIAN_POINT('',(14.2393124997616,-0.836695840954788,9.79999994039535));
#3909=CARTESIAN_POINT('Origin',(14.4289657622576,-1.06778915822507,9.79999994039535));
#3910=CARTESIAN_POINT('',(14.4289657622576,-1.06778915822507,11.5999999403954));
#3911=CARTESIAN_POINT('',(14.4289657622576,-1.06778915822507,11.5999999403954));
#3912=CARTESIAN_POINT('',(14.4289657622576,-1.06778915822507,9.79999994039535));
#3913=CARTESIAN_POINT('Origin',(14.6600590795279,-1.25744242072106,9.79999994039535));
#3914=CARTESIAN_POINT('',(14.6600590795279,-1.25744242072106,11.5999999403954));
#3915=CARTESIAN_POINT('',(14.6600590795279,-1.25744242072106,11.5999999403954));
#3916=CARTESIAN_POINT('',(14.6600590795279,-1.25744242072106,9.79999994039535));
#3917=CARTESIAN_POINT('Origin',(14.9237113967538,-1.39836747050286,9.79999994039535));
#3918=CARTESIAN_POINT('',(14.9237113967538,-1.39836747050286,11.5999999403954));
#3919=CARTESIAN_POINT('',(14.9237113967538,-1.39836747050286,11.5999999403954));
#3920=CARTESIAN_POINT('',(14.9237113967538,-1.39836747050286,9.79999994039535));
#3921=CARTESIAN_POINT('Origin',(15.2097909487784,-1.48514870405198,9.79999994039535));
#3922=CARTESIAN_POINT('',(15.2097909487784,-1.48514870405198,11.5999999403954));
#3923=CARTESIAN_POINT('',(15.2097909487784,-1.48514870405198,11.5999999403954));
#3924=CARTESIAN_POINT('',(15.2097909487784,-1.48514870405198,9.79999994039535));
#3925=CARTESIAN_POINT('Origin',(15.5073037147522,-1.51445139050485,9.79999994039536));
#3926=CARTESIAN_POINT('',(15.5073037147522,-1.51445139050485,11.5999999403954));
#3927=CARTESIAN_POINT('',(15.5073037147522,-1.51445139050485,11.5999999403954));
#3928=CARTESIAN_POINT('',(15.5073037147522,-1.51445139050485,9.79999994039536));
#3929=CARTESIAN_POINT('Origin',(15.804816480726,-1.48514870405198,9.79999994039536));
#3930=CARTESIAN_POINT('',(15.804816480726,-1.48514870405198,11.5999999403954));
#3931=CARTESIAN_POINT('',(15.5073037147522,-1.51445139050485,11.5999999403954));
#3932=CARTESIAN_POINT('',(15.804816480726,-1.48514870405198,9.79999994039536));
#3933=CARTESIAN_POINT('Origin',(16.0908960327506,-1.39836747050286,9.79999994039536));
#3934=CARTESIAN_POINT('',(16.0908960327506,-1.39836747050286,11.5999999403954));
#3935=CARTESIAN_POINT('',(15.804816480726,-1.48514870405198,11.5999999403954));
#3936=CARTESIAN_POINT('',(16.0908960327506,-1.39836747050286,9.79999994039536));
#3937=CARTESIAN_POINT('Origin',(16.3545483499766,-1.25744242072106,9.79999994039536));
#3938=CARTESIAN_POINT('',(16.3545483499766,-1.25744242072106,11.5999999403954));
#3939=CARTESIAN_POINT('',(16.0908960327506,-1.39836747050286,11.5999999403954));
#3940=CARTESIAN_POINT('',(16.3545483499766,-1.25744242072106,9.79999994039536));
#3941=CARTESIAN_POINT('Origin',(16.5856416672468,-1.06778915822507,9.79999994039536));
#3942=CARTESIAN_POINT('',(16.5856416672468,-1.06778915822507,11.5999999403954));
#3943=CARTESIAN_POINT('',(16.3545483499766,-1.25744242072106,11.5999999403954));
#3944=CARTESIAN_POINT('',(16.5856416672468,-1.06778915822507,9.79999994039536));
#3945=CARTESIAN_POINT('Origin',(16.7752949297428,-0.836695840954789,9.79999994039536));
#3946=CARTESIAN_POINT('',(16.7752949297428,-0.83669584095479,11.5999999403954));
#3947=CARTESIAN_POINT('',(16.5856416672468,-1.06778915822507,11.5999999403954));
#3948=CARTESIAN_POINT('',(16.7752949297428,-0.83669584095479,9.79999994039536));
#3949=CARTESIAN_POINT('Origin',(16.9162199795246,-0.573043523728857,9.79999994039536));
#3950=CARTESIAN_POINT('',(16.9162199795246,-0.573043523728857,11.5999999403954));
#3951=CARTESIAN_POINT('',(16.7752949297428,-0.83669584095479,11.5999999403954));
#3952=CARTESIAN_POINT('',(16.9162199795246,-0.573043523728857,9.79999994039536));
#3953=CARTESIAN_POINT('Origin',(17.0030013620854,-0.286963953077802,9.79999994039536));
#3954=CARTESIAN_POINT('',(17.0030013620854,-0.286963953077802,11.5999999403954));
#3955=CARTESIAN_POINT('',(16.9162199795246,-0.573043523728857,11.5999999403954));
#3956=CARTESIAN_POINT('',(17.0030013620854,-0.286963953077802,9.79999994039536));
#3957=CARTESIAN_POINT('Origin',(17.0323038995266,0.0105487942695525,9.79999994039536));
#3958=CARTESIAN_POINT('',(17.0323038995266,0.0105487942695526,11.5999999403954));
#3959=CARTESIAN_POINT('',(17.0030013620854,-0.286963953077802,11.5999999403954));
#3960=CARTESIAN_POINT('',(17.0323038995266,0.0105487942695526,9.79999994039536));
#3961=CARTESIAN_POINT('Origin',(17.0030013620854,0.308061541616907,9.79999994039536));
#3962=CARTESIAN_POINT('',(17.0323038995266,0.0105487942695526,11.5999999403954));
#3963=CARTESIAN_POINT('Origin',(22.5073035955429,9.21955677270888,9.79999994039536));
#3964=CARTESIAN_POINT('',(-81.4926961660385,9.21955677270891,11.5999999403954));
#3965=CARTESIAN_POINT('',(-81.4926961660385,9.21955677270891,9.79999994039536));
#3966=CARTESIAN_POINT('',(-26.740545168519,9.21955677270889,11.5999999403954));
#3967=CARTESIAN_POINT('Origin',(-81.4926961660385,3.21955677270889,9.79999994039535));
#3968=CARTESIAN_POINT('',(-81.4926961660385,3.36720790863036,9.78565310239792));
#3969=CARTESIAN_POINT('',(-81.4926961660385,3.21955677270889,9.79999994039535));
#3970=CARTESIAN_POINT('',(-81.4926961660385,3.46125837564468,9.74645529985428));
#3971=CARTESIAN_POINT('',(-81.4926961660385,3.36720790863036,9.78565310239792));
#3972=CARTESIAN_POINT('',(-81.4926961660385,3.47650792598724,9.69291006326675));
#3973=CARTESIAN_POINT('',(-81.4926961660385,3.46125837564468,9.74645529985428));
#3974=CARTESIAN_POINT('',(-81.4926961660385,2.92654212713241,8.58198736906052));
#3975=CARTESIAN_POINT('',(-81.4926961660385,2.92654212713241,8.58198736906052));
#3976=CARTESIAN_POINT('',(-81.4926961660385,2.92654212713241,7.80000005960464));
#3977=CARTESIAN_POINT('',(-81.4926961660385,2.92654212713241,7.80000005960464));
#3978=CARTESIAN_POINT('',(-81.4926961660385,5.2360361456871,7.80000005960464));
#3979=CARTESIAN_POINT('',(-81.4926961660385,2.92654212713241,7.80000005960464));
#3980=CARTESIAN_POINT('',(-81.4926961660385,5.50324496030807,7.59459172487259));
#3981=CARTESIAN_POINT('',(-81.4926961660385,5.2360361456871,7.80000005960464));
#3982=CARTESIAN_POINT('',(-81.4926961660385,5.48540946245193,6.81024883985519));
#3983=CARTESIAN_POINT('',(-81.4926961660385,5.48540946245193,6.81024883985519));
#3984=CARTESIAN_POINT('',(-81.4926961660385,3.89578428268432,4.97737799882889));
#3985=CARTESIAN_POINT('',(-81.4926961660385,3.89578428268432,4.97737799882889));
#3986=CARTESIAN_POINT('',(-81.4926961660385,3.5625782251358,4.79999994039535));
#3987=CARTESIAN_POINT('',(-81.4926961660385,3.5625782251358,4.79999994039535));
#3988=CARTESIAN_POINT('',(-81.4926961660385,-3.54148063659669,4.79999994039535));
#3989=CARTESIAN_POINT('',(-81.4926961660385,1.92095887064933,4.79999994039535));
#3990=CARTESIAN_POINT('',(-81.4926961660385,-3.87468669414521,4.97737799882889));
#3991=CARTESIAN_POINT('',(-81.4926961660385,-3.87468669414521,4.97737799882889));
#3992=CARTESIAN_POINT('',(-81.4926961660385,-5.46431187391282,6.81024883985519));
#3993=CARTESIAN_POINT('',(-81.4926961660385,-5.46431187391282,6.81024883985519));
#3994=CARTESIAN_POINT('',(-81.4926961660385,-5.48214737176896,7.59459172487259));
#3995=CARTESIAN_POINT('',(-81.4926961660385,-5.48214737176896,7.59459172487259));
#3996=CARTESIAN_POINT('',(-81.4926961660385,-5.21493855714799,7.80000005960464));
#3997=CARTESIAN_POINT('',(-81.4926961660385,-5.48214737176896,7.59459172487259));
#3998=CARTESIAN_POINT('',(-81.4926961660385,-2.9054445385933,7.80000005960464));
#3999=CARTESIAN_POINT('',(-81.4926961660385,-5.21493855714799,7.80000005960464));
#4000=CARTESIAN_POINT('',(-81.4926961660385,-2.9054445385933,8.58198736906052));
#4001=CARTESIAN_POINT('',(-81.4926961660385,-2.9054445385933,7.80000005960464));
#4002=CARTESIAN_POINT('',(-81.4926961660385,-3.45541033744813,9.69291006326675));
#4003=CARTESIAN_POINT('',(-81.4926961660385,-3.45541033744813,9.69291006326675));
#4004=CARTESIAN_POINT('',(-81.4926961660385,-3.44016078710557,9.74645529985428));
#4005=CARTESIAN_POINT('',(-81.4926961660385,-3.45541033744813,9.69291006326675));
#4006=CARTESIAN_POINT('',(-81.4926961660385,-3.34611032009125,9.78565310239792));
#4007=CARTESIAN_POINT('',(-81.4926961660385,-3.44016078710557,9.74645529985428));
#4008=CARTESIAN_POINT('',(-81.4926961660385,-3.34611032009125,9.78565310239792));
#4009=CARTESIAN_POINT('',(-81.4926961660385,-3.19845918416978,11.5999999403954));
#4010=CARTESIAN_POINT('Origin',(-75.9883939325809,0.30806154161691,11.5999999403954));
#4011=CARTESIAN_POINT('',(7.9999990016222,0.154030770808452,11.5999999403954));
#4012=CARTESIAN_POINT('',(-72.0000009983778,0.154030770808452,11.5999999403954));
#4013=CARTESIAN_POINT('Origin',(7.9999990016222,-2.99999995529652,14.7999999403953));
#4014=CARTESIAN_POINT('',(7.9999990016222,31.0000000447035,14.7999999403953));
#4015=CARTESIAN_POINT('',(7.9999990016222,1.50527441948652,14.7999999403954));
#4016=CARTESIAN_POINT('',(7.9999990016222,31.0000000447035,18.7999999403953));
#4017=CARTESIAN_POINT('',(7.9999990016222,31.0000000447035,14.7999999403953));
#4018=CARTESIAN_POINT('',(7.9999990016222,-28.0999999552965,18.7999999403953));
#4019=CARTESIAN_POINT('',(7.9999990016222,-2.99999995529652,18.7999999403953));
#4020=CARTESIAN_POINT('',(7.9999990016222,-28.0999999552965,74.9999999403954));
#4021=CARTESIAN_POINT('',(7.9999990016222,-28.0999999552965,18.7999999403953));
#4022=CARTESIAN_POINT('',(7.9999990016222,-30.9999999552965,74.9999999403954));
#4023=CARTESIAN_POINT('',(7.9999990016222,1.50527441948652,14.7999999403954));
#4024=CARTESIAN_POINT('Origin',(-29.4926962852478,4.47034853578998E-8,14.7999999403953));
#4025=CARTESIAN_POINT('',(-72.0000009983778,31.0000000447035,14.7999999403953));
#4026=CARTESIAN_POINT('',(-72.0000009983778,-0.099229569733148,14.7999999403954));
#4027=CARTESIAN_POINT('',(10.9911512658,31.0000000447035,14.7999999403954));
#4028=CARTESIAN_POINT('Origin',(7.9999990016222,31.0000000447035,14.7999999403953));
#4029=CARTESIAN_POINT('',(-72.0000009983778,31.0000000447035,74.9999999403954));
#4030=CARTESIAN_POINT('',(-72.0000009983778,31.0000000447035,18.7999999403953));
#4031=CARTESIAN_POINT('',(-66.0000009983778,31.0000000447035,74.9999999403954));
#4032=CARTESIAN_POINT('',(-67.5000009983778,31.0000000447035,74.9999999403954));
#4033=CARTESIAN_POINT('',(-66.0000009983778,31.0000000447035,18.7999999403953));
#4034=CARTESIAN_POINT('',(-66.0000009983778,31.0000000447035,18.7999999403953));
#4035=CARTESIAN_POINT('',(-67.0000009983778,31.0000000447035,18.7999999403953));
#4036=CARTESIAN_POINT('Origin',(-72.0000009983778,3.00000004470348,14.7999999403953));
#4037=CARTESIAN_POINT('',(-72.0000009983778,-0.099229569733148,14.7999999403954));
#4038=CARTESIAN_POINT('',(-72.0000009983778,16.2250000447035,74.9999999403954));
#4039=CARTESIAN_POINT('',(-72.0000009983778,-21.0499999552965,46.8999999403954));
#4040=CARTESIAN_POINT('Origin',(-72.0000009983778,1.45000004470349,46.8999999403954));
#4041=CARTESIAN_POINT('',(-72.0000009983778,22.4200000447035,70.4699999403954));
#4042=CARTESIAN_POINT('Origin',(-72.0000009983778,25.0200000447035,70.4699999403954));
#4043=CARTESIAN_POINT('',(-72.0000009983778,22.4200000447035,23.3299999403953));
#4044=CARTESIAN_POINT('Origin',(-72.0000009983778,25.0200000447035,23.3299999403953));
#4045=CARTESIAN_POINT('',(-72.0000009983778,-24.7199999552965,70.4699999403954));
#4046=CARTESIAN_POINT('Origin',(-72.0000009983778,-22.1199999552965,70.4699999403954));
#4047=CARTESIAN_POINT('',(-72.0000009983778,-24.7199999552965,23.3299999403953));
#4048=CARTESIAN_POINT('Origin',(-72.0000009983778,-22.1199999552965,23.3299999403953));
#4049=CARTESIAN_POINT('Origin',(-32.0000009983778,-29.5499999552965,74.9999999403954));
#4050=CARTESIAN_POINT('',(-66.0000009983778,-28.0999999552965,74.9999999403954));
#4051=CARTESIAN_POINT('',(-72.0000009983778,-28.0999999552965,74.9999999403954));
#4052=CARTESIAN_POINT('',(-66.0000009983778,-13.3249999552965,74.9999999403954));
#4053=CARTESIAN_POINT('Origin',(7.9999990016222,-28.0999999552965,18.7999999403953));
#4054=CARTESIAN_POINT('',(-66.0000009983778,-28.0999999552965,18.7999999403953));
#4055=CARTESIAN_POINT('',(-66.0000009983778,-28.0999999552965,18.7999999403953));
#4056=CARTESIAN_POINT('',(-10.7500009983778,-28.0999999552965,18.7999999403953));
#4057=CARTESIAN_POINT('Origin',(-29.5000009983778,4.47034831374538E-8,18.7999999403953));
#4058=CARTESIAN_POINT('',(-66.0000009983778,-14.0499999552965,18.7999999403953));
#4059=CARTESIAN_POINT('Origin',(-66.0000009983778,-28.0999999552965,18.7999999403953));
#4060=CARTESIAN_POINT('',(-66.0000009983778,-21.0499999552965,46.8999999403954));
#4061=CARTESIAN_POINT('Origin',(-66.0000009983778,1.45000004470349,46.8999999403954));
#4062=CARTESIAN_POINT('',(-66.0000009983778,22.4200000447035,70.4699999403954));
#4063=CARTESIAN_POINT('Origin',(-66.0000009983778,25.0200000447035,70.4699999403954));
#4064=CARTESIAN_POINT('',(-66.0000009983778,22.4200000447035,23.3299999403953));
#4065=CARTESIAN_POINT('Origin',(-66.0000009983778,25.0200000447035,23.3299999403953));
#4066=CARTESIAN_POINT('',(-66.0000009983778,-24.7199999552965,70.4699999403954));
#4067=CARTESIAN_POINT('Origin',(-66.0000009983778,-22.1199999552965,70.4699999403954));
#4068=CARTESIAN_POINT('',(-66.0000009983778,-24.7199999552965,23.3299999403953));
#4069=CARTESIAN_POINT('Origin',(-66.0000009983778,-22.1199999552965,23.3299999403953));
#4070=CARTESIAN_POINT('Origin',(-66.0000009983778,1.45000004470349,46.8999999403954));
#4071=CARTESIAN_POINT('',(-66.0000009983778,-21.0499999552965,46.8999999403954));
#4072=CARTESIAN_POINT('Origin',(-66.0000009983778,25.0200000447035,70.4699999403954));
#4073=CARTESIAN_POINT('',(-66.0000009983778,22.4200000447035,70.4699999403954));
#4074=CARTESIAN_POINT('Origin',(-66.0000009983778,25.0200000447035,23.3299999403953));
#4075=CARTESIAN_POINT('',(-66.0000009983778,22.4200000447035,23.3299999403953));
#4076=CARTESIAN_POINT('Origin',(-66.0000009983778,-22.1199999552965,70.4699999403954));
#4077=CARTESIAN_POINT('',(-66.0000009983778,-24.7199999552965,70.4699999403954));
#4078=CARTESIAN_POINT('Origin',(-66.0000009983778,-22.1199999552965,23.3299999403953));
#4079=CARTESIAN_POINT('',(-66.0000009983778,-24.7199999552965,23.3299999403953));
#4080=CARTESIAN_POINT('Origin',(-29.4926962852478,4.47034853578998E-8,14.7999999403953));
#4081=CARTESIAN_POINT('Origin',(-74.5038219277146,3.29089431312177,4.79999994039536));
#4082=CARTESIAN_POINT('',(-74.5038219277146,3.29089431312177,4.79999994039536));
#4083=CARTESIAN_POINT('',(-77.3519082075881,1.64213582795903,4.79999994039536));
#4084=CARTESIAN_POINT('',(-76.3458120779168,2.22456534998832,4.79999994039535));
#4085=CARTESIAN_POINT('',(-74.5038219277146,3.29089431312177,7.29999994039536));
#4086=CARTESIAN_POINT('',(-74.5038219277146,3.29089431312177,4.79999994039536));
#4087=CARTESIAN_POINT('',(-77.3519082075881,1.64213582795903,7.29999994039536));
#4088=CARTESIAN_POINT('',(-77.3519082075881,1.64213582795903,7.29999994039536));
#4089=CARTESIAN_POINT('',(-77.3519082075881,1.64213582795903,4.79999994039536));
#4090=CARTESIAN_POINT('Origin',(-71.6519120549217,1.64875848516274,4.79999994039536));
#4091=CARTESIAN_POINT('',(-71.6519120549217,1.64875848516274,4.79999994039536));
#4092=CARTESIAN_POINT('',(-73.2922186127414,2.5932505229823,4.79999994039536));
#4093=CARTESIAN_POINT('',(-71.6519120549217,1.64875848516274,7.29999994039536));
#4094=CARTESIAN_POINT('',(-71.6519120549217,1.64875848516274,4.79999994039536));
#4095=CARTESIAN_POINT('',(-74.5038219277146,3.29089431312177,7.29999994039536));
#4096=CARTESIAN_POINT('Origin',(-71.6480884620024,-1.64213582795903,4.79999994039536));
#4097=CARTESIAN_POINT('',(-71.6480884620024,-1.64213582795903,4.79999994039536));
#4098=CARTESIAN_POINT('',(-71.6487706449546,-1.05499382686536,4.79999994039536));
#4099=CARTESIAN_POINT('',(-71.6480884620024,-1.64213582795903,7.29999994039536));
#4100=CARTESIAN_POINT('',(-71.6480884620024,-1.64213582795903,4.79999994039536));
#4101=CARTESIAN_POINT('',(-71.6519120549217,1.64875848516274,7.29999994039536));
#4102=CARTESIAN_POINT('Origin',(-74.4961747418759,-3.29089431312177,4.79999994039536));
#4103=CARTESIAN_POINT('',(-74.4961747418759,-3.29089431312177,4.79999994039536));
#4104=CARTESIAN_POINT('',(-74.9141217521414,-3.53284403367385,4.79999994039536));
#4105=CARTESIAN_POINT('',(-74.4961747418759,-3.29089431312177,7.29999994039536));
#4106=CARTESIAN_POINT('',(-74.4961747418759,-3.29089431312177,4.79999994039536));
#4107=CARTESIAN_POINT('',(-71.6480884620024,-1.64213582795903,7.29999994039536));
#4108=CARTESIAN_POINT('Origin',(-77.3480846146688,-1.64875848516274,4.79999994039536));
#4109=CARTESIAN_POINT('',(-77.3480846146688,-1.64875848516274,4.79999994039536));
#4110=CARTESIAN_POINT('',(-77.562436236092,-1.5253343613227,4.79999994039535));
#4111=CARTESIAN_POINT('',(-77.3480846146688,-1.64875848516274,7.29999994039536));
#4112=CARTESIAN_POINT('',(-77.3480846146688,-1.64875848516274,4.79999994039536));
#4113=CARTESIAN_POINT('',(-74.4961747418759,-3.29089431312177,7.29999994039536));
#4114=CARTESIAN_POINT('Origin',(-77.3519082075881,1.64213582795903,4.79999994039536));
#4115=CARTESIAN_POINT('',(-77.3506785940807,0.583830672491816,4.79999994039535));
#4116=CARTESIAN_POINT('',(-77.3480846146688,-1.64875848516274,7.29999994039536));
#4117=CARTESIAN_POINT('Origin',(-74.4999983347952,5.55111512312578E-16,
7.29999994039536));
#4118=CARTESIAN_POINT('',(-72.8500011101365,-2.02066721859313E-16,7.29999994039536));
#4119=CARTESIAN_POINT('Origin',(-74.5000011101365,0.,7.29999994039536));
#4120=CARTESIAN_POINT('Origin',(18.356901463911,1.63343666703323,4.79999994039536));
#4121=CARTESIAN_POINT('',(18.356901463911,1.63343666703323,4.79999994039536));
#4122=CARTESIAN_POINT('',(15.5138531983158,3.29086737734836,4.79999994039536));
#4123=CARTESIAN_POINT('',(-16.8597196891355,22.1639039541834,4.79999994039536));
#4124=CARTESIAN_POINT('',(18.356901463911,1.63343666703323,7.29999994039536));
#4125=CARTESIAN_POINT('',(18.356901463911,1.63343666703323,4.79999994039536));
#4126=CARTESIAN_POINT('',(15.5138531983158,3.29086737734836,7.29999994039536));
#4127=CARTESIAN_POINT('',(15.5138531983158,3.29086737734836,7.29999994039536));
#4128=CARTESIAN_POINT('',(15.5138531983158,3.29086737734836,4.79999994039536));
#4129=CARTESIAN_POINT('Origin',(18.3430484965633,-1.65743071031513,4.79999994039536));
#4130=CARTESIAN_POINT('',(18.3430484965633,-1.65743071031513,4.79999994039536));
#4131=CARTESIAN_POINT('',(18.3446916746763,-1.26708248300157,4.79999994039537));
#4132=CARTESIAN_POINT('',(18.3430484965633,-1.65743071031513,7.29999994039536));
#4133=CARTESIAN_POINT('',(18.3430484965633,-1.65743071031513,4.79999994039536));
#4134=CARTESIAN_POINT('',(18.356901463911,1.63343666703323,7.29999994039536));
#4135=CARTESIAN_POINT('Origin',(15.4861472636202,-3.29086737734836,4.79999994039536));
#4136=CARTESIAN_POINT('',(15.4861472636202,-3.29086737734836,4.79999994039536));
#4137=CARTESIAN_POINT('',(-18.8489711566725,-22.9220120413377,4.79999994039536));
#4138=CARTESIAN_POINT('',(15.4861472636202,-3.29086737734836,7.29999994039536));
#4139=CARTESIAN_POINT('',(15.4861472636202,-3.29086737734836,4.79999994039536));
#4140=CARTESIAN_POINT('',(18.3430484965633,-1.65743071031513,7.29999994039536));
#4141=CARTESIAN_POINT('Origin',(12.643098998025,-1.63343666703323,4.79999994039536));
#4142=CARTESIAN_POINT('',(12.643098998025,-1.63343666703323,4.79999994039536));
#4143=CARTESIAN_POINT('',(-21.1519980222239,18.0683152649594,4.79999994039536));
#4144=CARTESIAN_POINT('',(12.643098998025,-1.63343666703323,7.29999994039536));
#4145=CARTESIAN_POINT('',(12.643098998025,-1.63343666703323,4.79999994039536));
#4146=CARTESIAN_POINT('',(15.4861472636202,-3.29086737734836,7.29999994039536));
#4147=CARTESIAN_POINT('Origin',(12.6569519653727,1.65743071031513,4.79999994039536));
#4148=CARTESIAN_POINT('',(12.6569519653727,1.65743071031513,4.79999994039536));
#4149=CARTESIAN_POINT('',(12.6516686598118,0.40234524895452,4.79999994039536));
#4150=CARTESIAN_POINT('',(12.6569519653727,1.65743071031513,7.29999994039536));
#4151=CARTESIAN_POINT('',(12.6569519653727,1.65743071031513,4.79999994039536));
#4152=CARTESIAN_POINT('',(12.643098998025,-1.63343666703323,7.29999994039536));
#4153=CARTESIAN_POINT('Origin',(15.5138531983158,3.29086737734836,4.79999994039536));
#4154=CARTESIAN_POINT('',(-20.2497158384485,-17.1569956201576,4.79999994039536));
#4155=CARTESIAN_POINT('',(12.6569519653727,1.65743071031513,7.29999994039536));
#4156=CARTESIAN_POINT('Origin',(15.500000230968,0.,7.29999994039536));
#4157=CARTESIAN_POINT('',(17.1573037147522,0.0105487942695524,7.29999994039536));
#4158=CARTESIAN_POINT('Origin',(15.5073037147522,0.0105487942695526,7.29999994039536));
#4159=CARTESIAN_POINT('Origin',(-74.5000011101365,0.,11.5999999403954));
#4160=CARTESIAN_POINT('',(-72.8500011101365,-2.02066721859313E-16,11.5999999403954));
#4161=CARTESIAN_POINT('Origin',(15.5073037147522,0.0105487942695526,11.5999999403954));
#4162=CARTESIAN_POINT('',(17.1573037147522,0.0105487942695524,11.5999999403954));
#4163=CARTESIAN_POINT('Origin',(22.5073035955429,-3.19845918416978,9.79999994039536));
#4164=CARTESIAN_POINT('',(-67.4926964044571,-3.34611032009126,9.78565310239792));
#4165=CARTESIAN_POINT('Origin',(22.5073035955429,-3.34611032009126,9.78565310239792));
#4166=CARTESIAN_POINT('',(-67.4926964044571,-3.44016078710557,9.74645529985428));
#4167=CARTESIAN_POINT('Origin',(22.5073035955429,-3.44016078710557,9.74645529985428));
#4168=CARTESIAN_POINT('',(-67.4926964044571,-3.45541033744813,9.69291006326675));
#4169=CARTESIAN_POINT('Origin',(22.5073035955429,-3.45541033744813,9.69291006326675));
#4170=CARTESIAN_POINT('',(-67.4926964044571,-2.9054445385933,8.58198736906052));
#4171=CARTESIAN_POINT('Origin',(22.5073035955429,-2.9054445385933,8.58198736906052));
#4172=CARTESIAN_POINT('',(22.5073035955429,-2.9054445385933,7.80000005960464));
#4173=CARTESIAN_POINT('Origin',(8.5073038339615,-5.48214737176896,7.59459172487259));
#4174=CARTESIAN_POINT('',(22.5073035955429,-5.48214737176896,7.59459172487259));
#4175=CARTESIAN_POINT('',(-67.4926964044571,-5.46431187391282,6.81024883985519));
#4176=CARTESIAN_POINT('Origin',(8.5073038339615,-5.46431187391282,6.81024883985519));
#4177=CARTESIAN_POINT('',(-67.4926964044571,-3.87468669414521,4.97737799882889));
#4178=CARTESIAN_POINT('Origin',(-81.4926961660385,5.2360361456871,7.80000005960464));
#4179=CARTESIAN_POINT('',(-67.4926964044571,5.50324496030807,7.59459172487259));
#4180=CARTESIAN_POINT('',(22.5073035955429,5.23603614568709,7.80000005960464));
#4181=CARTESIAN_POINT('Origin',(-81.4926961660385,3.89578428268432,4.97737799882889));
#4182=CARTESIAN_POINT('',(-67.4926964044571,3.56257822513579,4.79999994039536));
#4183=CARTESIAN_POINT('',(22.5073035955429,3.89578428268432,4.97737799882889));
#4184=CARTESIAN_POINT('Origin',(-81.4926961660385,-5.48214737176896,7.59459172487259));
#4185=CARTESIAN_POINT('',(-67.4926964044571,-5.21493855714799,7.80000005960465));
#4186=CARTESIAN_POINT('Origin',(-81.4926961660385,-3.54148063659669,4.79999994039535));
#4187=CARTESIAN_POINT('',(-67.4926964044571,-3.54148063659669,4.79999994039536));
#4188=CARTESIAN_POINT('Origin',(-81.4926961660385,3.21955677270889,9.79999994039535));
#4189=CARTESIAN_POINT('',(22.5073035955429,3.36720790863036,9.78565310239792));
#4190=CARTESIAN_POINT('Origin',(-81.4926961660385,3.36720790863036,9.78565310239792));
#4191=CARTESIAN_POINT('',(22.5073035955429,3.46125837564467,9.74645529985428));
#4192=CARTESIAN_POINT('Origin',(-81.4926961660385,3.46125837564468,9.74645529985428));
#4193=CARTESIAN_POINT('',(-67.4926964044571,3.47650792598723,9.69291006326675));
#4194=CARTESIAN_POINT('Origin',(-81.4926961660385,2.92654212713241,8.58198736906052));
#4195=CARTESIAN_POINT('',(-67.4926964044571,2.92654212713241,7.80000005960465));
#4196=CARTESIAN_POINT('',(-67.4926964044571,2.92654212713241,8.58198736906052));
#4197=CARTESIAN_POINT('Origin',(-81.4926961660385,3.47650792598724,9.69291006326675));
#4198=CARTESIAN_POINT('Origin',(-67.4926964044571,5.50324496030807,7.59459172487259));
#4199=CARTESIAN_POINT('',(-67.4926964044571,5.48540946245193,6.81024883985519));
#4200=CARTESIAN_POINT('Origin',(-67.4926964044571,5.48540946245193,6.81024883985519));
#4201=CARTESIAN_POINT('Origin',(-77.2426969408989,-0.474350450932987,4.79999994039535));
#4202=CARTESIAN_POINT('Origin',(-67.4926964044571,-5.21493855714799,7.80000005960465));
#4203=CARTESIAN_POINT('Origin',(-67.4926964044571,2.92654212713241,7.80000005960465));
#4204=UNCERTAINTY_MEASURE_WITH_UNIT(LENGTH_MEASURE(0.01),#4208,
'DISTANCE_ACCURACY_VALUE',
'Maximum model space distance between geometric entities at asserted c
onnectivities');
#4205=UNCERTAINTY_MEASURE_WITH_UNIT(LENGTH_MEASURE(0.01),#4208,
'DISTANCE_ACCURACY_VALUE',
'Maximum model space distance between geometric entities at asserted c
onnectivities');
#4206=(
GEOMETRIC_REPRESENTATION_CONTEXT(3)
GLOBAL_UNCERTAINTY_ASSIGNED_CONTEXT((#4204))
GLOBAL_UNIT_ASSIGNED_CONTEXT((#4208,#4210,#4211))
REPRESENTATION_CONTEXT('','3D')
);
#4207=(
GEOMETRIC_REPRESENTATION_CONTEXT(3)
GLOBAL_UNCERTAINTY_ASSIGNED_CONTEXT((#4205))
GLOBAL_UNIT_ASSIGNED_CONTEXT((#4208,#4210,#4211))
REPRESENTATION_CONTEXT('','3D')
);
#4208=(
LENGTH_UNIT()
NAMED_UNIT(*)
SI_UNIT(.MILLI.,.METRE.)
);
#4209=(
LENGTH_UNIT()
NAMED_UNIT(*)
SI_UNIT($,.METRE.)
);
#4210=(
NAMED_UNIT(*)
PLANE_ANGLE_UNIT()
SI_UNIT($,.RADIAN.)
);
#4211=(
NAMED_UNIT(*)
SI_UNIT($,.STERADIAN.)
SOLID_ANGLE_UNIT()
);
#4212=SHAPE_DEFINITION_REPRESENTATION(#4213,#4214);
#4213=PRODUCT_DEFINITION_SHAPE('',$,#4216);
#4214=SHAPE_REPRESENTATION('',(#2666),#4206);
#4215=PRODUCT_DEFINITION_CONTEXT('part definition',#4220,'design');
#4216=PRODUCT_DEFINITION('fl57sth76_vslot_mount',
'fl57sth76_vslot_mount',#4217,#4215);
#4217=PRODUCT_DEFINITION_FORMATION('',$,#4222);
#4218=PRODUCT_RELATED_PRODUCT_CATEGORY('fl57sth76_vslot_mount',
'fl57sth76_vslot_mount',(#4222));
#4219=APPLICATION_PROTOCOL_DEFINITION('international standard',
'automotive_design',2009,#4220);
#4220=APPLICATION_CONTEXT(
'Core Data for Automotive Mechanical Design Process');
#4221=PRODUCT_CONTEXT('part definition',#4220,'mechanical');
#4222=PRODUCT('fl57sth76_vslot_mount','fl57sth76_vslot_mount',$,(#4221));
#4223=PRESENTATION_STYLE_ASSIGNMENT((#4224));
#4224=SURFACE_STYLE_USAGE(.BOTH.,#4225);
#4225=SURFACE_SIDE_STYLE('',(#4226));
#4226=SURFACE_STYLE_FILL_AREA(#4227);
#4227=FILL_AREA_STYLE(
'PA 11 - Nylon- HP 11-30 (with EOS P 396 3D Printer)',(#4228));
#4228=FILL_AREA_STYLE_COLOUR(
'PA 11 - Nylon- HP 11-30 (with EOS P 396 3D Printer)',#4229);
#4229=COLOUR_RGB('PA 11 - Nylon- HP 11-30 (with EOS P 396 3D Printer)',
0.247058823529412,0.247058823529412,0.247058823529412);
ENDSEC;
END-ISO-10303-21;
