ISO-10303-21;
HEADER;
/* Generated by software containing ST-Developer
 * from STEP Tools, Inc. (www.steptools.com) 
 */

FILE_DESCRIPTION(
/* description */ (''),
/* implementation_level */ '2;1');

FILE_NAME(
/* name */ '45 Bracket_.step',
/* time_stamp */ '2023-11-06T21:55:06-06:00',
/* author */ (''),
/* organization */ (''),
/* preprocessor_version */ 'ST-DEVELOPER v20',
/* originating_system */ 'Autodesk Translation Framework v12.14.0.127',

/* authorisation */ '');

FILE_SCHEMA (('AUTOMOTIVE_DESIGN { 1 0 10303 214 3 1 1 }'));
ENDSEC;

DATA;
#10=MECHANICAL_DESIGN_GEOMETRIC_PRESENTATION_REPRESENTATION('',(#13),#3761);
#11=SHAPE_REPRESENTATION_RELATIONSHIP('SRR','None',#3768,#12);
#12=ADVANCED_BREP_SHAPE_REPRESENTATION('',(#14),#3760);
#13=STYLED_ITEM('',(#3777),#14);
#14=MANIFOLD_SOLID_BREP('Body1',#2002);
#15=B_SPLINE_SURFACE_WITH_KNOTS('',3,3,((#3400,#3401,#3402,#3403,#3404,
#3405,#3406,#3407,#3408,#3409,#3410,#3411,#3412),(#3413,#3414,#3415,#3416,
#3417,#3418,#3419,#3420,#3421,#3422,#3423,#3424,#3425),(#3426,#3427,#3428,
#3429,#3430,#3431,#3432,#3433,#3434,#3435,#3436,#3437,#3438),(#3439,#3440,
#3441,#3442,#3443,#3444,#3445,#3446,#3447,#3448,#3449,#3450,#3451)),
 .UNSPECIFIED.,.F.,.T.,.F.,(4,4),(4,1,1,1,1,1,1,1,1,1,4),(0.,1.),(-3.14159265358979,
-2.69279370307697,-2.24399475256414,-1.34639685153848,-0.448798950512828,
-0.149599650170943,0.448798950512828,1.34639685153848,2.24399475256414,
2.69279370307697,3.14159265358979),.UNSPECIFIED.);
#16=B_SPLINE_SURFACE_WITH_KNOTS('',3,3,((#3491,#3492,#3493,#3494,#3495,
#3496,#3497,#3498,#3499,#3500,#3501,#3502,#3503,#3504,#3505),(#3506,#3507,
#3508,#3509,#3510,#3511,#3512,#3513,#3514,#3515,#3516,#3517,#3518,#3519,
#3520),(#3521,#3522,#3523,#3524,#3525,#3526,#3527,#3528,#3529,#3530,#3531,
#3532,#3533,#3534,#3535),(#3536,#3537,#3538,#3539,#3540,#3541,#3542,#3543,
#3544,#3545,#3546,#3547,#3548,#3549,#3550)),.UNSPECIFIED.,.F.,.T.,.F.,(4,
4),(4,1,1,1,1,1,1,1,1,1,1,1,4),(0.,1.),(-3.14159265358979,-2.69279370307697,
-2.24399475256414,-1.34639685153848,-0.747998250854713,-0.448798950512828,
-0.149599650170943,0.448798950512828,0.897597901025655,1.34639685153848,
2.24399475256414,2.69279370307697,3.14159265358979),.UNSPECIFIED.);
#17=B_SPLINE_SURFACE_WITH_KNOTS('',3,3,((#3590,#3591,#3592,#3593,#3594,
#3595,#3596,#3597,#3598,#3599,#3600,#3601,#3602,#3603,#3604,#3605),(#3606,
#3607,#3608,#3609,#3610,#3611,#3612,#3613,#3614,#3615,#3616,#3617,#3618,
#3619,#3620,#3621),(#3622,#3623,#3624,#3625,#3626,#3627,#3628,#3629,#3630,
#3631,#3632,#3633,#3634,#3635,#3636,#3637),(#3638,#3639,#3640,#3641,#3642,
#3643,#3644,#3645,#3646,#3647,#3648,#3649,#3650,#3651,#3652,#3653)),
 .UNSPECIFIED.,.F.,.T.,.F.,(4,4),(4,1,1,1,1,1,1,1,1,1,1,1,1,4),(0.,1.),
(-3.14159265358979,-2.69279370307697,-2.24399475256414,-1.34639685153848,
-0.747998250854713,-0.448798950512828,-0.149599650170943,0.448798950512828,
0.897597901025655,1.34639685153848,1.5707963267949,2.24399475256414,2.69279370307697,
3.14159265358979),.UNSPECIFIED.);
#18=B_SPLINE_SURFACE_WITH_KNOTS('',3,3,((#3681,#3682,#3683,#3684,#3685,
#3686,#3687,#3688,#3689,#3690,#3691,#3692,#3693),(#3694,#3695,#3696,#3697,
#3698,#3699,#3700,#3701,#3702,#3703,#3704,#3705,#3706),(#3707,#3708,#3709,
#3710,#3711,#3712,#3713,#3714,#3715,#3716,#3717,#3718,#3719),(#3720,#3721,
#3722,#3723,#3724,#3725,#3726,#3727,#3728,#3729,#3730,#3731,#3732)),
 .UNSPECIFIED.,.F.,.T.,.F.,(4,4),(4,1,1,1,1,1,1,1,1,1,4),(0.,1.),(-3.14159265358979,
-2.69279370307697,-2.24399475256414,-1.34639685153848,-0.448798950512828,
-0.149599650170943,0.448798950512828,1.34639685153848,2.24399475256414,
2.69279370307697,3.14159265358979),.UNSPECIFIED.);
#19=B_SPLINE_CURVE_WITH_KNOTS('',3,(#3033,#3034,#3035,#3036,#3037,#3038),
 .UNSPECIFIED.,.F.,.F.,(4,2,4),(0.996604998115998,1.09683553422943,1.20386416773613),
 .UNSPECIFIED.);
#20=B_SPLINE_CURVE_WITH_KNOTS('',3,(#3052,#3053,#3054,#3055,#3056,#3057,
#3058,#3059,#3060,#3061,#3062,#3063,#3064,#3065,#3066,#3067),
 .UNSPECIFIED.,.T.,.F.,(4,1,1,1,1,1,1,1,1,1,1,1,1,4),(-3.14159265358979,
-2.69279370307697,-2.24399475256414,-1.5707963267949,-1.34639685153848,
-0.897597901025655,-0.448798950512828,0.149599650170943,0.448798950512828,
0.747998250854713,1.34639685153848,2.24399475256414,2.69279370307697,3.14159265358979),
 .UNSPECIFIED.);
#21=B_SPLINE_CURVE_WITH_KNOTS('',3,(#3069,#3070,#3071,#3072,#3073,#3074,
#3075,#3076,#3077,#3078,#3079,#3080,#3081),.UNSPECIFIED.,.T.,.F.,(4,1,1,
1,1,1,1,1,1,1,4),(-3.14159265358979,-2.69279370307697,-2.24399475256414,
-1.34639685153848,-0.448798950512828,0.149599650170943,0.448798950512828,
1.34639685153848,2.24399475256414,2.69279370307697,3.14159265358979),
 .UNSPECIFIED.);
#22=B_SPLINE_CURVE_WITH_KNOTS('',3,(#3085,#3086,#3087,#3088,#3089,#3090),
 .UNSPECIFIED.,.F.,.F.,(4,2,4),(1.15171621937455,1.24880515581411,1.34517453002807),
 .UNSPECIFIED.);
#23=B_SPLINE_CURVE_WITH_KNOTS('',3,(#3323,#3324,#3325,#3326,#3327,#3328,
#3329,#3330,#3331),.UNSPECIFIED.,.F.,.F.,(4,1,1,1,1,1,4),(0.071702844509475,
0.149599650170943,0.448798950512828,1.34639685153848,2.24399475256414,2.69279370307697,
3.14159265358979),.UNSPECIFIED.);
#24=B_SPLINE_CURVE_WITH_KNOTS('',3,(#3333,#3334,#3335,#3336,#3337,#3338,
#3339,#3340,#3341,#3342,#3343,#3344,#3345,#3346,#3347),.UNSPECIFIED.,.F.,
 .F.,(4,1,1,1,1,1,1,1,1,1,1,1,4),(-3.06988980908029,-2.69279370307697,-2.24399475256414,
-1.34639685153848,-0.897597901025655,-0.448798950512828,0.149599650170943,
0.448798950512828,0.747998250854713,1.34639685153848,2.24399475256414,2.69279370307697,
3.06988980908032),.UNSPECIFIED.);
#25=B_SPLINE_CURVE_WITH_KNOTS('',3,(#3348,#3349,#3350,#3351,#3352,#3353,
#3354,#3355),.UNSPECIFIED.,.F.,.F.,(4,1,1,1,1,4),(-3.14159265358979,-2.69279370307697,
-2.24399475256414,-1.34639685153848,-0.448798950512828,-0.071702844509498),
 .UNSPECIFIED.);
#26=B_SPLINE_CURVE_WITH_KNOTS('',3,(#3453,#3454,#3455,#3456,#3457,#3458,
#3459,#3460,#3461,#3462,#3463,#3464,#3465),.UNSPECIFIED.,.F.,.F.,(4,3,3,
3,4),(0.0238673696951896,0.0278838880530812,0.0336743130521654,0.045535419960965,
0.0477341955837819),.UNSPECIFIED.);
#27=B_SPLINE_CURVE_WITH_KNOTS('',3,(#3468,#3469,#3470,#3471,#3472,#3473,
#3474,#3475,#3476,#3477,#3478,#3479,#3480),.UNSPECIFIED.,.T.,.F.,(4,1,1,
1,1,1,1,1,1,1,4),(-3.14159265358979,-2.69279370307697,-2.24399475256414,
-1.34639685153848,-0.448798950512828,-0.149599650170943,0.448798950512828,
1.34639685153848,2.24399475256414,2.69279370307697,3.14159265358979),
 .UNSPECIFIED.);
#28=B_SPLINE_CURVE_WITH_KNOTS('',3,(#3481,#3482,#3483,#3484,#3485,#3486,
#3487,#3488,#3489,#3490),.UNSPECIFIED.,.F.,.F.,(4,3,3,4),(0.,0.0138938681867275,
0.0197553299443399,0.0238673696951896),.UNSPECIFIED.);
#29=B_SPLINE_CURVE_WITH_KNOTS('',3,(#3552,#3553,#3554,#3555),
 .UNSPECIFIED.,.F.,.F.,(4,4),(0.0141744548136577,1.),.UNSPECIFIED.);
#30=B_SPLINE_CURVE_WITH_KNOTS('',3,(#3556,#3557,#3558,#3559,#3560,#3561,
#3562,#3563,#3564,#3565,#3566,#3567,#3568,#3569,#3570),.UNSPECIFIED.,.T.,
 .F.,(4,1,1,1,1,1,1,1,1,1,1,1,4),(-3.14159265358979,-2.69279370307697,-2.24399475256414,
-1.34639685153848,-0.747998250854713,-0.448798950512828,-0.149599650170943,
0.448798950512828,0.897597901025655,1.34639685153848,2.24399475256414,2.69279370307697,
3.14159265358979),.UNSPECIFIED.);
#31=B_SPLINE_CURVE_WITH_KNOTS('',3,(#3574,#3575,#3576,#3577,#3578,#3579,
#3580,#3581,#3582,#3583,#3584,#3585,#3586,#3587,#3588,#3589),
 .UNSPECIFIED.,.T.,.F.,(4,1,1,1,1,1,1,1,1,1,1,1,1,4),(-3.14159265358979,
-2.69279370307697,-2.24399475256414,-1.34639685153848,-0.747998250854713,
-0.448798950512828,-0.149599650170943,0.448798950512828,0.897597901025655,
1.34639685153848,1.5707963267949,2.24399475256414,2.69279370307697,3.14159265358979),
 .UNSPECIFIED.);
#32=B_SPLINE_CURVE_WITH_KNOTS('',3,(#3668,#3669,#3670,#3671,#3672,#3673,
#3674,#3675,#3676,#3677,#3678,#3679,#3680),.UNSPECIFIED.,.T.,.F.,(4,1,1,
1,1,1,1,1,1,1,4),(-3.14159265358979,-2.69279370307697,-2.24399475256414,
-1.34639685153848,-0.448798950512828,-0.149599650170943,0.448798950512828,
1.34639685153848,2.24399475256414,2.69279370307697,3.14159265358979),
 .UNSPECIFIED.);
#33=B_SPLINE_CURVE_WITH_KNOTS('',3,(#3740,#3741,#3742,#3743,#3744,#3745),
 .UNSPECIFIED.,.F.,.F.,(4,2,4),(0.193704557481551,0.290073936754111,0.387162878290041),
 .UNSPECIFIED.);
#34=B_SPLINE_CURVE_WITH_KNOTS('',3,(#3749,#3750,#3751,#3752,#3753,#3754),
 .UNSPECIFIED.,.F.,.F.,(4,2,4),(0.379457593997634,0.486486227504337,0.586716763617765),
 .UNSPECIFIED.);
#35=CONICAL_SURFACE('',#2048,0.624999999999998,0.785398163397447);
#36=CONICAL_SURFACE('',#2052,0.624999999999997,0.785398163397447);
#37=CONICAL_SURFACE('',#2056,2.12500000000004,0.785398163397449);
#38=CONICAL_SURFACE('',#2060,2.125,0.785398163397447);
#39=CONICAL_SURFACE('',#2064,0.625,0.785398163397449);
#40=CONICAL_SURFACE('',#2068,0.625,0.785398163397448);
#41=CONICAL_SURFACE('',#2072,2.875,0.785398163397448);
#42=CONICAL_SURFACE('',#2076,2.87500000000001,0.785398163397449);
#43=CONICAL_SURFACE('',#2100,2.875,0.785398163397451);
#44=CONICAL_SURFACE('',#2103,2.875,0.785398163397449);
#45=CONICAL_SURFACE('',#2106,2.87499999999998,0.785398163397448);
#46=CONICAL_SURFACE('',#2109,2.87499999999997,0.785398163397449);
#47=CONICAL_SURFACE('',#2119,0.624999999999998,0.785398163397448);
#48=CONICAL_SURFACE('',#2122,0.624999999999997,0.785398163397448);
#49=CONICAL_SURFACE('',#2126,2.12500000000004,0.785398163397449);
#50=CONICAL_SURFACE('',#2130,2.125,0.785398163397448);
#51=CONICAL_SURFACE('',#2134,0.625,0.785398163397449);
#52=CONICAL_SURFACE('',#2138,0.625,0.785398163397449);
#53=CONICAL_SURFACE('',#2141,2.875,0.785398163397449);
#54=CONICAL_SURFACE('',#2145,2.87500000000001,0.785398163397449);
#55=CONICAL_SURFACE('',#2163,2.875,0.785398163397452);
#56=CONICAL_SURFACE('',#2165,2.875,0.78539816339745);
#57=CONICAL_SURFACE('',#2168,2.87499999999998,0.785398163397449);
#58=CONICAL_SURFACE('',#2171,2.87499999999997,0.785398163397449);
#59=CONICAL_SURFACE('',#2181,2.875,0.785398163397448);
#60=CONICAL_SURFACE('',#2187,2.87499998985666,0.785398163397458);
#61=CONICAL_SURFACE('',#2188,2.875,0.785398163397448);
#62=CONICAL_SURFACE('',#2190,2.875,0.785398163397451);
#63=CONICAL_SURFACE('',#2194,2.87499999403529,0.785398163397449);
#64=CONICAL_SURFACE('',#2195,2.875,0.785398163397446);
#65=CONICAL_SURFACE('',#2199,2.875,0.785398163397447);
#66=CONICAL_SURFACE('',#2201,2.875,0.785398163397449);
#67=CONICAL_SURFACE('',#2205,2.875,0.785398163397448);
#68=FACE_BOUND('',#270,.T.);
#69=FACE_BOUND('',#271,.T.);
#70=FACE_BOUND('',#272,.T.);
#71=FACE_BOUND('',#294,.T.);
#72=FACE_BOUND('',#297,.T.);
#73=FACE_BOUND('',#298,.T.);
#74=FACE_BOUND('',#303,.T.);
#75=FACE_BOUND('',#315,.T.);
#76=FACE_BOUND('',#334,.T.);
#77=FACE_BOUND('',#335,.T.);
#78=FACE_BOUND('',#336,.T.);
#79=FACE_BOUND('',#343,.T.);
#80=FACE_BOUND('',#353,.T.);
#81=FACE_BOUND('',#356,.T.);
#82=(
BOUNDED_CURVE()
B_SPLINE_CURVE(2,(#2833,#2834,#2835),.UNSPECIFIED.,.F.,.F.)
B_SPLINE_CURVE_WITH_KNOTS((3,3),(0.195124395708165,0.414178484639533),
 .UNSPECIFIED.)
CURVE()
GEOMETRIC_REPRESENTATION_ITEM()
RATIONAL_B_SPLINE_CURVE((1.16326530612245,1.21173469387755,1.16326530612245))
REPRESENTATION_ITEM('')
);
#83=(
BOUNDED_CURVE()
B_SPLINE_CURVE(2,(#2852,#2853,#2854),.UNSPECIFIED.,.F.,.F.)
B_SPLINE_CURVE_WITH_KNOTS((3,3),(0.195124395708164,0.304651440173849),
 .UNSPECIFIED.)
CURVE()
GEOMETRIC_REPRESENTATION_ITEM()
RATIONAL_B_SPLINE_CURVE((1.16326530612245,1.1875,1.1875))
REPRESENTATION_ITEM('')
);
#84=(
BOUNDED_CURVE()
B_SPLINE_CURVE(2,(#2855,#2856,#2857),.UNSPECIFIED.,.F.,.F.)
B_SPLINE_CURVE_WITH_KNOTS((3,3),(0.304651440173849,0.414178484639533),
 .UNSPECIFIED.)
CURVE()
GEOMETRIC_REPRESENTATION_ITEM()
RATIONAL_B_SPLINE_CURVE((1.1875,1.1875,1.16326530612245))
REPRESENTATION_ITEM('')
);
#85=PLANE('',#2026);
#86=PLANE('',#2027);
#87=PLANE('',#2028);
#88=PLANE('',#2029);
#89=PLANE('',#2030);
#90=PLANE('',#2031);
#91=PLANE('',#2042);
#92=PLANE('',#2043);
#93=PLANE('',#2046);
#94=PLANE('',#2047);
#95=PLANE('',#2051);
#96=PLANE('',#2055);
#97=PLANE('',#2059);
#98=PLANE('',#2063);
#99=PLANE('',#2067);
#100=PLANE('',#2071);
#101=PLANE('',#2075);
#102=PLANE('',#2079);
#103=PLANE('',#2080);
#104=PLANE('',#2083);
#105=PLANE('',#2087);
#106=PLANE('',#2091);
#107=PLANE('',#2095);
#108=PLANE('',#2102);
#109=PLANE('',#2105);
#110=PLANE('',#2108);
#111=PLANE('',#2111);
#112=PLANE('',#2112);
#113=PLANE('',#2115);
#114=PLANE('',#2121);
#115=PLANE('',#2125);
#116=PLANE('',#2129);
#117=PLANE('',#2133);
#118=PLANE('',#2137);
#119=PLANE('',#2140);
#120=PLANE('',#2144);
#121=PLANE('',#2148);
#122=PLANE('',#2149);
#123=PLANE('',#2154);
#124=PLANE('',#2157);
#125=PLANE('',#2158);
#126=PLANE('',#2164);
#127=PLANE('',#2167);
#128=PLANE('',#2170);
#129=PLANE('',#2172);
#130=PLANE('',#2173);
#131=PLANE('',#2176);
#132=PLANE('',#2177);
#133=PLANE('',#2178);
#134=PLANE('',#2179);
#135=PLANE('',#2180);
#136=PLANE('',#2207);
#137=PLANE('',#2208);
#138=PLANE('',#2209);
#139=PLANE('',#2212);
#140=FACE_OUTER_BOUND('',#258,.T.);
#141=FACE_OUTER_BOUND('',#259,.T.);
#142=FACE_OUTER_BOUND('',#260,.T.);
#143=FACE_OUTER_BOUND('',#261,.T.);
#144=FACE_OUTER_BOUND('',#262,.T.);
#145=FACE_OUTER_BOUND('',#263,.T.);
#146=FACE_OUTER_BOUND('',#264,.T.);
#147=FACE_OUTER_BOUND('',#265,.T.);
#148=FACE_OUTER_BOUND('',#266,.T.);
#149=FACE_OUTER_BOUND('',#267,.T.);
#150=FACE_OUTER_BOUND('',#268,.T.);
#151=FACE_OUTER_BOUND('',#269,.T.);
#152=FACE_OUTER_BOUND('',#273,.T.);
#153=FACE_OUTER_BOUND('',#274,.T.);
#154=FACE_OUTER_BOUND('',#275,.T.);
#155=FACE_OUTER_BOUND('',#276,.T.);
#156=FACE_OUTER_BOUND('',#277,.T.);
#157=FACE_OUTER_BOUND('',#278,.T.);
#158=FACE_OUTER_BOUND('',#279,.T.);
#159=FACE_OUTER_BOUND('',#280,.T.);
#160=FACE_OUTER_BOUND('',#281,.T.);
#161=FACE_OUTER_BOUND('',#282,.T.);
#162=FACE_OUTER_BOUND('',#283,.T.);
#163=FACE_OUTER_BOUND('',#284,.T.);
#164=FACE_OUTER_BOUND('',#285,.T.);
#165=FACE_OUTER_BOUND('',#286,.T.);
#166=FACE_OUTER_BOUND('',#287,.T.);
#167=FACE_OUTER_BOUND('',#288,.T.);
#168=FACE_OUTER_BOUND('',#289,.T.);
#169=FACE_OUTER_BOUND('',#290,.T.);
#170=FACE_OUTER_BOUND('',#291,.T.);
#171=FACE_OUTER_BOUND('',#292,.T.);
#172=FACE_OUTER_BOUND('',#293,.T.);
#173=FACE_OUTER_BOUND('',#295,.T.);
#174=FACE_OUTER_BOUND('',#296,.T.);
#175=FACE_OUTER_BOUND('',#299,.T.);
#176=FACE_OUTER_BOUND('',#300,.T.);
#177=FACE_OUTER_BOUND('',#301,.T.);
#178=FACE_OUTER_BOUND('',#302,.T.);
#179=FACE_OUTER_BOUND('',#304,.T.);
#180=FACE_OUTER_BOUND('',#305,.T.);
#181=FACE_OUTER_BOUND('',#306,.T.);
#182=FACE_OUTER_BOUND('',#307,.T.);
#183=FACE_OUTER_BOUND('',#308,.T.);
#184=FACE_OUTER_BOUND('',#309,.T.);
#185=FACE_OUTER_BOUND('',#310,.T.);
#186=FACE_OUTER_BOUND('',#311,.T.);
#187=FACE_OUTER_BOUND('',#312,.T.);
#188=FACE_OUTER_BOUND('',#313,.T.);
#189=FACE_OUTER_BOUND('',#314,.T.);
#190=FACE_OUTER_BOUND('',#316,.T.);
#191=FACE_OUTER_BOUND('',#317,.T.);
#192=FACE_OUTER_BOUND('',#318,.T.);
#193=FACE_OUTER_BOUND('',#319,.T.);
#194=FACE_OUTER_BOUND('',#320,.T.);
#195=FACE_OUTER_BOUND('',#321,.T.);
#196=FACE_OUTER_BOUND('',#322,.T.);
#197=FACE_OUTER_BOUND('',#323,.T.);
#198=FACE_OUTER_BOUND('',#324,.T.);
#199=FACE_OUTER_BOUND('',#325,.T.);
#200=FACE_OUTER_BOUND('',#326,.T.);
#201=FACE_OUTER_BOUND('',#327,.T.);
#202=FACE_OUTER_BOUND('',#328,.T.);
#203=FACE_OUTER_BOUND('',#329,.T.);
#204=FACE_OUTER_BOUND('',#330,.T.);
#205=FACE_OUTER_BOUND('',#331,.T.);
#206=FACE_OUTER_BOUND('',#332,.T.);
#207=FACE_OUTER_BOUND('',#333,.T.);
#208=FACE_OUTER_BOUND('',#337,.T.);
#209=FACE_OUTER_BOUND('',#338,.T.);
#210=FACE_OUTER_BOUND('',#339,.T.);
#211=FACE_OUTER_BOUND('',#340,.T.);
#212=FACE_OUTER_BOUND('',#341,.T.);
#213=FACE_OUTER_BOUND('',#342,.T.);
#214=FACE_OUTER_BOUND('',#344,.T.);
#215=FACE_OUTER_BOUND('',#345,.T.);
#216=FACE_OUTER_BOUND('',#346,.T.);
#217=FACE_OUTER_BOUND('',#347,.T.);
#218=FACE_OUTER_BOUND('',#348,.T.);
#219=FACE_OUTER_BOUND('',#349,.T.);
#220=FACE_OUTER_BOUND('',#350,.T.);
#221=FACE_OUTER_BOUND('',#351,.T.);
#222=FACE_OUTER_BOUND('',#352,.T.);
#223=FACE_OUTER_BOUND('',#354,.T.);
#224=FACE_OUTER_BOUND('',#355,.T.);
#225=FACE_OUTER_BOUND('',#357,.T.);
#226=FACE_OUTER_BOUND('',#358,.T.);
#227=FACE_OUTER_BOUND('',#359,.T.);
#228=FACE_OUTER_BOUND('',#360,.T.);
#229=FACE_OUTER_BOUND('',#361,.T.);
#230=FACE_OUTER_BOUND('',#362,.T.);
#231=FACE_OUTER_BOUND('',#363,.T.);
#232=FACE_OUTER_BOUND('',#364,.T.);
#233=FACE_OUTER_BOUND('',#365,.T.);
#234=FACE_OUTER_BOUND('',#366,.T.);
#235=FACE_OUTER_BOUND('',#367,.T.);
#236=FACE_OUTER_BOUND('',#368,.T.);
#237=FACE_OUTER_BOUND('',#369,.T.);
#238=FACE_OUTER_BOUND('',#370,.T.);
#239=FACE_OUTER_BOUND('',#371,.T.);
#240=FACE_OUTER_BOUND('',#372,.T.);
#241=FACE_OUTER_BOUND('',#373,.T.);
#242=FACE_OUTER_BOUND('',#374,.T.);
#243=FACE_OUTER_BOUND('',#375,.T.);
#244=FACE_OUTER_BOUND('',#376,.T.);
#245=FACE_OUTER_BOUND('',#377,.T.);
#246=FACE_OUTER_BOUND('',#378,.T.);
#247=FACE_OUTER_BOUND('',#379,.T.);
#248=FACE_OUTER_BOUND('',#380,.T.);
#249=FACE_OUTER_BOUND('',#381,.T.);
#250=FACE_OUTER_BOUND('',#382,.T.);
#251=FACE_OUTER_BOUND('',#383,.T.);
#252=FACE_OUTER_BOUND('',#384,.T.);
#253=FACE_OUTER_BOUND('',#385,.T.);
#254=FACE_OUTER_BOUND('',#386,.T.);
#255=FACE_OUTER_BOUND('',#387,.T.);
#256=FACE_OUTER_BOUND('',#388,.T.);
#257=FACE_OUTER_BOUND('',#389,.T.);
#258=EDGE_LOOP('',(#1288,#1289,#1290,#1291,#1292,#1293));
#259=EDGE_LOOP('',(#1294,#1295,#1296,#1297,#1298,#1299));
#260=EDGE_LOOP('',(#1300,#1301));
#261=EDGE_LOOP('',(#1302,#1303,#1304));
#262=EDGE_LOOP('',(#1305,#1306,#1307,#1308,#1309,#1310));
#263=EDGE_LOOP('',(#1311,#1312,#1313,#1314));
#264=EDGE_LOOP('',(#1315,#1316,#1317));
#265=EDGE_LOOP('',(#1318,#1319,#1320));
#266=EDGE_LOOP('',(#1321,#1322,#1323,#1324,#1325,#1326));
#267=EDGE_LOOP('',(#1327,#1328,#1329,#1330,#1331,#1332));
#268=EDGE_LOOP('',(#1333,#1334,#1335));
#269=EDGE_LOOP('',(#1336,#1337,#1338,#1339));
#270=EDGE_LOOP('',(#1340));
#271=EDGE_LOOP('',(#1341,#1342,#1343,#1344,#1345,#1346,#1347,#1348));
#272=EDGE_LOOP('',(#1349));
#273=EDGE_LOOP('',(#1350,#1351,#1352));
#274=EDGE_LOOP('',(#1353,#1354,#1355));
#275=EDGE_LOOP('',(#1356,#1357,#1358,#1359));
#276=EDGE_LOOP('',(#1360,#1361,#1362,#1363));
#277=EDGE_LOOP('',(#1364,#1365,#1366,#1367));
#278=EDGE_LOOP('',(#1368,#1369,#1370,#1371));
#279=EDGE_LOOP('',(#1372,#1373,#1374,#1375));
#280=EDGE_LOOP('',(#1376,#1377,#1378,#1379));
#281=EDGE_LOOP('',(#1380,#1381,#1382,#1383));
#282=EDGE_LOOP('',(#1384,#1385,#1386,#1387));
#283=EDGE_LOOP('',(#1388,#1389,#1390,#1391));
#284=EDGE_LOOP('',(#1392,#1393,#1394,#1395));
#285=EDGE_LOOP('',(#1396,#1397,#1398,#1399));
#286=EDGE_LOOP('',(#1400,#1401,#1402,#1403));
#287=EDGE_LOOP('',(#1404,#1405,#1406,#1407));
#288=EDGE_LOOP('',(#1408,#1409,#1410,#1411));
#289=EDGE_LOOP('',(#1412,#1413,#1414,#1415));
#290=EDGE_LOOP('',(#1416,#1417,#1418,#1419));
#291=EDGE_LOOP('',(#1420,#1421,#1422,#1423));
#292=EDGE_LOOP('',(#1424,#1425,#1426,#1427));
#293=EDGE_LOOP('',(#1428,#1429,#1430,#1431,#1432,#1433));
#294=EDGE_LOOP('',(#1434));
#295=EDGE_LOOP('',(#1435,#1436,#1437,#1438));
#296=EDGE_LOOP('',(#1439,#1440,#1441,#1442,#1443,#1444,#1445,#1446));
#297=EDGE_LOOP('',(#1447));
#298=EDGE_LOOP('',(#1448));
#299=EDGE_LOOP('',(#1449,#1450,#1451,#1452));
#300=EDGE_LOOP('',(#1453,#1454,#1455,#1456,#1457,#1458,#1459,#1460));
#301=EDGE_LOOP('',(#1461,#1462,#1463,#1464));
#302=EDGE_LOOP('',(#1465,#1466,#1467,#1468,#1469,#1470,#1471,#1472,#1473,
#1474,#1475,#1476,#1477,#1478,#1479,#1480));
#303=EDGE_LOOP('',(#1481,#1482,#1483,#1484,#1485,#1486,#1487,#1488));
#304=EDGE_LOOP('',(#1489,#1490,#1491,#1492));
#305=EDGE_LOOP('',(#1493,#1494,#1495,#1496));
#306=EDGE_LOOP('',(#1497,#1498,#1499,#1500));
#307=EDGE_LOOP('',(#1501,#1502,#1503,#1504));
#308=EDGE_LOOP('',(#1505,#1506,#1507,#1508));
#309=EDGE_LOOP('',(#1509,#1510,#1511,#1512));
#310=EDGE_LOOP('',(#1513,#1514,#1515,#1516));
#311=EDGE_LOOP('',(#1517,#1518,#1519,#1520));
#312=EDGE_LOOP('',(#1521,#1522,#1523,#1524));
#313=EDGE_LOOP('',(#1525,#1526,#1527,#1528));
#314=EDGE_LOOP('',(#1529,#1530,#1531,#1532));
#315=EDGE_LOOP('',(#1533));
#316=EDGE_LOOP('',(#1534,#1535,#1536,#1537));
#317=EDGE_LOOP('',(#1538,#1539,#1540,#1541));
#318=EDGE_LOOP('',(#1542,#1543,#1544,#1545));
#319=EDGE_LOOP('',(#1546,#1547,#1548,#1549));
#320=EDGE_LOOP('',(#1550,#1551,#1552,#1553));
#321=EDGE_LOOP('',(#1554,#1555,#1556,#1557));
#322=EDGE_LOOP('',(#1558,#1559,#1560,#1561));
#323=EDGE_LOOP('',(#1562,#1563,#1564,#1565));
#324=EDGE_LOOP('',(#1566,#1567,#1568,#1569));
#325=EDGE_LOOP('',(#1570,#1571,#1572,#1573));
#326=EDGE_LOOP('',(#1574,#1575,#1576,#1577));
#327=EDGE_LOOP('',(#1578,#1579,#1580,#1581));
#328=EDGE_LOOP('',(#1582,#1583,#1584,#1585));
#329=EDGE_LOOP('',(#1586,#1587,#1588,#1589));
#330=EDGE_LOOP('',(#1590,#1591,#1592,#1593));
#331=EDGE_LOOP('',(#1594,#1595,#1596,#1597));
#332=EDGE_LOOP('',(#1598,#1599,#1600,#1601));
#333=EDGE_LOOP('',(#1602,#1603,#1604,#1605));
#334=EDGE_LOOP('',(#1606,#1607,#1608));
#335=EDGE_LOOP('',(#1609,#1610));
#336=EDGE_LOOP('',(#1611,#1612,#1613,#1614,#1615,#1616,#1617,#1618));
#337=EDGE_LOOP('',(#1619,#1620,#1621,#1622));
#338=EDGE_LOOP('',(#1623,#1624,#1625,#1626));
#339=EDGE_LOOP('',(#1627,#1628,#1629,#1630));
#340=EDGE_LOOP('',(#1631,#1632,#1633,#1634));
#341=EDGE_LOOP('',(#1635,#1636,#1637,#1638));
#342=EDGE_LOOP('',(#1639,#1640,#1641,#1642,#1643,#1644,#1645,#1646,#1647,
#1648,#1649,#1650,#1651,#1652,#1653,#1654));
#343=EDGE_LOOP('',(#1655,#1656,#1657,#1658,#1659,#1660,#1661,#1662));
#344=EDGE_LOOP('',(#1663,#1664,#1665,#1666));
#345=EDGE_LOOP('',(#1667,#1668,#1669,#1670));
#346=EDGE_LOOP('',(#1671,#1672,#1673,#1674));
#347=EDGE_LOOP('',(#1675,#1676,#1677,#1678));
#348=EDGE_LOOP('',(#1679,#1680,#1681,#1682));
#349=EDGE_LOOP('',(#1683,#1684,#1685,#1686));
#350=EDGE_LOOP('',(#1687,#1688,#1689,#1690));
#351=EDGE_LOOP('',(#1691,#1692,#1693,#1694));
#352=EDGE_LOOP('',(#1695,#1696,#1697,#1698));
#353=EDGE_LOOP('',(#1699));
#354=EDGE_LOOP('',(#1700,#1701,#1702,#1703));
#355=EDGE_LOOP('',(#1704,#1705,#1706,#1707));
#356=EDGE_LOOP('',(#1708,#1709,#1710));
#357=EDGE_LOOP('',(#1711,#1712,#1713,#1714,#1715,#1716));
#358=EDGE_LOOP('',(#1717,#1718,#1719,#1720));
#359=EDGE_LOOP('',(#1721,#1722,#1723,#1724,#1725,#1726));
#360=EDGE_LOOP('',(#1727,#1728,#1729));
#361=EDGE_LOOP('',(#1730,#1731,#1732,#1733));
#362=EDGE_LOOP('',(#1734,#1735,#1736,#1737,#1738,#1739));
#363=EDGE_LOOP('',(#1740,#1741,#1742,#1743,#1744));
#364=EDGE_LOOP('',(#1745,#1746,#1747,#1748));
#365=EDGE_LOOP('',(#1749,#1750,#1751,#1752));
#366=EDGE_LOOP('',(#1753,#1754,#1755,#1756));
#367=EDGE_LOOP('',(#1757,#1758,#1759,#1760));
#368=EDGE_LOOP('',(#1761,#1762,#1763,#1764,#1765,#1766));
#369=EDGE_LOOP('',(#1767,#1768,#1769,#1770));
#370=EDGE_LOOP('',(#1771,#1772,#1773,#1774));
#371=EDGE_LOOP('',(#1775,#1776,#1777,#1778,#1779,#1780,#1781));
#372=EDGE_LOOP('',(#1782,#1783,#1784,#1785,#1786,#1787));
#373=EDGE_LOOP('',(#1788,#1789,#1790,#1791));
#374=EDGE_LOOP('',(#1792,#1793,#1794,#1795));
#375=EDGE_LOOP('',(#1796,#1797,#1798,#1799));
#376=EDGE_LOOP('',(#1800,#1801,#1802,#1803));
#377=EDGE_LOOP('',(#1804,#1805,#1806,#1807,#1808,#1809));
#378=EDGE_LOOP('',(#1810,#1811,#1812,#1813));
#379=EDGE_LOOP('',(#1814,#1815,#1816,#1817));
#380=EDGE_LOOP('',(#1818,#1819,#1820,#1821,#1822,#1823));
#381=EDGE_LOOP('',(#1824,#1825,#1826));
#382=EDGE_LOOP('',(#1827,#1828,#1829));
#383=EDGE_LOOP('',(#1830,#1831,#1832,#1833));
#384=EDGE_LOOP('',(#1834,#1835,#1836,#1837));
#385=EDGE_LOOP('',(#1838,#1839,#1840,#1841));
#386=EDGE_LOOP('',(#1842,#1843,#1844,#1845));
#387=EDGE_LOOP('',(#1846,#1847,#1848,#1849));
#388=EDGE_LOOP('',(#1850,#1851,#1852,#1853));
#389=EDGE_LOOP('',(#1854,#1855,#1856,#1857));
#390=ELLIPSE('',#2018,7.07106781186548,5.);
#391=ELLIPSE('',#2020,7.07106781186547,5.);
#392=ELLIPSE('',#2023,7.07106781186547,5.);
#393=ELLIPSE('',#2025,7.07106781186548,5.);
#394=ELLIPSE('',#2033,7.07106781186548,5.);
#395=ELLIPSE('',#2035,7.07106781186548,5.);
#396=ELLIPSE('',#2039,7.07106781186548,5.);
#397=ELLIPSE('',#2041,7.07106781186548,5.);
#398=ELLIPSE('',#2088,7.07106780316201,5.);
#399=ELLIPSE('',#2089,7.07106782056894,5.);
#400=CIRCLE('',#2017,5.);
#401=CIRCLE('',#2019,5.);
#402=CIRCLE('',#2022,5.);
#403=CIRCLE('',#2024,5.);
#404=CIRCLE('',#2034,5.);
#405=CIRCLE('',#2036,5.);
#406=CIRCLE('',#2038,5.);
#407=CIRCLE('',#2040,5.);
#408=CIRCLE('',#2044,3.125);
#409=CIRCLE('',#2045,3.125);
#410=CIRCLE('',#2049,0.999999999999997);
#411=CIRCLE('',#2050,0.249999999999999);
#412=CIRCLE('',#2053,0.999999999999996);
#413=CIRCLE('',#2054,0.249999999999998);
#414=CIRCLE('',#2057,2.50000000000004);
#415=CIRCLE('',#2058,1.75000000000003);
#416=CIRCLE('',#2061,2.5);
#417=CIRCLE('',#2062,1.75);
#418=CIRCLE('',#2065,1.);
#419=CIRCLE('',#2066,0.249999999999999);
#420=CIRCLE('',#2069,1.);
#421=CIRCLE('',#2070,0.25);
#422=CIRCLE('',#2073,3.25);
#423=CIRCLE('',#2074,2.5);
#424=CIRCLE('',#2077,3.25000000000001);
#425=CIRCLE('',#2078,2.50000000000001);
#426=CIRCLE('',#2082,1.);
#427=CIRCLE('',#2084,5.);
#428=CIRCLE('',#2085,3.125);
#429=CIRCLE('',#2092,3.12499997971331);
#430=CIRCLE('',#2094,0.999999999999997);
#431=CIRCLE('',#2096,3.25000000000001);
#432=CIRCLE('',#2097,3.24999999999997);
#433=CIRCLE('',#2098,3.24999999999998);
#434=CIRCLE('',#2099,3.25);
#435=CIRCLE('',#2101,2.5);
#436=CIRCLE('',#2104,2.5);
#437=CIRCLE('',#2107,2.49999999999998);
#438=CIRCLE('',#2110,2.49999999999997);
#439=CIRCLE('',#2114,2.49999999999997);
#440=CIRCLE('',#2116,3.12499998807057);
#441=CIRCLE('',#2118,2.5);
#442=CIRCLE('',#2120,0.249999999999999);
#443=CIRCLE('',#2123,0.249999999999998);
#444=CIRCLE('',#2124,0.999999999999996);
#445=CIRCLE('',#2127,1.75000000000003);
#446=CIRCLE('',#2128,2.50000000000004);
#447=CIRCLE('',#2131,1.75);
#448=CIRCLE('',#2132,2.5);
#449=CIRCLE('',#2135,0.249999999999999);
#450=CIRCLE('',#2136,1.);
#451=CIRCLE('',#2139,0.25);
#452=CIRCLE('',#2142,3.25);
#453=CIRCLE('',#2143,2.5);
#454=CIRCLE('',#2146,3.25000000000001);
#455=CIRCLE('',#2147,2.50000000000001);
#456=CIRCLE('',#2150,3.125);
#457=CIRCLE('',#2151,3.125);
#458=CIRCLE('',#2152,3.125);
#459=CIRCLE('',#2159,3.25000000000001);
#460=CIRCLE('',#2160,3.25);
#461=CIRCLE('',#2161,3.24999999999998);
#462=CIRCLE('',#2162,3.24999999999997);
#463=CIRCLE('',#2166,2.5);
#464=CIRCLE('',#2169,2.49999999999998);
#465=CIRCLE('',#2174,3.125);
#466=CIRCLE('',#2182,2.625);
#467=CIRCLE('',#2184,2.625);
#468=CIRCLE('',#2185,2.625);
#469=CIRCLE('',#2186,2.625);
#470=CIRCLE('',#2189,3.125);
#471=CIRCLE('',#2191,2.625);
#472=CIRCLE('',#2193,2.625);
#473=CIRCLE('',#2196,2.625);
#474=CIRCLE('',#2198,2.625);
#475=CIRCLE('',#2202,2.625);
#476=CIRCLE('',#2204,2.625);
#477=CIRCLE('',#2211,5.);
#478=LINE('',#2806,#656);
#479=LINE('',#2810,#657);
#480=LINE('',#2819,#658);
#481=LINE('',#2823,#659);
#482=LINE('',#2832,#660);
#483=LINE('',#2838,#661);
#484=LINE('',#2839,#662);
#485=LINE('',#2842,#663);
#486=LINE('',#2843,#664);
#487=LINE('',#2844,#665);
#488=LINE('',#2846,#666);
#489=LINE('',#2850,#667);
#490=LINE('',#2860,#668);
#491=LINE('',#2861,#669);
#492=LINE('',#2865,#670);
#493=LINE('',#2873,#671);
#494=LINE('',#2878,#672);
#495=LINE('',#2882,#673);
#496=LINE('',#2890,#674);
#497=LINE('',#2891,#675);
#498=LINE('',#2895,#676);
#499=LINE('',#2897,#677);
#500=LINE('',#2899,#678);
#501=LINE('',#2900,#679);
#502=LINE('',#2904,#680);
#503=LINE('',#2905,#681);
#504=LINE('',#2907,#682);
#505=LINE('',#2909,#683);
#506=LINE('',#2910,#684);
#507=LINE('',#2914,#685);
#508=LINE('',#2916,#686);
#509=LINE('',#2920,#687);
#510=LINE('',#2924,#688);
#511=LINE('',#2928,#689);
#512=LINE('',#2930,#690);
#513=LINE('',#2931,#691);
#514=LINE('',#2934,#692);
#515=LINE('',#2939,#693);
#516=LINE('',#2940,#694);
#517=LINE('',#2944,#695);
#518=LINE('',#2949,#696);
#519=LINE('',#2951,#697);
#520=LINE('',#2952,#698);
#521=LINE('',#2956,#699);
#522=LINE('',#2962,#700);
#523=LINE('',#2963,#701);
#524=LINE('',#2964,#702);
#525=LINE('',#2968,#703);
#526=LINE('',#2974,#704);
#527=LINE('',#2975,#705);
#528=LINE('',#2976,#706);
#529=LINE('',#2980,#707);
#530=LINE('',#2985,#708);
#531=LINE('',#2987,#709);
#532=LINE('',#2988,#710);
#533=LINE('',#2993,#711);
#534=LINE('',#2997,#712);
#535=LINE('',#2999,#713);
#536=LINE('',#3000,#714);
#537=LINE('',#3005,#715);
#538=LINE('',#3008,#716);
#539=LINE('',#3009,#717);
#540=LINE('',#3012,#718);
#541=LINE('',#3014,#719);
#542=LINE('',#3015,#720);
#543=LINE('',#3018,#721);
#544=LINE('',#3022,#722);
#545=LINE('',#3026,#723);
#546=LINE('',#3027,#724);
#547=LINE('',#3032,#725);
#548=LINE('',#3041,#726);
#549=LINE('',#3045,#727);
#550=LINE('',#3047,#728);
#551=LINE('',#3049,#729);
#552=LINE('',#3084,#730);
#553=LINE('',#3093,#731);
#554=LINE('',#3095,#732);
#555=LINE('',#3097,#733);
#556=LINE('',#3099,#734);
#557=LINE('',#3102,#735);
#558=LINE('',#3105,#736);
#559=LINE('',#3112,#737);
#560=LINE('',#3116,#738);
#561=LINE('',#3120,#739);
#562=LINE('',#3123,#740);
#563=LINE('',#3126,#741);
#564=LINE('',#3129,#742);
#565=LINE('',#3132,#743);
#566=LINE('',#3133,#744);
#567=LINE('',#3136,#745);
#568=LINE('',#3140,#746);
#569=LINE('',#3141,#747);
#570=LINE('',#3144,#748);
#571=LINE('',#3148,#749);
#572=LINE('',#3149,#750);
#573=LINE('',#3152,#751);
#574=LINE('',#3155,#752);
#575=LINE('',#3158,#753);
#576=LINE('',#3160,#754);
#577=LINE('',#3161,#755);
#578=LINE('',#3164,#756);
#579=LINE('',#3168,#757);
#580=LINE('',#3169,#758);
#581=LINE('',#3174,#759);
#582=LINE('',#3178,#760);
#583=LINE('',#3181,#761);
#584=LINE('',#3185,#762);
#585=LINE('',#3186,#763);
#586=LINE('',#3187,#764);
#587=LINE('',#3190,#765);
#588=LINE('',#3195,#766);
#589=LINE('',#3196,#767);
#590=LINE('',#3200,#768);
#591=LINE('',#3206,#769);
#592=LINE('',#3207,#770);
#593=LINE('',#3208,#771);
#594=LINE('',#3212,#772);
#595=LINE('',#3218,#773);
#596=LINE('',#3219,#774);
#597=LINE('',#3220,#775);
#598=LINE('',#3223,#776);
#599=LINE('',#3228,#777);
#600=LINE('',#3229,#778);
#601=LINE('',#3232,#779);
#602=LINE('',#3236,#780);
#603=LINE('',#3237,#781);
#604=LINE('',#3240,#782);
#605=LINE('',#3245,#783);
#606=LINE('',#3246,#784);
#607=LINE('',#3249,#785);
#608=LINE('',#3253,#786);
#609=LINE('',#3255,#787);
#610=LINE('',#3256,#788);
#611=LINE('',#3262,#789);
#612=LINE('',#3263,#790);
#613=LINE('',#3264,#791);
#614=LINE('',#3266,#792);
#615=LINE('',#3268,#793);
#616=LINE('',#3271,#794);
#617=LINE('',#3278,#795);
#618=LINE('',#3282,#796);
#619=LINE('',#3286,#797);
#620=LINE('',#3289,#798);
#621=LINE('',#3291,#799);
#622=LINE('',#3292,#800);
#623=LINE('',#3295,#801);
#624=LINE('',#3296,#802);
#625=LINE('',#3299,#803);
#626=LINE('',#3303,#804);
#627=LINE('',#3304,#805);
#628=LINE('',#3306,#806);
#629=LINE('',#3309,#807);
#630=LINE('',#3311,#808);
#631=LINE('',#3314,#809);
#632=LINE('',#3315,#810);
#633=LINE('',#3319,#811);
#634=LINE('',#3357,#812);
#635=LINE('',#3359,#813);
#636=LINE('',#3361,#814);
#637=LINE('',#3365,#815);
#638=LINE('',#3369,#816);
#639=LINE('',#3376,#817);
#640=LINE('',#3377,#818);
#641=LINE('',#3382,#819);
#642=LINE('',#3386,#820);
#643=LINE('',#3389,#821);
#644=LINE('',#3392,#822);
#645=LINE('',#3396,#823);
#646=LINE('',#3399,#824);
#647=LINE('',#3467,#825);
#648=LINE('',#3573,#826);
#649=LINE('',#3654,#827);
#650=LINE('',#3658,#828);
#651=LINE('',#3662,#829);
#652=LINE('',#3664,#830);
#653=LINE('',#3667,#831);
#654=LINE('',#3733,#832);
#655=LINE('',#3735,#833);
#656=VECTOR('',#2222,10.);
#657=VECTOR('',#2225,10.);
#658=VECTOR('',#2234,10.);
#659=VECTOR('',#2237,10.);
#660=VECTOR('',#2246,10.);
#661=VECTOR('',#2249,10.);
#662=VECTOR('',#2250,10.);
#663=VECTOR('',#2253,10.);
#664=VECTOR('',#2254,10.);
#665=VECTOR('',#2255,10.);
#666=VECTOR('',#2258,10.);
#667=VECTOR('',#2261,10.);
#668=VECTOR('',#2264,10.);
#669=VECTOR('',#2265,10.);
#670=VECTOR('',#2268,10.);
#671=VECTOR('',#2275,10.);
#672=VECTOR('',#2280,10.);
#673=VECTOR('',#2283,10.);
#674=VECTOR('',#2292,10.);
#675=VECTOR('',#2293,10.);
#676=VECTOR('',#2296,10.);
#677=VECTOR('',#2297,10.);
#678=VECTOR('',#2298,10.);
#679=VECTOR('',#2299,10.);
#680=VECTOR('',#2302,10.);
#681=VECTOR('',#2303,10.);
#682=VECTOR('',#2304,10.);
#683=VECTOR('',#2305,10.);
#684=VECTOR('',#2306,10.);
#685=VECTOR('',#2311,10.);
#686=VECTOR('',#2314,10.);
#687=VECTOR('',#2317,10.);
#688=VECTOR('',#2320,10.);
#689=VECTOR('',#2325,10.);
#690=VECTOR('',#2326,10.);
#691=VECTOR('',#2327,10.);
#692=VECTOR('',#2330,10.);
#693=VECTOR('',#2337,10.);
#694=VECTOR('',#2338,10.);
#695=VECTOR('',#2341,10.);
#696=VECTOR('',#2348,10.);
#697=VECTOR('',#2349,10.);
#698=VECTOR('',#2350,10.);
#699=VECTOR('',#2353,10.);
#700=VECTOR('',#2360,10.);
#701=VECTOR('',#2361,10.);
#702=VECTOR('',#2362,10.);
#703=VECTOR('',#2365,10.);
#704=VECTOR('',#2372,10.);
#705=VECTOR('',#2373,10.);
#706=VECTOR('',#2374,10.);
#707=VECTOR('',#2377,10.);
#708=VECTOR('',#2384,10.);
#709=VECTOR('',#2385,10.);
#710=VECTOR('',#2386,10.);
#711=VECTOR('',#2391,10.);
#712=VECTOR('',#2396,10.);
#713=VECTOR('',#2397,10.);
#714=VECTOR('',#2398,10.);
#715=VECTOR('',#2403,10.);
#716=VECTOR('',#2408,10.);
#717=VECTOR('',#2409,10.);
#718=VECTOR('',#2412,10.);
#719=VECTOR('',#2413,10.);
#720=VECTOR('',#2414,10.);
#721=VECTOR('',#2417,10.);
#722=VECTOR('',#2422,10.);
#723=VECTOR('',#2425,10.);
#724=VECTOR('',#2426,10.);
#725=VECTOR('',#2431,10.);
#726=VECTOR('',#2434,10.);
#727=VECTOR('',#2437,10.);
#728=VECTOR('',#2438,10.);
#729=VECTOR('',#2439,10.);
#730=VECTOR('',#2444,10.);
#731=VECTOR('',#2447,10.);
#732=VECTOR('',#2448,10.);
#733=VECTOR('',#2449,10.);
#734=VECTOR('',#2450,10.);
#735=VECTOR('',#2453,10.);
#736=VECTOR('',#2456,10.);
#737=VECTOR('',#2463,10.);
#738=VECTOR('',#2466,10.);
#739=VECTOR('',#2469,10.);
#740=VECTOR('',#2472,10.);
#741=VECTOR('',#2475,10.);
#742=VECTOR('',#2478,10.);
#743=VECTOR('',#2481,10.);
#744=VECTOR('',#2482,10.);
#745=VECTOR('',#2485,10.);
#746=VECTOR('',#2490,10.);
#747=VECTOR('',#2491,10.);
#748=VECTOR('',#2494,10.);
#749=VECTOR('',#2499,10.);
#750=VECTOR('',#2500,10.);
#751=VECTOR('',#2503,10.);
#752=VECTOR('',#2508,10.);
#753=VECTOR('',#2511,10.);
#754=VECTOR('',#2512,10.);
#755=VECTOR('',#2513,10.);
#756=VECTOR('',#2516,10.);
#757=VECTOR('',#2521,10.);
#758=VECTOR('',#2522,10.);
#759=VECTOR('',#2527,10.);
#760=VECTOR('',#2532,10.);
#761=VECTOR('',#2535,10.);
#762=VECTOR('',#2538,10.);
#763=VECTOR('',#2539,10.);
#764=VECTOR('',#2540,10.);
#765=VECTOR('',#2543,10.);
#766=VECTOR('',#2550,10.);
#767=VECTOR('',#2551,10.);
#768=VECTOR('',#2554,10.);
#769=VECTOR('',#2561,10.);
#770=VECTOR('',#2562,10.);
#771=VECTOR('',#2563,10.);
#772=VECTOR('',#2566,10.);
#773=VECTOR('',#2573,10.);
#774=VECTOR('',#2574,10.);
#775=VECTOR('',#2575,10.);
#776=VECTOR('',#2578,10.);
#777=VECTOR('',#2585,10.);
#778=VECTOR('',#2586,10.);
#779=VECTOR('',#2589,10.);
#780=VECTOR('',#2594,10.);
#781=VECTOR('',#2595,10.);
#782=VECTOR('',#2598,10.);
#783=VECTOR('',#2605,10.);
#784=VECTOR('',#2606,10.);
#785=VECTOR('',#2609,10.);
#786=VECTOR('',#2616,10.);
#787=VECTOR('',#2619,10.);
#788=VECTOR('',#2620,10.);
#789=VECTOR('',#2627,10.);
#790=VECTOR('',#2628,10.);
#791=VECTOR('',#2629,10.);
#792=VECTOR('',#2632,10.);
#793=VECTOR('',#2635,10.);
#794=VECTOR('',#2640,10.);
#795=VECTOR('',#2647,10.);
#796=VECTOR('',#2650,10.);
#797=VECTOR('',#2653,10.);
#798=VECTOR('',#2656,10.);
#799=VECTOR('',#2659,10.);
#800=VECTOR('',#2660,10.);
#801=VECTOR('',#2663,10.);
#802=VECTOR('',#2664,10.);
#803=VECTOR('',#2667,10.);
#804=VECTOR('',#2672,10.);
#805=VECTOR('',#2673,10.);
#806=VECTOR('',#2676,10.);
#807=VECTOR('',#2681,10.);
#808=VECTOR('',#2684,10.);
#809=VECTOR('',#2689,10.);
#810=VECTOR('',#2690,10.);
#811=VECTOR('',#2695,10.);
#812=VECTOR('',#2700,10.);
#813=VECTOR('',#2703,10.);
#814=VECTOR('',#2706,10.);
#815=VECTOR('',#2711,2.875);
#816=VECTOR('',#2716,2.625);
#817=VECTOR('',#2725,10.);
#818=VECTOR('',#2726,10.);
#819=VECTOR('',#2733,2.875);
#820=VECTOR('',#2738,2.625);
#821=VECTOR('',#2743,2.87499999403529);
#822=VECTOR('',#2746,2.875);
#823=VECTOR('',#2751,2.625);
#824=VECTOR('',#2756,2.875);
#825=VECTOR('',#2757,10.);
#826=VECTOR('',#2760,2.625);
#827=VECTOR('',#2761,10.);
#828=VECTOR('',#2766,2.875);
#829=VECTOR('',#2771,2.625);
#830=VECTOR('',#2774,2.875);
#831=VECTOR('',#2777,2.625);
#832=VECTOR('',#2778,10.);
#833=VECTOR('',#2781,10.);
#834=VERTEX_POINT('',#2804);
#835=VERTEX_POINT('',#2805);
#836=VERTEX_POINT('',#2807);
#837=VERTEX_POINT('',#2809);
#838=VERTEX_POINT('',#2811);
#839=VERTEX_POINT('',#2813);
#840=VERTEX_POINT('',#2817);
#841=VERTEX_POINT('',#2818);
#842=VERTEX_POINT('',#2820);
#843=VERTEX_POINT('',#2822);
#844=VERTEX_POINT('',#2824);
#845=VERTEX_POINT('',#2826);
#846=VERTEX_POINT('',#2830);
#847=VERTEX_POINT('',#2831);
#848=VERTEX_POINT('',#2837);
#849=VERTEX_POINT('',#2841);
#850=VERTEX_POINT('',#2848);
#851=VERTEX_POINT('',#2849);
#852=VERTEX_POINT('',#2851);
#853=VERTEX_POINT('',#2859);
#854=VERTEX_POINT('',#2863);
#855=VERTEX_POINT('',#2864);
#856=VERTEX_POINT('',#2866);
#857=VERTEX_POINT('',#2868);
#858=VERTEX_POINT('',#2870);
#859=VERTEX_POINT('',#2872);
#860=VERTEX_POINT('',#2876);
#861=VERTEX_POINT('',#2877);
#862=VERTEX_POINT('',#2879);
#863=VERTEX_POINT('',#2881);
#864=VERTEX_POINT('',#2883);
#865=VERTEX_POINT('',#2885);
#866=VERTEX_POINT('',#2889);
#867=VERTEX_POINT('',#2893);
#868=VERTEX_POINT('',#2894);
#869=VERTEX_POINT('',#2896);
#870=VERTEX_POINT('',#2898);
#871=VERTEX_POINT('',#2901);
#872=VERTEX_POINT('',#2903);
#873=VERTEX_POINT('',#2906);
#874=VERTEX_POINT('',#2908);
#875=VERTEX_POINT('',#2911);
#876=VERTEX_POINT('',#2918);
#877=VERTEX_POINT('',#2919);
#878=VERTEX_POINT('',#2921);
#879=VERTEX_POINT('',#2923);
#880=VERTEX_POINT('',#2927);
#881=VERTEX_POINT('',#2929);
#882=VERTEX_POINT('',#2933);
#883=VERTEX_POINT('',#2938);
#884=VERTEX_POINT('',#2942);
#885=VERTEX_POINT('',#2943);
#886=VERTEX_POINT('',#2948);
#887=VERTEX_POINT('',#2950);
#888=VERTEX_POINT('',#2954);
#889=VERTEX_POINT('',#2955);
#890=VERTEX_POINT('',#2960);
#891=VERTEX_POINT('',#2961);
#892=VERTEX_POINT('',#2966);
#893=VERTEX_POINT('',#2967);
#894=VERTEX_POINT('',#2972);
#895=VERTEX_POINT('',#2973);
#896=VERTEX_POINT('',#2978);
#897=VERTEX_POINT('',#2979);
#898=VERTEX_POINT('',#2984);
#899=VERTEX_POINT('',#2986);
#900=VERTEX_POINT('',#2990);
#901=VERTEX_POINT('',#2992);
#902=VERTEX_POINT('',#2996);
#903=VERTEX_POINT('',#2998);
#904=VERTEX_POINT('',#3002);
#905=VERTEX_POINT('',#3004);
#906=VERTEX_POINT('',#3011);
#907=VERTEX_POINT('',#3013);
#908=VERTEX_POINT('',#3017);
#909=VERTEX_POINT('',#3021);
#910=VERTEX_POINT('',#3023);
#911=VERTEX_POINT('',#3025);
#912=VERTEX_POINT('',#3028);
#913=VERTEX_POINT('',#3031);
#914=VERTEX_POINT('',#3040);
#915=VERTEX_POINT('',#3042);
#916=VERTEX_POINT('',#3044);
#917=VERTEX_POINT('',#3046);
#918=VERTEX_POINT('',#3048);
#919=VERTEX_POINT('',#3051);
#920=VERTEX_POINT('',#3068);
#921=VERTEX_POINT('',#3083);
#922=VERTEX_POINT('',#3092);
#923=VERTEX_POINT('',#3094);
#924=VERTEX_POINT('',#3096);
#925=VERTEX_POINT('',#3098);
#926=VERTEX_POINT('',#3100);
#927=VERTEX_POINT('',#3104);
#928=VERTEX_POINT('',#3108);
#929=VERTEX_POINT('',#3109);
#930=VERTEX_POINT('',#3111);
#931=VERTEX_POINT('',#3113);
#932=VERTEX_POINT('',#3115);
#933=VERTEX_POINT('',#3117);
#934=VERTEX_POINT('',#3119);
#935=VERTEX_POINT('',#3121);
#936=VERTEX_POINT('',#3125);
#937=VERTEX_POINT('',#3127);
#938=VERTEX_POINT('',#3131);
#939=VERTEX_POINT('',#3135);
#940=VERTEX_POINT('',#3139);
#941=VERTEX_POINT('',#3143);
#942=VERTEX_POINT('',#3147);
#943=VERTEX_POINT('',#3151);
#944=VERTEX_POINT('',#3157);
#945=VERTEX_POINT('',#3159);
#946=VERTEX_POINT('',#3163);
#947=VERTEX_POINT('',#3167);
#948=VERTEX_POINT('',#3170);
#949=VERTEX_POINT('',#3173);
#950=VERTEX_POINT('',#3177);
#951=VERTEX_POINT('',#3179);
#952=VERTEX_POINT('',#3183);
#953=VERTEX_POINT('',#3184);
#954=VERTEX_POINT('',#3189);
#955=VERTEX_POINT('',#3194);
#956=VERTEX_POINT('',#3198);
#957=VERTEX_POINT('',#3199);
#958=VERTEX_POINT('',#3204);
#959=VERTEX_POINT('',#3205);
#960=VERTEX_POINT('',#3210);
#961=VERTEX_POINT('',#3211);
#962=VERTEX_POINT('',#3216);
#963=VERTEX_POINT('',#3217);
#964=VERTEX_POINT('',#3222);
#965=VERTEX_POINT('',#3227);
#966=VERTEX_POINT('',#3231);
#967=VERTEX_POINT('',#3235);
#968=VERTEX_POINT('',#3239);
#969=VERTEX_POINT('',#3244);
#970=VERTEX_POINT('',#3248);
#971=VERTEX_POINT('',#3257);
#972=VERTEX_POINT('',#3261);
#973=VERTEX_POINT('',#3274);
#974=VERTEX_POINT('',#3275);
#975=VERTEX_POINT('',#3277);
#976=VERTEX_POINT('',#3279);
#977=VERTEX_POINT('',#3281);
#978=VERTEX_POINT('',#3283);
#979=VERTEX_POINT('',#3285);
#980=VERTEX_POINT('',#3287);
#981=VERTEX_POINT('',#3294);
#982=VERTEX_POINT('',#3298);
#983=VERTEX_POINT('',#3302);
#984=VERTEX_POINT('',#3316);
#985=VERTEX_POINT('',#3321);
#986=VERTEX_POINT('',#3322);
#987=VERTEX_POINT('',#3332);
#988=VERTEX_POINT('',#3364);
#989=VERTEX_POINT('',#3368);
#990=VERTEX_POINT('',#3370);
#991=VERTEX_POINT('',#3372);
#992=VERTEX_POINT('',#3381);
#993=VERTEX_POINT('',#3385);
#994=VERTEX_POINT('',#3391);
#995=VERTEX_POINT('',#3395);
#996=VERTEX_POINT('',#3452);
#997=VERTEX_POINT('',#3466);
#998=VERTEX_POINT('',#3551);
#999=VERTEX_POINT('',#3572);
#1000=VERTEX_POINT('',#3656);
#1001=VERTEX_POINT('',#3660);
#1002=VERTEX_POINT('',#3666);
#1003=EDGE_CURVE('',#834,#835,#478,.T.);
#1004=EDGE_CURVE('',#836,#834,#400,.T.);
#1005=EDGE_CURVE('',#837,#836,#479,.T.);
#1006=EDGE_CURVE('',#838,#837,#390,.T.);
#1007=EDGE_CURVE('',#839,#838,#401,.T.);
#1008=EDGE_CURVE('',#835,#839,#391,.T.);
#1009=EDGE_CURVE('',#840,#841,#480,.T.);
#1010=EDGE_CURVE('',#842,#840,#402,.T.);
#1011=EDGE_CURVE('',#843,#842,#481,.T.);
#1012=EDGE_CURVE('',#844,#843,#392,.T.);
#1013=EDGE_CURVE('',#845,#844,#403,.T.);
#1014=EDGE_CURVE('',#841,#845,#393,.T.);
#1015=EDGE_CURVE('',#846,#847,#482,.T.);
#1016=EDGE_CURVE('',#847,#846,#82,.T.);
#1017=EDGE_CURVE('',#848,#836,#483,.T.);
#1018=EDGE_CURVE('',#837,#848,#484,.T.);
#1019=EDGE_CURVE('',#849,#848,#485,.T.);
#1020=EDGE_CURVE('',#849,#841,#486,.T.);
#1021=EDGE_CURVE('',#845,#838,#487,.T.);
#1022=EDGE_CURVE('',#839,#844,#488,.T.);
#1023=EDGE_CURVE('',#850,#851,#489,.T.);
#1024=EDGE_CURVE('',#851,#852,#83,.T.);
#1025=EDGE_CURVE('',#852,#850,#84,.T.);
#1026=EDGE_CURVE('',#853,#842,#490,.T.);
#1027=EDGE_CURVE('',#843,#853,#491,.T.);
#1028=EDGE_CURVE('',#854,#855,#492,.T.);
#1029=EDGE_CURVE('',#856,#854,#394,.T.);
#1030=EDGE_CURVE('',#857,#856,#404,.T.);
#1031=EDGE_CURVE('',#858,#857,#395,.T.);
#1032=EDGE_CURVE('',#859,#858,#493,.T.);
#1033=EDGE_CURVE('',#855,#859,#405,.T.);
#1034=EDGE_CURVE('',#860,#861,#494,.T.);
#1035=EDGE_CURVE('',#862,#860,#406,.T.);
#1036=EDGE_CURVE('',#863,#862,#495,.T.);
#1037=EDGE_CURVE('',#864,#863,#396,.T.);
#1038=EDGE_CURVE('',#865,#864,#407,.T.);
#1039=EDGE_CURVE('',#861,#865,#397,.T.);
#1040=EDGE_CURVE('',#866,#858,#496,.T.);
#1041=EDGE_CURVE('',#859,#866,#497,.T.);
#1042=EDGE_CURVE('',#867,#868,#498,.T.);
#1043=EDGE_CURVE('',#869,#867,#499,.T.);
#1044=EDGE_CURVE('',#869,#870,#500,.T.);
#1045=EDGE_CURVE('',#868,#870,#501,.T.);
#1046=EDGE_CURVE('',#871,#871,#408,.T.);
#1047=EDGE_CURVE('',#866,#872,#502,.T.);
#1048=EDGE_CURVE('',#872,#862,#503,.T.);
#1049=EDGE_CURVE('',#860,#873,#504,.T.);
#1050=EDGE_CURVE('',#873,#874,#505,.T.);
#1051=EDGE_CURVE('',#874,#855,#506,.T.);
#1052=EDGE_CURVE('',#875,#875,#409,.T.);
#1053=EDGE_CURVE('',#863,#872,#507,.T.);
#1054=EDGE_CURVE('',#873,#861,#508,.T.);
#1055=EDGE_CURVE('',#876,#877,#509,.T.);
#1056=EDGE_CURVE('',#877,#878,#410,.T.);
#1057=EDGE_CURVE('',#878,#879,#510,.T.);
#1058=EDGE_CURVE('',#879,#876,#411,.T.);
#1059=EDGE_CURVE('',#876,#880,#511,.T.);
#1060=EDGE_CURVE('',#880,#881,#512,.T.);
#1061=EDGE_CURVE('',#881,#877,#513,.T.);
#1062=EDGE_CURVE('',#882,#867,#514,.T.);
#1063=EDGE_CURVE('',#867,#881,#412,.T.);
#1064=EDGE_CURVE('',#880,#882,#413,.T.);
#1065=EDGE_CURVE('',#883,#869,#515,.T.);
#1066=EDGE_CURVE('',#882,#883,#516,.T.);
#1067=EDGE_CURVE('',#884,#885,#517,.T.);
#1068=EDGE_CURVE('',#885,#869,#414,.T.);
#1069=EDGE_CURVE('',#883,#884,#415,.T.);
#1070=EDGE_CURVE('',#884,#886,#518,.T.);
#1071=EDGE_CURVE('',#886,#887,#519,.T.);
#1072=EDGE_CURVE('',#887,#885,#520,.T.);
#1073=EDGE_CURVE('',#888,#889,#521,.T.);
#1074=EDGE_CURVE('',#889,#887,#416,.T.);
#1075=EDGE_CURVE('',#886,#888,#417,.T.);
#1076=EDGE_CURVE('',#890,#891,#522,.T.);
#1077=EDGE_CURVE('',#891,#889,#523,.T.);
#1078=EDGE_CURVE('',#888,#890,#524,.T.);
#1079=EDGE_CURVE('',#892,#893,#525,.T.);
#1080=EDGE_CURVE('',#893,#891,#418,.T.);
#1081=EDGE_CURVE('',#890,#892,#419,.T.);
#1082=EDGE_CURVE('',#894,#895,#526,.T.);
#1083=EDGE_CURVE('',#895,#893,#527,.T.);
#1084=EDGE_CURVE('',#892,#894,#528,.T.);
#1085=EDGE_CURVE('',#896,#897,#529,.T.);
#1086=EDGE_CURVE('',#897,#895,#420,.T.);
#1087=EDGE_CURVE('',#894,#896,#421,.T.);
#1088=EDGE_CURVE('',#896,#898,#530,.T.);
#1089=EDGE_CURVE('',#898,#899,#531,.T.);
#1090=EDGE_CURVE('',#899,#897,#532,.T.);
#1091=EDGE_CURVE('',#898,#900,#422,.T.);
#1092=EDGE_CURVE('',#900,#901,#533,.T.);
#1093=EDGE_CURVE('',#901,#899,#423,.T.);
#1094=EDGE_CURVE('',#900,#902,#534,.T.);
#1095=EDGE_CURVE('',#902,#903,#535,.T.);
#1096=EDGE_CURVE('',#903,#901,#536,.T.);
#1097=EDGE_CURVE('',#902,#904,#424,.T.);
#1098=EDGE_CURVE('',#904,#905,#537,.T.);
#1099=EDGE_CURVE('',#905,#903,#425,.T.);
#1100=EDGE_CURVE('',#904,#879,#538,.T.);
#1101=EDGE_CURVE('',#878,#905,#539,.T.);
#1102=EDGE_CURVE('',#895,#906,#540,.T.);
#1103=EDGE_CURVE('',#907,#906,#541,.T.);
#1104=EDGE_CURVE('',#893,#907,#542,.T.);
#1105=EDGE_CURVE('',#897,#908,#543,.T.);
#1106=EDGE_CURVE('',#906,#908,#426,.T.);
#1107=EDGE_CURVE('',#899,#909,#544,.T.);
#1108=EDGE_CURVE('',#910,#909,#427,.T.);
#1109=EDGE_CURVE('',#910,#911,#545,.T.);
#1110=EDGE_CURVE('',#908,#911,#546,.T.);
#1111=EDGE_CURVE('',#912,#912,#428,.T.);
#1112=EDGE_CURVE('',#901,#913,#547,.T.);
#1113=EDGE_CURVE('',#913,#909,#19,.T.);
#1114=EDGE_CURVE('',#903,#914,#548,.T.);
#1115=EDGE_CURVE('',#914,#915,#398,.T.);
#1116=EDGE_CURVE('',#915,#916,#549,.T.);
#1117=EDGE_CURVE('',#917,#916,#550,.T.);
#1118=EDGE_CURVE('',#918,#917,#551,.T.);
#1119=EDGE_CURVE('',#918,#913,#399,.T.);
#1120=EDGE_CURVE('',#919,#919,#20,.T.);
#1121=EDGE_CURVE('',#920,#920,#21,.T.);
#1122=EDGE_CURVE('',#905,#921,#552,.T.);
#1123=EDGE_CURVE('',#921,#914,#22,.T.);
#1124=EDGE_CURVE('',#878,#922,#553,.T.);
#1125=EDGE_CURVE('',#923,#922,#554,.T.);
#1126=EDGE_CURVE('',#924,#923,#555,.T.);
#1127=EDGE_CURVE('',#925,#924,#556,.T.);
#1128=EDGE_CURVE('',#926,#925,#429,.T.);
#1129=EDGE_CURVE('',#921,#926,#557,.T.);
#1130=EDGE_CURVE('',#877,#927,#558,.T.);
#1131=EDGE_CURVE('',#922,#927,#430,.T.);
#1132=EDGE_CURVE('',#928,#929,#431,.T.);
#1133=EDGE_CURVE('',#930,#928,#559,.T.);
#1134=EDGE_CURVE('',#931,#930,#432,.T.);
#1135=EDGE_CURVE('',#932,#931,#560,.T.);
#1136=EDGE_CURVE('',#933,#932,#433,.T.);
#1137=EDGE_CURVE('',#934,#933,#561,.T.);
#1138=EDGE_CURVE('',#935,#934,#434,.T.);
#1139=EDGE_CURVE('',#929,#935,#562,.T.);
#1140=EDGE_CURVE('',#929,#936,#563,.T.);
#1141=EDGE_CURVE('',#936,#937,#435,.T.);
#1142=EDGE_CURVE('',#937,#928,#564,.T.);
#1143=EDGE_CURVE('',#935,#938,#565,.T.);
#1144=EDGE_CURVE('',#938,#936,#566,.T.);
#1145=EDGE_CURVE('',#934,#939,#567,.T.);
#1146=EDGE_CURVE('',#939,#938,#436,.T.);
#1147=EDGE_CURVE('',#933,#940,#568,.T.);
#1148=EDGE_CURVE('',#940,#939,#569,.T.);
#1149=EDGE_CURVE('',#932,#941,#570,.T.);
#1150=EDGE_CURVE('',#941,#940,#437,.T.);
#1151=EDGE_CURVE('',#931,#942,#571,.T.);
#1152=EDGE_CURVE('',#942,#941,#572,.T.);
#1153=EDGE_CURVE('',#930,#943,#573,.T.);
#1154=EDGE_CURVE('',#943,#942,#438,.T.);
#1155=EDGE_CURVE('',#937,#943,#574,.T.);
#1156=EDGE_CURVE('',#942,#944,#575,.T.);
#1157=EDGE_CURVE('',#945,#944,#576,.T.);
#1158=EDGE_CURVE('',#941,#945,#577,.T.);
#1159=EDGE_CURVE('',#943,#946,#578,.T.);
#1160=EDGE_CURVE('',#944,#946,#439,.T.);
#1161=EDGE_CURVE('',#937,#947,#579,.T.);
#1162=EDGE_CURVE('',#946,#947,#580,.T.);
#1163=EDGE_CURVE('',#948,#948,#440,.T.);
#1164=EDGE_CURVE('',#936,#949,#581,.T.);
#1165=EDGE_CURVE('',#947,#949,#441,.T.);
#1166=EDGE_CURVE('',#927,#950,#582,.T.);
#1167=EDGE_CURVE('',#950,#951,#442,.T.);
#1168=EDGE_CURVE('',#951,#922,#583,.T.);
#1169=EDGE_CURVE('',#952,#953,#584,.T.);
#1170=EDGE_CURVE('',#953,#950,#585,.T.);
#1171=EDGE_CURVE('',#927,#952,#586,.T.);
#1172=EDGE_CURVE('',#868,#954,#587,.T.);
#1173=EDGE_CURVE('',#954,#953,#443,.T.);
#1174=EDGE_CURVE('',#952,#868,#444,.T.);
#1175=EDGE_CURVE('',#870,#955,#588,.T.);
#1176=EDGE_CURVE('',#955,#954,#589,.T.);
#1177=EDGE_CURVE('',#956,#957,#590,.T.);
#1178=EDGE_CURVE('',#957,#955,#445,.T.);
#1179=EDGE_CURVE('',#870,#956,#446,.T.);
#1180=EDGE_CURVE('',#958,#959,#591,.T.);
#1181=EDGE_CURVE('',#959,#957,#592,.T.);
#1182=EDGE_CURVE('',#956,#958,#593,.T.);
#1183=EDGE_CURVE('',#960,#961,#594,.T.);
#1184=EDGE_CURVE('',#961,#959,#447,.T.);
#1185=EDGE_CURVE('',#958,#960,#448,.T.);
#1186=EDGE_CURVE('',#962,#963,#595,.T.);
#1187=EDGE_CURVE('',#963,#961,#596,.T.);
#1188=EDGE_CURVE('',#960,#962,#597,.T.);
#1189=EDGE_CURVE('',#907,#964,#598,.T.);
#1190=EDGE_CURVE('',#964,#963,#449,.T.);
#1191=EDGE_CURVE('',#962,#907,#450,.T.);
#1192=EDGE_CURVE('',#906,#965,#599,.T.);
#1193=EDGE_CURVE('',#965,#964,#600,.T.);
#1194=EDGE_CURVE('',#908,#966,#601,.T.);
#1195=EDGE_CURVE('',#966,#965,#451,.T.);
#1196=EDGE_CURVE('',#911,#967,#602,.T.);
#1197=EDGE_CURVE('',#967,#966,#603,.T.);
#1198=EDGE_CURVE('',#917,#968,#604,.T.);
#1199=EDGE_CURVE('',#968,#967,#452,.T.);
#1200=EDGE_CURVE('',#911,#917,#453,.T.);
#1201=EDGE_CURVE('',#916,#969,#605,.T.);
#1202=EDGE_CURVE('',#969,#968,#606,.T.);
#1203=EDGE_CURVE('',#923,#970,#607,.T.);
#1204=EDGE_CURVE('',#970,#969,#454,.T.);
#1205=EDGE_CURVE('',#916,#923,#455,.T.);
#1206=EDGE_CURVE('',#951,#970,#608,.T.);
#1207=EDGE_CURVE('',#891,#962,#609,.T.);
#1208=EDGE_CURVE('',#889,#960,#610,.T.);
#1209=EDGE_CURVE('',#847,#971,#456,.T.);
#1210=EDGE_CURVE('',#971,#846,#457,.T.);
#1211=EDGE_CURVE('',#851,#850,#458,.T.);
#1212=EDGE_CURVE('',#834,#972,#611,.T.);
#1213=EDGE_CURVE('',#972,#853,#612,.T.);
#1214=EDGE_CURVE('',#840,#849,#613,.T.);
#1215=EDGE_CURVE('',#887,#958,#614,.T.);
#1216=EDGE_CURVE('',#885,#956,#615,.T.);
#1217=EDGE_CURVE('',#881,#952,#616,.T.);
#1218=EDGE_CURVE('',#973,#974,#459,.T.);
#1219=EDGE_CURVE('',#975,#973,#617,.T.);
#1220=EDGE_CURVE('',#976,#975,#460,.T.);
#1221=EDGE_CURVE('',#977,#976,#618,.T.);
#1222=EDGE_CURVE('',#978,#977,#461,.T.);
#1223=EDGE_CURVE('',#979,#978,#619,.T.);
#1224=EDGE_CURVE('',#980,#979,#462,.T.);
#1225=EDGE_CURVE('',#974,#980,#620,.T.);
#1226=EDGE_CURVE('',#949,#973,#621,.T.);
#1227=EDGE_CURVE('',#974,#947,#622,.T.);
#1228=EDGE_CURVE('',#981,#975,#623,.T.);
#1229=EDGE_CURVE('',#949,#981,#624,.T.);
#1230=EDGE_CURVE('',#982,#976,#625,.T.);
#1231=EDGE_CURVE('',#981,#982,#463,.T.);
#1232=EDGE_CURVE('',#983,#977,#626,.T.);
#1233=EDGE_CURVE('',#982,#983,#627,.T.);
#1234=EDGE_CURVE('',#945,#978,#628,.T.);
#1235=EDGE_CURVE('',#983,#945,#464,.T.);
#1236=EDGE_CURVE('',#944,#979,#629,.T.);
#1237=EDGE_CURVE('',#946,#980,#630,.T.);
#1238=EDGE_CURVE('',#940,#983,#631,.T.);
#1239=EDGE_CURVE('',#939,#982,#632,.T.);
#1240=EDGE_CURVE('',#984,#984,#465,.T.);
#1241=EDGE_CURVE('',#938,#981,#633,.T.);
#1242=EDGE_CURVE('',#985,#986,#23,.T.);
#1243=EDGE_CURVE('',#987,#985,#24,.T.);
#1244=EDGE_CURVE('',#986,#987,#25,.T.);
#1245=EDGE_CURVE('',#857,#864,#634,.T.);
#1246=EDGE_CURVE('',#865,#856,#635,.T.);
#1247=EDGE_CURVE('',#854,#874,#636,.T.);
#1248=EDGE_CURVE('',#871,#988,#637,.T.);
#1249=EDGE_CURVE('',#988,#988,#466,.T.);
#1250=EDGE_CURVE('',#988,#989,#638,.T.);
#1251=EDGE_CURVE('',#990,#989,#467,.T.);
#1252=EDGE_CURVE('',#991,#990,#468,.T.);
#1253=EDGE_CURVE('',#989,#991,#469,.T.);
#1254=EDGE_CURVE('',#926,#991,#639,.T.);
#1255=EDGE_CURVE('',#925,#990,#640,.T.);
#1256=EDGE_CURVE('',#925,#926,#470,.T.);
#1257=EDGE_CURVE('',#875,#992,#641,.T.);
#1258=EDGE_CURVE('',#992,#992,#471,.T.);
#1259=EDGE_CURVE('',#992,#993,#642,.T.);
#1260=EDGE_CURVE('',#993,#993,#472,.T.);
#1261=EDGE_CURVE('',#948,#993,#643,.T.);
#1262=EDGE_CURVE('',#971,#994,#644,.T.);
#1263=EDGE_CURVE('',#994,#994,#473,.T.);
#1264=EDGE_CURVE('',#994,#995,#645,.T.);
#1265=EDGE_CURVE('',#995,#995,#474,.T.);
#1266=EDGE_CURVE('',#984,#995,#646,.T.);
#1267=EDGE_CURVE('',#996,#985,#26,.T.);
#1268=EDGE_CURVE('',#986,#997,#647,.T.);
#1269=EDGE_CURVE('',#997,#997,#27,.T.);
#1270=EDGE_CURVE('',#987,#996,#28,.T.);
#1271=EDGE_CURVE('',#996,#998,#29,.T.);
#1272=EDGE_CURVE('',#998,#998,#30,.T.);
#1273=EDGE_CURVE('',#997,#999,#648,.T.);
#1274=EDGE_CURVE('',#999,#999,#31,.T.);
#1275=EDGE_CURVE('',#919,#999,#649,.T.);
#1276=EDGE_CURVE('',#1000,#1000,#475,.T.);
#1277=EDGE_CURVE('',#1000,#912,#650,.T.);
#1278=EDGE_CURVE('',#1001,#1001,#476,.T.);
#1279=EDGE_CURVE('',#1001,#1000,#651,.T.);
#1280=EDGE_CURVE('',#852,#1001,#652,.T.);
#1281=EDGE_CURVE('',#998,#1002,#653,.T.);
#1282=EDGE_CURVE('',#1002,#1002,#32,.T.);
#1283=EDGE_CURVE('',#920,#1002,#654,.T.);
#1284=EDGE_CURVE('',#972,#835,#655,.T.);
#1285=EDGE_CURVE('',#921,#924,#477,.T.);
#1286=EDGE_CURVE('',#915,#924,#33,.T.);
#1287=EDGE_CURVE('',#910,#918,#34,.T.);
#1288=ORIENTED_EDGE('',*,*,#1003,.F.);
#1289=ORIENTED_EDGE('',*,*,#1004,.F.);
#1290=ORIENTED_EDGE('',*,*,#1005,.F.);
#1291=ORIENTED_EDGE('',*,*,#1006,.F.);
#1292=ORIENTED_EDGE('',*,*,#1007,.F.);
#1293=ORIENTED_EDGE('',*,*,#1008,.F.);
#1294=ORIENTED_EDGE('',*,*,#1009,.F.);
#1295=ORIENTED_EDGE('',*,*,#1010,.F.);
#1296=ORIENTED_EDGE('',*,*,#1011,.F.);
#1297=ORIENTED_EDGE('',*,*,#1012,.F.);
#1298=ORIENTED_EDGE('',*,*,#1013,.F.);
#1299=ORIENTED_EDGE('',*,*,#1014,.F.);
#1300=ORIENTED_EDGE('',*,*,#1015,.T.);
#1301=ORIENTED_EDGE('',*,*,#1016,.T.);
#1302=ORIENTED_EDGE('',*,*,#1005,.T.);
#1303=ORIENTED_EDGE('',*,*,#1017,.F.);
#1304=ORIENTED_EDGE('',*,*,#1018,.F.);
#1305=ORIENTED_EDGE('',*,*,#1006,.T.);
#1306=ORIENTED_EDGE('',*,*,#1018,.T.);
#1307=ORIENTED_EDGE('',*,*,#1019,.F.);
#1308=ORIENTED_EDGE('',*,*,#1020,.T.);
#1309=ORIENTED_EDGE('',*,*,#1014,.T.);
#1310=ORIENTED_EDGE('',*,*,#1021,.T.);
#1311=ORIENTED_EDGE('',*,*,#1007,.T.);
#1312=ORIENTED_EDGE('',*,*,#1021,.F.);
#1313=ORIENTED_EDGE('',*,*,#1013,.T.);
#1314=ORIENTED_EDGE('',*,*,#1022,.F.);
#1315=ORIENTED_EDGE('',*,*,#1023,.T.);
#1316=ORIENTED_EDGE('',*,*,#1024,.T.);
#1317=ORIENTED_EDGE('',*,*,#1025,.T.);
#1318=ORIENTED_EDGE('',*,*,#1011,.T.);
#1319=ORIENTED_EDGE('',*,*,#1026,.F.);
#1320=ORIENTED_EDGE('',*,*,#1027,.F.);
#1321=ORIENTED_EDGE('',*,*,#1028,.F.);
#1322=ORIENTED_EDGE('',*,*,#1029,.F.);
#1323=ORIENTED_EDGE('',*,*,#1030,.F.);
#1324=ORIENTED_EDGE('',*,*,#1031,.F.);
#1325=ORIENTED_EDGE('',*,*,#1032,.F.);
#1326=ORIENTED_EDGE('',*,*,#1033,.F.);
#1327=ORIENTED_EDGE('',*,*,#1034,.F.);
#1328=ORIENTED_EDGE('',*,*,#1035,.F.);
#1329=ORIENTED_EDGE('',*,*,#1036,.F.);
#1330=ORIENTED_EDGE('',*,*,#1037,.F.);
#1331=ORIENTED_EDGE('',*,*,#1038,.F.);
#1332=ORIENTED_EDGE('',*,*,#1039,.F.);
#1333=ORIENTED_EDGE('',*,*,#1032,.T.);
#1334=ORIENTED_EDGE('',*,*,#1040,.F.);
#1335=ORIENTED_EDGE('',*,*,#1041,.F.);
#1336=ORIENTED_EDGE('',*,*,#1042,.F.);
#1337=ORIENTED_EDGE('',*,*,#1043,.F.);
#1338=ORIENTED_EDGE('',*,*,#1044,.T.);
#1339=ORIENTED_EDGE('',*,*,#1045,.F.);
#1340=ORIENTED_EDGE('',*,*,#1046,.F.);
#1341=ORIENTED_EDGE('',*,*,#1033,.T.);
#1342=ORIENTED_EDGE('',*,*,#1041,.T.);
#1343=ORIENTED_EDGE('',*,*,#1047,.T.);
#1344=ORIENTED_EDGE('',*,*,#1048,.T.);
#1345=ORIENTED_EDGE('',*,*,#1035,.T.);
#1346=ORIENTED_EDGE('',*,*,#1049,.T.);
#1347=ORIENTED_EDGE('',*,*,#1050,.T.);
#1348=ORIENTED_EDGE('',*,*,#1051,.T.);
#1349=ORIENTED_EDGE('',*,*,#1052,.F.);
#1350=ORIENTED_EDGE('',*,*,#1036,.T.);
#1351=ORIENTED_EDGE('',*,*,#1048,.F.);
#1352=ORIENTED_EDGE('',*,*,#1053,.F.);
#1353=ORIENTED_EDGE('',*,*,#1034,.T.);
#1354=ORIENTED_EDGE('',*,*,#1054,.F.);
#1355=ORIENTED_EDGE('',*,*,#1049,.F.);
#1356=ORIENTED_EDGE('',*,*,#1055,.T.);
#1357=ORIENTED_EDGE('',*,*,#1056,.T.);
#1358=ORIENTED_EDGE('',*,*,#1057,.T.);
#1359=ORIENTED_EDGE('',*,*,#1058,.T.);
#1360=ORIENTED_EDGE('',*,*,#1055,.F.);
#1361=ORIENTED_EDGE('',*,*,#1059,.T.);
#1362=ORIENTED_EDGE('',*,*,#1060,.T.);
#1363=ORIENTED_EDGE('',*,*,#1061,.T.);
#1364=ORIENTED_EDGE('',*,*,#1062,.T.);
#1365=ORIENTED_EDGE('',*,*,#1063,.T.);
#1366=ORIENTED_EDGE('',*,*,#1060,.F.);
#1367=ORIENTED_EDGE('',*,*,#1064,.T.);
#1368=ORIENTED_EDGE('',*,*,#1065,.T.);
#1369=ORIENTED_EDGE('',*,*,#1043,.T.);
#1370=ORIENTED_EDGE('',*,*,#1062,.F.);
#1371=ORIENTED_EDGE('',*,*,#1066,.T.);
#1372=ORIENTED_EDGE('',*,*,#1067,.T.);
#1373=ORIENTED_EDGE('',*,*,#1068,.T.);
#1374=ORIENTED_EDGE('',*,*,#1065,.F.);
#1375=ORIENTED_EDGE('',*,*,#1069,.T.);
#1376=ORIENTED_EDGE('',*,*,#1067,.F.);
#1377=ORIENTED_EDGE('',*,*,#1070,.T.);
#1378=ORIENTED_EDGE('',*,*,#1071,.T.);
#1379=ORIENTED_EDGE('',*,*,#1072,.T.);
#1380=ORIENTED_EDGE('',*,*,#1073,.T.);
#1381=ORIENTED_EDGE('',*,*,#1074,.T.);
#1382=ORIENTED_EDGE('',*,*,#1071,.F.);
#1383=ORIENTED_EDGE('',*,*,#1075,.T.);
#1384=ORIENTED_EDGE('',*,*,#1076,.T.);
#1385=ORIENTED_EDGE('',*,*,#1077,.T.);
#1386=ORIENTED_EDGE('',*,*,#1073,.F.);
#1387=ORIENTED_EDGE('',*,*,#1078,.T.);
#1388=ORIENTED_EDGE('',*,*,#1079,.T.);
#1389=ORIENTED_EDGE('',*,*,#1080,.T.);
#1390=ORIENTED_EDGE('',*,*,#1076,.F.);
#1391=ORIENTED_EDGE('',*,*,#1081,.T.);
#1392=ORIENTED_EDGE('',*,*,#1082,.T.);
#1393=ORIENTED_EDGE('',*,*,#1083,.T.);
#1394=ORIENTED_EDGE('',*,*,#1079,.F.);
#1395=ORIENTED_EDGE('',*,*,#1084,.T.);
#1396=ORIENTED_EDGE('',*,*,#1085,.T.);
#1397=ORIENTED_EDGE('',*,*,#1086,.T.);
#1398=ORIENTED_EDGE('',*,*,#1082,.F.);
#1399=ORIENTED_EDGE('',*,*,#1087,.T.);
#1400=ORIENTED_EDGE('',*,*,#1085,.F.);
#1401=ORIENTED_EDGE('',*,*,#1088,.T.);
#1402=ORIENTED_EDGE('',*,*,#1089,.T.);
#1403=ORIENTED_EDGE('',*,*,#1090,.T.);
#1404=ORIENTED_EDGE('',*,*,#1089,.F.);
#1405=ORIENTED_EDGE('',*,*,#1091,.T.);
#1406=ORIENTED_EDGE('',*,*,#1092,.T.);
#1407=ORIENTED_EDGE('',*,*,#1093,.T.);
#1408=ORIENTED_EDGE('',*,*,#1092,.F.);
#1409=ORIENTED_EDGE('',*,*,#1094,.T.);
#1410=ORIENTED_EDGE('',*,*,#1095,.T.);
#1411=ORIENTED_EDGE('',*,*,#1096,.T.);
#1412=ORIENTED_EDGE('',*,*,#1095,.F.);
#1413=ORIENTED_EDGE('',*,*,#1097,.T.);
#1414=ORIENTED_EDGE('',*,*,#1098,.T.);
#1415=ORIENTED_EDGE('',*,*,#1099,.T.);
#1416=ORIENTED_EDGE('',*,*,#1098,.F.);
#1417=ORIENTED_EDGE('',*,*,#1100,.T.);
#1418=ORIENTED_EDGE('',*,*,#1057,.F.);
#1419=ORIENTED_EDGE('',*,*,#1101,.T.);
#1420=ORIENTED_EDGE('',*,*,#1083,.F.);
#1421=ORIENTED_EDGE('',*,*,#1102,.T.);
#1422=ORIENTED_EDGE('',*,*,#1103,.F.);
#1423=ORIENTED_EDGE('',*,*,#1104,.F.);
#1424=ORIENTED_EDGE('',*,*,#1086,.F.);
#1425=ORIENTED_EDGE('',*,*,#1105,.T.);
#1426=ORIENTED_EDGE('',*,*,#1106,.F.);
#1427=ORIENTED_EDGE('',*,*,#1102,.F.);
#1428=ORIENTED_EDGE('',*,*,#1090,.F.);
#1429=ORIENTED_EDGE('',*,*,#1107,.T.);
#1430=ORIENTED_EDGE('',*,*,#1108,.F.);
#1431=ORIENTED_EDGE('',*,*,#1109,.T.);
#1432=ORIENTED_EDGE('',*,*,#1110,.F.);
#1433=ORIENTED_EDGE('',*,*,#1105,.F.);
#1434=ORIENTED_EDGE('',*,*,#1111,.F.);
#1435=ORIENTED_EDGE('',*,*,#1093,.F.);
#1436=ORIENTED_EDGE('',*,*,#1112,.T.);
#1437=ORIENTED_EDGE('',*,*,#1113,.T.);
#1438=ORIENTED_EDGE('',*,*,#1107,.F.);
#1439=ORIENTED_EDGE('',*,*,#1096,.F.);
#1440=ORIENTED_EDGE('',*,*,#1114,.T.);
#1441=ORIENTED_EDGE('',*,*,#1115,.T.);
#1442=ORIENTED_EDGE('',*,*,#1116,.T.);
#1443=ORIENTED_EDGE('',*,*,#1117,.F.);
#1444=ORIENTED_EDGE('',*,*,#1118,.F.);
#1445=ORIENTED_EDGE('',*,*,#1119,.T.);
#1446=ORIENTED_EDGE('',*,*,#1112,.F.);
#1447=ORIENTED_EDGE('',*,*,#1120,.F.);
#1448=ORIENTED_EDGE('',*,*,#1121,.F.);
#1449=ORIENTED_EDGE('',*,*,#1099,.F.);
#1450=ORIENTED_EDGE('',*,*,#1122,.T.);
#1451=ORIENTED_EDGE('',*,*,#1123,.T.);
#1452=ORIENTED_EDGE('',*,*,#1114,.F.);
#1453=ORIENTED_EDGE('',*,*,#1101,.F.);
#1454=ORIENTED_EDGE('',*,*,#1124,.T.);
#1455=ORIENTED_EDGE('',*,*,#1125,.F.);
#1456=ORIENTED_EDGE('',*,*,#1126,.F.);
#1457=ORIENTED_EDGE('',*,*,#1127,.F.);
#1458=ORIENTED_EDGE('',*,*,#1128,.F.);
#1459=ORIENTED_EDGE('',*,*,#1129,.F.);
#1460=ORIENTED_EDGE('',*,*,#1122,.F.);
#1461=ORIENTED_EDGE('',*,*,#1056,.F.);
#1462=ORIENTED_EDGE('',*,*,#1130,.T.);
#1463=ORIENTED_EDGE('',*,*,#1131,.F.);
#1464=ORIENTED_EDGE('',*,*,#1124,.F.);
#1465=ORIENTED_EDGE('',*,*,#1058,.F.);
#1466=ORIENTED_EDGE('',*,*,#1100,.F.);
#1467=ORIENTED_EDGE('',*,*,#1097,.F.);
#1468=ORIENTED_EDGE('',*,*,#1094,.F.);
#1469=ORIENTED_EDGE('',*,*,#1091,.F.);
#1470=ORIENTED_EDGE('',*,*,#1088,.F.);
#1471=ORIENTED_EDGE('',*,*,#1087,.F.);
#1472=ORIENTED_EDGE('',*,*,#1084,.F.);
#1473=ORIENTED_EDGE('',*,*,#1081,.F.);
#1474=ORIENTED_EDGE('',*,*,#1078,.F.);
#1475=ORIENTED_EDGE('',*,*,#1075,.F.);
#1476=ORIENTED_EDGE('',*,*,#1070,.F.);
#1477=ORIENTED_EDGE('',*,*,#1069,.F.);
#1478=ORIENTED_EDGE('',*,*,#1066,.F.);
#1479=ORIENTED_EDGE('',*,*,#1064,.F.);
#1480=ORIENTED_EDGE('',*,*,#1059,.F.);
#1481=ORIENTED_EDGE('',*,*,#1132,.F.);
#1482=ORIENTED_EDGE('',*,*,#1133,.F.);
#1483=ORIENTED_EDGE('',*,*,#1134,.F.);
#1484=ORIENTED_EDGE('',*,*,#1135,.F.);
#1485=ORIENTED_EDGE('',*,*,#1136,.F.);
#1486=ORIENTED_EDGE('',*,*,#1137,.F.);
#1487=ORIENTED_EDGE('',*,*,#1138,.F.);
#1488=ORIENTED_EDGE('',*,*,#1139,.F.);
#1489=ORIENTED_EDGE('',*,*,#1140,.T.);
#1490=ORIENTED_EDGE('',*,*,#1141,.T.);
#1491=ORIENTED_EDGE('',*,*,#1142,.T.);
#1492=ORIENTED_EDGE('',*,*,#1132,.T.);
#1493=ORIENTED_EDGE('',*,*,#1143,.T.);
#1494=ORIENTED_EDGE('',*,*,#1144,.T.);
#1495=ORIENTED_EDGE('',*,*,#1140,.F.);
#1496=ORIENTED_EDGE('',*,*,#1139,.T.);
#1497=ORIENTED_EDGE('',*,*,#1145,.T.);
#1498=ORIENTED_EDGE('',*,*,#1146,.T.);
#1499=ORIENTED_EDGE('',*,*,#1143,.F.);
#1500=ORIENTED_EDGE('',*,*,#1138,.T.);
#1501=ORIENTED_EDGE('',*,*,#1147,.T.);
#1502=ORIENTED_EDGE('',*,*,#1148,.T.);
#1503=ORIENTED_EDGE('',*,*,#1145,.F.);
#1504=ORIENTED_EDGE('',*,*,#1137,.T.);
#1505=ORIENTED_EDGE('',*,*,#1149,.T.);
#1506=ORIENTED_EDGE('',*,*,#1150,.T.);
#1507=ORIENTED_EDGE('',*,*,#1147,.F.);
#1508=ORIENTED_EDGE('',*,*,#1136,.T.);
#1509=ORIENTED_EDGE('',*,*,#1151,.T.);
#1510=ORIENTED_EDGE('',*,*,#1152,.T.);
#1511=ORIENTED_EDGE('',*,*,#1149,.F.);
#1512=ORIENTED_EDGE('',*,*,#1135,.T.);
#1513=ORIENTED_EDGE('',*,*,#1153,.T.);
#1514=ORIENTED_EDGE('',*,*,#1154,.T.);
#1515=ORIENTED_EDGE('',*,*,#1151,.F.);
#1516=ORIENTED_EDGE('',*,*,#1134,.T.);
#1517=ORIENTED_EDGE('',*,*,#1142,.F.);
#1518=ORIENTED_EDGE('',*,*,#1155,.T.);
#1519=ORIENTED_EDGE('',*,*,#1153,.F.);
#1520=ORIENTED_EDGE('',*,*,#1133,.T.);
#1521=ORIENTED_EDGE('',*,*,#1152,.F.);
#1522=ORIENTED_EDGE('',*,*,#1156,.T.);
#1523=ORIENTED_EDGE('',*,*,#1157,.F.);
#1524=ORIENTED_EDGE('',*,*,#1158,.F.);
#1525=ORIENTED_EDGE('',*,*,#1154,.F.);
#1526=ORIENTED_EDGE('',*,*,#1159,.T.);
#1527=ORIENTED_EDGE('',*,*,#1160,.F.);
#1528=ORIENTED_EDGE('',*,*,#1156,.F.);
#1529=ORIENTED_EDGE('',*,*,#1155,.F.);
#1530=ORIENTED_EDGE('',*,*,#1161,.T.);
#1531=ORIENTED_EDGE('',*,*,#1162,.F.);
#1532=ORIENTED_EDGE('',*,*,#1159,.F.);
#1533=ORIENTED_EDGE('',*,*,#1163,.F.);
#1534=ORIENTED_EDGE('',*,*,#1141,.F.);
#1535=ORIENTED_EDGE('',*,*,#1164,.T.);
#1536=ORIENTED_EDGE('',*,*,#1165,.F.);
#1537=ORIENTED_EDGE('',*,*,#1161,.F.);
#1538=ORIENTED_EDGE('',*,*,#1166,.T.);
#1539=ORIENTED_EDGE('',*,*,#1167,.T.);
#1540=ORIENTED_EDGE('',*,*,#1168,.T.);
#1541=ORIENTED_EDGE('',*,*,#1131,.T.);
#1542=ORIENTED_EDGE('',*,*,#1169,.T.);
#1543=ORIENTED_EDGE('',*,*,#1170,.T.);
#1544=ORIENTED_EDGE('',*,*,#1166,.F.);
#1545=ORIENTED_EDGE('',*,*,#1171,.T.);
#1546=ORIENTED_EDGE('',*,*,#1172,.T.);
#1547=ORIENTED_EDGE('',*,*,#1173,.T.);
#1548=ORIENTED_EDGE('',*,*,#1169,.F.);
#1549=ORIENTED_EDGE('',*,*,#1174,.T.);
#1550=ORIENTED_EDGE('',*,*,#1175,.T.);
#1551=ORIENTED_EDGE('',*,*,#1176,.T.);
#1552=ORIENTED_EDGE('',*,*,#1172,.F.);
#1553=ORIENTED_EDGE('',*,*,#1045,.T.);
#1554=ORIENTED_EDGE('',*,*,#1177,.T.);
#1555=ORIENTED_EDGE('',*,*,#1178,.T.);
#1556=ORIENTED_EDGE('',*,*,#1175,.F.);
#1557=ORIENTED_EDGE('',*,*,#1179,.T.);
#1558=ORIENTED_EDGE('',*,*,#1180,.T.);
#1559=ORIENTED_EDGE('',*,*,#1181,.T.);
#1560=ORIENTED_EDGE('',*,*,#1177,.F.);
#1561=ORIENTED_EDGE('',*,*,#1182,.T.);
#1562=ORIENTED_EDGE('',*,*,#1183,.T.);
#1563=ORIENTED_EDGE('',*,*,#1184,.T.);
#1564=ORIENTED_EDGE('',*,*,#1180,.F.);
#1565=ORIENTED_EDGE('',*,*,#1185,.T.);
#1566=ORIENTED_EDGE('',*,*,#1186,.T.);
#1567=ORIENTED_EDGE('',*,*,#1187,.T.);
#1568=ORIENTED_EDGE('',*,*,#1183,.F.);
#1569=ORIENTED_EDGE('',*,*,#1188,.T.);
#1570=ORIENTED_EDGE('',*,*,#1189,.T.);
#1571=ORIENTED_EDGE('',*,*,#1190,.T.);
#1572=ORIENTED_EDGE('',*,*,#1186,.F.);
#1573=ORIENTED_EDGE('',*,*,#1191,.T.);
#1574=ORIENTED_EDGE('',*,*,#1192,.T.);
#1575=ORIENTED_EDGE('',*,*,#1193,.T.);
#1576=ORIENTED_EDGE('',*,*,#1189,.F.);
#1577=ORIENTED_EDGE('',*,*,#1103,.T.);
#1578=ORIENTED_EDGE('',*,*,#1194,.T.);
#1579=ORIENTED_EDGE('',*,*,#1195,.T.);
#1580=ORIENTED_EDGE('',*,*,#1192,.F.);
#1581=ORIENTED_EDGE('',*,*,#1106,.T.);
#1582=ORIENTED_EDGE('',*,*,#1196,.T.);
#1583=ORIENTED_EDGE('',*,*,#1197,.T.);
#1584=ORIENTED_EDGE('',*,*,#1194,.F.);
#1585=ORIENTED_EDGE('',*,*,#1110,.T.);
#1586=ORIENTED_EDGE('',*,*,#1198,.T.);
#1587=ORIENTED_EDGE('',*,*,#1199,.T.);
#1588=ORIENTED_EDGE('',*,*,#1196,.F.);
#1589=ORIENTED_EDGE('',*,*,#1200,.T.);
#1590=ORIENTED_EDGE('',*,*,#1201,.T.);
#1591=ORIENTED_EDGE('',*,*,#1202,.T.);
#1592=ORIENTED_EDGE('',*,*,#1198,.F.);
#1593=ORIENTED_EDGE('',*,*,#1117,.T.);
#1594=ORIENTED_EDGE('',*,*,#1203,.T.);
#1595=ORIENTED_EDGE('',*,*,#1204,.T.);
#1596=ORIENTED_EDGE('',*,*,#1201,.F.);
#1597=ORIENTED_EDGE('',*,*,#1205,.T.);
#1598=ORIENTED_EDGE('',*,*,#1168,.F.);
#1599=ORIENTED_EDGE('',*,*,#1206,.T.);
#1600=ORIENTED_EDGE('',*,*,#1203,.F.);
#1601=ORIENTED_EDGE('',*,*,#1125,.T.);
#1602=ORIENTED_EDGE('',*,*,#1207,.T.);
#1603=ORIENTED_EDGE('',*,*,#1188,.F.);
#1604=ORIENTED_EDGE('',*,*,#1208,.F.);
#1605=ORIENTED_EDGE('',*,*,#1077,.F.);
#1606=ORIENTED_EDGE('',*,*,#1209,.F.);
#1607=ORIENTED_EDGE('',*,*,#1015,.F.);
#1608=ORIENTED_EDGE('',*,*,#1210,.F.);
#1609=ORIENTED_EDGE('',*,*,#1211,.F.);
#1610=ORIENTED_EDGE('',*,*,#1023,.F.);
#1611=ORIENTED_EDGE('',*,*,#1004,.T.);
#1612=ORIENTED_EDGE('',*,*,#1212,.T.);
#1613=ORIENTED_EDGE('',*,*,#1213,.T.);
#1614=ORIENTED_EDGE('',*,*,#1026,.T.);
#1615=ORIENTED_EDGE('',*,*,#1010,.T.);
#1616=ORIENTED_EDGE('',*,*,#1214,.T.);
#1617=ORIENTED_EDGE('',*,*,#1019,.T.);
#1618=ORIENTED_EDGE('',*,*,#1017,.T.);
#1619=ORIENTED_EDGE('',*,*,#1074,.F.);
#1620=ORIENTED_EDGE('',*,*,#1208,.T.);
#1621=ORIENTED_EDGE('',*,*,#1185,.F.);
#1622=ORIENTED_EDGE('',*,*,#1215,.F.);
#1623=ORIENTED_EDGE('',*,*,#1072,.F.);
#1624=ORIENTED_EDGE('',*,*,#1215,.T.);
#1625=ORIENTED_EDGE('',*,*,#1182,.F.);
#1626=ORIENTED_EDGE('',*,*,#1216,.F.);
#1627=ORIENTED_EDGE('',*,*,#1068,.F.);
#1628=ORIENTED_EDGE('',*,*,#1216,.T.);
#1629=ORIENTED_EDGE('',*,*,#1179,.F.);
#1630=ORIENTED_EDGE('',*,*,#1044,.F.);
#1631=ORIENTED_EDGE('',*,*,#1063,.F.);
#1632=ORIENTED_EDGE('',*,*,#1042,.T.);
#1633=ORIENTED_EDGE('',*,*,#1174,.F.);
#1634=ORIENTED_EDGE('',*,*,#1217,.F.);
#1635=ORIENTED_EDGE('',*,*,#1061,.F.);
#1636=ORIENTED_EDGE('',*,*,#1217,.T.);
#1637=ORIENTED_EDGE('',*,*,#1171,.F.);
#1638=ORIENTED_EDGE('',*,*,#1130,.F.);
#1639=ORIENTED_EDGE('',*,*,#1167,.F.);
#1640=ORIENTED_EDGE('',*,*,#1170,.F.);
#1641=ORIENTED_EDGE('',*,*,#1173,.F.);
#1642=ORIENTED_EDGE('',*,*,#1176,.F.);
#1643=ORIENTED_EDGE('',*,*,#1178,.F.);
#1644=ORIENTED_EDGE('',*,*,#1181,.F.);
#1645=ORIENTED_EDGE('',*,*,#1184,.F.);
#1646=ORIENTED_EDGE('',*,*,#1187,.F.);
#1647=ORIENTED_EDGE('',*,*,#1190,.F.);
#1648=ORIENTED_EDGE('',*,*,#1193,.F.);
#1649=ORIENTED_EDGE('',*,*,#1195,.F.);
#1650=ORIENTED_EDGE('',*,*,#1197,.F.);
#1651=ORIENTED_EDGE('',*,*,#1199,.F.);
#1652=ORIENTED_EDGE('',*,*,#1202,.F.);
#1653=ORIENTED_EDGE('',*,*,#1204,.F.);
#1654=ORIENTED_EDGE('',*,*,#1206,.F.);
#1655=ORIENTED_EDGE('',*,*,#1218,.F.);
#1656=ORIENTED_EDGE('',*,*,#1219,.F.);
#1657=ORIENTED_EDGE('',*,*,#1220,.F.);
#1658=ORIENTED_EDGE('',*,*,#1221,.F.);
#1659=ORIENTED_EDGE('',*,*,#1222,.F.);
#1660=ORIENTED_EDGE('',*,*,#1223,.F.);
#1661=ORIENTED_EDGE('',*,*,#1224,.F.);
#1662=ORIENTED_EDGE('',*,*,#1225,.F.);
#1663=ORIENTED_EDGE('',*,*,#1226,.T.);
#1664=ORIENTED_EDGE('',*,*,#1218,.T.);
#1665=ORIENTED_EDGE('',*,*,#1227,.T.);
#1666=ORIENTED_EDGE('',*,*,#1165,.T.);
#1667=ORIENTED_EDGE('',*,*,#1228,.T.);
#1668=ORIENTED_EDGE('',*,*,#1219,.T.);
#1669=ORIENTED_EDGE('',*,*,#1226,.F.);
#1670=ORIENTED_EDGE('',*,*,#1229,.T.);
#1671=ORIENTED_EDGE('',*,*,#1230,.T.);
#1672=ORIENTED_EDGE('',*,*,#1220,.T.);
#1673=ORIENTED_EDGE('',*,*,#1228,.F.);
#1674=ORIENTED_EDGE('',*,*,#1231,.T.);
#1675=ORIENTED_EDGE('',*,*,#1232,.T.);
#1676=ORIENTED_EDGE('',*,*,#1221,.T.);
#1677=ORIENTED_EDGE('',*,*,#1230,.F.);
#1678=ORIENTED_EDGE('',*,*,#1233,.T.);
#1679=ORIENTED_EDGE('',*,*,#1234,.T.);
#1680=ORIENTED_EDGE('',*,*,#1222,.T.);
#1681=ORIENTED_EDGE('',*,*,#1232,.F.);
#1682=ORIENTED_EDGE('',*,*,#1235,.T.);
#1683=ORIENTED_EDGE('',*,*,#1236,.T.);
#1684=ORIENTED_EDGE('',*,*,#1223,.T.);
#1685=ORIENTED_EDGE('',*,*,#1234,.F.);
#1686=ORIENTED_EDGE('',*,*,#1157,.T.);
#1687=ORIENTED_EDGE('',*,*,#1237,.T.);
#1688=ORIENTED_EDGE('',*,*,#1224,.T.);
#1689=ORIENTED_EDGE('',*,*,#1236,.F.);
#1690=ORIENTED_EDGE('',*,*,#1160,.T.);
#1691=ORIENTED_EDGE('',*,*,#1227,.F.);
#1692=ORIENTED_EDGE('',*,*,#1225,.T.);
#1693=ORIENTED_EDGE('',*,*,#1237,.F.);
#1694=ORIENTED_EDGE('',*,*,#1162,.T.);
#1695=ORIENTED_EDGE('',*,*,#1148,.F.);
#1696=ORIENTED_EDGE('',*,*,#1238,.T.);
#1697=ORIENTED_EDGE('',*,*,#1233,.F.);
#1698=ORIENTED_EDGE('',*,*,#1239,.F.);
#1699=ORIENTED_EDGE('',*,*,#1240,.F.);
#1700=ORIENTED_EDGE('',*,*,#1146,.F.);
#1701=ORIENTED_EDGE('',*,*,#1239,.T.);
#1702=ORIENTED_EDGE('',*,*,#1231,.F.);
#1703=ORIENTED_EDGE('',*,*,#1241,.F.);
#1704=ORIENTED_EDGE('',*,*,#1144,.F.);
#1705=ORIENTED_EDGE('',*,*,#1241,.T.);
#1706=ORIENTED_EDGE('',*,*,#1229,.F.);
#1707=ORIENTED_EDGE('',*,*,#1164,.F.);
#1708=ORIENTED_EDGE('',*,*,#1242,.F.);
#1709=ORIENTED_EDGE('',*,*,#1243,.F.);
#1710=ORIENTED_EDGE('',*,*,#1244,.F.);
#1711=ORIENTED_EDGE('',*,*,#1031,.T.);
#1712=ORIENTED_EDGE('',*,*,#1245,.T.);
#1713=ORIENTED_EDGE('',*,*,#1037,.T.);
#1714=ORIENTED_EDGE('',*,*,#1053,.T.);
#1715=ORIENTED_EDGE('',*,*,#1047,.F.);
#1716=ORIENTED_EDGE('',*,*,#1040,.T.);
#1717=ORIENTED_EDGE('',*,*,#1030,.T.);
#1718=ORIENTED_EDGE('',*,*,#1246,.F.);
#1719=ORIENTED_EDGE('',*,*,#1038,.T.);
#1720=ORIENTED_EDGE('',*,*,#1245,.F.);
#1721=ORIENTED_EDGE('',*,*,#1029,.T.);
#1722=ORIENTED_EDGE('',*,*,#1247,.T.);
#1723=ORIENTED_EDGE('',*,*,#1050,.F.);
#1724=ORIENTED_EDGE('',*,*,#1054,.T.);
#1725=ORIENTED_EDGE('',*,*,#1039,.T.);
#1726=ORIENTED_EDGE('',*,*,#1246,.T.);
#1727=ORIENTED_EDGE('',*,*,#1028,.T.);
#1728=ORIENTED_EDGE('',*,*,#1051,.F.);
#1729=ORIENTED_EDGE('',*,*,#1247,.F.);
#1730=ORIENTED_EDGE('',*,*,#1046,.T.);
#1731=ORIENTED_EDGE('',*,*,#1248,.T.);
#1732=ORIENTED_EDGE('',*,*,#1249,.T.);
#1733=ORIENTED_EDGE('',*,*,#1248,.F.);
#1734=ORIENTED_EDGE('',*,*,#1249,.F.);
#1735=ORIENTED_EDGE('',*,*,#1250,.T.);
#1736=ORIENTED_EDGE('',*,*,#1251,.F.);
#1737=ORIENTED_EDGE('',*,*,#1252,.F.);
#1738=ORIENTED_EDGE('',*,*,#1253,.F.);
#1739=ORIENTED_EDGE('',*,*,#1250,.F.);
#1740=ORIENTED_EDGE('',*,*,#1254,.F.);
#1741=ORIENTED_EDGE('',*,*,#1128,.T.);
#1742=ORIENTED_EDGE('',*,*,#1255,.T.);
#1743=ORIENTED_EDGE('',*,*,#1251,.T.);
#1744=ORIENTED_EDGE('',*,*,#1253,.T.);
#1745=ORIENTED_EDGE('',*,*,#1254,.T.);
#1746=ORIENTED_EDGE('',*,*,#1252,.T.);
#1747=ORIENTED_EDGE('',*,*,#1255,.F.);
#1748=ORIENTED_EDGE('',*,*,#1256,.T.);
#1749=ORIENTED_EDGE('',*,*,#1052,.T.);
#1750=ORIENTED_EDGE('',*,*,#1257,.T.);
#1751=ORIENTED_EDGE('',*,*,#1258,.T.);
#1752=ORIENTED_EDGE('',*,*,#1257,.F.);
#1753=ORIENTED_EDGE('',*,*,#1258,.F.);
#1754=ORIENTED_EDGE('',*,*,#1259,.T.);
#1755=ORIENTED_EDGE('',*,*,#1260,.F.);
#1756=ORIENTED_EDGE('',*,*,#1259,.F.);
#1757=ORIENTED_EDGE('',*,*,#1163,.T.);
#1758=ORIENTED_EDGE('',*,*,#1261,.T.);
#1759=ORIENTED_EDGE('',*,*,#1260,.T.);
#1760=ORIENTED_EDGE('',*,*,#1261,.F.);
#1761=ORIENTED_EDGE('',*,*,#1016,.F.);
#1762=ORIENTED_EDGE('',*,*,#1209,.T.);
#1763=ORIENTED_EDGE('',*,*,#1262,.T.);
#1764=ORIENTED_EDGE('',*,*,#1263,.T.);
#1765=ORIENTED_EDGE('',*,*,#1262,.F.);
#1766=ORIENTED_EDGE('',*,*,#1210,.T.);
#1767=ORIENTED_EDGE('',*,*,#1263,.F.);
#1768=ORIENTED_EDGE('',*,*,#1264,.T.);
#1769=ORIENTED_EDGE('',*,*,#1265,.F.);
#1770=ORIENTED_EDGE('',*,*,#1264,.F.);
#1771=ORIENTED_EDGE('',*,*,#1240,.T.);
#1772=ORIENTED_EDGE('',*,*,#1266,.T.);
#1773=ORIENTED_EDGE('',*,*,#1265,.T.);
#1774=ORIENTED_EDGE('',*,*,#1266,.F.);
#1775=ORIENTED_EDGE('',*,*,#1267,.T.);
#1776=ORIENTED_EDGE('',*,*,#1242,.T.);
#1777=ORIENTED_EDGE('',*,*,#1268,.T.);
#1778=ORIENTED_EDGE('',*,*,#1269,.T.);
#1779=ORIENTED_EDGE('',*,*,#1268,.F.);
#1780=ORIENTED_EDGE('',*,*,#1244,.T.);
#1781=ORIENTED_EDGE('',*,*,#1270,.T.);
#1782=ORIENTED_EDGE('',*,*,#1267,.F.);
#1783=ORIENTED_EDGE('',*,*,#1271,.T.);
#1784=ORIENTED_EDGE('',*,*,#1272,.T.);
#1785=ORIENTED_EDGE('',*,*,#1271,.F.);
#1786=ORIENTED_EDGE('',*,*,#1270,.F.);
#1787=ORIENTED_EDGE('',*,*,#1243,.T.);
#1788=ORIENTED_EDGE('',*,*,#1269,.F.);
#1789=ORIENTED_EDGE('',*,*,#1273,.T.);
#1790=ORIENTED_EDGE('',*,*,#1274,.F.);
#1791=ORIENTED_EDGE('',*,*,#1273,.F.);
#1792=ORIENTED_EDGE('',*,*,#1275,.T.);
#1793=ORIENTED_EDGE('',*,*,#1274,.T.);
#1794=ORIENTED_EDGE('',*,*,#1275,.F.);
#1795=ORIENTED_EDGE('',*,*,#1120,.T.);
#1796=ORIENTED_EDGE('',*,*,#1276,.T.);
#1797=ORIENTED_EDGE('',*,*,#1277,.T.);
#1798=ORIENTED_EDGE('',*,*,#1111,.T.);
#1799=ORIENTED_EDGE('',*,*,#1277,.F.);
#1800=ORIENTED_EDGE('',*,*,#1278,.F.);
#1801=ORIENTED_EDGE('',*,*,#1279,.T.);
#1802=ORIENTED_EDGE('',*,*,#1276,.F.);
#1803=ORIENTED_EDGE('',*,*,#1279,.F.);
#1804=ORIENTED_EDGE('',*,*,#1024,.F.);
#1805=ORIENTED_EDGE('',*,*,#1211,.T.);
#1806=ORIENTED_EDGE('',*,*,#1025,.F.);
#1807=ORIENTED_EDGE('',*,*,#1280,.T.);
#1808=ORIENTED_EDGE('',*,*,#1278,.T.);
#1809=ORIENTED_EDGE('',*,*,#1280,.F.);
#1810=ORIENTED_EDGE('',*,*,#1272,.F.);
#1811=ORIENTED_EDGE('',*,*,#1281,.T.);
#1812=ORIENTED_EDGE('',*,*,#1282,.F.);
#1813=ORIENTED_EDGE('',*,*,#1281,.F.);
#1814=ORIENTED_EDGE('',*,*,#1283,.T.);
#1815=ORIENTED_EDGE('',*,*,#1282,.T.);
#1816=ORIENTED_EDGE('',*,*,#1283,.F.);
#1817=ORIENTED_EDGE('',*,*,#1121,.T.);
#1818=ORIENTED_EDGE('',*,*,#1008,.T.);
#1819=ORIENTED_EDGE('',*,*,#1022,.T.);
#1820=ORIENTED_EDGE('',*,*,#1012,.T.);
#1821=ORIENTED_EDGE('',*,*,#1027,.T.);
#1822=ORIENTED_EDGE('',*,*,#1213,.F.);
#1823=ORIENTED_EDGE('',*,*,#1284,.T.);
#1824=ORIENTED_EDGE('',*,*,#1009,.T.);
#1825=ORIENTED_EDGE('',*,*,#1020,.F.);
#1826=ORIENTED_EDGE('',*,*,#1214,.F.);
#1827=ORIENTED_EDGE('',*,*,#1003,.T.);
#1828=ORIENTED_EDGE('',*,*,#1284,.F.);
#1829=ORIENTED_EDGE('',*,*,#1212,.F.);
#1830=ORIENTED_EDGE('',*,*,#1123,.F.);
#1831=ORIENTED_EDGE('',*,*,#1285,.T.);
#1832=ORIENTED_EDGE('',*,*,#1286,.F.);
#1833=ORIENTED_EDGE('',*,*,#1115,.F.);
#1834=ORIENTED_EDGE('',*,*,#1256,.F.);
#1835=ORIENTED_EDGE('',*,*,#1127,.T.);
#1836=ORIENTED_EDGE('',*,*,#1285,.F.);
#1837=ORIENTED_EDGE('',*,*,#1129,.T.);
#1838=ORIENTED_EDGE('',*,*,#1205,.F.);
#1839=ORIENTED_EDGE('',*,*,#1116,.F.);
#1840=ORIENTED_EDGE('',*,*,#1286,.T.);
#1841=ORIENTED_EDGE('',*,*,#1126,.T.);
#1842=ORIENTED_EDGE('',*,*,#1113,.F.);
#1843=ORIENTED_EDGE('',*,*,#1119,.F.);
#1844=ORIENTED_EDGE('',*,*,#1287,.F.);
#1845=ORIENTED_EDGE('',*,*,#1108,.T.);
#1846=ORIENTED_EDGE('',*,*,#1200,.F.);
#1847=ORIENTED_EDGE('',*,*,#1109,.F.);
#1848=ORIENTED_EDGE('',*,*,#1287,.T.);
#1849=ORIENTED_EDGE('',*,*,#1118,.T.);
#1850=ORIENTED_EDGE('',*,*,#1150,.F.);
#1851=ORIENTED_EDGE('',*,*,#1158,.T.);
#1852=ORIENTED_EDGE('',*,*,#1235,.F.);
#1853=ORIENTED_EDGE('',*,*,#1238,.F.);
#1854=ORIENTED_EDGE('',*,*,#1080,.F.);
#1855=ORIENTED_EDGE('',*,*,#1104,.T.);
#1856=ORIENTED_EDGE('',*,*,#1191,.F.);
#1857=ORIENTED_EDGE('',*,*,#1207,.F.);
#1858=CYLINDRICAL_SURFACE('',#2016,5.);
#1859=CYLINDRICAL_SURFACE('',#2021,5.);
#1860=CYLINDRICAL_SURFACE('',#2032,5.);
#1861=CYLINDRICAL_SURFACE('',#2037,5.);
#1862=CYLINDRICAL_SURFACE('',#2081,1.);
#1863=CYLINDRICAL_SURFACE('',#2086,2.5);
#1864=CYLINDRICAL_SURFACE('',#2090,2.50000000000001);
#1865=CYLINDRICAL_SURFACE('',#2093,0.999999999999997);
#1866=CYLINDRICAL_SURFACE('',#2113,2.49999999999997);
#1867=CYLINDRICAL_SURFACE('',#2117,2.5);
#1868=CYLINDRICAL_SURFACE('',#2153,2.5);
#1869=CYLINDRICAL_SURFACE('',#2155,2.50000000000004);
#1870=CYLINDRICAL_SURFACE('',#2156,0.999999999999996);
#1871=CYLINDRICAL_SURFACE('',#2175,2.5);
#1872=CYLINDRICAL_SURFACE('',#2183,2.625);
#1873=CYLINDRICAL_SURFACE('',#2192,2.625);
#1874=CYLINDRICAL_SURFACE('',#2197,2.625);
#1875=CYLINDRICAL_SURFACE('',#2200,2.625);
#1876=CYLINDRICAL_SURFACE('',#2203,2.625);
#1877=CYLINDRICAL_SURFACE('',#2206,2.625);
#1878=CYLINDRICAL_SURFACE('',#2210,5.);
#1879=CYLINDRICAL_SURFACE('',#2213,2.50000000000001);
#1880=CYLINDRICAL_SURFACE('',#2214,5.);
#1881=CYLINDRICAL_SURFACE('',#2215,2.5);
#1882=CYLINDRICAL_SURFACE('',#2216,2.49999999999998);
#1883=CYLINDRICAL_SURFACE('',#2217,1.);
#1884=ADVANCED_FACE('',(#140),#1858,.F.);
#1885=ADVANCED_FACE('',(#141),#1859,.F.);
#1886=ADVANCED_FACE('',(#142),#85,.T.);
#1887=ADVANCED_FACE('',(#143),#86,.T.);
#1888=ADVANCED_FACE('',(#144),#87,.T.);
#1889=ADVANCED_FACE('',(#145),#88,.T.);
#1890=ADVANCED_FACE('',(#146),#89,.T.);
#1891=ADVANCED_FACE('',(#147),#90,.T.);
#1892=ADVANCED_FACE('',(#148),#1860,.F.);
#1893=ADVANCED_FACE('',(#149),#1861,.F.);
#1894=ADVANCED_FACE('',(#150),#91,.T.);
#1895=ADVANCED_FACE('',(#151,#68,#69,#70),#92,.T.);
#1896=ADVANCED_FACE('',(#152),#93,.T.);
#1897=ADVANCED_FACE('',(#153),#94,.T.);
#1898=ADVANCED_FACE('',(#154),#35,.T.);
#1899=ADVANCED_FACE('',(#155),#95,.T.);
#1900=ADVANCED_FACE('',(#156),#36,.T.);
#1901=ADVANCED_FACE('',(#157),#96,.T.);
#1902=ADVANCED_FACE('',(#158),#37,.T.);
#1903=ADVANCED_FACE('',(#159),#97,.T.);
#1904=ADVANCED_FACE('',(#160),#38,.T.);
#1905=ADVANCED_FACE('',(#161),#98,.T.);
#1906=ADVANCED_FACE('',(#162),#39,.T.);
#1907=ADVANCED_FACE('',(#163),#99,.T.);
#1908=ADVANCED_FACE('',(#164),#40,.T.);
#1909=ADVANCED_FACE('',(#165),#100,.T.);
#1910=ADVANCED_FACE('',(#166),#41,.F.);
#1911=ADVANCED_FACE('',(#167),#101,.T.);
#1912=ADVANCED_FACE('',(#168),#42,.F.);
#1913=ADVANCED_FACE('',(#169),#102,.T.);
#1914=ADVANCED_FACE('',(#170),#103,.T.);
#1915=ADVANCED_FACE('',(#171),#1862,.T.);
#1916=ADVANCED_FACE('',(#172,#71),#104,.T.);
#1917=ADVANCED_FACE('',(#173),#1863,.F.);
#1918=ADVANCED_FACE('',(#174,#72,#73),#105,.T.);
#1919=ADVANCED_FACE('',(#175),#1864,.F.);
#1920=ADVANCED_FACE('',(#176),#106,.T.);
#1921=ADVANCED_FACE('',(#177),#1865,.T.);
#1922=ADVANCED_FACE('',(#178,#74),#107,.F.);
#1923=ADVANCED_FACE('',(#179),#43,.F.);
#1924=ADVANCED_FACE('',(#180),#108,.T.);
#1925=ADVANCED_FACE('',(#181),#44,.F.);
#1926=ADVANCED_FACE('',(#182),#109,.T.);
#1927=ADVANCED_FACE('',(#183),#45,.F.);
#1928=ADVANCED_FACE('',(#184),#110,.T.);
#1929=ADVANCED_FACE('',(#185),#46,.F.);
#1930=ADVANCED_FACE('',(#186),#111,.T.);
#1931=ADVANCED_FACE('',(#187),#112,.T.);
#1932=ADVANCED_FACE('',(#188),#1866,.F.);
#1933=ADVANCED_FACE('',(#189,#75),#113,.T.);
#1934=ADVANCED_FACE('',(#190),#1867,.F.);
#1935=ADVANCED_FACE('',(#191),#47,.T.);
#1936=ADVANCED_FACE('',(#192),#114,.T.);
#1937=ADVANCED_FACE('',(#193),#48,.T.);
#1938=ADVANCED_FACE('',(#194),#115,.T.);
#1939=ADVANCED_FACE('',(#195),#49,.T.);
#1940=ADVANCED_FACE('',(#196),#116,.T.);
#1941=ADVANCED_FACE('',(#197),#50,.T.);
#1942=ADVANCED_FACE('',(#198),#117,.T.);
#1943=ADVANCED_FACE('',(#199),#51,.T.);
#1944=ADVANCED_FACE('',(#200),#118,.T.);
#1945=ADVANCED_FACE('',(#201),#52,.T.);
#1946=ADVANCED_FACE('',(#202),#119,.T.);
#1947=ADVANCED_FACE('',(#203),#53,.F.);
#1948=ADVANCED_FACE('',(#204),#120,.T.);
#1949=ADVANCED_FACE('',(#205),#54,.F.);
#1950=ADVANCED_FACE('',(#206),#121,.T.);
#1951=ADVANCED_FACE('',(#207,#76,#77,#78),#122,.T.);
#1952=ADVANCED_FACE('',(#208),#1868,.T.);
#1953=ADVANCED_FACE('',(#209),#123,.T.);
#1954=ADVANCED_FACE('',(#210),#1869,.T.);
#1955=ADVANCED_FACE('',(#211),#1870,.T.);
#1956=ADVANCED_FACE('',(#212),#124,.T.);
#1957=ADVANCED_FACE('',(#213,#79),#125,.T.);
#1958=ADVANCED_FACE('',(#214),#55,.F.);
#1959=ADVANCED_FACE('',(#215),#126,.T.);
#1960=ADVANCED_FACE('',(#216),#56,.F.);
#1961=ADVANCED_FACE('',(#217),#127,.T.);
#1962=ADVANCED_FACE('',(#218),#57,.F.);
#1963=ADVANCED_FACE('',(#219),#128,.T.);
#1964=ADVANCED_FACE('',(#220),#58,.F.);
#1965=ADVANCED_FACE('',(#221),#129,.T.);
#1966=ADVANCED_FACE('',(#222,#80),#130,.T.);
#1967=ADVANCED_FACE('',(#223),#1871,.F.);
#1968=ADVANCED_FACE('',(#224,#81),#131,.T.);
#1969=ADVANCED_FACE('',(#225),#132,.T.);
#1970=ADVANCED_FACE('',(#226),#133,.T.);
#1971=ADVANCED_FACE('',(#227),#134,.T.);
#1972=ADVANCED_FACE('',(#228),#135,.T.);
#1973=ADVANCED_FACE('',(#229),#59,.F.);
#1974=ADVANCED_FACE('',(#230),#1872,.F.);
#1975=ADVANCED_FACE('',(#231),#60,.F.);
#1976=ADVANCED_FACE('',(#232),#61,.F.);
#1977=ADVANCED_FACE('',(#233),#62,.F.);
#1978=ADVANCED_FACE('',(#234),#1873,.F.);
#1979=ADVANCED_FACE('',(#235),#63,.F.);
#1980=ADVANCED_FACE('',(#236),#64,.F.);
#1981=ADVANCED_FACE('',(#237),#1874,.F.);
#1982=ADVANCED_FACE('',(#238),#65,.F.);
#1983=ADVANCED_FACE('',(#239),#15,.T.);
#1984=ADVANCED_FACE('',(#240),#16,.T.);
#1985=ADVANCED_FACE('',(#241),#1875,.F.);
#1986=ADVANCED_FACE('',(#242),#17,.T.);
#1987=ADVANCED_FACE('',(#243),#66,.F.);
#1988=ADVANCED_FACE('',(#244),#1876,.F.);
#1989=ADVANCED_FACE('',(#245),#67,.F.);
#1990=ADVANCED_FACE('',(#246),#1877,.F.);
#1991=ADVANCED_FACE('',(#247),#18,.T.);
#1992=ADVANCED_FACE('',(#248),#136,.T.);
#1993=ADVANCED_FACE('',(#249),#137,.T.);
#1994=ADVANCED_FACE('',(#250),#138,.T.);
#1995=ADVANCED_FACE('',(#251),#1878,.F.);
#1996=ADVANCED_FACE('',(#252),#139,.F.);
#1997=ADVANCED_FACE('',(#253),#1879,.F.);
#1998=ADVANCED_FACE('',(#254),#1880,.F.);
#1999=ADVANCED_FACE('',(#255),#1881,.F.);
#2000=ADVANCED_FACE('',(#256),#1882,.F.);
#2001=ADVANCED_FACE('',(#257),#1883,.T.);
#2002=CLOSED_SHELL('',(#1884,#1885,#1886,#1887,#1888,#1889,#1890,#1891,
#1892,#1893,#1894,#1895,#1896,#1897,#1898,#1899,#1900,#1901,#1902,#1903,
#1904,#1905,#1906,#1907,#1908,#1909,#1910,#1911,#1912,#1913,#1914,#1915,
#1916,#1917,#1918,#1919,#1920,#1921,#1922,#1923,#1924,#1925,#1926,#1927,
#1928,#1929,#1930,#1931,#1932,#1933,#1934,#1935,#1936,#1937,#1938,#1939,
#1940,#1941,#1942,#1943,#1944,#1945,#1946,#1947,#1948,#1949,#1950,#1951,
#1952,#1953,#1954,#1955,#1956,#1957,#1958,#1959,#1960,#1961,#1962,#1963,
#1964,#1965,#1966,#1967,#1968,#1969,#1970,#1971,#1972,#1973,#1974,#1975,
#1976,#1977,#1978,#1979,#1980,#1981,#1982,#1983,#1984,#1985,#1986,#1987,
#1988,#1989,#1990,#1991,#1992,#1993,#1994,#1995,#1996,#1997,#1998,#1999,
#2000,#2001));
#2003=DERIVED_UNIT_ELEMENT(#2005,1.);
#2004=DERIVED_UNIT_ELEMENT(#3763,-3.);
#2005=(
MASS_UNIT()
NAMED_UNIT(*)
SI_UNIT(.KILO.,.GRAM.)
);
#2006=DERIVED_UNIT((#2003,#2004));
#2007=MEASURE_REPRESENTATION_ITEM('density measure',
POSITIVE_RATIO_MEASURE(7850.),#2006);
#2008=PROPERTY_DEFINITION_REPRESENTATION(#2013,#2010);
#2009=PROPERTY_DEFINITION_REPRESENTATION(#2014,#2011);
#2010=REPRESENTATION('material name',(#2012),#3760);
#2011=REPRESENTATION('density',(#2007),#3760);
#2012=DESCRIPTIVE_REPRESENTATION_ITEM('Steel','Steel');
#2013=PROPERTY_DEFINITION('material property','material name',#3770);
#2014=PROPERTY_DEFINITION('material property','density of part',#3770);
#2015=AXIS2_PLACEMENT_3D('',#2802,#2218,#2219);
#2016=AXIS2_PLACEMENT_3D('',#2803,#2220,#2221);
#2017=AXIS2_PLACEMENT_3D('',#2808,#2223,#2224);
#2018=AXIS2_PLACEMENT_3D('',#2812,#2226,#2227);
#2019=AXIS2_PLACEMENT_3D('',#2814,#2228,#2229);
#2020=AXIS2_PLACEMENT_3D('',#2815,#2230,#2231);
#2021=AXIS2_PLACEMENT_3D('',#2816,#2232,#2233);
#2022=AXIS2_PLACEMENT_3D('',#2821,#2235,#2236);
#2023=AXIS2_PLACEMENT_3D('',#2825,#2238,#2239);
#2024=AXIS2_PLACEMENT_3D('',#2827,#2240,#2241);
#2025=AXIS2_PLACEMENT_3D('',#2828,#2242,#2243);
#2026=AXIS2_PLACEMENT_3D('',#2829,#2244,#2245);
#2027=AXIS2_PLACEMENT_3D('',#2836,#2247,#2248);
#2028=AXIS2_PLACEMENT_3D('',#2840,#2251,#2252);
#2029=AXIS2_PLACEMENT_3D('',#2845,#2256,#2257);
#2030=AXIS2_PLACEMENT_3D('',#2847,#2259,#2260);
#2031=AXIS2_PLACEMENT_3D('',#2858,#2262,#2263);
#2032=AXIS2_PLACEMENT_3D('',#2862,#2266,#2267);
#2033=AXIS2_PLACEMENT_3D('',#2867,#2269,#2270);
#2034=AXIS2_PLACEMENT_3D('',#2869,#2271,#2272);
#2035=AXIS2_PLACEMENT_3D('',#2871,#2273,#2274);
#2036=AXIS2_PLACEMENT_3D('',#2874,#2276,#2277);
#2037=AXIS2_PLACEMENT_3D('',#2875,#2278,#2279);
#2038=AXIS2_PLACEMENT_3D('',#2880,#2281,#2282);
#2039=AXIS2_PLACEMENT_3D('',#2884,#2284,#2285);
#2040=AXIS2_PLACEMENT_3D('',#2886,#2286,#2287);
#2041=AXIS2_PLACEMENT_3D('',#2887,#2288,#2289);
#2042=AXIS2_PLACEMENT_3D('',#2888,#2290,#2291);
#2043=AXIS2_PLACEMENT_3D('',#2892,#2294,#2295);
#2044=AXIS2_PLACEMENT_3D('',#2902,#2300,#2301);
#2045=AXIS2_PLACEMENT_3D('',#2912,#2307,#2308);
#2046=AXIS2_PLACEMENT_3D('',#2913,#2309,#2310);
#2047=AXIS2_PLACEMENT_3D('',#2915,#2312,#2313);
#2048=AXIS2_PLACEMENT_3D('',#2917,#2315,#2316);
#2049=AXIS2_PLACEMENT_3D('',#2922,#2318,#2319);
#2050=AXIS2_PLACEMENT_3D('',#2925,#2321,#2322);
#2051=AXIS2_PLACEMENT_3D('',#2926,#2323,#2324);
#2052=AXIS2_PLACEMENT_3D('',#2932,#2328,#2329);
#2053=AXIS2_PLACEMENT_3D('',#2935,#2331,#2332);
#2054=AXIS2_PLACEMENT_3D('',#2936,#2333,#2334);
#2055=AXIS2_PLACEMENT_3D('',#2937,#2335,#2336);
#2056=AXIS2_PLACEMENT_3D('',#2941,#2339,#2340);
#2057=AXIS2_PLACEMENT_3D('',#2945,#2342,#2343);
#2058=AXIS2_PLACEMENT_3D('',#2946,#2344,#2345);
#2059=AXIS2_PLACEMENT_3D('',#2947,#2346,#2347);
#2060=AXIS2_PLACEMENT_3D('',#2953,#2351,#2352);
#2061=AXIS2_PLACEMENT_3D('',#2957,#2354,#2355);
#2062=AXIS2_PLACEMENT_3D('',#2958,#2356,#2357);
#2063=AXIS2_PLACEMENT_3D('',#2959,#2358,#2359);
#2064=AXIS2_PLACEMENT_3D('',#2965,#2363,#2364);
#2065=AXIS2_PLACEMENT_3D('',#2969,#2366,#2367);
#2066=AXIS2_PLACEMENT_3D('',#2970,#2368,#2369);
#2067=AXIS2_PLACEMENT_3D('',#2971,#2370,#2371);
#2068=AXIS2_PLACEMENT_3D('',#2977,#2375,#2376);
#2069=AXIS2_PLACEMENT_3D('',#2981,#2378,#2379);
#2070=AXIS2_PLACEMENT_3D('',#2982,#2380,#2381);
#2071=AXIS2_PLACEMENT_3D('',#2983,#2382,#2383);
#2072=AXIS2_PLACEMENT_3D('',#2989,#2387,#2388);
#2073=AXIS2_PLACEMENT_3D('',#2991,#2389,#2390);
#2074=AXIS2_PLACEMENT_3D('',#2994,#2392,#2393);
#2075=AXIS2_PLACEMENT_3D('',#2995,#2394,#2395);
#2076=AXIS2_PLACEMENT_3D('',#3001,#2399,#2400);
#2077=AXIS2_PLACEMENT_3D('',#3003,#2401,#2402);
#2078=AXIS2_PLACEMENT_3D('',#3006,#2404,#2405);
#2079=AXIS2_PLACEMENT_3D('',#3007,#2406,#2407);
#2080=AXIS2_PLACEMENT_3D('',#3010,#2410,#2411);
#2081=AXIS2_PLACEMENT_3D('',#3016,#2415,#2416);
#2082=AXIS2_PLACEMENT_3D('',#3019,#2418,#2419);
#2083=AXIS2_PLACEMENT_3D('',#3020,#2420,#2421);
#2084=AXIS2_PLACEMENT_3D('',#3024,#2423,#2424);
#2085=AXIS2_PLACEMENT_3D('',#3029,#2427,#2428);
#2086=AXIS2_PLACEMENT_3D('',#3030,#2429,#2430);
#2087=AXIS2_PLACEMENT_3D('',#3039,#2432,#2433);
#2088=AXIS2_PLACEMENT_3D('',#3043,#2435,#2436);
#2089=AXIS2_PLACEMENT_3D('',#3050,#2440,#2441);
#2090=AXIS2_PLACEMENT_3D('',#3082,#2442,#2443);
#2091=AXIS2_PLACEMENT_3D('',#3091,#2445,#2446);
#2092=AXIS2_PLACEMENT_3D('',#3101,#2451,#2452);
#2093=AXIS2_PLACEMENT_3D('',#3103,#2454,#2455);
#2094=AXIS2_PLACEMENT_3D('',#3106,#2457,#2458);
#2095=AXIS2_PLACEMENT_3D('',#3107,#2459,#2460);
#2096=AXIS2_PLACEMENT_3D('',#3110,#2461,#2462);
#2097=AXIS2_PLACEMENT_3D('',#3114,#2464,#2465);
#2098=AXIS2_PLACEMENT_3D('',#3118,#2467,#2468);
#2099=AXIS2_PLACEMENT_3D('',#3122,#2470,#2471);
#2100=AXIS2_PLACEMENT_3D('',#3124,#2473,#2474);
#2101=AXIS2_PLACEMENT_3D('',#3128,#2476,#2477);
#2102=AXIS2_PLACEMENT_3D('',#3130,#2479,#2480);
#2103=AXIS2_PLACEMENT_3D('',#3134,#2483,#2484);
#2104=AXIS2_PLACEMENT_3D('',#3137,#2486,#2487);
#2105=AXIS2_PLACEMENT_3D('',#3138,#2488,#2489);
#2106=AXIS2_PLACEMENT_3D('',#3142,#2492,#2493);
#2107=AXIS2_PLACEMENT_3D('',#3145,#2495,#2496);
#2108=AXIS2_PLACEMENT_3D('',#3146,#2497,#2498);
#2109=AXIS2_PLACEMENT_3D('',#3150,#2501,#2502);
#2110=AXIS2_PLACEMENT_3D('',#3153,#2504,#2505);
#2111=AXIS2_PLACEMENT_3D('',#3154,#2506,#2507);
#2112=AXIS2_PLACEMENT_3D('',#3156,#2509,#2510);
#2113=AXIS2_PLACEMENT_3D('',#3162,#2514,#2515);
#2114=AXIS2_PLACEMENT_3D('',#3165,#2517,#2518);
#2115=AXIS2_PLACEMENT_3D('',#3166,#2519,#2520);
#2116=AXIS2_PLACEMENT_3D('',#3171,#2523,#2524);
#2117=AXIS2_PLACEMENT_3D('',#3172,#2525,#2526);
#2118=AXIS2_PLACEMENT_3D('',#3175,#2528,#2529);
#2119=AXIS2_PLACEMENT_3D('',#3176,#2530,#2531);
#2120=AXIS2_PLACEMENT_3D('',#3180,#2533,#2534);
#2121=AXIS2_PLACEMENT_3D('',#3182,#2536,#2537);
#2122=AXIS2_PLACEMENT_3D('',#3188,#2541,#2542);
#2123=AXIS2_PLACEMENT_3D('',#3191,#2544,#2545);
#2124=AXIS2_PLACEMENT_3D('',#3192,#2546,#2547);
#2125=AXIS2_PLACEMENT_3D('',#3193,#2548,#2549);
#2126=AXIS2_PLACEMENT_3D('',#3197,#2552,#2553);
#2127=AXIS2_PLACEMENT_3D('',#3201,#2555,#2556);
#2128=AXIS2_PLACEMENT_3D('',#3202,#2557,#2558);
#2129=AXIS2_PLACEMENT_3D('',#3203,#2559,#2560);
#2130=AXIS2_PLACEMENT_3D('',#3209,#2564,#2565);
#2131=AXIS2_PLACEMENT_3D('',#3213,#2567,#2568);
#2132=AXIS2_PLACEMENT_3D('',#3214,#2569,#2570);
#2133=AXIS2_PLACEMENT_3D('',#3215,#2571,#2572);
#2134=AXIS2_PLACEMENT_3D('',#3221,#2576,#2577);
#2135=AXIS2_PLACEMENT_3D('',#3224,#2579,#2580);
#2136=AXIS2_PLACEMENT_3D('',#3225,#2581,#2582);
#2137=AXIS2_PLACEMENT_3D('',#3226,#2583,#2584);
#2138=AXIS2_PLACEMENT_3D('',#3230,#2587,#2588);
#2139=AXIS2_PLACEMENT_3D('',#3233,#2590,#2591);
#2140=AXIS2_PLACEMENT_3D('',#3234,#2592,#2593);
#2141=AXIS2_PLACEMENT_3D('',#3238,#2596,#2597);
#2142=AXIS2_PLACEMENT_3D('',#3241,#2599,#2600);
#2143=AXIS2_PLACEMENT_3D('',#3242,#2601,#2602);
#2144=AXIS2_PLACEMENT_3D('',#3243,#2603,#2604);
#2145=AXIS2_PLACEMENT_3D('',#3247,#2607,#2608);
#2146=AXIS2_PLACEMENT_3D('',#3250,#2610,#2611);
#2147=AXIS2_PLACEMENT_3D('',#3251,#2612,#2613);
#2148=AXIS2_PLACEMENT_3D('',#3252,#2614,#2615);
#2149=AXIS2_PLACEMENT_3D('',#3254,#2617,#2618);
#2150=AXIS2_PLACEMENT_3D('',#3258,#2621,#2622);
#2151=AXIS2_PLACEMENT_3D('',#3259,#2623,#2624);
#2152=AXIS2_PLACEMENT_3D('',#3260,#2625,#2626);
#2153=AXIS2_PLACEMENT_3D('',#3265,#2630,#2631);
#2154=AXIS2_PLACEMENT_3D('',#3267,#2633,#2634);
#2155=AXIS2_PLACEMENT_3D('',#3269,#2636,#2637);
#2156=AXIS2_PLACEMENT_3D('',#3270,#2638,#2639);
#2157=AXIS2_PLACEMENT_3D('',#3272,#2641,#2642);
#2158=AXIS2_PLACEMENT_3D('',#3273,#2643,#2644);
#2159=AXIS2_PLACEMENT_3D('',#3276,#2645,#2646);
#2160=AXIS2_PLACEMENT_3D('',#3280,#2648,#2649);
#2161=AXIS2_PLACEMENT_3D('',#3284,#2651,#2652);
#2162=AXIS2_PLACEMENT_3D('',#3288,#2654,#2655);
#2163=AXIS2_PLACEMENT_3D('',#3290,#2657,#2658);
#2164=AXIS2_PLACEMENT_3D('',#3293,#2661,#2662);
#2165=AXIS2_PLACEMENT_3D('',#3297,#2665,#2666);
#2166=AXIS2_PLACEMENT_3D('',#3300,#2668,#2669);
#2167=AXIS2_PLACEMENT_3D('',#3301,#2670,#2671);
#2168=AXIS2_PLACEMENT_3D('',#3305,#2674,#2675);
#2169=AXIS2_PLACEMENT_3D('',#3307,#2677,#2678);
#2170=AXIS2_PLACEMENT_3D('',#3308,#2679,#2680);
#2171=AXIS2_PLACEMENT_3D('',#3310,#2682,#2683);
#2172=AXIS2_PLACEMENT_3D('',#3312,#2685,#2686);
#2173=AXIS2_PLACEMENT_3D('',#3313,#2687,#2688);
#2174=AXIS2_PLACEMENT_3D('',#3317,#2691,#2692);
#2175=AXIS2_PLACEMENT_3D('',#3318,#2693,#2694);
#2176=AXIS2_PLACEMENT_3D('',#3320,#2696,#2697);
#2177=AXIS2_PLACEMENT_3D('',#3356,#2698,#2699);
#2178=AXIS2_PLACEMENT_3D('',#3358,#2701,#2702);
#2179=AXIS2_PLACEMENT_3D('',#3360,#2704,#2705);
#2180=AXIS2_PLACEMENT_3D('',#3362,#2707,#2708);
#2181=AXIS2_PLACEMENT_3D('',#3363,#2709,#2710);
#2182=AXIS2_PLACEMENT_3D('',#3366,#2712,#2713);
#2183=AXIS2_PLACEMENT_3D('',#3367,#2714,#2715);
#2184=AXIS2_PLACEMENT_3D('',#3371,#2717,#2718);
#2185=AXIS2_PLACEMENT_3D('',#3373,#2719,#2720);
#2186=AXIS2_PLACEMENT_3D('',#3374,#2721,#2722);
#2187=AXIS2_PLACEMENT_3D('',#3375,#2723,#2724);
#2188=AXIS2_PLACEMENT_3D('',#3378,#2727,#2728);
#2189=AXIS2_PLACEMENT_3D('',#3379,#2729,#2730);
#2190=AXIS2_PLACEMENT_3D('',#3380,#2731,#2732);
#2191=AXIS2_PLACEMENT_3D('',#3383,#2734,#2735);
#2192=AXIS2_PLACEMENT_3D('',#3384,#2736,#2737);
#2193=AXIS2_PLACEMENT_3D('',#3387,#2739,#2740);
#2194=AXIS2_PLACEMENT_3D('',#3388,#2741,#2742);
#2195=AXIS2_PLACEMENT_3D('',#3390,#2744,#2745);
#2196=AXIS2_PLACEMENT_3D('',#3393,#2747,#2748);
#2197=AXIS2_PLACEMENT_3D('',#3394,#2749,#2750);
#2198=AXIS2_PLACEMENT_3D('',#3397,#2752,#2753);
#2199=AXIS2_PLACEMENT_3D('',#3398,#2754,#2755);
#2200=AXIS2_PLACEMENT_3D('',#3571,#2758,#2759);
#2201=AXIS2_PLACEMENT_3D('',#3655,#2762,#2763);
#2202=AXIS2_PLACEMENT_3D('',#3657,#2764,#2765);
#2203=AXIS2_PLACEMENT_3D('',#3659,#2767,#2768);
#2204=AXIS2_PLACEMENT_3D('',#3661,#2769,#2770);
#2205=AXIS2_PLACEMENT_3D('',#3663,#2772,#2773);
#2206=AXIS2_PLACEMENT_3D('',#3665,#2775,#2776);
#2207=AXIS2_PLACEMENT_3D('',#3734,#2779,#2780);
#2208=AXIS2_PLACEMENT_3D('',#3736,#2782,#2783);
#2209=AXIS2_PLACEMENT_3D('',#3737,#2784,#2785);
#2210=AXIS2_PLACEMENT_3D('',#3738,#2786,#2787);
#2211=AXIS2_PLACEMENT_3D('',#3739,#2788,#2789);
#2212=AXIS2_PLACEMENT_3D('',#3746,#2790,#2791);
#2213=AXIS2_PLACEMENT_3D('',#3747,#2792,#2793);
#2214=AXIS2_PLACEMENT_3D('',#3748,#2794,#2795);
#2215=AXIS2_PLACEMENT_3D('',#3755,#2796,#2797);
#2216=AXIS2_PLACEMENT_3D('',#3756,#2798,#2799);
#2217=AXIS2_PLACEMENT_3D('',#3757,#2800,#2801);
#2218=DIRECTION('axis',(0.,0.,1.));
#2219=DIRECTION('refdir',(1.,0.,0.));
#2220=DIRECTION('center_axis',(-1.,0.,0.));
#2221=DIRECTION('ref_axis',(0.,-1.,0.));
#2222=DIRECTION('',(-1.,0.,0.));
#2223=DIRECTION('center_axis',(-1.,1.46218704148723E-17,0.));
#2224=DIRECTION('ref_axis',(-1.46218704148723E-17,-1.,0.));
#2225=DIRECTION('',(1.,0.,0.));
#2226=DIRECTION('center_axis',(0.707106781186548,4.13182225969415E-17,0.707106781186548));
#2227=DIRECTION('ref_axis',(-0.707106781186547,0.,0.707106781186547));
#2228=DIRECTION('center_axis',(1.,0.,0.));
#2229=DIRECTION('ref_axis',(0.,-1.,0.));
#2230=DIRECTION('center_axis',(0.707106781186548,0.,-0.707106781186547));
#2231=DIRECTION('ref_axis',(0.707106781186547,0.,0.707106781186548));
#2232=DIRECTION('center_axis',(-1.,0.,0.));
#2233=DIRECTION('ref_axis',(0.,1.,-1.22464679914735E-16));
#2234=DIRECTION('',(-1.,0.,0.));
#2235=DIRECTION('center_axis',(-1.,1.46218704148723E-17,0.));
#2236=DIRECTION('ref_axis',(-1.46218704148723E-17,-1.,0.));
#2237=DIRECTION('',(1.,0.,0.));
#2238=DIRECTION('center_axis',(0.707106781186548,0.,-0.707106781186547));
#2239=DIRECTION('ref_axis',(0.707106781186547,0.,0.707106781186548));
#2240=DIRECTION('center_axis',(1.,0.,0.));
#2241=DIRECTION('ref_axis',(0.,-1.,0.));
#2242=DIRECTION('center_axis',(0.707106781186548,4.13182225969415E-17,0.707106781186548));
#2243=DIRECTION('ref_axis',(-0.707106781186547,0.,0.707106781186547));
#2244=DIRECTION('center_axis',(0.,1.,0.));
#2245=DIRECTION('ref_axis',(0.,0.,-1.));
#2246=DIRECTION('',(0.,0.,1.));
#2247=DIRECTION('center_axis',(0.,1.,0.));
#2248=DIRECTION('ref_axis',(0.,0.,-1.));
#2249=DIRECTION('',(0.,0.,1.));
#2250=DIRECTION('',(0.707106781186548,0.,-0.707106781186548));
#2251=DIRECTION('center_axis',(-0.707106781186548,-4.13182225969415E-17,
-0.707106781186548));
#2252=DIRECTION('ref_axis',(-0.707106781186548,0.,0.707106781186548));
#2253=DIRECTION('',(1.46218704148723E-17,1.,-5.84327907697451E-17));
#2254=DIRECTION('',(-0.707106781186548,0.,0.707106781186548));
#2255=DIRECTION('',(0.,1.,-5.84327907697451E-17));
#2256=DIRECTION('center_axis',(-1.,0.,0.));
#2257=DIRECTION('ref_axis',(0.,0.,1.));
#2258=DIRECTION('',(0.,-1.,0.));
#2259=DIRECTION('center_axis',(0.,-1.,0.));
#2260=DIRECTION('ref_axis',(0.,0.,1.));
#2261=DIRECTION('',(0.,0.,-1.));
#2262=DIRECTION('center_axis',(0.,-1.,0.));
#2263=DIRECTION('ref_axis',(0.,0.,1.));
#2264=DIRECTION('',(0.,0.,-1.));
#2265=DIRECTION('',(0.707106781186547,0.,0.707106781186548));
#2266=DIRECTION('center_axis',(0.,1.,0.));
#2267=DIRECTION('ref_axis',(-1.,0.,0.));
#2268=DIRECTION('',(0.,-1.,0.));
#2269=DIRECTION('center_axis',(0.,-0.707106781186548,0.707106781186548));
#2270=DIRECTION('ref_axis',(0.,0.707106781186547,0.707106781186547));
#2271=DIRECTION('center_axis',(0.,-1.,0.));
#2272=DIRECTION('ref_axis',(-1.,0.,0.));
#2273=DIRECTION('center_axis',(0.,-0.707106781186548,-0.707106781186548));
#2274=DIRECTION('ref_axis',(0.,-0.707106781186547,0.707106781186547));
#2275=DIRECTION('',(0.,1.,0.));
#2276=DIRECTION('center_axis',(0.,1.,0.));
#2277=DIRECTION('ref_axis',(-1.,0.,0.));
#2278=DIRECTION('center_axis',(0.,1.,0.));
#2279=DIRECTION('ref_axis',(1.,0.,-1.22464679914735E-16));
#2280=DIRECTION('',(0.,1.,0.));
#2281=DIRECTION('center_axis',(0.,1.,0.));
#2282=DIRECTION('ref_axis',(-1.,0.,0.));
#2283=DIRECTION('',(0.,-1.,0.));
#2284=DIRECTION('center_axis',(0.,-0.707106781186548,-0.707106781186548));
#2285=DIRECTION('ref_axis',(0.,-0.707106781186547,0.707106781186547));
#2286=DIRECTION('center_axis',(0.,-1.,0.));
#2287=DIRECTION('ref_axis',(-1.,0.,0.));
#2288=DIRECTION('center_axis',(0.,-0.707106781186548,0.707106781186548));
#2289=DIRECTION('ref_axis',(0.,0.707106781186547,0.707106781186547));
#2290=DIRECTION('center_axis',(1.,0.,0.));
#2291=DIRECTION('ref_axis',(0.,0.,-1.));
#2292=DIRECTION('',(0.,0.707106781186548,-0.707106781186548));
#2293=DIRECTION('',(0.,0.,1.));
#2294=DIRECTION('center_axis',(0.,1.,0.));
#2295=DIRECTION('ref_axis',(-1.,0.,0.));
#2296=DIRECTION('',(0.,0.,1.));
#2297=DIRECTION('',(1.,0.,0.));
#2298=DIRECTION('',(0.,0.,1.));
#2299=DIRECTION('',(-1.,0.,0.));
#2300=DIRECTION('center_axis',(0.,1.,0.));
#2301=DIRECTION('ref_axis',(-1.,0.,0.));
#2302=DIRECTION('',(-1.,0.,0.));
#2303=DIRECTION('',(0.,0.,-1.));
#2304=DIRECTION('',(0.,0.,-1.));
#2305=DIRECTION('',(1.,0.,0.));
#2306=DIRECTION('',(0.,0.,1.));
#2307=DIRECTION('center_axis',(0.,1.,0.));
#2308=DIRECTION('ref_axis',(-1.,0.,0.));
#2309=DIRECTION('center_axis',(-1.,0.,0.));
#2310=DIRECTION('ref_axis',(0.,0.,1.));
#2311=DIRECTION('',(0.,-0.707106781186548,0.707106781186548));
#2312=DIRECTION('center_axis',(-1.,0.,0.));
#2313=DIRECTION('ref_axis',(0.,0.,1.));
#2314=DIRECTION('',(0.,0.707106781186548,0.707106781186548));
#2315=DIRECTION('center_axis',(0.,0.,1.));
#2316=DIRECTION('ref_axis',(4.05733668884524E-8,-0.999999999999999,0.));
#2317=DIRECTION('',(0.707106781186548,0.,0.707106781186547));
#2318=DIRECTION('center_axis',(0.,0.,-1.));
#2319=DIRECTION('ref_axis',(4.05733668884524E-8,-0.999999999999999,0.));
#2320=DIRECTION('',(-2.86897007689377E-8,0.707106781186548,-0.707106781186546));
#2321=DIRECTION('center_axis',(0.,0.,1.));
#2322=DIRECTION('ref_axis',(4.05733668884524E-8,-0.999999999999999,0.));
#2323=DIRECTION('center_axis',(0.707106781186547,2.09345658326549E-15,-0.707106781186548));
#2324=DIRECTION('ref_axis',(-0.707106781186548,0.,-0.707106781186547));
#2325=DIRECTION('',(-2.9605946922933E-15,1.,0.));
#2326=DIRECTION('',(0.707106781186548,0.,0.707106781186547));
#2327=DIRECTION('',(2.9605946922933E-15,-1.,0.));
#2328=DIRECTION('center_axis',(0.,0.,1.));
#2329=DIRECTION('ref_axis',(1.,0.,0.));
#2330=DIRECTION('',(0.,0.707106781186548,0.707106781186547));
#2331=DIRECTION('center_axis',(0.,0.,-1.));
#2332=DIRECTION('ref_axis',(1.,0.,0.));
#2333=DIRECTION('center_axis',(0.,0.,1.));
#2334=DIRECTION('ref_axis',(1.,0.,0.));
#2335=DIRECTION('center_axis',(0.,0.707106781186547,-0.707106781186548));
#2336=DIRECTION('ref_axis',(-1.,0.,0.));
#2337=DIRECTION('',(0.,0.707106781186548,0.707106781186547));
#2338=DIRECTION('',(-1.,0.,0.));
#2339=DIRECTION('center_axis',(0.,0.,1.));
#2340=DIRECTION('ref_axis',(8.88178419700112E-16,1.,0.));
#2341=DIRECTION('',(-0.499999999999997,0.500000000000006,0.707106781186545));
#2342=DIRECTION('center_axis',(0.,0.,-1.));
#2343=DIRECTION('ref_axis',(8.88178419700112E-16,1.,0.));
#2344=DIRECTION('center_axis',(0.,0.,1.));
#2345=DIRECTION('ref_axis',(8.88178419700113E-16,1.,0.));
#2346=DIRECTION('center_axis',(-0.500000000000002,0.499999999999997,-0.707106781186548));
#2347=DIRECTION('ref_axis',(-0.816496580927725,0.,0.577350269189627));
#2348=DIRECTION('',(-0.707106781186544,-0.707106781186551,0.));
#2349=DIRECTION('',(-0.5,0.499999999999999,0.707106781186548));
#2350=DIRECTION('',(0.707106781186544,0.707106781186551,0.));
#2351=DIRECTION('center_axis',(0.,0.,1.));
#2352=DIRECTION('ref_axis',(-0.707106781186551,0.707106781186544,0.));
#2353=DIRECTION('',(-0.707106781186547,0.,0.707106781186548));
#2354=DIRECTION('center_axis',(0.,0.,-1.));
#2355=DIRECTION('ref_axis',(-0.707106781186551,0.707106781186544,0.));
#2356=DIRECTION('center_axis',(0.,0.,1.));
#2357=DIRECTION('ref_axis',(-0.707106781186551,0.707106781186544,0.));
#2358=DIRECTION('center_axis',(-0.707106781186547,1.03392237239871E-17,
-0.707106781186548));
#2359=DIRECTION('ref_axis',(-0.707106781186548,0.,0.707106781186547));
#2360=DIRECTION('',(-0.707106781186548,0.,0.707106781186547));
#2361=DIRECTION('',(1.46218704148723E-17,1.,0.));
#2362=DIRECTION('',(-1.46218704148723E-17,-1.,0.));
#2363=DIRECTION('center_axis',(0.,0.,1.));
#2364=DIRECTION('ref_axis',(-1.,1.11022302462516E-15,0.));
#2365=DIRECTION('',(1.30841038223648E-16,-0.707106781186548,0.707106781186547));
#2366=DIRECTION('center_axis',(0.,0.,-1.));
#2367=DIRECTION('ref_axis',(-1.,1.11022302462516E-15,0.));
#2368=DIRECTION('center_axis',(0.,0.,1.));
#2369=DIRECTION('ref_axis',(-1.,1.11022302462516E-15,0.));
#2370=DIRECTION('center_axis',(0.,-0.707106781186547,-0.707106781186548));
#2371=DIRECTION('ref_axis',(-1.,0.,0.));
#2372=DIRECTION('',(-5.23364152894591E-16,-0.707106781186548,0.707106781186547));
#2373=DIRECTION('',(-1.,0.,0.));
#2374=DIRECTION('',(1.,0.,0.));
#2375=DIRECTION('center_axis',(0.,0.,1.));
#2376=DIRECTION('ref_axis',(0.,-1.,0.));
#2377=DIRECTION('',(0.707106781186547,0.,0.707106781186548));
#2378=DIRECTION('center_axis',(0.,0.,-1.));
#2379=DIRECTION('ref_axis',(0.,-1.,0.));
#2380=DIRECTION('center_axis',(0.,0.,1.));
#2381=DIRECTION('ref_axis',(0.,-1.,0.));
#2382=DIRECTION('center_axis',(0.707106781186548,0.,-0.707106781186547));
#2383=DIRECTION('ref_axis',(-0.707106781186547,0.,-0.707106781186548));
#2384=DIRECTION('',(0.,1.,0.));
#2385=DIRECTION('',(0.707106781186547,0.,0.707106781186548));
#2386=DIRECTION('',(0.,-1.,0.));
#2387=DIRECTION('center_axis',(0.,0.,-1.));
#2388=DIRECTION('ref_axis',(-0.7071067803162,0.707106782056895,0.));
#2389=DIRECTION('center_axis',(0.,0.,-1.));
#2390=DIRECTION('ref_axis',(-0.7071067803162,0.707106782056895,0.));
#2391=DIRECTION('',(0.499999999384572,-0.500000000615429,0.707106781186547));
#2392=DIRECTION('center_axis',(0.,0.,1.));
#2393=DIRECTION('ref_axis',(-0.7071067803162,0.707106782056895,0.));
#2394=DIRECTION('center_axis',(0.499999999384572,-0.500000000615427,-0.707106781186548));
#2395=DIRECTION('ref_axis',(-0.816496581262723,0.,-0.577350268715868));
#2396=DIRECTION('',(0.707106782056894,0.707106780316201,0.));
#2397=DIRECTION('',(0.49999999938457,-0.500000000615426,0.70710678118655));
#2398=DIRECTION('',(-0.707106782056894,-0.707106780316201,0.));
#2399=DIRECTION('center_axis',(0.,0.,-1.));
#2400=DIRECTION('ref_axis',(-4.05733828756636E-8,0.999999999999999,0.));
#2401=DIRECTION('center_axis',(0.,0.,-1.));
#2402=DIRECTION('ref_axis',(-4.05733828756636E-8,0.999999999999999,0.));
#2403=DIRECTION('',(2.86897133296773E-8,-0.707106781186548,0.707106781186546));
#2404=DIRECTION('center_axis',(0.,0.,1.));
#2405=DIRECTION('ref_axis',(-4.05733828756636E-8,0.999999999999999,0.));
#2406=DIRECTION('center_axis',(2.86897112524883E-8,-0.707106781186546,-0.707106781186549));
#2407=DIRECTION('ref_axis',(-0.999999999999999,0.,-4.05733787538368E-8));
#2408=DIRECTION('',(0.999999999999999,4.05733787538369E-8,0.));
#2409=DIRECTION('',(-0.999999999999999,-4.05733787538369E-8,0.));
#2410=DIRECTION('center_axis',(0.,-1.,0.));
#2411=DIRECTION('ref_axis',(1.,0.,0.));
#2412=DIRECTION('',(0.,0.,1.));
#2413=DIRECTION('',(1.,0.,0.));
#2414=DIRECTION('',(0.,0.,1.));
#2415=DIRECTION('center_axis',(0.,0.,1.));
#2416=DIRECTION('ref_axis',(0.,-1.,0.));
#2417=DIRECTION('',(0.,0.,1.));
#2418=DIRECTION('center_axis',(0.,0.,1.));
#2419=DIRECTION('ref_axis',(0.,-1.,0.));
#2420=DIRECTION('center_axis',(1.,0.,0.));
#2421=DIRECTION('ref_axis',(0.,1.,0.));
#2422=DIRECTION('',(0.,0.,1.));
#2423=DIRECTION('center_axis',(-1.,1.46218704148723E-17,0.));
#2424=DIRECTION('ref_axis',(-1.46218704148723E-17,-1.,0.));
#2425=DIRECTION('',(0.,0.,1.));
#2426=DIRECTION('',(0.,1.,0.));
#2427=DIRECTION('center_axis',(1.,0.,0.));
#2428=DIRECTION('ref_axis',(0.,-1.,0.));
#2429=DIRECTION('center_axis',(0.,0.,1.));
#2430=DIRECTION('ref_axis',(-0.7071067803162,0.707106782056895,0.));
#2431=DIRECTION('',(0.,0.,1.));
#2432=DIRECTION('center_axis',(0.707106780316201,-0.707106782056894,0.));
#2433=DIRECTION('ref_axis',(0.707106782056894,0.707106780316201,0.));
#2434=DIRECTION('',(0.,0.,1.));
#2435=DIRECTION('center_axis',(-0.707106780316201,0.707106782056894,0.));
#2436=DIRECTION('ref_axis',(-0.707106782056894,-0.707106780316201,0.));
#2437=DIRECTION('',(0.,0.,1.));
#2438=DIRECTION('',(0.707106782056894,0.707106780316201,0.));
#2439=DIRECTION('',(0.,0.,1.));
#2440=DIRECTION('center_axis',(-0.707106780316201,0.707106782056894,0.));
#2441=DIRECTION('ref_axis',(-0.707106782056894,-0.707106780316201,0.));
#2442=DIRECTION('center_axis',(0.,0.,1.));
#2443=DIRECTION('ref_axis',(-4.05733828756636E-8,0.999999999999999,0.));
#2444=DIRECTION('',(0.,0.,1.));
#2445=DIRECTION('center_axis',(4.05733787538369E-8,-0.999999999999999,0.));
#2446=DIRECTION('ref_axis',(0.999999999999999,4.05733787538369E-8,0.));
#2447=DIRECTION('',(0.,0.,1.));
#2448=DIRECTION('',(0.999999999999999,4.05733787538369E-8,0.));
#2449=DIRECTION('',(0.,0.,1.));
#2450=DIRECTION('',(0.,0.,1.));
#2451=DIRECTION('center_axis',(4.05733787538369E-8,-0.999999999999999,0.));
#2452=DIRECTION('ref_axis',(0.999999999999999,4.05733787538369E-8,0.));
#2453=DIRECTION('',(0.,0.,1.));
#2454=DIRECTION('center_axis',(0.,0.,1.));
#2455=DIRECTION('ref_axis',(4.05733668884524E-8,-0.999999999999999,0.));
#2456=DIRECTION('',(0.,0.,1.));
#2457=DIRECTION('center_axis',(0.,0.,1.));
#2458=DIRECTION('ref_axis',(4.05733668884524E-8,-0.999999999999999,0.));
#2459=DIRECTION('center_axis',(0.,0.,1.));
#2460=DIRECTION('ref_axis',(1.,0.,0.));
#2461=DIRECTION('center_axis',(0.,0.,-1.));
#2462=DIRECTION('ref_axis',(0.707106781186549,-0.707106781186546,0.));
#2463=DIRECTION('',(1.,-2.38588604862118E-8,0.));
#2464=DIRECTION('center_axis',(0.,0.,-1.));
#2465=DIRECTION('ref_axis',(0.,1.,0.));
#2466=DIRECTION('',(0.707106781186552,0.707106781186543,0.));
#2467=DIRECTION('center_axis',(0.,0.,-1.));
#2468=DIRECTION('ref_axis',(-0.707106781186547,0.707106781186548,0.));
#2469=DIRECTION('',(0.,1.,0.));
#2470=DIRECTION('center_axis',(0.,0.,-1.));
#2471=DIRECTION('ref_axis',(-1.,0.,0.));
#2472=DIRECTION('',(-0.707106781186546,-0.707106781186549,0.));
#2473=DIRECTION('center_axis',(0.,0.,-1.));
#2474=DIRECTION('ref_axis',(0.707106781186549,-0.707106781186546,0.));
#2475=DIRECTION('',(-0.500000000000003,0.499999999999998,0.707106781186547));
#2476=DIRECTION('center_axis',(0.,0.,1.));
#2477=DIRECTION('ref_axis',(0.707106781186549,-0.707106781186546,0.));
#2478=DIRECTION('',(-4.1869132231567E-15,0.707106781186552,-0.707106781186543));
#2479=DIRECTION('center_axis',(-0.500000000000002,0.5,-0.707106781186547));
#2480=DIRECTION('ref_axis',(-0.816496580927725,0.,0.577350269189627));
#2481=DIRECTION('',(-0.499999999999998,0.5,0.707106781186549));
#2482=DIRECTION('',(0.707106781186546,0.707106781186549,0.));
#2483=DIRECTION('center_axis',(0.,0.,-1.));
#2484=DIRECTION('ref_axis',(-1.,0.,0.));
#2485=DIRECTION('',(0.707106781186548,0.,0.707106781186547));
#2486=DIRECTION('center_axis',(0.,0.,1.));
#2487=DIRECTION('ref_axis',(-1.,0.,0.));
#2488=DIRECTION('center_axis',(0.707106781186547,0.,-0.707106781186548));
#2489=DIRECTION('ref_axis',(-0.707106781186548,0.,-0.707106781186547));
#2490=DIRECTION('',(0.707106781186548,0.,0.707106781186547));
#2491=DIRECTION('',(0.,-1.,0.));
#2492=DIRECTION('center_axis',(0.,0.,-1.));
#2493=DIRECTION('ref_axis',(-0.707106781186547,0.707106781186548,0.));
#2494=DIRECTION('',(0.499999999999999,-0.499999999999999,0.707106781186548));
#2495=DIRECTION('center_axis',(0.,0.,1.));
#2496=DIRECTION('ref_axis',(-0.707106781186547,0.707106781186548,0.));
#2497=DIRECTION('center_axis',(0.499999999999994,-0.500000000000001,-0.707106781186551));
#2498=DIRECTION('ref_axis',(-0.81649658092773,0.,-0.57735026918962));
#2499=DIRECTION('',(0.500000000000002,-0.500000000000004,0.707106781186543));
#2500=DIRECTION('',(-0.707106781186552,-0.707106781186543,0.));
#2501=DIRECTION('center_axis',(0.,0.,-1.));
#2502=DIRECTION('ref_axis',(0.,1.,0.));
#2503=DIRECTION('',(-4.18691433636853E-15,-0.707106593181739,0.707106969191306));
#2504=DIRECTION('center_axis',(0.,0.,1.));
#2505=DIRECTION('ref_axis',(0.,1.,0.));
#2506=DIRECTION('center_axis',(-1.68707620411841E-8,-0.707106781186546,
-0.707106781186548));
#2507=DIRECTION('ref_axis',(-1.,0.,2.38588604862117E-8));
#2508=DIRECTION('',(-1.,2.38588604862118E-8,0.));
#2509=DIRECTION('center_axis',(0.707106781186543,-0.707106781186552,0.));
#2510=DIRECTION('ref_axis',(0.707106781186552,0.707106781186543,0.));
#2511=DIRECTION('',(0.,0.,1.));
#2512=DIRECTION('',(0.707106781186552,0.707106781186543,0.));
#2513=DIRECTION('',(0.,0.,1.));
#2514=DIRECTION('center_axis',(0.,0.,1.));
#2515=DIRECTION('ref_axis',(0.,1.,0.));
#2516=DIRECTION('',(0.,0.,1.));
#2517=DIRECTION('center_axis',(0.,0.,-1.));
#2518=DIRECTION('ref_axis',(0.,1.,0.));
#2519=DIRECTION('center_axis',(-2.38588604862118E-8,-1.,0.));
#2520=DIRECTION('ref_axis',(1.,-2.38588604862118E-8,0.));
#2521=DIRECTION('',(0.,0.,1.));
#2522=DIRECTION('',(1.,-2.38588604862118E-8,0.));
#2523=DIRECTION('center_axis',(-2.38588604862118E-8,-1.,0.));
#2524=DIRECTION('ref_axis',(-1.,2.38588604862118E-8,0.));
#2525=DIRECTION('center_axis',(0.,0.,1.));
#2526=DIRECTION('ref_axis',(0.707106781186549,-0.707106781186546,0.));
#2527=DIRECTION('',(0.,0.,1.));
#2528=DIRECTION('center_axis',(0.,0.,-1.));
#2529=DIRECTION('ref_axis',(0.707106781186549,-0.707106781186546,0.));
#2530=DIRECTION('center_axis',(0.,0.,-1.));
#2531=DIRECTION('ref_axis',(4.05733668884524E-8,-0.999999999999999,0.));
#2532=DIRECTION('',(-0.707106781186549,0.,0.707106781186546));
#2533=DIRECTION('center_axis',(0.,0.,-1.));
#2534=DIRECTION('ref_axis',(4.05733668884524E-8,-0.999999999999999,0.));
#2535=DIRECTION('',(2.86897007689377E-8,-0.707106781186548,-0.707106781186546));
#2536=DIRECTION('center_axis',(0.707106781186546,2.09345658326549E-15,0.707106781186549));
#2537=DIRECTION('ref_axis',(0.707106781186549,0.,-0.707106781186546));
#2538=DIRECTION('',(-0.707106781186549,0.,0.707106781186546));
#2539=DIRECTION('',(2.9605946922933E-15,-1.,0.));
#2540=DIRECTION('',(-2.9605946922933E-15,1.,0.));
#2541=DIRECTION('center_axis',(0.,0.,-1.));
#2542=DIRECTION('ref_axis',(1.,0.,0.));
#2543=DIRECTION('',(0.,-0.707106781186549,0.707106781186546));
#2544=DIRECTION('center_axis',(0.,0.,-1.));
#2545=DIRECTION('ref_axis',(1.,0.,0.));
#2546=DIRECTION('center_axis',(0.,0.,1.));
#2547=DIRECTION('ref_axis',(1.,0.,0.));
#2548=DIRECTION('center_axis',(0.,0.707106781186546,0.707106781186549));
#2549=DIRECTION('ref_axis',(1.,0.,0.));
#2550=DIRECTION('',(0.,-0.707106781186549,0.707106781186546));
#2551=DIRECTION('',(1.,0.,0.));
#2552=DIRECTION('center_axis',(0.,0.,-1.));
#2553=DIRECTION('ref_axis',(8.88178419700112E-16,1.,0.));
#2554=DIRECTION('',(0.499999999999997,-0.500000000000006,0.707106781186545));
#2555=DIRECTION('center_axis',(0.,0.,-1.));
#2556=DIRECTION('ref_axis',(8.88178419700113E-16,1.,0.));
#2557=DIRECTION('center_axis',(0.,0.,1.));
#2558=DIRECTION('ref_axis',(8.88178419700112E-16,1.,0.));
#2559=DIRECTION('center_axis',(-0.500000000000002,0.499999999999997,0.707106781186548));
#2560=DIRECTION('ref_axis',(0.816496580927725,0.,0.577350269189627));
#2561=DIRECTION('',(0.500000000000001,-0.499999999999999,0.707106781186548));
#2562=DIRECTION('',(0.707106781186544,0.707106781186551,0.));
#2563=DIRECTION('',(-0.707106781186544,-0.707106781186551,0.));
#2564=DIRECTION('center_axis',(0.,0.,-1.));
#2565=DIRECTION('ref_axis',(-0.707106781186551,0.707106781186544,0.));
#2566=DIRECTION('',(0.707106781186547,0.,0.707106781186548));
#2567=DIRECTION('center_axis',(0.,0.,-1.));
#2568=DIRECTION('ref_axis',(-0.707106781186551,0.707106781186544,0.));
#2569=DIRECTION('center_axis',(0.,0.,1.));
#2570=DIRECTION('ref_axis',(-0.707106781186551,0.707106781186544,0.));
#2571=DIRECTION('center_axis',(-0.707106781186548,1.03392237239872E-17,
0.707106781186547));
#2572=DIRECTION('ref_axis',(0.707106781186547,0.,0.707106781186548));
#2573=DIRECTION('',(0.707106781186547,0.,0.707106781186548));
#2574=DIRECTION('',(1.46218704148723E-17,1.,0.));
#2575=DIRECTION('',(-1.46218704148723E-17,-1.,0.));
#2576=DIRECTION('center_axis',(0.,0.,-1.));
#2577=DIRECTION('ref_axis',(-1.,1.11022302462516E-15,0.));
#2578=DIRECTION('',(-1.30841038223648E-16,0.707106781186548,0.707106781186547));
#2579=DIRECTION('center_axis',(0.,0.,-1.));
#2580=DIRECTION('ref_axis',(-1.,1.11022302462516E-15,0.));
#2581=DIRECTION('center_axis',(0.,0.,1.));
#2582=DIRECTION('ref_axis',(-1.,1.11022302462516E-15,0.));
#2583=DIRECTION('center_axis',(0.,-0.707106781186548,0.707106781186548));
#2584=DIRECTION('ref_axis',(1.,0.,0.));
#2585=DIRECTION('',(5.23364152894592E-16,0.707106781186547,0.707106781186547));
#2586=DIRECTION('',(-1.,0.,0.));
#2587=DIRECTION('center_axis',(0.,0.,-1.));
#2588=DIRECTION('ref_axis',(0.,-1.,0.));
#2589=DIRECTION('',(-0.707106781186547,0.,0.707106781186547));
#2590=DIRECTION('center_axis',(0.,0.,-1.));
#2591=DIRECTION('ref_axis',(0.,-1.,0.));
#2592=DIRECTION('center_axis',(0.707106781186548,0.,0.707106781186548));
#2593=DIRECTION('ref_axis',(0.707106781186548,0.,-0.707106781186548));
#2594=DIRECTION('',(-0.707106781186547,0.,0.707106781186547));
#2595=DIRECTION('',(0.,-1.,0.));
#2596=DIRECTION('center_axis',(0.,0.,1.));
#2597=DIRECTION('ref_axis',(-0.7071067803162,0.707106782056895,0.));
#2598=DIRECTION('',(-0.499999999384572,0.500000000615429,0.707106781186547));
#2599=DIRECTION('center_axis',(0.,0.,1.));
#2600=DIRECTION('ref_axis',(-0.7071067803162,0.707106782056895,0.));
#2601=DIRECTION('center_axis',(0.,0.,-1.));
#2602=DIRECTION('ref_axis',(-0.7071067803162,0.707106782056895,0.));
#2603=DIRECTION('center_axis',(0.499999999384572,-0.500000000615427,0.707106781186549));
#2604=DIRECTION('ref_axis',(0.816496581262723,0.,-0.577350268715868));
#2605=DIRECTION('',(-0.49999999938457,0.500000000615427,0.707106781186549));
#2606=DIRECTION('',(-0.707106782056894,-0.707106780316201,0.));
#2607=DIRECTION('center_axis',(0.,0.,1.));
#2608=DIRECTION('ref_axis',(-4.05733828756636E-8,0.999999999999999,0.));
#2609=DIRECTION('',(-2.86897133296773E-8,0.707106781186548,0.707106781186546));
#2610=DIRECTION('center_axis',(0.,0.,1.));
#2611=DIRECTION('ref_axis',(-4.05733828756636E-8,0.999999999999999,0.));
#2612=DIRECTION('center_axis',(0.,0.,-1.));
#2613=DIRECTION('ref_axis',(-4.05733828756636E-8,0.999999999999999,0.));
#2614=DIRECTION('center_axis',(2.86897112524882E-8,-0.707106781186546,0.707106781186549));
#2615=DIRECTION('ref_axis',(0.999999999999999,0.,-4.05733787538367E-8));
#2616=DIRECTION('',(-0.999999999999999,-4.05733787538369E-8,0.));
#2617=DIRECTION('center_axis',(-1.,1.46218704148723E-17,0.));
#2618=DIRECTION('ref_axis',(-1.46218704148723E-17,-1.,0.));
#2619=DIRECTION('',(0.,0.,1.));
#2620=DIRECTION('',(0.,0.,1.));
#2621=DIRECTION('center_axis',(-1.,1.46218704148723E-17,0.));
#2622=DIRECTION('ref_axis',(-1.46218704148723E-17,-1.,0.));
#2623=DIRECTION('center_axis',(-1.,1.46218704148723E-17,0.));
#2624=DIRECTION('ref_axis',(-1.46218704148723E-17,-1.,0.));
#2625=DIRECTION('center_axis',(-1.,1.46218704148723E-17,0.));
#2626=DIRECTION('ref_axis',(-1.46218704148723E-17,-1.,0.));
#2627=DIRECTION('',(0.,0.,1.));
#2628=DIRECTION('',(-1.46218704148723E-17,-1.,0.));
#2629=DIRECTION('',(0.,0.,-1.));
#2630=DIRECTION('center_axis',(0.,0.,1.));
#2631=DIRECTION('ref_axis',(-0.707106781186551,0.707106781186544,0.));
#2632=DIRECTION('',(0.,0.,1.));
#2633=DIRECTION('center_axis',(-0.707106781186551,0.707106781186544,0.));
#2634=DIRECTION('ref_axis',(-0.707106781186544,-0.707106781186551,0.));
#2635=DIRECTION('',(0.,0.,1.));
#2636=DIRECTION('center_axis',(0.,0.,1.));
#2637=DIRECTION('ref_axis',(8.88178419700113E-16,1.,0.));
#2638=DIRECTION('center_axis',(0.,0.,1.));
#2639=DIRECTION('ref_axis',(1.,0.,0.));
#2640=DIRECTION('',(0.,0.,1.));
#2641=DIRECTION('center_axis',(1.,2.9605946922933E-15,0.));
#2642=DIRECTION('ref_axis',(-2.9605946922933E-15,1.,0.));
#2643=DIRECTION('center_axis',(0.,0.,1.));
#2644=DIRECTION('ref_axis',(1.,0.,0.));
#2645=DIRECTION('center_axis',(0.,0.,1.));
#2646=DIRECTION('ref_axis',(0.707106781186549,-0.707106781186546,0.));
#2647=DIRECTION('',(0.707106781186546,0.707106781186549,0.));
#2648=DIRECTION('center_axis',(0.,0.,1.));
#2649=DIRECTION('ref_axis',(-1.,0.,0.));
#2650=DIRECTION('',(0.,-1.,0.));
#2651=DIRECTION('center_axis',(0.,0.,1.));
#2652=DIRECTION('ref_axis',(-0.707106781186547,0.707106781186548,0.));
#2653=DIRECTION('',(-0.707106781186552,-0.707106781186543,0.));
#2654=DIRECTION('center_axis',(0.,0.,1.));
#2655=DIRECTION('ref_axis',(0.,1.,0.));
#2656=DIRECTION('',(-1.,2.38588604862118E-8,0.));
#2657=DIRECTION('center_axis',(0.,0.,1.));
#2658=DIRECTION('ref_axis',(0.707106781186549,-0.707106781186546,0.));
#2659=DIRECTION('',(0.500000000000003,-0.499999999999999,0.707106781186547));
#2660=DIRECTION('',(4.1869132231567E-15,-0.707106781186553,-0.707106781186542));
#2661=DIRECTION('center_axis',(-0.500000000000001,0.499999999999999,0.707106781186547));
#2662=DIRECTION('ref_axis',(0.816496580927725,0.,0.577350269189627));
#2663=DIRECTION('',(0.499999999999998,-0.5,0.707106781186549));
#2664=DIRECTION('',(-0.707106781186546,-0.707106781186549,0.));
#2665=DIRECTION('center_axis',(0.,0.,1.));
#2666=DIRECTION('ref_axis',(-1.,0.,0.));
#2667=DIRECTION('',(-0.707106781186548,0.,0.707106781186547));
#2668=DIRECTION('center_axis',(0.,0.,-1.));
#2669=DIRECTION('ref_axis',(-1.,0.,0.));
#2670=DIRECTION('center_axis',(0.707106781186548,0.,0.707106781186548));
#2671=DIRECTION('ref_axis',(0.707106781186548,0.,-0.707106781186548));
#2672=DIRECTION('',(-0.707106781186547,0.,0.707106781186547));
#2673=DIRECTION('',(0.,1.,0.));
#2674=DIRECTION('center_axis',(0.,0.,1.));
#2675=DIRECTION('ref_axis',(-0.707106781186547,0.707106781186548,0.));
#2676=DIRECTION('',(-0.5,0.5,0.707106781186548));
#2677=DIRECTION('center_axis',(0.,0.,-1.));
#2678=DIRECTION('ref_axis',(-0.707106781186547,0.707106781186548,0.));
#2679=DIRECTION('center_axis',(0.499999999999994,-0.500000000000001,0.707106781186551));
#2680=DIRECTION('ref_axis',(0.816496580927731,0.,-0.577350269189619));
#2681=DIRECTION('',(-0.500000000000002,0.500000000000004,0.707106781186543));
#2682=DIRECTION('center_axis',(0.,0.,1.));
#2683=DIRECTION('ref_axis',(0.,1.,0.));
#2684=DIRECTION('',(4.18691433636853E-15,0.707106593181739,0.707106969191306));
#2685=DIRECTION('center_axis',(-1.68707620411841E-8,-0.707106781186546,
0.707106781186549));
#2686=DIRECTION('ref_axis',(1.,0.,2.38588604862117E-8));
#2687=DIRECTION('center_axis',(1.,0.,0.));
#2688=DIRECTION('ref_axis',(0.,1.,0.));
#2689=DIRECTION('',(0.,0.,1.));
#2690=DIRECTION('',(0.,0.,1.));
#2691=DIRECTION('center_axis',(1.,0.,0.));
#2692=DIRECTION('ref_axis',(0.,-1.,0.));
#2693=DIRECTION('center_axis',(0.,0.,1.));
#2694=DIRECTION('ref_axis',(-1.,0.,0.));
#2695=DIRECTION('',(0.,0.,1.));
#2696=DIRECTION('center_axis',(-0.707106781186549,0.707106781186546,0.));
#2697=DIRECTION('ref_axis',(-0.707106781186546,-0.707106781186549,0.));
#2698=DIRECTION('center_axis',(0.,0.707106781186548,0.707106781186548));
#2699=DIRECTION('ref_axis',(1.,0.,0.));
#2700=DIRECTION('',(-1.,0.,0.));
#2701=DIRECTION('center_axis',(0.,1.,0.));
#2702=DIRECTION('ref_axis',(0.,0.,1.));
#2703=DIRECTION('',(1.,0.,0.));
#2704=DIRECTION('center_axis',(0.,0.707106781186548,-0.707106781186548));
#2705=DIRECTION('ref_axis',(-1.,0.,0.));
#2706=DIRECTION('',(0.,-0.707106781186548,-0.707106781186548));
#2707=DIRECTION('center_axis',(1.,0.,0.));
#2708=DIRECTION('ref_axis',(0.,0.,-1.));
#2709=DIRECTION('center_axis',(0.,1.,0.));
#2710=DIRECTION('ref_axis',(-1.,0.,0.));
#2711=DIRECTION('',(-0.707106781186547,-0.707106781186547,8.65956056235493E-17));
#2712=DIRECTION('center_axis',(0.,-1.,0.));
#2713=DIRECTION('ref_axis',(-1.,0.,0.));
#2714=DIRECTION('center_axis',(0.,-1.,0.));
#2715=DIRECTION('ref_axis',(-1.,0.,0.));
#2716=DIRECTION('',(0.,-1.,0.));
#2717=DIRECTION('center_axis',(-4.05733787538369E-8,0.999999999999999,0.));
#2718=DIRECTION('ref_axis',(0.999999999999999,4.05733787538369E-8,0.));
#2719=DIRECTION('center_axis',(0.,1.,0.));
#2720=DIRECTION('ref_axis',(-1.,0.,0.));
#2721=DIRECTION('center_axis',(-4.05733787538369E-8,0.999999999999999,0.));
#2722=DIRECTION('ref_axis',(0.999999999999999,4.05733787538369E-8,0.));
#2723=DIRECTION('center_axis',(4.05733774164362E-8,-0.999999999999999,0.));
#2724=DIRECTION('ref_axis',(0.999999999999999,4.05733787538369E-8,0.));
#2725=DIRECTION('',(0.0541057233280647,0.707106931495219,0.705033586529438));
#2726=DIRECTION('',(0.0541057110811308,0.707106783381791,-0.705033736018257));
#2727=DIRECTION('center_axis',(0.,-1.,0.));
#2728=DIRECTION('ref_axis',(-1.,0.,0.));
#2729=DIRECTION('center_axis',(0.,-1.,0.));
#2730=DIRECTION('ref_axis',(-1.,0.,0.));
#2731=DIRECTION('center_axis',(0.,1.,0.));
#2732=DIRECTION('ref_axis',(-1.,0.,0.));
#2733=DIRECTION('',(-0.707106781186549,-0.707106781186546,8.65956056235495E-17));
#2734=DIRECTION('center_axis',(0.,-1.,0.));
#2735=DIRECTION('ref_axis',(-1.,0.,0.));
#2736=DIRECTION('center_axis',(0.,-1.,0.));
#2737=DIRECTION('ref_axis',(-1.,0.,0.));
#2738=DIRECTION('',(0.,-1.,0.));
#2739=DIRECTION('center_axis',(2.38588604862118E-8,1.,0.));
#2740=DIRECTION('ref_axis',(-1.,2.38588604862118E-8,0.));
#2741=DIRECTION('center_axis',(-2.38588621223395E-8,-1.,0.));
#2742=DIRECTION('ref_axis',(-1.,2.38588604862118E-8,0.));
#2743=DIRECTION('',(-0.707106764315785,0.70710679805731,-8.65956056235494E-17));
#2744=DIRECTION('center_axis',(-1.,0.,0.));
#2745=DIRECTION('ref_axis',(-7.94666870373494E-18,-1.,0.));
#2746=DIRECTION('',(0.707106781186549,-0.707106781186546,8.65956056235492E-17));
#2747=DIRECTION('center_axis',(1.,-1.46218704148723E-17,0.));
#2748=DIRECTION('ref_axis',(0.,-1.,0.));
#2749=DIRECTION('center_axis',(1.,0.,0.));
#2750=DIRECTION('ref_axis',(0.,-1.,0.));
#2751=DIRECTION('',(1.,0.,0.));
#2752=DIRECTION('center_axis',(-1.,0.,0.));
#2753=DIRECTION('ref_axis',(0.,-1.,0.));
#2754=DIRECTION('center_axis',(1.,0.,0.));
#2755=DIRECTION('ref_axis',(0.,-1.,0.));
#2756=DIRECTION('',(-0.707106781186549,-0.707106781186546,-8.65956056235492E-17));
#2757=DIRECTION('',(0.382683432365088,-0.923879532511288,0.));
#2758=DIRECTION('center_axis',(1.,0.,0.));
#2759=DIRECTION('ref_axis',(0.,-1.,0.));
#2760=DIRECTION('',(1.,0.,0.));
#2761=DIRECTION('',(-0.923879532746802,-0.382683431796506,0.));
#2762=DIRECTION('center_axis',(1.,0.,0.));
#2763=DIRECTION('ref_axis',(0.,-1.,0.));
#2764=DIRECTION('center_axis',(-1.,0.,0.));
#2765=DIRECTION('ref_axis',(0.,-1.,0.));
#2766=DIRECTION('',(0.707106781186547,0.707106781186548,-8.65956056235494E-17));
#2767=DIRECTION('center_axis',(1.,0.,0.));
#2768=DIRECTION('ref_axis',(0.,-1.,0.));
#2769=DIRECTION('center_axis',(1.,-1.46218704148723E-17,0.));
#2770=DIRECTION('ref_axis',(0.,-1.,0.));
#2771=DIRECTION('',(1.,0.,0.));
#2772=DIRECTION('center_axis',(-1.,0.,0.));
#2773=DIRECTION('ref_axis',(-7.94666870373494E-18,-1.,0.));
#2774=DIRECTION('',(0.707106781186548,-0.707106781186547,8.65956056235493E-17));
#2775=DIRECTION('center_axis',(0.,-1.,0.));
#2776=DIRECTION('ref_axis',(-1.,0.,0.));
#2777=DIRECTION('',(0.,-1.,0.));
#2778=DIRECTION('',(-0.923879532275775,0.382683432933665,0.));
#2779=DIRECTION('center_axis',(-0.707106781186548,0.,0.707106781186547));
#2780=DIRECTION('ref_axis',(0.707106781186547,0.,0.707106781186548));
#2781=DIRECTION('',(-0.707106781186547,0.,-0.707106781186548));
#2782=DIRECTION('center_axis',(0.,-1.,0.));
#2783=DIRECTION('ref_axis',(0.,0.,1.));
#2784=DIRECTION('center_axis',(0.,1.,0.));
#2785=DIRECTION('ref_axis',(0.,0.,-1.));
#2786=DIRECTION('center_axis',(0.,-1.,0.));
#2787=DIRECTION('ref_axis',(-1.,0.,0.));
#2788=DIRECTION('center_axis',(0.,1.,0.));
#2789=DIRECTION('ref_axis',(-1.,0.,0.));
#2790=DIRECTION('center_axis',(0.,1.,0.));
#2791=DIRECTION('ref_axis',(-1.,0.,0.));
#2792=DIRECTION('center_axis',(0.,0.,1.));
#2793=DIRECTION('ref_axis',(-4.05733828756636E-8,0.999999999999999,0.));
#2794=DIRECTION('center_axis',(1.,0.,0.));
#2795=DIRECTION('ref_axis',(0.,1.,-1.22464679914735E-16));
#2796=DIRECTION('center_axis',(0.,0.,1.));
#2797=DIRECTION('ref_axis',(-0.7071067803162,0.707106782056895,0.));
#2798=DIRECTION('center_axis',(0.,0.,1.));
#2799=DIRECTION('ref_axis',(-0.707106781186547,0.707106781186548,0.));
#2800=DIRECTION('center_axis',(0.,0.,1.));
#2801=DIRECTION('ref_axis',(-1.,1.11022302462516E-15,0.));
#2802=CARTESIAN_POINT('',(0.,0.,0.));
#2803=CARTESIAN_POINT('Origin',(4.24034242031296E-16,35.0000000745058,10.));
#2804=CARTESIAN_POINT('',(3.8016863078668E-16,32.0000000745058,14.));
#2805=CARTESIAN_POINT('',(-0.5,32.0000000745058,14.));
#2806=CARTESIAN_POINT('',(4.24034242031296E-16,32.0000000745058,14.));
#2807=CARTESIAN_POINT('',(3.8016863078668E-16,32.0000000745058,6.));
#2808=CARTESIAN_POINT('Origin',(4.24034242031296E-16,35.0000000745058,10.));
#2809=CARTESIAN_POINT('',(-0.5,32.0000000745058,6.));
#2810=CARTESIAN_POINT('',(4.24034242031296E-16,32.0000000745058,6.));
#2811=CARTESIAN_POINT('',(-2.5,30.41742437955,8.));
#2812=CARTESIAN_POINT('Origin',(-4.5,35.0000000745058,10.));
#2813=CARTESIAN_POINT('',(-2.5,30.41742437955,12.));
#2814=CARTESIAN_POINT('Origin',(-2.5,35.0000000745058,10.));
#2815=CARTESIAN_POINT('Origin',(-4.5,35.0000000745058,10.));
#2816=CARTESIAN_POINT('Origin',(5.84874816594892E-17,10.0000000745058,10.));
#2817=CARTESIAN_POINT('',(1.02353092904106E-16,13.0000000745058,6.));
#2818=CARTESIAN_POINT('',(-0.500000000000001,13.0000000745058,6.));
#2819=CARTESIAN_POINT('',(5.84874816594892E-17,13.0000000745058,6.));
#2820=CARTESIAN_POINT('',(1.02353092904106E-16,13.0000000745058,14.));
#2821=CARTESIAN_POINT('Origin',(5.84874816594892E-17,10.0000000745058,10.));
#2822=CARTESIAN_POINT('',(-0.500000000000003,13.0000000745058,14.));
#2823=CARTESIAN_POINT('',(5.84874816594892E-17,13.0000000745058,14.));
#2824=CARTESIAN_POINT('',(-2.5,14.5825757694616,12.));
#2825=CARTESIAN_POINT('Origin',(-4.5,10.0000000745058,10.));
#2826=CARTESIAN_POINT('',(-2.5,14.5825757694616,8.));
#2827=CARTESIAN_POINT('Origin',(-2.5,10.0000000745058,10.));
#2828=CARTESIAN_POINT('Origin',(-4.5,10.0000000745058,10.));
#2829=CARTESIAN_POINT('Origin',(3.8016863078668E-16,32.0000000745058,14.5));
#2830=CARTESIAN_POINT('',(3.8016863078668E-16,32.0000000745058,9.12499999999999));
#2831=CARTESIAN_POINT('',(3.8016863078668E-16,32.0000000745058,10.875));
#2832=CARTESIAN_POINT('',(3.8016863078668E-16,32.0000000745058,12.25));
#2833=CARTESIAN_POINT('Ctrl Pts',(1.09756258662505E-15,32.0000000745058,
10.875));
#2834=CARTESIAN_POINT('Ctrl Pts',(0.245000000000005,32.0000000745058,10.));
#2835=CARTESIAN_POINT('Ctrl Pts',(7.87381855622316E-16,32.0000000745058,
9.12499999999999));
#2836=CARTESIAN_POINT('Origin',(3.8016863078668E-16,32.0000000745058,14.5));
#2837=CARTESIAN_POINT('',(3.8016863078668E-16,32.0000000745058,5.5));
#2838=CARTESIAN_POINT('',(3.8016863078668E-16,32.0000000745058,7.25));
#2839=CARTESIAN_POINT('',(-2.875,32.0000000745058,8.375));
#2840=CARTESIAN_POINT('Origin',(-1.25,27.2500000745058,6.75));
#2841=CARTESIAN_POINT('',(1.02353092904106E-16,13.0000000745058,5.5));
#2842=CARTESIAN_POINT('',(4.67640071549629E-16,37.9822334195627,5.5));
#2843=CARTESIAN_POINT('',(-0.625,13.0000000745058,6.125));
#2844=CARTESIAN_POINT('',(-2.5,27.2500000745058,8.));
#2845=CARTESIAN_POINT('Origin',(-2.5,22.5000000745058,10.));
#2846=CARTESIAN_POINT('',(-2.5,17.7500000745058,12.));
#2847=CARTESIAN_POINT('Origin',(1.02353092904106E-16,13.0000000745058,5.5));
#2848=CARTESIAN_POINT('',(1.02353092904106E-16,13.0000000745058,10.875));
#2849=CARTESIAN_POINT('',(1.02353092904106E-16,13.0000000745058,9.12499999999999));
#2850=CARTESIAN_POINT('',(1.02353092904106E-16,13.0000000745058,7.75));
#2851=CARTESIAN_POINT('',(0.125000000000003,13.0000000745058,10.));
#2852=CARTESIAN_POINT('Ctrl Pts',(4.17550984042136E-16,13.0000000745058,
9.12499999999999));
#2853=CARTESIAN_POINT('Ctrl Pts',(0.125000000000004,13.0000000745058,9.57142857142857));
#2854=CARTESIAN_POINT('Ctrl Pts',(0.125000000000003,13.0000000745058,10.));
#2855=CARTESIAN_POINT('Ctrl Pts',(0.125000000000003,13.0000000745058,10.));
#2856=CARTESIAN_POINT('Ctrl Pts',(0.125000000000003,13.0000000745058,10.4285714285714));
#2857=CARTESIAN_POINT('Ctrl Pts',(2.8632067477175E-16,13.0000000745058,
10.875));
#2858=CARTESIAN_POINT('Origin',(1.02353092904106E-16,13.0000000745058,5.5));
#2859=CARTESIAN_POINT('',(1.02353092904106E-16,13.0000000745058,14.5));
#2860=CARTESIAN_POINT('',(1.02353092904106E-16,13.0000000745058,2.75));
#2861=CARTESIAN_POINT('',(-2.875,13.0000000745058,11.625));
#2862=CARTESIAN_POINT('Origin',(39.9178677501135,51.0000003368881,10.));
#2863=CARTESIAN_POINT('',(36.9178677501135,51.5000003368881,6.));
#2864=CARTESIAN_POINT('',(36.9178677501135,51.0000003368881,6.));
#2865=CARTESIAN_POINT('',(36.9178677501135,51.0000003368881,6.));
#2866=CARTESIAN_POINT('',(35.3352920551576,53.5000003368881,8.));
#2867=CARTESIAN_POINT('Origin',(39.9178677501135,55.5000003368881,10.));
#2868=CARTESIAN_POINT('',(35.3352920551576,53.5000003368881,12.));
#2869=CARTESIAN_POINT('Origin',(39.9178677501135,53.5000003368881,10.));
#2870=CARTESIAN_POINT('',(36.9178677501135,51.5000003368881,14.));
#2871=CARTESIAN_POINT('Origin',(39.9178677501135,55.5000003368881,10.));
#2872=CARTESIAN_POINT('',(36.9178677501135,51.0000003368881,14.));
#2873=CARTESIAN_POINT('',(36.9178677501135,51.0000003368881,14.));
#2874=CARTESIAN_POINT('Origin',(39.9178677501135,51.0000003368881,10.));
#2875=CARTESIAN_POINT('Origin',(14.9178677501135,51.0000003368881,10.));
#2876=CARTESIAN_POINT('',(17.9178677501135,51.0000003368881,6.));
#2877=CARTESIAN_POINT('',(17.9178677501135,51.5000003368881,6.));
#2878=CARTESIAN_POINT('',(17.9178677501135,51.0000003368881,6.));
#2879=CARTESIAN_POINT('',(17.9178677501135,51.0000003368881,14.));
#2880=CARTESIAN_POINT('Origin',(14.9178677501135,51.0000003368881,10.));
#2881=CARTESIAN_POINT('',(17.9178677501135,51.5000003368881,14.));
#2882=CARTESIAN_POINT('',(17.9178677501135,51.0000003368881,14.));
#2883=CARTESIAN_POINT('',(19.5004434450693,53.5000003368881,12.));
#2884=CARTESIAN_POINT('Origin',(14.9178677501135,55.5000003368881,10.));
#2885=CARTESIAN_POINT('',(19.5004434450693,53.5000003368881,8.));
#2886=CARTESIAN_POINT('Origin',(14.9178677501135,53.5000003368881,10.));
#2887=CARTESIAN_POINT('Origin',(14.9178677501135,55.5000003368881,10.));
#2888=CARTESIAN_POINT('Origin',(36.9178677501135,51.0000003368881,14.5));
#2889=CARTESIAN_POINT('',(36.9178677501135,51.0000003368881,14.5));
#2890=CARTESIAN_POINT('',(36.9178677501135,51.6250003368881,13.875));
#2891=CARTESIAN_POINT('',(36.9178677501135,51.0000003368881,7.25));
#2892=CARTESIAN_POINT('Origin',(43.9178677501135,51.0000003368881,0.));
#2893=CARTESIAN_POINT('',(43.9178677501135,51.0000003368881,0.75));
#2894=CARTESIAN_POINT('',(43.9178677501135,51.0000003368881,19.25));
#2895=CARTESIAN_POINT('',(43.9178677501135,51.0000003368881,0.));
#2896=CARTESIAN_POINT('',(7.0355335722686,51.0000003368881,0.75));
#2897=CARTESIAN_POINT('',(33.1884008125851,51.0000003368881,0.75));
#2898=CARTESIAN_POINT('',(7.0355335722686,51.0000003368881,19.25));
#2899=CARTESIAN_POINT('',(7.0355335722686,51.0000003368881,0.));
#2900=CARTESIAN_POINT('',(33.1884008125851,51.0000003368881,19.25));
#2901=CARTESIAN_POINT('',(43.0428677501135,51.0000003368881,10.));
#2902=CARTESIAN_POINT('Origin',(39.9178677501135,51.0000003368881,10.));
#2903=CARTESIAN_POINT('',(17.9178677501135,51.0000003368881,14.5));
#2904=CARTESIAN_POINT('',(30.9178677501135,51.0000003368881,14.5));
#2905=CARTESIAN_POINT('',(17.9178677501135,51.0000003368881,2.75));
#2906=CARTESIAN_POINT('',(17.9178677501135,51.0000003368881,5.5));
#2907=CARTESIAN_POINT('',(17.9178677501135,51.0000003368881,2.75));
#2908=CARTESIAN_POINT('',(36.9178677501135,51.0000003368881,5.5));
#2909=CARTESIAN_POINT('',(40.4178677501135,51.0000003368881,5.5));
#2910=CARTESIAN_POINT('',(36.9178677501135,51.0000003368881,7.25));
#2911=CARTESIAN_POINT('',(18.0428677501135,51.0000003368881,10.));
#2912=CARTESIAN_POINT('Origin',(14.9178677501135,51.0000003368881,10.));
#2913=CARTESIAN_POINT('Origin',(17.9178677501135,51.0000003368881,5.5));
#2914=CARTESIAN_POINT('',(17.9178677501135,53.8750003368881,11.625));
#2915=CARTESIAN_POINT('Origin',(17.9178677501135,51.0000003368881,5.5));
#2916=CARTESIAN_POINT('',(17.9178677501135,51.6250003368881,6.125));
#2917=CARTESIAN_POINT('Origin',(43.9178677501135,47.0000002963148,0.375));
#2918=CARTESIAN_POINT('',(44.1678677501135,47.0000002963148,0.));
#2919=CARTESIAN_POINT('',(44.9178677501135,47.0000002963148,0.75));
#2920=CARTESIAN_POINT('',(44.1678677501135,47.0000002963148,0.));
#2921=CARTESIAN_POINT('',(43.9178677906868,46.0000002963148,0.75));
#2922=CARTESIAN_POINT('Origin',(43.9178677501135,47.0000002963148,0.75));
#2923=CARTESIAN_POINT('',(43.9178677602568,46.7500002963148,0.));
#2924=CARTESIAN_POINT('',(43.9178677906868,46.0000002963148,0.75));
#2925=CARTESIAN_POINT('Origin',(43.9178677501135,47.0000002963148,0.));
#2926=CARTESIAN_POINT('Origin',(44.5428677501135,37.5000002510059,0.375));
#2927=CARTESIAN_POINT('',(44.1678677501135,50.0000003368881,0.));
#2928=CARTESIAN_POINT('',(44.1678677501135,37.5000002510059,0.));
#2929=CARTESIAN_POINT('',(44.9178677501135,50.0000003368881,0.75));
#2930=CARTESIAN_POINT('',(44.1678677501135,50.0000003368881,0.));
#2931=CARTESIAN_POINT('',(44.9178677501135,37.5000002510059,0.75));
#2932=CARTESIAN_POINT('Origin',(43.9178677501135,50.0000003368881,0.375));
#2933=CARTESIAN_POINT('',(43.9178677501135,50.2500003368881,0.));
#2934=CARTESIAN_POINT('',(43.9178677501135,50.2500003368881,0.));
#2935=CARTESIAN_POINT('Origin',(43.9178677501135,50.0000003368881,0.75));
#2936=CARTESIAN_POINT('Origin',(43.9178677501135,50.0000003368881,0.));
#2937=CARTESIAN_POINT('Origin',(33.1884008125851,50.6250003368881,0.375));
#2938=CARTESIAN_POINT('',(7.0355335722686,50.2500003368881,0.));
#2939=CARTESIAN_POINT('',(7.0355335722686,50.2500003368881,0.));
#2940=CARTESIAN_POINT('',(33.1884008125851,50.2500003368881,0.));
#2941=CARTESIAN_POINT('Origin',(7.03553357226859,48.5000003368881,0.375));
#2942=CARTESIAN_POINT('',(5.79809670519212,49.7374372039646,0.));
#2943=CARTESIAN_POINT('',(5.26776661930221,50.2677672898545,0.75));
#2944=CARTESIAN_POINT('',(5.79809670519212,49.7374372039646,0.));
#2945=CARTESIAN_POINT('Origin',(7.03553357226859,48.5000003368881,0.75));
#2946=CARTESIAN_POINT('Origin',(7.03553357226859,48.5000003368881,0.));
#2947=CARTESIAN_POINT('Origin',(4.26378170514637,48.7334522898088,0.375));
#2948=CARTESIAN_POINT('',(1.26256313292353,45.201903631696,0.));
#2949=CARTESIAN_POINT('',(4.52894674809132,48.4682872468638,0.));
#2950=CARTESIAN_POINT('',(0.732233047033622,45.7322337175859,0.75));
#2951=CARTESIAN_POINT('',(1.26256313292353,45.201903631696,0.));
#2952=CARTESIAN_POINT('',(3.99861666220141,48.9986173327537,0.75));
#2953=CARTESIAN_POINT('Origin',(2.5,43.9644667646195,0.375));
#2954=CARTESIAN_POINT('',(0.75,43.9644667646195,0.));
#2955=CARTESIAN_POINT('',(8.32667268468867E-16,43.9644667646195,0.75));
#2956=CARTESIAN_POINT('',(0.75,43.9644667646195,0.));
#2957=CARTESIAN_POINT('Origin',(2.5,43.9644667646195,0.75));
#2958=CARTESIAN_POINT('Origin',(2.5,43.9644667646195,0.));
#2959=CARTESIAN_POINT('Origin',(0.375000000000001,35.9822334851582,0.375));
#2960=CARTESIAN_POINT('',(0.750000000000001,6.00000007450581,0.));
#2961=CARTESIAN_POINT('',(0.,6.00000007450581,0.75));
#2962=CARTESIAN_POINT('',(0.750000000000001,6.00000007450581,0.));
#2963=CARTESIAN_POINT('',(4.16333634234434E-16,35.9822334851582,0.75));
#2964=CARTESIAN_POINT('',(0.750000000000002,35.9822334851582,0.));
#2965=CARTESIAN_POINT('Origin',(1.,6.00000007450581,0.375));
#2966=CARTESIAN_POINT('',(1.,5.75000007450581,0.));
#2967=CARTESIAN_POINT('',(1.,5.00000007450581,0.75));
#2968=CARTESIAN_POINT('',(1.,5.75000007450581,0.));
#2969=CARTESIAN_POINT('Origin',(1.,6.00000007450581,0.75));
#2970=CARTESIAN_POINT('Origin',(1.,6.00000007450581,0.));
#2971=CARTESIAN_POINT('Origin',(11.7294669375284,5.37500007450581,0.375));
#2972=CARTESIAN_POINT('',(4.,5.75000007450581,0.));
#2973=CARTESIAN_POINT('',(4.,5.00000007450581,0.75));
#2974=CARTESIAN_POINT('',(4.,5.75000007450581,0.));
#2975=CARTESIAN_POINT('',(11.7294669375284,5.00000007450581,0.75));
#2976=CARTESIAN_POINT('',(11.7294669375284,5.75000007450581,0.));
#2977=CARTESIAN_POINT('Origin',(4.,6.00000007450581,0.375));
#2978=CARTESIAN_POINT('',(4.25,6.00000007450581,0.));
#2979=CARTESIAN_POINT('',(5.,6.00000007450581,0.75));
#2980=CARTESIAN_POINT('',(4.25,6.00000007450581,0.));
#2981=CARTESIAN_POINT('Origin',(4.,6.00000007450581,0.75));
#2982=CARTESIAN_POINT('Origin',(4.,6.00000007450581,0.));
#2983=CARTESIAN_POINT('Origin',(4.625,17.0000001401014,0.375));
#2984=CARTESIAN_POINT('',(4.25,11.3212481769801,0.));
#2985=CARTESIAN_POINT('',(4.25,17.0000001401014,0.));
#2986=CARTESIAN_POINT('',(5.,11.3212481769801,0.75));
#2987=CARTESIAN_POINT('',(4.25,11.3212481769801,0.));
#2988=CARTESIAN_POINT('',(5.,17.0000001401014,0.75));
#2989=CARTESIAN_POINT('Origin',(7.5,11.3212481769801,0.375));
#2990=CARTESIAN_POINT('',(5.20190296397235,13.619345218665,0.));
#2991=CARTESIAN_POINT('Origin',(7.5,11.3212481769801,0.));
#2992=CARTESIAN_POINT('',(5.7322330492095,13.0890151321224,0.75));
#2993=CARTESIAN_POINT('',(5.20190296397235,13.619345218665,0.));
#2994=CARTESIAN_POINT('Origin',(7.5,11.3212481769801,0.75));
#2995=CARTESIAN_POINT('Origin',(13.3764894917405,21.2636016410725,0.375));
#2996=CARTESIAN_POINT('',(37.3806549905265,45.7980971660044,0.));
#2997=CARTESIAN_POINT('',(13.1113244491219,21.5287666843439,0.));
#2998=CARTESIAN_POINT('',(37.9109850757637,45.2677670794618,0.75));
#2999=CARTESIAN_POINT('',(37.3806549905265,45.7980971660044,0.));
#3000=CARTESIAN_POINT('',(13.641654534359,20.9984365978012,0.75));
#3001=CARTESIAN_POINT('Origin',(39.6787520265542,43.5000001243195,0.375));
#3002=CARTESIAN_POINT('',(39.6787518946907,46.7500001243195,0.));
#3003=CARTESIAN_POINT('Origin',(39.6787520265542,43.5000001243195,0.));
#3004=CARTESIAN_POINT('',(39.6787519251207,46.0000001243195,0.75));
#3005=CARTESIAN_POINT('',(39.6787518946907,46.7500001243195,0.));
#3006=CARTESIAN_POINT('Origin',(39.6787520265542,43.5000001243195,0.75));
#3007=CARTESIAN_POINT('Origin',(31.0688425197133,46.3749997749864,0.375));
#3008=CARTESIAN_POINT('',(31.0688425044983,46.7499997749864,0.));
#3009=CARTESIAN_POINT('',(31.0688425349283,45.9999997749864,0.75));
#3010=CARTESIAN_POINT('Origin',(1.,5.00000007450581,0.));
#3011=CARTESIAN_POINT('',(4.,5.00000007450581,19.25));
#3012=CARTESIAN_POINT('',(4.,5.00000007450581,0.));
#3013=CARTESIAN_POINT('',(1.,5.00000007450581,19.25));
#3014=CARTESIAN_POINT('',(11.7294669375284,5.00000007450581,19.25));
#3015=CARTESIAN_POINT('',(1.,5.00000007450581,0.));
#3016=CARTESIAN_POINT('Origin',(4.,6.00000007450581,0.));
#3017=CARTESIAN_POINT('',(5.,6.00000007450581,19.25));
#3018=CARTESIAN_POINT('',(5.,6.00000007450581,0.));
#3019=CARTESIAN_POINT('Origin',(4.,6.00000007450581,19.25));
#3020=CARTESIAN_POINT('Origin',(5.,6.00000007450581,0.));
#3021=CARTESIAN_POINT('',(5.,11.3212481769801,5.17772839299693));
#3022=CARTESIAN_POINT('',(5.,11.3212481769801,0.));
#3023=CARTESIAN_POINT('',(5.,11.3212481769801,14.8222716070031));
#3024=CARTESIAN_POINT('Origin',(5.,10.0000000745058,10.));
#3025=CARTESIAN_POINT('',(5.,11.3212481769801,19.25));
#3026=CARTESIAN_POINT('',(5.,11.3212481769801,0.));
#3027=CARTESIAN_POINT('',(5.,17.0000001401014,19.25));
#3028=CARTESIAN_POINT('',(5.,13.1250000745058,10.));
#3029=CARTESIAN_POINT('Origin',(5.,10.0000000745058,10.));
#3030=CARTESIAN_POINT('Origin',(7.5,11.3212481769801,0.));
#3031=CARTESIAN_POINT('',(5.7322330492095,13.0890151321224,6.06833547033599));
#3032=CARTESIAN_POINT('',(5.7322330492095,13.0890151321224,0.));
#3033=CARTESIAN_POINT('Ctrl Pts',(5.7322330492095,13.0890151321224,6.06833547033599));
#3034=CARTESIAN_POINT('Ctrl Pts',(5.5237907248679,12.8805728082939,5.90456730748977));
#3035=CARTESIAN_POINT('Ctrl Pts',(5.3404839140542,12.6207152624624,5.72904061792687));
#3036=CARTESIAN_POINT('Ctrl Pts',(5.07431694617357,12.015877040225,5.41079483633074));
#3037=CARTESIAN_POINT('Ctrl Pts',(5.,11.6653289373106,5.2720026456177));
#3038=CARTESIAN_POINT('Ctrl Pts',(5.,11.3212481769801,5.17772839299693));
#3039=CARTESIAN_POINT('Origin',(5.7322330492095,13.0890151321224,0.));
#3040=CARTESIAN_POINT('',(37.9109850757637,45.2677670794618,5.4204343075577));
#3041=CARTESIAN_POINT('',(37.9109850757637,45.2677670794618,0.));
#3042=CARTESIAN_POINT('',(37.9109850757637,45.2677670794618,14.5795656924423));
#3043=CARTESIAN_POINT('Origin',(39.9178677501135,47.2746497488712,10.));
#3044=CARTESIAN_POINT('',(37.9109850757637,45.2677670794618,19.25));
#3045=CARTESIAN_POINT('',(37.9109850757637,45.2677670794618,0.));
#3046=CARTESIAN_POINT('',(5.7322330492095,13.0890151321224,19.25));
#3047=CARTESIAN_POINT('',(13.641654534359,20.9984365978012,19.25));
#3048=CARTESIAN_POINT('',(5.7322330492095,13.0890151321224,13.931664529664));
#3049=CARTESIAN_POINT('',(5.7322330492095,13.0890151321224,0.));
#3050=CARTESIAN_POINT('Origin',(2.64321798398867,10.0000000745058,10.));
#3051=CARTESIAN_POINT('',(30.6217714430219,37.9785534646639,10.));
#3052=CARTESIAN_POINT('Ctrl Pts',(30.6217714430219,37.9785534646639,10.));
#3053=CARTESIAN_POINT('Ctrl Pts',(30.6217714430219,37.9785534646639,10.4984820089279));
#3054=CARTESIAN_POINT('Ctrl Pts',(30.3888460140935,37.7456280363089,11.485352487485));
#3055=CARTESIAN_POINT('Ctrl Pts',(29.3605549837685,36.7173370085153,12.7562350036219));
#3056=CARTESIAN_POINT('Ctrl Pts',(28.0744054469597,35.4311874748726,13.1985953295664));
#3057=CARTESIAN_POINT('Ctrl Pts',(26.7813459349729,34.138127966069,13.0530575868452));
#3058=CARTESIAN_POINT('Ctrl Pts',(25.7819226504171,33.1387046839735,12.5710945823655));
#3059=CARTESIAN_POINT('Ctrl Pts',(24.7943011975212,32.1510832335088,11.3694881859297));
#3060=CARTESIAN_POINT('Ctrl Pts',(24.5478209826676,31.9046030192619,9.81153094036312));
#3061=CARTESIAN_POINT('Ctrl Pts',(24.9495786555719,32.3063606911772,8.54842233174377));
#3062=CARTESIAN_POINT('Ctrl Pts',(25.6499996027648,33.0067816366459,7.52683859955241));
#3063=CARTESIAN_POINT('Ctrl Pts',(27.2348475553832,34.5916295853629,6.6196601466253));
#3064=CARTESIAN_POINT('Ctrl Pts',(29.2153021638463,36.5720841889507,7.05898932094874));
#3065=CARTESIAN_POINT('Ctrl Pts',(30.3880945682211,37.7448765904384,8.51590020899975));
#3066=CARTESIAN_POINT('Ctrl Pts',(30.6217714430219,37.9785534646639,9.50151799107206));
#3067=CARTESIAN_POINT('Ctrl Pts',(30.6217714430219,37.9785534646639,10.));
#3068=CARTESIAN_POINT('',(17.8964211411419,25.2532031941101,10.));
#3069=CARTESIAN_POINT('Ctrl Pts',(17.8964211411419,25.2532031941101,10.));
#3070=CARTESIAN_POINT('Ctrl Pts',(17.8964211411419,25.2532031941101,10.4984820086675));
#3071=CARTESIAN_POINT('Ctrl Pts',(17.6634779359463,25.0202599894879,11.4842287442412));
#3072=CARTESIAN_POINT('Ctrl Pts',(16.4882818280638,23.8450638844984,12.9398221173972));
#3073=CARTESIAN_POINT('Ctrl Pts',(14.2088126522308,21.5655947142768,13.4494025213679));
#3074=CARTESIAN_POINT('Ctrl Pts',(12.153048225284,19.5098302923907,11.8882318734206));
#3075=CARTESIAN_POINT('Ctrl Pts',(11.8233037854993,19.1800858534177,9.81127996879617));
#3076=CARTESIAN_POINT('Ctrl Pts',(12.4199173023356,19.7766993687853,7.91718274680713));
#3077=CARTESIAN_POINT('Ctrl Pts',(14.2003483058558,21.5571303679227,6.5530513563171));
#3078=CARTESIAN_POINT('Ctrl Pts',(16.4917022891065,23.8484843455327,7.05902758826583));
#3079=CARTESIAN_POINT('Ctrl Pts',(17.6623966787743,25.0191787323186,8.51561443530882));
#3080=CARTESIAN_POINT('Ctrl Pts',(17.8964211411419,25.2532031941101,9.50151799133247));
#3081=CARTESIAN_POINT('Ctrl Pts',(17.8964211411419,25.2532031941101,10.));
#3082=CARTESIAN_POINT('Origin',(39.6787520265542,43.5000001243195,0.));
#3083=CARTESIAN_POINT('',(39.6787519251207,46.0000001243195,5.00572091065807));
#3084=CARTESIAN_POINT('',(39.6787519251207,46.0000001243195,0.));
#3085=CARTESIAN_POINT('Ctrl Pts',(39.6787519251207,46.0000001243195,5.00572091065807));
#3086=CARTESIAN_POINT('Ctrl Pts',(39.3554924114412,46.0000001112038,5.02119791222676));
#3087=CARTESIAN_POINT('Ctrl Pts',(39.0163785977559,45.933669774657,5.07172450457252));
#3088=CARTESIAN_POINT('Ctrl Pts',(38.4031949560058,45.6754986750721,5.22455626133952));
#3089=CARTESIAN_POINT('Ctrl Pts',(38.1281818286571,45.4849638318206,5.32525314201042));
#3090=CARTESIAN_POINT('Ctrl Pts',(37.9109850757637,45.2677670794618,5.4204343075577));
#3091=CARTESIAN_POINT('Origin',(39.6787519251207,46.0000001243195,0.));
#3092=CARTESIAN_POINT('',(43.9178677906868,46.0000002963148,19.25));
#3093=CARTESIAN_POINT('',(43.9178677906868,46.0000002963148,0.));
#3094=CARTESIAN_POINT('',(39.6787519251207,46.0000001243195,19.25));
#3095=CARTESIAN_POINT('',(31.0688425349283,45.9999997749864,19.25));
#3096=CARTESIAN_POINT('',(39.6787520265542,46.0000003368881,14.9942790941984));
#3097=CARTESIAN_POINT('',(39.6787519251207,46.0000001243195,0.));
#3098=CARTESIAN_POINT('',(39.6787519251207,46.0000001243195,13.1158383279215));
#3099=CARTESIAN_POINT('',(39.6787519251207,46.0000001243195,0.));
#3100=CARTESIAN_POINT('',(39.6787519251207,46.0000001243195,6.88416165017534));
#3101=CARTESIAN_POINT('Origin',(39.9178677704002,46.0000001340213,10.));
#3102=CARTESIAN_POINT('',(39.6787519251207,46.0000001243195,0.));
#3103=CARTESIAN_POINT('Origin',(43.9178677501135,47.0000002963148,0.));
#3104=CARTESIAN_POINT('',(44.9178677501135,47.0000002963148,19.25));
#3105=CARTESIAN_POINT('',(44.9178677501135,47.0000002963148,0.));
#3106=CARTESIAN_POINT('Origin',(43.9178677501135,47.0000002963148,19.25));
#3107=CARTESIAN_POINT('Origin',(22.4589338750567,28.000000205697,0.));
#3108=CARTESIAN_POINT('',(25.8223303342862,46.7499998639499,0.));
#3109=CARTESIAN_POINT('',(28.1204273731425,41.2019028250937,0.));
#3110=CARTESIAN_POINT('Origin',(25.8223303342862,43.4999998639499,0.));
#3111=CARTESIAN_POINT('',(9.10660091119591,46.7499998639499,0.));
#3112=CARTESIAN_POINT('',(15.7827676257502,46.7500001034825,0.));
#3113=CARTESIAN_POINT('',(6.80850387233963,45.7980969028062,0.));
#3114=CARTESIAN_POINT('Origin',(9.10660091119589,43.4999998639499,0.));
#3115=CARTESIAN_POINT('',(5.20190296114371,44.1914959916103,0.));
#3116=CARTESIAN_POINT('',(5.46828674314369,44.4578797736103,0.));
#3117=CARTESIAN_POINT('',(4.25,41.893398952754,0.));
#3118=CARTESIAN_POINT('Origin',(7.49999999999998,41.893398952754,0.));
#3119=CARTESIAN_POINT('',(4.25,25.1776695296637,0.));
#3120=CARTESIAN_POINT('',(4.25,26.5888348676803,0.));
#3121=CARTESIAN_POINT('',(9.79809703885628,22.8795724908074,0.));
#3122=CARTESIAN_POINT('Origin',(7.5,25.1776695296637,0.));
#3123=CARTESIAN_POINT('',(23.4045783437719,36.486053795723,0.));
#3124=CARTESIAN_POINT('Origin',(25.8223303342862,43.4999998639499,0.375));
#3125=CARTESIAN_POINT('',(27.5900972872525,41.7322329109836,0.75));
#3126=CARTESIAN_POINT('',(28.1204273731425,41.2019028250937,0.));
#3127=CARTESIAN_POINT('',(25.8223303342862,45.9999998639499,0.75));
#3128=CARTESIAN_POINT('Origin',(25.8223303342862,43.4999998639499,0.75));
#3129=CARTESIAN_POINT('',(25.8223303342862,45.9999998639499,0.75));
#3130=CARTESIAN_POINT('Origin',(23.1394133008269,36.751218838668,0.375));
#3131=CARTESIAN_POINT('',(9.26776695296637,23.4099025766973,0.75));
#3132=CARTESIAN_POINT('',(9.79809703885628,22.8795724908074,0.));
#3133=CARTESIAN_POINT('',(22.874248257882,37.016383881613,0.75));
#3134=CARTESIAN_POINT('Origin',(7.5,25.1776695296637,0.375));
#3135=CARTESIAN_POINT('',(5.,25.1776695296637,0.75));
#3136=CARTESIAN_POINT('',(4.25,25.1776695296637,0.));
#3137=CARTESIAN_POINT('Origin',(7.5,25.1776695296637,0.75));
#3138=CARTESIAN_POINT('Origin',(4.625,26.5888348676803,0.375));
#3139=CARTESIAN_POINT('',(5.,41.893398952754,0.75));
#3140=CARTESIAN_POINT('',(4.25,41.893398952754,0.));
#3141=CARTESIAN_POINT('',(5.,26.5888348676803,0.75));
#3142=CARTESIAN_POINT('Origin',(7.49999999999998,41.893398952754,0.375));
#3143=CARTESIAN_POINT('',(5.73223304703362,43.6611659057204,0.75));
#3144=CARTESIAN_POINT('',(5.20190296114371,44.1914959916103,0.));
#3145=CARTESIAN_POINT('Origin',(7.49999999999998,41.893398952754,0.75));
#3146=CARTESIAN_POINT('Origin',(5.73345178608865,44.1927147306653,0.375));
#3147=CARTESIAN_POINT('',(7.33883395822955,45.2677668169163,0.75));
#3148=CARTESIAN_POINT('',(6.80850387233963,45.7980969028062,0.));
#3149=CARTESIAN_POINT('',(5.9986168290336,43.9275496877204,0.75));
#3150=CARTESIAN_POINT('Origin',(9.10660091119589,43.4999998639499,0.375));
#3151=CARTESIAN_POINT('',(9.10660091119591,46.0000002627682,0.75));
#3152=CARTESIAN_POINT('',(9.10660091119591,46.7499998639499,0.));
#3153=CARTESIAN_POINT('Origin',(9.10660091119589,43.4999998639499,0.75));
#3154=CARTESIAN_POINT('Origin',(15.7827676168031,46.3750001034825,0.375));
#3155=CARTESIAN_POINT('',(15.7827676078561,46.0000001034825,0.75));
#3156=CARTESIAN_POINT('Origin',(5.73223304703362,43.6611659057204,0.));
#3157=CARTESIAN_POINT('',(7.33883395822955,45.2677668169163,19.25));
#3158=CARTESIAN_POINT('',(7.33883395822955,45.2677668169163,0.));
#3159=CARTESIAN_POINT('',(5.73223304703362,43.6611659057204,19.25));
#3160=CARTESIAN_POINT('',(5.9986168290336,43.9275496877204,19.25));
#3161=CARTESIAN_POINT('',(5.73223304703362,43.6611659057204,0.));
#3162=CARTESIAN_POINT('Origin',(9.10660091119589,43.4999998639499,0.));
#3163=CARTESIAN_POINT('',(9.10660091119591,46.0000002627682,19.25));
#3164=CARTESIAN_POINT('',(9.10660091119591,46.0000002627682,0.));
#3165=CARTESIAN_POINT('Origin',(9.10660091119589,43.4999998639499,19.25));
#3166=CARTESIAN_POINT('Origin',(9.10660091119591,46.0000002627682,0.));
#3167=CARTESIAN_POINT('',(25.8223303342862,45.9999998639499,19.25));
#3168=CARTESIAN_POINT('',(25.8223303342862,45.9999998639499,0.));
#3169=CARTESIAN_POINT('',(15.7827676078561,46.0000001034825,19.25));
#3170=CARTESIAN_POINT('',(18.0428677262546,46.000000049559,10.));
#3171=CARTESIAN_POINT('Origin',(14.917867738184,46.000000124118,10.));
#3172=CARTESIAN_POINT('Origin',(25.8223303342862,43.4999998639499,0.));
#3173=CARTESIAN_POINT('',(27.5900972872525,41.7322329109836,19.25));
#3174=CARTESIAN_POINT('',(27.5900972872525,41.7322329109836,0.));
#3175=CARTESIAN_POINT('Origin',(25.8223303342862,43.4999998639499,19.25));
#3176=CARTESIAN_POINT('Origin',(43.9178677501135,47.0000002963148,19.625));
#3177=CARTESIAN_POINT('',(44.1678677501135,47.0000002963148,20.));
#3178=CARTESIAN_POINT('',(44.9178677501135,47.0000002963148,19.25));
#3179=CARTESIAN_POINT('',(43.9178677602568,46.7500002963148,20.));
#3180=CARTESIAN_POINT('Origin',(43.9178677501135,47.0000002963148,20.));
#3181=CARTESIAN_POINT('',(43.9178677602568,46.7500002963148,20.));
#3182=CARTESIAN_POINT('Origin',(44.5428677501135,37.5000002510059,19.625));
#3183=CARTESIAN_POINT('',(44.9178677501135,50.0000003368881,19.25));
#3184=CARTESIAN_POINT('',(44.1678677501135,50.0000003368881,20.));
#3185=CARTESIAN_POINT('',(44.9178677501135,50.0000003368881,19.25));
#3186=CARTESIAN_POINT('',(44.1678677501135,37.5000002510059,20.));
#3187=CARTESIAN_POINT('',(44.9178677501135,37.5000002510059,19.25));
#3188=CARTESIAN_POINT('Origin',(43.9178677501135,50.0000003368881,19.625));
#3189=CARTESIAN_POINT('',(43.9178677501135,50.2500003368881,20.));
#3190=CARTESIAN_POINT('',(43.9178677501135,51.0000003368881,19.25));
#3191=CARTESIAN_POINT('Origin',(43.9178677501135,50.0000003368881,20.));
#3192=CARTESIAN_POINT('Origin',(43.9178677501135,50.0000003368881,19.25));
#3193=CARTESIAN_POINT('Origin',(33.1884008125851,50.6250003368881,19.625));
#3194=CARTESIAN_POINT('',(7.0355335722686,50.2500003368881,20.));
#3195=CARTESIAN_POINT('',(7.0355335722686,51.0000003368881,19.25));
#3196=CARTESIAN_POINT('',(33.1884008125851,50.2500003368881,20.));
#3197=CARTESIAN_POINT('Origin',(7.03553357226859,48.5000003368881,19.625));
#3198=CARTESIAN_POINT('',(5.26776661930221,50.2677672898545,19.25));
#3199=CARTESIAN_POINT('',(5.79809670519212,49.7374372039646,20.));
#3200=CARTESIAN_POINT('',(5.26776661930221,50.2677672898545,19.25));
#3201=CARTESIAN_POINT('Origin',(7.03553357226859,48.5000003368881,20.));
#3202=CARTESIAN_POINT('Origin',(7.03553357226859,48.5000003368881,19.25));
#3203=CARTESIAN_POINT('Origin',(4.26378170514637,48.7334522898088,19.625));
#3204=CARTESIAN_POINT('',(0.732233047033622,45.7322337175859,19.25));
#3205=CARTESIAN_POINT('',(1.26256313292353,45.201903631696,20.));
#3206=CARTESIAN_POINT('',(0.732233047033622,45.7322337175859,19.25));
#3207=CARTESIAN_POINT('',(4.52894674809132,48.4682872468638,20.));
#3208=CARTESIAN_POINT('',(3.99861666220141,48.9986173327537,19.25));
#3209=CARTESIAN_POINT('Origin',(2.5,43.9644667646195,19.625));
#3210=CARTESIAN_POINT('',(8.32667268468867E-16,43.9644667646195,19.25));
#3211=CARTESIAN_POINT('',(0.75,43.9644667646195,20.));
#3212=CARTESIAN_POINT('',(8.32667268468867E-16,43.9644667646195,19.25));
#3213=CARTESIAN_POINT('Origin',(2.5,43.9644667646195,20.));
#3214=CARTESIAN_POINT('Origin',(2.5,43.9644667646195,19.25));
#3215=CARTESIAN_POINT('Origin',(0.375,35.9822334851582,19.625));
#3216=CARTESIAN_POINT('',(0.,6.00000007450581,19.25));
#3217=CARTESIAN_POINT('',(0.749999999999999,6.00000007450581,20.));
#3218=CARTESIAN_POINT('',(0.,6.00000007450581,19.25));
#3219=CARTESIAN_POINT('',(0.75,35.9822334851582,20.));
#3220=CARTESIAN_POINT('',(4.16333634234434E-16,35.9822334851582,19.25));
#3221=CARTESIAN_POINT('Origin',(1.,6.00000007450581,19.625));
#3222=CARTESIAN_POINT('',(1.,5.75000007450581,20.));
#3223=CARTESIAN_POINT('',(1.,5.00000007450581,19.25));
#3224=CARTESIAN_POINT('Origin',(1.,6.00000007450581,20.));
#3225=CARTESIAN_POINT('Origin',(1.,6.00000007450581,19.25));
#3226=CARTESIAN_POINT('Origin',(11.7294669375284,5.37500007450581,19.625));
#3227=CARTESIAN_POINT('',(4.,5.75000007450581,20.));
#3228=CARTESIAN_POINT('',(4.,5.00000007450581,19.25));
#3229=CARTESIAN_POINT('',(11.7294669375284,5.75000007450581,20.));
#3230=CARTESIAN_POINT('Origin',(4.,6.00000007450581,19.625));
#3231=CARTESIAN_POINT('',(4.25,6.00000007450581,20.));
#3232=CARTESIAN_POINT('',(5.,6.00000007450581,19.25));
#3233=CARTESIAN_POINT('Origin',(4.,6.00000007450581,20.));
#3234=CARTESIAN_POINT('Origin',(4.625,17.0000001401014,19.625));
#3235=CARTESIAN_POINT('',(4.25,11.3212481769801,20.));
#3236=CARTESIAN_POINT('',(5.,11.3212481769801,19.25));
#3237=CARTESIAN_POINT('',(4.25,17.0000001401014,20.));
#3238=CARTESIAN_POINT('Origin',(7.5,11.3212481769801,19.625));
#3239=CARTESIAN_POINT('',(5.20190296397235,13.619345218665,20.));
#3240=CARTESIAN_POINT('',(5.7322330492095,13.0890151321224,19.25));
#3241=CARTESIAN_POINT('Origin',(7.5,11.3212481769801,20.));
#3242=CARTESIAN_POINT('Origin',(7.5,11.3212481769801,19.25));
#3243=CARTESIAN_POINT('Origin',(13.3764894917405,21.2636016410725,19.625));
#3244=CARTESIAN_POINT('',(37.3806549905265,45.7980971660044,20.));
#3245=CARTESIAN_POINT('',(37.9109850757637,45.2677670794618,19.25));
#3246=CARTESIAN_POINT('',(13.1113244491219,21.5287666843439,20.));
#3247=CARTESIAN_POINT('Origin',(39.6787520265542,43.5000001243195,19.625));
#3248=CARTESIAN_POINT('',(39.6787518946907,46.7500001243195,20.));
#3249=CARTESIAN_POINT('',(39.6787519251207,46.0000001243195,19.25));
#3250=CARTESIAN_POINT('Origin',(39.6787520265542,43.5000001243195,20.));
#3251=CARTESIAN_POINT('Origin',(39.6787520265542,43.5000001243195,19.25));
#3252=CARTESIAN_POINT('Origin',(31.0688425197133,46.3749997749864,19.625));
#3253=CARTESIAN_POINT('',(31.0688425044983,46.7499997749864,20.));
#3254=CARTESIAN_POINT('Origin',(5.55111512312578E-16,43.9644667646195,0.));
#3255=CARTESIAN_POINT('',(0.,6.00000007450581,0.));
#3256=CARTESIAN_POINT('',(8.32667268468867E-16,43.9644667646195,0.));
#3257=CARTESIAN_POINT('',(-2.04697370165263E-15,38.1250000745058,10.));
#3258=CARTESIAN_POINT('Origin',(4.16333634234434E-16,35.0000000745058,10.));
#3259=CARTESIAN_POINT('Origin',(4.16333634234434E-16,35.0000000745058,10.));
#3260=CARTESIAN_POINT('Origin',(6.93889390390723E-17,10.0000000745058,10.));
#3261=CARTESIAN_POINT('',(3.8016863078668E-16,32.0000000745058,14.5));
#3262=CARTESIAN_POINT('',(3.8016863078668E-16,32.0000000745058,7.25));
#3263=CARTESIAN_POINT('',(3.28732302608342E-16,28.4822334195627,14.5));
#3264=CARTESIAN_POINT('',(1.02353092904106E-16,13.0000000745058,2.75));
#3265=CARTESIAN_POINT('Origin',(2.5,43.9644667646195,0.));
#3266=CARTESIAN_POINT('',(0.732233047033622,45.7322337175859,0.));
#3267=CARTESIAN_POINT('Origin',(5.26776661930221,50.2677672898545,0.));
#3268=CARTESIAN_POINT('',(5.26776661930221,50.2677672898545,0.));
#3269=CARTESIAN_POINT('Origin',(7.03553357226859,48.5000003368881,0.));
#3270=CARTESIAN_POINT('Origin',(43.9178677501135,50.0000003368881,0.));
#3271=CARTESIAN_POINT('',(44.9178677501135,50.0000003368881,0.));
#3272=CARTESIAN_POINT('Origin',(44.9178677501135,47.0000002963148,0.));
#3273=CARTESIAN_POINT('Origin',(22.4589338750567,28.000000205697,20.));
#3274=CARTESIAN_POINT('',(28.1204273731425,41.2019028250937,20.));
#3275=CARTESIAN_POINT('',(25.8223303342862,46.7499998639499,20.));
#3276=CARTESIAN_POINT('Origin',(25.8223303342862,43.4999998639499,20.));
#3277=CARTESIAN_POINT('',(9.79809703885628,22.8795724908074,20.));
#3278=CARTESIAN_POINT('',(23.4045783437719,36.486053795723,20.));
#3279=CARTESIAN_POINT('',(4.25,25.1776695296637,20.));
#3280=CARTESIAN_POINT('Origin',(7.5,25.1776695296637,20.));
#3281=CARTESIAN_POINT('',(4.25,41.893398952754,20.));
#3282=CARTESIAN_POINT('',(4.25,26.5888348676803,20.));
#3283=CARTESIAN_POINT('',(5.20190296114371,44.1914959916103,20.));
#3284=CARTESIAN_POINT('Origin',(7.49999999999998,41.893398952754,20.));
#3285=CARTESIAN_POINT('',(6.80850387233963,45.7980969028062,20.));
#3286=CARTESIAN_POINT('',(5.46828674314369,44.4578797736103,20.));
#3287=CARTESIAN_POINT('',(9.10660091119591,46.7499998639499,20.));
#3288=CARTESIAN_POINT('Origin',(9.10660091119589,43.4999998639499,20.));
#3289=CARTESIAN_POINT('',(15.7827676257502,46.7500001034825,20.));
#3290=CARTESIAN_POINT('Origin',(25.8223303342862,43.4999998639499,19.625));
#3291=CARTESIAN_POINT('',(27.5900972872525,41.7322329109836,19.25));
#3292=CARTESIAN_POINT('',(25.8223303342862,46.7499998639499,20.));
#3293=CARTESIAN_POINT('Origin',(23.1394133008269,36.751218838668,19.625));
#3294=CARTESIAN_POINT('',(9.26776695296637,23.4099025766973,19.25));
#3295=CARTESIAN_POINT('',(9.26776695296637,23.4099025766973,19.25));
#3296=CARTESIAN_POINT('',(22.874248257882,37.016383881613,19.25));
#3297=CARTESIAN_POINT('Origin',(7.5,25.1776695296637,19.625));
#3298=CARTESIAN_POINT('',(5.,25.1776695296637,19.25));
#3299=CARTESIAN_POINT('',(5.,25.1776695296637,19.25));
#3300=CARTESIAN_POINT('Origin',(7.5,25.1776695296637,19.25));
#3301=CARTESIAN_POINT('Origin',(4.625,26.5888348676803,19.625));
#3302=CARTESIAN_POINT('',(5.,41.893398952754,19.25));
#3303=CARTESIAN_POINT('',(5.,41.893398952754,19.25));
#3304=CARTESIAN_POINT('',(5.,26.5888348676803,19.25));
#3305=CARTESIAN_POINT('Origin',(7.49999999999998,41.893398952754,19.625));
#3306=CARTESIAN_POINT('',(5.73223304703362,43.6611659057204,19.25));
#3307=CARTESIAN_POINT('Origin',(7.49999999999998,41.893398952754,19.25));
#3308=CARTESIAN_POINT('Origin',(5.73345178608865,44.1927147306653,19.625));
#3309=CARTESIAN_POINT('',(7.33883395822955,45.2677668169163,19.25));
#3310=CARTESIAN_POINT('Origin',(9.10660091119589,43.4999998639499,19.625));
#3311=CARTESIAN_POINT('',(9.10660091119591,46.0000002627682,19.25));
#3312=CARTESIAN_POINT('Origin',(15.7827676168031,46.3750001034825,19.625));
#3313=CARTESIAN_POINT('Origin',(5.,25.1776695296637,0.));
#3314=CARTESIAN_POINT('',(5.,41.893398952754,0.));
#3315=CARTESIAN_POINT('',(5.,25.1776695296637,0.));
#3316=CARTESIAN_POINT('',(5.,38.1250000745058,10.));
#3317=CARTESIAN_POINT('Origin',(5.,35.0000000745058,10.));
#3318=CARTESIAN_POINT('Origin',(7.5,25.1776695296637,0.));
#3319=CARTESIAN_POINT('',(9.26776695296637,23.4099025766973,0.));
#3320=CARTESIAN_POINT('Origin',(27.5900972872525,41.7322329109836,0.));
#3321=CARTESIAN_POINT('',(17.8878661004441,32.0300017241751,10.23858735628));
#3322=CARTESIAN_POINT('',(23.8364178413681,37.9785534650991,10.));
#3323=CARTESIAN_POINT('Ctrl Pts',(17.8870569782765,32.0291926020075,10.2380537701988));
#3324=CARTESIAN_POINT('Ctrl Pts',(17.8926669213443,32.0348025450753,10.3239067563911));
#3325=CARTESIAN_POINT('Ctrl Pts',(17.9362384066905,32.0783740304215,10.7379082620295));
#3326=CARTESIAN_POINT('Ctrl Pts',(18.3598456355971,32.501981259328,12.082793598001));
#3327=CARTESIAN_POINT('Ctrl Pts',(20.1403584865608,34.2824941102918,13.4467418273359));
#3328=CARTESIAN_POINT('Ctrl Pts',(22.4316501413675,36.5737857650985,12.9409213971266));
#3329=CARTESIAN_POINT('Ctrl Pts',(23.6024086879475,37.7445443116785,11.4844019549484));
#3330=CARTESIAN_POINT('Ctrl Pts',(23.8364178413681,37.9785534650991,10.4984820087977));
#3331=CARTESIAN_POINT('Ctrl Pts',(23.8364178413681,37.9785534650991,10.));
#3332=CARTESIAN_POINT('',(17.8878661004441,32.0300017241751,9.76141264371995));
#3333=CARTESIAN_POINT('Ctrl Pts',(17.8875867761976,32.0297223999285,9.76173899599872));
#3334=CARTESIAN_POINT('Ctrl Pts',(17.8568184206981,31.998954044429,9.34563668789221));
#3335=CARTESIAN_POINT('Ctrl Pts',(17.6157876554254,31.7579232791563,8.45740140496859));
#3336=CARTESIAN_POINT('Ctrl Pts',(16.4901218861274,30.6322575098584,7.06093058363593));
#3337=CARTESIAN_POINT('Ctrl Pts',(14.6602040414388,28.8023396651698,6.65157003704812));
#3338=CARTESIAN_POINT('Ctrl Pts',(13.0549595342146,27.1970951579456,7.42999794410703));
#3339=CARTESIAN_POINT('Ctrl Pts',(12.0699810512811,26.212116675012,8.62969254949849));
#3340=CARTESIAN_POINT('Ctrl Pts',(11.8226545927164,25.9647902164474,10.1893402527603));
#3341=CARTESIAN_POINT('Ctrl Pts',(12.2236422026989,26.3657778264299,11.4506435335049));
#3342=CARTESIAN_POINT('Ctrl Pts',(12.9247970391254,27.0669326628564,12.4736100563304));
#3343=CARTESIAN_POINT('Ctrl Pts',(14.5091468332655,28.6512824569964,13.3790481476283));
#3344=CARTESIAN_POINT('Ctrl Pts',(16.4897854492809,30.6319210730119,12.9412742901707));
#3345=CARTESIAN_POINT('Ctrl Pts',(17.6161017209901,31.7582373447211,11.5424977702122));
#3346=CARTESIAN_POINT('Ctrl Pts',(17.8568685827495,31.9990042064804,10.6543407965009));
#3347=CARTESIAN_POINT('Ctrl Pts',(17.8875984485067,32.0297340722377,10.2382552969167));
#3348=CARTESIAN_POINT('Ctrl Pts',(23.8364178413681,37.9785534650991,10.));
#3349=CARTESIAN_POINT('Ctrl Pts',(23.8364178413681,37.9785534650991,9.50151799120227));
#3350=CARTESIAN_POINT('Ctrl Pts',(23.6034211850427,37.7455568087737,8.51580156886678));
#3351=CARTESIAN_POINT('Ctrl Pts',(22.4282668319324,36.5704024556634,7.06036690799603));
#3352=CARTESIAN_POINT('Ctrl Pts',(20.148844298787,34.2909799225179,6.55044546480412));
#3353=CARTESIAN_POINT('Ctrl Pts',(18.2830629900439,32.4251986137749,7.96744237072669));
#3354=CARTESIAN_POINT('Ctrl Pts',(17.9216163671221,32.063751990853,9.34703747972544));
#3355=CARTESIAN_POINT('Ctrl Pts',(17.889939350816,32.032074974547,9.76273535047211));
#3356=CARTESIAN_POINT('Origin',(22.6678677501135,52.2500003368881,13.25));
#3357=CARTESIAN_POINT('',(22.6678677501135,53.5000003368881,12.));
#3358=CARTESIAN_POINT('Origin',(27.4178677501135,53.5000003368881,10.));
#3359=CARTESIAN_POINT('',(32.1678677501135,53.5000003368881,8.));
#3360=CARTESIAN_POINT('Origin',(32.1678677501135,52.2500003368881,6.75));
#3361=CARTESIAN_POINT('',(36.9178677501135,53.8750003368881,8.375));
#3362=CARTESIAN_POINT('Origin',(36.9178677501135,51.0000003368881,14.5));
#3363=CARTESIAN_POINT('Origin',(39.9178677501135,50.7500003368881,10.));
#3364=CARTESIAN_POINT('',(42.5428677501135,50.5000003368881,10.));
#3365=CARTESIAN_POINT('',(42.7928677501135,50.7500003368881,10.));
#3366=CARTESIAN_POINT('Origin',(39.9178677501135,50.5000003368881,10.));
#3367=CARTESIAN_POINT('Origin',(39.9178677501135,51.0000003368881,10.));
#3368=CARTESIAN_POINT('',(42.5428677501135,46.5000001055851,10.));
#3369=CARTESIAN_POINT('',(42.5428677501135,51.0000003368881,10.));
#3370=CARTESIAN_POINT('',(39.7170104387748,46.5000001055851,12.6173042124449));
#3371=CARTESIAN_POINT('Origin',(39.9178677501135,46.5000001137346,10.));
#3372=CARTESIAN_POINT('',(39.7170104571196,46.5000003368881,7.38269578614729));
#3373=CARTESIAN_POINT('Origin',(39.9178677501135,46.5000003368881,10.));
#3374=CARTESIAN_POINT('Origin',(39.9178677501135,46.5000001137346,10.));
#3375=CARTESIAN_POINT('Origin',(39.9178677602568,46.2500001238779,10.));
#3376=CARTESIAN_POINT('',(39.6787519251207,46.0000001243195,6.88416165017534));
#3377=CARTESIAN_POINT('',(39.6787519251207,46.0000001243195,13.1158383279215));
#3378=CARTESIAN_POINT('Origin',(39.9178677501135,46.2500003368881,10.));
#3379=CARTESIAN_POINT('Origin',(39.9178677501135,46.0000003368881,10.));
#3380=CARTESIAN_POINT('Origin',(14.9178677501135,50.7500003368881,10.));
#3381=CARTESIAN_POINT('',(17.5428677501135,50.5000003368881,10.));
#3382=CARTESIAN_POINT('',(17.7928677501135,50.7500003368881,10.));
#3383=CARTESIAN_POINT('Origin',(14.9178677501135,50.5000003368881,10.));
#3384=CARTESIAN_POINT('Origin',(14.9178677501135,51.0000003368881,10.));
#3385=CARTESIAN_POINT('',(17.5428677501135,46.500000049559,10.));
#3386=CARTESIAN_POINT('',(17.5428677501135,51.0000003368881,10.));
#3387=CARTESIAN_POINT('Origin',(14.9178677501135,46.5000001121886,10.));
#3388=CARTESIAN_POINT('Origin',(14.9178677441488,46.2500001181533,10.));
#3389=CARTESIAN_POINT('',(17.792867738184,46.250000049559,10.));
#3390=CARTESIAN_POINT('Origin',(0.250000000000001,35.0000000745058,10.));
#3391=CARTESIAN_POINT('',(0.500000000000001,37.6250000745058,10.));
#3392=CARTESIAN_POINT('',(0.250000000000001,37.8750000745058,10.));
#3393=CARTESIAN_POINT('Origin',(0.500000000000001,35.0000000745058,10.));
#3394=CARTESIAN_POINT('Origin',(4.24034242031296E-16,35.0000000745058,10.));
#3395=CARTESIAN_POINT('',(4.5,37.6250000745058,10.));
#3396=CARTESIAN_POINT('',(4.24034242031296E-16,37.6250000745058,10.));
#3397=CARTESIAN_POINT('Origin',(4.5,35.0000000745058,10.));
#3398=CARTESIAN_POINT('Origin',(4.75,35.0000000745058,10.));
#3399=CARTESIAN_POINT('',(4.75,37.8750000745058,10.));
#3400=CARTESIAN_POINT('Ctrl Pts',(23.8364178413681,37.9785534650991,10.));
#3401=CARTESIAN_POINT('Ctrl Pts',(23.8364178413681,37.9785534650991,10.4984820087977));
#3402=CARTESIAN_POINT('Ctrl Pts',(23.6024086879475,37.7445443116785,11.4844019549484));
#3403=CARTESIAN_POINT('Ctrl Pts',(22.4316501413675,36.5737857650985,12.9409213971266));
#3404=CARTESIAN_POINT('Ctrl Pts',(20.1403584865608,34.2824941102918,13.4467418273359));
#3405=CARTESIAN_POINT('Ctrl Pts',(18.3598456355971,32.501981259328,12.082793598001));
#3406=CARTESIAN_POINT('Ctrl Pts',(17.7632648759338,31.9054004996648,10.1887449117569));
#3407=CARTESIAN_POINT('Ctrl Pts',(18.0929862988672,32.2351219225981,8.1117990978647));
#3408=CARTESIAN_POINT('Ctrl Pts',(20.148844298787,34.2909799225179,6.55044546480412));
#3409=CARTESIAN_POINT('Ctrl Pts',(22.4282668319324,36.5704024556634,7.06036690799603));
#3410=CARTESIAN_POINT('Ctrl Pts',(23.6034211850427,37.7455568087737,8.51580156886678));
#3411=CARTESIAN_POINT('Ctrl Pts',(23.8364178413681,37.9785534650991,9.50151799120227));
#3412=CARTESIAN_POINT('Ctrl Pts',(23.8364178413681,37.9785534650991,10.));
#3413=CARTESIAN_POINT('Ctrl Pts',(23.885233377837,37.8607023349013,10.));
#3414=CARTESIAN_POINT('Ctrl Pts',(23.885233377837,37.8607023349013,10.4881543081266));
#3415=CARTESIAN_POINT('Ctrl Pts',(23.6556910956447,37.6163609571315,11.452520099697));
#3416=CARTESIAN_POINT('Ctrl Pts',(22.5109920225609,36.4221601775013,12.8396886046528));
#3417=CARTESIAN_POINT('Ctrl Pts',(20.2670255211836,34.1621810144799,13.2285806078524));
#3418=CARTESIAN_POINT('Ctrl Pts',(18.583150708086,32.5384903096798,11.8509566220844));
#3419=CARTESIAN_POINT('Ctrl Pts',(18.0650485128485,32.0456425151465,10.1615142712016));
#3420=CARTESIAN_POINT('Ctrl Pts',(18.3383343890113,32.3037075686323,8.34814710862725));
#3421=CARTESIAN_POINT('Ctrl Pts',(20.2700933126292,34.1637488026955,6.76624382108531));
#3422=CARTESIAN_POINT('Ctrl Pts',(22.5088579459772,36.4205883535894,7.16225185344674));
#3423=CARTESIAN_POINT('Ctrl Pts',(23.6558597335277,37.6164370397565,8.54739975794721));
#3424=CARTESIAN_POINT('Ctrl Pts',(23.885233377837,37.8607023349013,9.51184569187345));
#3425=CARTESIAN_POINT('Ctrl Pts',(23.885233377837,37.8607023349013,10.));
#3426=CARTESIAN_POINT('Ctrl Pts',(23.9340489143059,37.7428512047036,10.));
#3427=CARTESIAN_POINT('Ctrl Pts',(23.9340489143059,37.7428512047036,10.4778266074554));
#3428=CARTESIAN_POINT('Ctrl Pts',(23.7089735033418,37.4881776025846,11.4206382444457));
#3429=CARTESIAN_POINT('Ctrl Pts',(22.5903339037543,36.2705345899042,12.738455812179));
#3430=CARTESIAN_POINT('Ctrl Pts',(20.3936925558063,34.041867918668,13.0104193883689));
#3431=CARTESIAN_POINT('Ctrl Pts',(18.8064557805749,32.5749993600316,11.6191196461678));
#3432=CARTESIAN_POINT('Ctrl Pts',(18.3668321497633,32.1858845306283,10.1342836306463));
#3433=CARTESIAN_POINT('Ctrl Pts',(18.5836824791554,32.3722932146665,8.5844951193898));
#3434=CARTESIAN_POINT('Ctrl Pts',(20.3913423264713,34.036517682873,6.98204217736648));
#3435=CARTESIAN_POINT('Ctrl Pts',(22.589449060022,36.2707742515154,7.26413679889744));
#3436=CARTESIAN_POINT('Ctrl Pts',(23.7082982820126,37.4873172707392,8.57899794702765));
#3437=CARTESIAN_POINT('Ctrl Pts',(23.9340489143059,37.7428512047036,9.52217339254463));
#3438=CARTESIAN_POINT('Ctrl Pts',(23.9340489143059,37.7428512047036,10.));
#3439=CARTESIAN_POINT('Ctrl Pts',(23.9828644507748,37.6250000745058,10.));
#3440=CARTESIAN_POINT('Ctrl Pts',(23.9828644507748,37.6250000745058,10.4674989067842));
#3441=CARTESIAN_POINT('Ctrl Pts',(23.7622559110389,37.3599942480376,11.3887563891943));
#3442=CARTESIAN_POINT('Ctrl Pts',(22.6696757849477,36.118909002307,12.6372230197053));
#3443=CARTESIAN_POINT('Ctrl Pts',(20.520359590429,33.921554822856,12.7922581688854));
#3444=CARTESIAN_POINT('Ctrl Pts',(19.0297608530638,32.6115084103833,11.3872826702512));
#3445=CARTESIAN_POINT('Ctrl Pts',(18.6686157866781,32.3261265461101,10.107052990091));
#3446=CARTESIAN_POINT('Ctrl Pts',(18.8290305692995,32.4408788607007,8.82084313015235));
#3447=CARTESIAN_POINT('Ctrl Pts',(20.5125913403135,33.9092865630505,7.19784053364767));
#3448=CARTESIAN_POINT('Ctrl Pts',(22.6700401740668,36.1209601494414,7.36602174434815));
#3449=CARTESIAN_POINT('Ctrl Pts',(23.7607368304975,37.3581975017219,8.61059613610808));
#3450=CARTESIAN_POINT('Ctrl Pts',(23.9828644507748,37.6250000745058,9.5325010932158));
#3451=CARTESIAN_POINT('Ctrl Pts',(23.9828644507748,37.6250000745058,10.));
#3452=CARTESIAN_POINT('',(17.8914097141476,32.0264581104717,10.));
#3453=CARTESIAN_POINT('Ctrl Pts',(17.8921996293161,32.027247249263,10.0003933071743));
#3454=CARTESIAN_POINT('Ctrl Pts',(17.8921161075035,32.0271640164821,10.0137280196795));
#3455=CARTESIAN_POINT('Ctrl Pts',(17.8919974896419,32.0271126886701,10.0270624110183));
#3456=CARTESIAN_POINT('Ctrl Pts',(17.8918440167133,32.0270934707015,10.0403969692214));
#3457=CARTESIAN_POINT('Ctrl Pts',(17.8916227620339,32.027065765063,10.0596207725982));
#3458=CARTESIAN_POINT('Ctrl Pts',(17.8913290782509,32.0271047893917,10.0788431612841));
#3459=CARTESIAN_POINT('Ctrl Pts',(17.890963873745,32.0272112697943,10.0980655947259));
#3460=CARTESIAN_POINT('Ctrl Pts',(17.8902157888137,32.0274293842574,10.1374408285189));
#3461=CARTESIAN_POINT('Ctrl Pts',(17.8891676258449,32.0279302136466,10.1768029436613));
#3462=CARTESIAN_POINT('Ctrl Pts',(17.8878303375409,32.0287221160584,10.216164602377));
#3463=CARTESIAN_POINT('Ctrl Pts',(17.8875824351363,32.0288689164989,10.2234613459544));
#3464=CARTESIAN_POINT('Ctrl Pts',(17.8873246196953,32.0290257232121,10.2307577080689));
#3465=CARTESIAN_POINT('Ctrl Pts',(17.8870569782765,32.0291926020075,10.238053770199));
#3466=CARTESIAN_POINT('',(23.9828644507748,37.6250000745058,10.));
#3467=CARTESIAN_POINT('',(23.8364178413681,37.9785534650991,10.));
#3468=CARTESIAN_POINT('Ctrl Pts',(23.9828644507748,37.6250000745058,10.));
#3469=CARTESIAN_POINT('Ctrl Pts',(23.9828644507748,37.6250000745058,10.4674989067842));
#3470=CARTESIAN_POINT('Ctrl Pts',(23.7622559110389,37.3599942480376,11.3887563891943));
#3471=CARTESIAN_POINT('Ctrl Pts',(22.6696757849477,36.118909002307,12.6372230197053));
#3472=CARTESIAN_POINT('Ctrl Pts',(20.520359590429,33.921554822856,12.7922581688854));
#3473=CARTESIAN_POINT('Ctrl Pts',(19.0297608530638,32.6115084103833,11.3872826702512));
#3474=CARTESIAN_POINT('Ctrl Pts',(18.6686157866781,32.3261265461101,10.107052990091));
#3475=CARTESIAN_POINT('Ctrl Pts',(18.8290305692995,32.4408788607007,8.82084313015235));
#3476=CARTESIAN_POINT('Ctrl Pts',(20.5125913403135,33.9092865630505,7.19784053364767));
#3477=CARTESIAN_POINT('Ctrl Pts',(22.6700401740668,36.1209601494414,7.36602174434815));
#3478=CARTESIAN_POINT('Ctrl Pts',(23.7607368304975,37.3581975017219,8.61059613610808));
#3479=CARTESIAN_POINT('Ctrl Pts',(23.9828644507748,37.6250000745058,9.5325010932158));
#3480=CARTESIAN_POINT('Ctrl Pts',(23.9828644507748,37.6250000745058,10.));
#3481=CARTESIAN_POINT('Ctrl Pts',(17.889939350816,32.032074974547,9.76273535047214));
#3482=CARTESIAN_POINT('Ctrl Pts',(17.8911090585487,32.0304952349501,9.80883828454018));
#3483=CARTESIAN_POINT('Ctrl Pts',(17.8918518610154,32.0292868510686,9.85494036322268));
#3484=CARTESIAN_POINT('Ctrl Pts',(17.8921697121088,32.0284546408983,9.90106300199846));
#3485=CARTESIAN_POINT('Ctrl Pts',(17.8923038052212,32.0281035530644,9.92052094414323));
#3486=CARTESIAN_POINT('Ctrl Pts',(17.892362281473,32.0278195162293,9.93997889608746));
#3487=CARTESIAN_POINT('Ctrl Pts',(17.8923455753702,32.0276030025182,9.95943840407723));
#3488=CARTESIAN_POINT('Ctrl Pts',(17.8923338553997,32.0274511098634,9.97308999367978));
#3489=CARTESIAN_POINT('Ctrl Pts',(17.8922851374559,32.0273324614975,9.9867414666991));
#3490=CARTESIAN_POINT('Ctrl Pts',(17.8921996293161,32.027247249263,10.0003933071743));
#3491=CARTESIAN_POINT('Ctrl Pts',(17.8964211407067,32.0385567644377,10.));
#3492=CARTESIAN_POINT('Ctrl Pts',(17.8964211407067,32.0385567644377,10.4984820087977));
#3493=CARTESIAN_POINT('Ctrl Pts',(17.6629600966774,31.8050957204084,11.4843041727999));
#3494=CARTESIAN_POINT('Ctrl Pts',(16.4897854492809,30.6319210730119,12.9412742901707));
#3495=CARTESIAN_POINT('Ctrl Pts',(14.5091468332655,28.6512824569964,13.3790481476283));
#3496=CARTESIAN_POINT('Ctrl Pts',(12.9247970391254,27.0669326628564,12.4736100563304));
#3497=CARTESIAN_POINT('Ctrl Pts',(12.2236422026989,26.3657778264299,11.4506435335049));
#3498=CARTESIAN_POINT('Ctrl Pts',(11.8226545927164,25.9647902164474,10.1893402527603));
#3499=CARTESIAN_POINT('Ctrl Pts',(12.0699810512811,26.212116675012,8.62969254949849));
#3500=CARTESIAN_POINT('Ctrl Pts',(13.0549595342146,27.1970951579456,7.42999794410703));
#3501=CARTESIAN_POINT('Ctrl Pts',(14.6602040414388,28.8023396651698,6.65157003704812));
#3502=CARTESIAN_POINT('Ctrl Pts',(16.4901218861274,30.6322575098584,7.06093058363593));
#3503=CARTESIAN_POINT('Ctrl Pts',(17.6626189681223,31.8047545918533,8.51549907791));
#3504=CARTESIAN_POINT('Ctrl Pts',(17.8964211407067,32.0385567644377,9.50151799120227));
#3505=CARTESIAN_POINT('Ctrl Pts',(17.8964211407067,32.0385567644377,10.));
#3506=CARTESIAN_POINT('Ctrl Pts',(17.778570010509,31.7540389675733,10.));
#3507=CARTESIAN_POINT('Ctrl Pts',(17.778570010509,31.7540389675733,10.4382877580696));
#3508=CARTESIAN_POINT('Ctrl Pts',(17.5855416474811,31.5515679613589,11.3090692426995));
#3509=CARTESIAN_POINT('Ctrl Pts',(16.5469132325718,30.4683600903016,12.6996651721303));
#3510=CARTESIAN_POINT('Ctrl Pts',(14.6542868240134,28.5480719384392,13.2174806370541));
#3511=CARTESIAN_POINT('Ctrl Pts',(13.0686463992046,26.997602806296,12.3963944232507));
#3512=CARTESIAN_POINT('Ctrl Pts',(12.3522876281787,26.3110942714113,11.4170671943378));
#3513=CARTESIAN_POINT('Ctrl Pts',(11.9353277542676,25.9183810345593,10.187154033075));
#3514=CARTESIAN_POINT('Ctrl Pts',(12.1955197334294,26.1605908206063,8.65512850701927));
#3515=CARTESIAN_POINT('Ctrl Pts',(13.2008891163303,27.1251720917237,7.5145142657759));
#3516=CARTESIAN_POINT('Ctrl Pts',(14.7984867956013,28.6946297551295,6.81870998253964));
#3517=CARTESIAN_POINT('Ctrl Pts',(16.5470492371775,30.4685661522114,7.30301601859834));
#3518=CARTESIAN_POINT('Ctrl Pts',(17.5850845929428,31.5512241960819,8.69072516102387));
#3519=CARTESIAN_POINT('Ctrl Pts',(17.778570010509,31.7540389675733,9.56171224193043));
#3520=CARTESIAN_POINT('Ctrl Pts',(17.778570010509,31.7540389675733,10.));
#3521=CARTESIAN_POINT('Ctrl Pts',(17.6607188803112,31.4695211707089,10.));
#3522=CARTESIAN_POINT('Ctrl Pts',(17.6607188803112,31.4695211707089,10.3780935073414));
#3523=CARTESIAN_POINT('Ctrl Pts',(17.5081231982848,31.2980402023095,11.133834312599));
#3524=CARTESIAN_POINT('Ctrl Pts',(16.6040410158626,30.3047991075912,12.4580560540898));
#3525=CARTESIAN_POINT('Ctrl Pts',(14.7994268147614,28.4448614198819,13.05591312648));
#3526=CARTESIAN_POINT('Ctrl Pts',(13.2124957592838,26.9282729497356,12.319178790171));
#3527=CARTESIAN_POINT('Ctrl Pts',(12.4809330536584,26.2564107163927,11.3834908551706));
#3528=CARTESIAN_POINT('Ctrl Pts',(12.0480009158187,25.8719718526712,10.1849678133897));
#3529=CARTESIAN_POINT('Ctrl Pts',(12.3210584155778,26.1090649662006,8.68056446454004));
#3530=CARTESIAN_POINT('Ctrl Pts',(13.3468186984459,27.0532490255017,7.59903058744478));
#3531=CARTESIAN_POINT('Ctrl Pts',(14.9367695497638,28.5869198450893,6.98584992803117));
#3532=CARTESIAN_POINT('Ctrl Pts',(16.6039765882276,30.3048747945643,7.54510145356075));
#3533=CARTESIAN_POINT('Ctrl Pts',(17.5075502177633,31.2976938003106,8.86595124413776));
#3534=CARTESIAN_POINT('Ctrl Pts',(17.6607188803112,31.4695211707089,9.62190649265859));
#3535=CARTESIAN_POINT('Ctrl Pts',(17.6607188803112,31.4695211707089,10.));
#3536=CARTESIAN_POINT('Ctrl Pts',(17.5428677501135,31.1850033738444,10.));
#3537=CARTESIAN_POINT('Ctrl Pts',(17.5428677501135,31.1850033738444,10.3178992566133));
#3538=CARTESIAN_POINT('Ctrl Pts',(17.4307047490885,31.0445124432601,10.9585993824985));
#3539=CARTESIAN_POINT('Ctrl Pts',(16.6611687991535,30.1412381248809,12.2164469360494));
#3540=CARTESIAN_POINT('Ctrl Pts',(14.9445668055093,28.3416509013246,12.8943456159059));
#3541=CARTESIAN_POINT('Ctrl Pts',(13.3563451193631,26.8589430931752,12.2419631570914));
#3542=CARTESIAN_POINT('Ctrl Pts',(12.6095784791381,26.2017271613741,11.3499145160034));
#3543=CARTESIAN_POINT('Ctrl Pts',(12.1606740773698,25.8255626707831,10.1827815937045));
#3544=CARTESIAN_POINT('Ctrl Pts',(12.4465970977262,26.0575391117948,8.70600042206081));
#3545=CARTESIAN_POINT('Ctrl Pts',(13.4927482805616,26.9813259592798,7.68354690911365));
#3546=CARTESIAN_POINT('Ctrl Pts',(15.0750523039263,28.479209935049,7.1529898735227));
#3547=CARTESIAN_POINT('Ctrl Pts',(16.6609039392777,30.1411834369173,7.78718688852315));
#3548=CARTESIAN_POINT('Ctrl Pts',(17.4300158425838,31.0441634045392,9.04117732725164));
#3549=CARTESIAN_POINT('Ctrl Pts',(17.5428677501135,31.1850033738444,9.68210074338675));
#3550=CARTESIAN_POINT('Ctrl Pts',(17.5428677501135,31.1850033738444,10.));
#3551=CARTESIAN_POINT('',(17.5428677501135,31.1850033738444,10.));
#3552=CARTESIAN_POINT('Ctrl Pts',(17.8914097141476,32.0264581104717,10.));
#3553=CARTESIAN_POINT('Ctrl Pts',(17.7752290594695,31.7459731982626,10.));
#3554=CARTESIAN_POINT('Ctrl Pts',(17.6590484047915,31.4654882860535,10.));
#3555=CARTESIAN_POINT('Ctrl Pts',(17.5428677501135,31.1850033738444,10.));
#3556=CARTESIAN_POINT('Ctrl Pts',(17.5428677501135,31.1850033738444,10.));
#3557=CARTESIAN_POINT('Ctrl Pts',(17.5428677501135,31.1850033738444,10.3178992566133));
#3558=CARTESIAN_POINT('Ctrl Pts',(17.4307047490885,31.0445124432601,10.9585993824985));
#3559=CARTESIAN_POINT('Ctrl Pts',(16.6611687991535,30.1412381248809,12.2164469360494));
#3560=CARTESIAN_POINT('Ctrl Pts',(14.9445668055093,28.3416509013246,12.8943456159059));
#3561=CARTESIAN_POINT('Ctrl Pts',(13.3563451193631,26.8589430931752,12.2419631570914));
#3562=CARTESIAN_POINT('Ctrl Pts',(12.6095784791381,26.2017271613741,11.3499145160034));
#3563=CARTESIAN_POINT('Ctrl Pts',(12.1606740773698,25.8255626707831,10.1827815937045));
#3564=CARTESIAN_POINT('Ctrl Pts',(12.4465970977262,26.0575391117948,8.70600042206081));
#3565=CARTESIAN_POINT('Ctrl Pts',(13.4927482805616,26.9813259592798,7.68354690911365));
#3566=CARTESIAN_POINT('Ctrl Pts',(15.0750523039263,28.479209935049,7.1529898735227));
#3567=CARTESIAN_POINT('Ctrl Pts',(16.6609039392777,30.1411834369173,7.78718688852315));
#3568=CARTESIAN_POINT('Ctrl Pts',(17.4300158425838,31.0441634045392,9.04117732725164));
#3569=CARTESIAN_POINT('Ctrl Pts',(17.5428677501135,31.1850033738444,9.68210074338675));
#3570=CARTESIAN_POINT('Ctrl Pts',(17.5428677501135,31.1850033738444,10.));
#3571=CARTESIAN_POINT('Origin',(4.24034242031296E-16,35.0000000745058,10.));
#3572=CARTESIAN_POINT('',(29.7682180519934,37.6250000745058,10.));
#3573=CARTESIAN_POINT('',(4.24034242031296E-16,37.6250000745058,10.));
#3574=CARTESIAN_POINT('Ctrl Pts',(29.7682180519934,37.6250000745058,10.));
#3575=CARTESIAN_POINT('Ctrl Pts',(29.7682180519934,37.6250000745058,9.68210074357088));
#3576=CARTESIAN_POINT('Ctrl Pts',(29.6280458888954,37.5130335245147,9.04176387898158));
#3577=CARTESIAN_POINT('Ctrl Pts',(28.7238005034022,36.7424749071959,7.7843900973658));
#3578=CARTESIAN_POINT('Ctrl Pts',(26.9255796674264,35.0280228249378,7.10343038228196));
#3579=CARTESIAN_POINT('Ctrl Pts',(25.4419112744226,33.4380383765189,7.7587796091784));
#3580=CARTESIAN_POINT('Ctrl Pts',(24.7855094683766,32.6926412053472,8.64881975403562));
#3581=CARTESIAN_POINT('Ctrl Pts',(24.4086021044467,32.242599705062,9.81845067615722));
#3582=CARTESIAN_POINT('Ctrl Pts',(24.6398193346079,32.5267615825475,11.292546427605));
#3583=CARTESIAN_POINT('Ctrl Pts',(25.566028883868,33.5779148004238,12.3184528808546));
#3584=CARTESIAN_POINT('Ctrl Pts',(26.498674930072,34.5590235758337,12.642253051878));
#3585=CARTESIAN_POINT('Ctrl Pts',(27.688185023816,35.7576509973257,12.6153637141182));
#3586=CARTESIAN_POINT('Ctrl Pts',(28.8357196714961,36.836049047177,12.0540698115491));
#3587=CARTESIAN_POINT('Ctrl Pts',(29.6281799402938,37.5138835193755,10.9602711962158));
#3588=CARTESIAN_POINT('Ctrl Pts',(29.7682180519934,37.6250000745058,10.3178992564291));
#3589=CARTESIAN_POINT('Ctrl Pts',(29.7682180519934,37.6250000745058,10.));
#3590=CARTESIAN_POINT('Ctrl Pts',(30.6217714430219,37.9785534646639,10.));
#3591=CARTESIAN_POINT('Ctrl Pts',(30.6217714430219,37.9785534646639,9.50151799107206));
#3592=CARTESIAN_POINT('Ctrl Pts',(30.3880945682211,37.7448765904384,8.51590020899975));
#3593=CARTESIAN_POINT('Ctrl Pts',(29.2153021638463,36.5720841889507,7.05898932094874));
#3594=CARTESIAN_POINT('Ctrl Pts',(27.2348475553832,34.5916295853629,6.6196601466253));
#3595=CARTESIAN_POINT('Ctrl Pts',(25.6499996027648,33.0067816366459,7.52683859955241));
#3596=CARTESIAN_POINT('Ctrl Pts',(24.9495786555719,32.3063606911772,8.54842233174377));
#3597=CARTESIAN_POINT('Ctrl Pts',(24.5478209826676,31.9046030192619,9.81153094036312));
#3598=CARTESIAN_POINT('Ctrl Pts',(24.7943011975212,32.1510832335088,11.3694881859297));
#3599=CARTESIAN_POINT('Ctrl Pts',(25.7819226504171,33.1387046839735,12.5710945823655));
#3600=CARTESIAN_POINT('Ctrl Pts',(26.7813459349729,34.138127966069,13.0530575868452));
#3601=CARTESIAN_POINT('Ctrl Pts',(28.0744054469597,35.4311874748726,13.1985953295664));
#3602=CARTESIAN_POINT('Ctrl Pts',(29.3605549837685,36.7173370085153,12.7562350036219));
#3603=CARTESIAN_POINT('Ctrl Pts',(30.3888460140935,37.7456280363089,11.485352487485));
#3604=CARTESIAN_POINT('Ctrl Pts',(30.6217714430219,37.9785534646639,10.4984820089279));
#3605=CARTESIAN_POINT('Ctrl Pts',(30.6217714430219,37.9785534646639,10.));
#3606=CARTESIAN_POINT('Ctrl Pts',(30.3372536460124,37.8607023346112,10.));
#3607=CARTESIAN_POINT('Ctrl Pts',(30.3372536460124,37.8607023346112,9.561712241905));
#3608=CARTESIAN_POINT('Ctrl Pts',(30.1347450084459,37.6675955684639,8.6911880989937));
#3609=CARTESIAN_POINT('Ctrl Pts',(29.0514682770316,36.6288810950324,7.30078957975443));
#3610=CARTESIAN_POINT('Ctrl Pts',(27.1317582593976,34.7370939985545,6.78091689184418));
#3611=CARTESIAN_POINT('Ctrl Pts',(25.5806368266507,33.1505338832702,7.60415226942774));
#3612=CARTESIAN_POINT('Ctrl Pts',(24.8948889265068,32.4351208625672,8.58188813917439));
#3613=CARTESIAN_POINT('Ctrl Pts',(24.5014146899273,32.0172685811953,9.81383751896115));
#3614=CARTESIAN_POINT('Ctrl Pts',(24.7428072432168,32.276309349855,11.3438409331548));
#3615=CARTESIAN_POINT('Ctrl Pts',(25.7099580615674,33.2851080561236,12.4868806818619));
#3616=CARTESIAN_POINT('Ctrl Pts',(26.6871222666726,34.2784265026572,12.9161227418561));
#3617=CARTESIAN_POINT('Ctrl Pts',(27.9456653059118,35.5400086490236,13.0041847910837));
#3618=CARTESIAN_POINT('Ctrl Pts',(29.1856098796777,36.7569076880692,12.5221799395977));
#3619=CARTESIAN_POINT('Ctrl Pts',(30.1352906561603,37.6683798639978,11.3103253903952));
#3620=CARTESIAN_POINT('Ctrl Pts',(30.3372536460124,37.8607023346112,10.438287758095));
#3621=CARTESIAN_POINT('Ctrl Pts',(30.3372536460124,37.8607023346112,10.));
#3622=CARTESIAN_POINT('Ctrl Pts',(30.0527358490029,37.7428512045585,10.));
#3623=CARTESIAN_POINT('Ctrl Pts',(30.0527358490029,37.7428512045585,9.62190649273794));
#3624=CARTESIAN_POINT('Ctrl Pts',(29.8813954486707,37.5903145464893,8.86647598898764));
#3625=CARTESIAN_POINT('Ctrl Pts',(28.8876343902169,36.6856780011141,7.54258983856011));
#3626=CARTESIAN_POINT('Ctrl Pts',(27.028668963412,34.8825584117462,6.94217363706307));
#3627=CARTESIAN_POINT('Ctrl Pts',(25.5112740505366,33.2942861298946,7.68146593930307));
#3628=CARTESIAN_POINT('Ctrl Pts',(24.8401991974417,32.5638810339572,8.615353946605));
#3629=CARTESIAN_POINT('Ctrl Pts',(24.455008397187,32.1299341431287,9.81614409755919));
#3630=CARTESIAN_POINT('Ctrl Pts',(24.6913132889123,32.4015354662013,11.3181936803799));
#3631=CARTESIAN_POINT('Ctrl Pts',(25.6379934727177,33.4315114282737,12.4026667813582));
#3632=CARTESIAN_POINT('Ctrl Pts',(26.5928985983723,34.4187250392455,12.779187896867));
#3633=CARTESIAN_POINT('Ctrl Pts',(27.8169251648639,35.6488298231746,12.8097742526009));
#3634=CARTESIAN_POINT('Ctrl Pts',(29.0106647755869,36.7964783676231,12.2881248755734));
#3635=CARTESIAN_POINT('Ctrl Pts',(29.8817352982271,37.5911316916867,11.1352982933055));
#3636=CARTESIAN_POINT('Ctrl Pts',(30.0527358490029,37.7428512045585,10.3780935072621));
#3637=CARTESIAN_POINT('Ctrl Pts',(30.0527358490029,37.7428512045585,10.));
#3638=CARTESIAN_POINT('Ctrl Pts',(29.7682180519934,37.6250000745058,10.));
#3639=CARTESIAN_POINT('Ctrl Pts',(29.7682180519934,37.6250000745058,9.68210074357088));
#3640=CARTESIAN_POINT('Ctrl Pts',(29.6280458888954,37.5130335245147,9.04176387898158));
#3641=CARTESIAN_POINT('Ctrl Pts',(28.7238005034022,36.7424749071959,7.7843900973658));
#3642=CARTESIAN_POINT('Ctrl Pts',(26.9255796674264,35.0280228249378,7.10343038228196));
#3643=CARTESIAN_POINT('Ctrl Pts',(25.4419112744226,33.4380383765189,7.7587796091784));
#3644=CARTESIAN_POINT('Ctrl Pts',(24.7855094683766,32.6926412053472,8.64881975403562));
#3645=CARTESIAN_POINT('Ctrl Pts',(24.4086021044467,32.242599705062,9.81845067615722));
#3646=CARTESIAN_POINT('Ctrl Pts',(24.6398193346079,32.5267615825475,11.292546427605));
#3647=CARTESIAN_POINT('Ctrl Pts',(25.566028883868,33.5779148004238,12.3184528808546));
#3648=CARTESIAN_POINT('Ctrl Pts',(26.498674930072,34.5590235758337,12.642253051878));
#3649=CARTESIAN_POINT('Ctrl Pts',(27.688185023816,35.7576509973257,12.6153637141182));
#3650=CARTESIAN_POINT('Ctrl Pts',(28.8357196714961,36.836049047177,12.0540698115491));
#3651=CARTESIAN_POINT('Ctrl Pts',(29.6281799402938,37.5138835193755,10.9602711962158));
#3652=CARTESIAN_POINT('Ctrl Pts',(29.7682180519934,37.6250000745058,10.3178992564291));
#3653=CARTESIAN_POINT('Ctrl Pts',(29.7682180519934,37.6250000745058,10.));
#3654=CARTESIAN_POINT('',(30.6217714430219,37.9785534646639,10.));
#3655=CARTESIAN_POINT('Origin',(4.75,10.0000000745058,10.));
#3656=CARTESIAN_POINT('',(4.5,12.6250000745058,10.));
#3657=CARTESIAN_POINT('Origin',(4.5,10.0000000745058,10.));
#3658=CARTESIAN_POINT('',(4.75,12.8750000745058,10.));
#3659=CARTESIAN_POINT('Origin',(5.84874816594892E-17,10.0000000745058,10.));
#3660=CARTESIAN_POINT('',(0.500000000000001,12.6250000745058,10.));
#3661=CARTESIAN_POINT('Origin',(0.500000000000001,10.0000000745058,10.));
#3662=CARTESIAN_POINT('',(5.84874816594892E-17,12.6250000745058,10.));
#3663=CARTESIAN_POINT('Origin',(0.250000000000001,10.0000000745058,10.));
#3664=CARTESIAN_POINT('',(0.250000000000001,12.8750000745058,10.));
#3665=CARTESIAN_POINT('Origin',(14.9178677501135,51.0000003368881,10.));
#3666=CARTESIAN_POINT('',(17.5428677501135,25.399649803952,10.));
#3667=CARTESIAN_POINT('',(17.5428677501135,51.0000003368881,10.));
#3668=CARTESIAN_POINT('Ctrl Pts',(17.5428677501135,25.399649803952,10.));
#3669=CARTESIAN_POINT('Ctrl Pts',(17.5428677501135,25.399649803952,9.53250109339994));
#3670=CARTESIAN_POINT('Ctrl Pts',(17.2778362091913,25.1789375260409,8.61123753104656));
#3671=CARTESIAN_POINT('Ctrl Pts',(16.0367922143112,24.0864746142908,7.362754177293));
#3672=CARTESIAN_POINT('Ctrl Pts',(13.8392497733609,21.9370661084991,7.20743436255899));
#3673=CARTESIAN_POINT('Ctrl Pts',(12.5292657062843,20.446446128951,8.61282744851715));
#3674=CARTESIAN_POINT('Ctrl Pts',(12.2443154579589,20.0857002657153,9.89294275069201));
#3675=CARTESIAN_POINT('Ctrl Pts',(12.3583956002475,20.2455129581091,11.1793210963534));
#3676=CARTESIAN_POINT('Ctrl Pts',(13.8274422266535,21.929532396424,12.8018503270057));
#3677=CARTESIAN_POINT('Ctrl Pts',(16.0390883791112,24.0871152239216,12.6341219781119));
#3678=CARTESIAN_POINT('Ctrl Pts',(17.2761503053622,25.1775654626231,11.3894422865847));
#3679=CARTESIAN_POINT('Ctrl Pts',(17.5428677501135,25.399649803952,10.4674989066001));
#3680=CARTESIAN_POINT('Ctrl Pts',(17.5428677501135,25.399649803952,10.));
#3681=CARTESIAN_POINT('Ctrl Pts',(17.8964211411419,25.2532031941101,10.));
#3682=CARTESIAN_POINT('Ctrl Pts',(17.8964211411419,25.2532031941101,9.50151799133247));
#3683=CARTESIAN_POINT('Ctrl Pts',(17.6623966787743,25.0191787323186,8.51561443530882));
#3684=CARTESIAN_POINT('Ctrl Pts',(16.4917022891065,23.8484843455327,7.05902758826583));
#3685=CARTESIAN_POINT('Ctrl Pts',(14.2003483058558,21.5571303679227,6.5530513563171));
#3686=CARTESIAN_POINT('Ctrl Pts',(12.4199173023356,19.7766993687853,7.91718274680713));
#3687=CARTESIAN_POINT('Ctrl Pts',(11.8233037854993,19.1800858534177,9.81127996879617));
#3688=CARTESIAN_POINT('Ctrl Pts',(12.153048225284,19.5098302923907,11.8882318734206));
#3689=CARTESIAN_POINT('Ctrl Pts',(14.2088126522308,21.5655947142768,13.4494025213679));
#3690=CARTESIAN_POINT('Ctrl Pts',(16.4882818280638,23.8450638844984,12.9398221173972));
#3691=CARTESIAN_POINT('Ctrl Pts',(17.6634779359463,25.0202599894879,11.4842287442412));
#3692=CARTESIAN_POINT('Ctrl Pts',(17.8964211411419,25.2532031941101,10.4984820086675));
#3693=CARTESIAN_POINT('Ctrl Pts',(17.8964211411419,25.2532031941101,10.));
#3694=CARTESIAN_POINT('Ctrl Pts',(17.7785700107991,25.302018730724,10.));
#3695=CARTESIAN_POINT('Ctrl Pts',(17.7785700107991,25.302018730724,9.51184569202163));
#3696=CARTESIAN_POINT('Ctrl Pts',(17.53420985558,25.0724316635593,8.54748880055473));
#3697=CARTESIAN_POINT('Ctrl Pts',(16.3400655975081,23.9278144351187,7.16026978460822));
#3698=CARTESIAN_POINT('Ctrl Pts',(14.0799821283575,21.6837756147815,6.7711790250644));
#3699=CARTESIAN_POINT('Ctrl Pts',(12.4563667703185,19.9999482888405,8.1490643140438));
#3700=CARTESIAN_POINT('Ctrl Pts',(11.9636410096525,19.4819573241836,9.83850089609478));
#3701=CARTESIAN_POINT('Ctrl Pts',(12.2214973502719,19.7550578476302,11.6519282810648));
#3702=CARTESIAN_POINT('Ctrl Pts',(14.0816891770383,21.6869072749925,13.2335517899139));
#3703=CARTESIAN_POINT('Ctrl Pts',(16.3385506784129,23.9257476643061,12.8379220709688));
#3704=CARTESIAN_POINT('Ctrl Pts',(17.5343687257516,25.0726951471996,11.4526332583557));
#3705=CARTESIAN_POINT('Ctrl Pts',(17.7785700107991,25.302018730724,10.4881543079784));
#3706=CARTESIAN_POINT('Ctrl Pts',(17.7785700107991,25.302018730724,10.));
#3707=CARTESIAN_POINT('Ctrl Pts',(17.6607188804563,25.350834267338,10.));
#3708=CARTESIAN_POINT('Ctrl Pts',(17.6607188804563,25.350834267338,9.52217339271078));
#3709=CARTESIAN_POINT('Ctrl Pts',(17.4060230323856,25.1256845948001,8.57936316580065));
#3710=CARTESIAN_POINT('Ctrl Pts',(16.1884289059097,24.0071445247048,7.26151198095061));
#3711=CARTESIAN_POINT('Ctrl Pts',(13.9596159508592,21.8104208616403,6.98930669381169));
#3712=CARTESIAN_POINT('Ctrl Pts',(12.4928162383014,20.2231972088958,8.38094588128047));
#3713=CARTESIAN_POINT('Ctrl Pts',(12.1039782338057,19.7838287949495,9.8657218233934));
#3714=CARTESIAN_POINT('Ctrl Pts',(12.2899464752597,20.0002854028697,11.4156246887091));
#3715=CARTESIAN_POINT('Ctrl Pts',(13.9545657018459,21.8082198357082,13.0177010584598));
#3716=CARTESIAN_POINT('Ctrl Pts',(16.188819528762,24.0064314441139,12.7360220245403));
#3717=CARTESIAN_POINT('Ctrl Pts',(17.4052595155569,25.1251303049113,11.4210377724702));
#3718=CARTESIAN_POINT('Ctrl Pts',(17.6607188804563,25.350834267338,10.4778266072892));
#3719=CARTESIAN_POINT('Ctrl Pts',(17.6607188804563,25.350834267338,10.));
#3720=CARTESIAN_POINT('Ctrl Pts',(17.5428677501135,25.399649803952,10.));
#3721=CARTESIAN_POINT('Ctrl Pts',(17.5428677501135,25.399649803952,9.53250109339994));
#3722=CARTESIAN_POINT('Ctrl Pts',(17.2778362091913,25.1789375260409,8.61123753104656));
#3723=CARTESIAN_POINT('Ctrl Pts',(16.0367922143112,24.0864746142908,7.362754177293));
#3724=CARTESIAN_POINT('Ctrl Pts',(13.8392497733609,21.9370661084991,7.20743436255899));
#3725=CARTESIAN_POINT('Ctrl Pts',(12.5292657062843,20.446446128951,8.61282744851715));
#3726=CARTESIAN_POINT('Ctrl Pts',(12.2443154579589,20.0857002657153,9.89294275069201));
#3727=CARTESIAN_POINT('Ctrl Pts',(12.3583956002475,20.2455129581091,11.1793210963534));
#3728=CARTESIAN_POINT('Ctrl Pts',(13.8274422266535,21.929532396424,12.8018503270057));
#3729=CARTESIAN_POINT('Ctrl Pts',(16.0390883791112,24.0871152239216,12.6341219781119));
#3730=CARTESIAN_POINT('Ctrl Pts',(17.2761503053622,25.1775654626231,11.3894422865847));
#3731=CARTESIAN_POINT('Ctrl Pts',(17.5428677501135,25.399649803952,10.4674989066001));
#3732=CARTESIAN_POINT('Ctrl Pts',(17.5428677501135,25.399649803952,10.));
#3733=CARTESIAN_POINT('',(17.8964211411419,25.2532031941101,10.));
#3734=CARTESIAN_POINT('Origin',(-1.25,17.7500000745058,13.25));
#3735=CARTESIAN_POINT('',(-0.625,32.0000000745058,13.875));
#3736=CARTESIAN_POINT('Origin',(1.02353092904106E-16,13.0000000745058,5.5));
#3737=CARTESIAN_POINT('Origin',(3.8016863078668E-16,32.0000000745058,14.5));
#3738=CARTESIAN_POINT('Origin',(39.9178677501135,46.0000003368881,10.));
#3739=CARTESIAN_POINT('Origin',(39.9178677501135,46.0000003368881,10.));
#3740=CARTESIAN_POINT('Ctrl Pts',(37.9109850757637,45.2677670794618,14.5795656924423));
#3741=CARTESIAN_POINT('Ctrl Pts',(38.1281818286571,45.4849638318206,14.6747468579896));
#3742=CARTESIAN_POINT('Ctrl Pts',(38.4031949560058,45.6754986750721,14.7754437386605));
#3743=CARTESIAN_POINT('Ctrl Pts',(39.0163785977559,45.9336697746571,14.9282754954275));
#3744=CARTESIAN_POINT('Ctrl Pts',(39.3554925125603,46.0000001243195,14.978802099195));
#3745=CARTESIAN_POINT('Ctrl Pts',(39.6787520265542,46.0000001243195,14.9942790941984));
#3746=CARTESIAN_POINT('Origin',(39.4178677501135,46.0000003368881,10.));
#3747=CARTESIAN_POINT('Origin',(39.6787520265542,43.5000001243195,0.));
#3748=CARTESIAN_POINT('Origin',(5.,10.0000000745058,10.));
#3749=CARTESIAN_POINT('Ctrl Pts',(5.,11.3212481769801,14.8222716070031));
#3750=CARTESIAN_POINT('Ctrl Pts',(5.,11.6653289373106,14.7279973543823));
#3751=CARTESIAN_POINT('Ctrl Pts',(5.07431694617357,12.015877040225,14.5892051636693));
#3752=CARTESIAN_POINT('Ctrl Pts',(5.3404839140542,12.6207152624624,14.2709593820731));
#3753=CARTESIAN_POINT('Ctrl Pts',(5.5237907248679,12.8805728082939,14.0954326925102));
#3754=CARTESIAN_POINT('Ctrl Pts',(5.7322330492095,13.0890151321224,13.931664529664));
#3755=CARTESIAN_POINT('Origin',(7.5,11.3212481769801,0.));
#3756=CARTESIAN_POINT('Origin',(7.49999999999998,41.893398952754,0.));
#3757=CARTESIAN_POINT('Origin',(1.,6.00000007450581,0.));
#3758=UNCERTAINTY_MEASURE_WITH_UNIT(LENGTH_MEASURE(0.01),#3762,
'DISTANCE_ACCURACY_VALUE',
'Maximum model space distance between geometric entities at asserted c
onnectivities');
#3759=UNCERTAINTY_MEASURE_WITH_UNIT(LENGTH_MEASURE(0.01),#3762,
'DISTANCE_ACCURACY_VALUE',
'Maximum model space distance between geometric entities at asserted c
onnectivities');
#3760=(
GEOMETRIC_REPRESENTATION_CONTEXT(3)
GLOBAL_UNCERTAINTY_ASSIGNED_CONTEXT((#3758))
GLOBAL_UNIT_ASSIGNED_CONTEXT((#3762,#3764,#3765))
REPRESENTATION_CONTEXT('','3D')
);
#3761=(
GEOMETRIC_REPRESENTATION_CONTEXT(3)
GLOBAL_UNCERTAINTY_ASSIGNED_CONTEXT((#3759))
GLOBAL_UNIT_ASSIGNED_CONTEXT((#3762,#3764,#3765))
REPRESENTATION_CONTEXT('','3D')
);
#3762=(
LENGTH_UNIT()
NAMED_UNIT(*)
SI_UNIT(.MILLI.,.METRE.)
);
#3763=(
LENGTH_UNIT()
NAMED_UNIT(*)
SI_UNIT($,.METRE.)
);
#3764=(
NAMED_UNIT(*)
PLANE_ANGLE_UNIT()
SI_UNIT($,.RADIAN.)
);
#3765=(
NAMED_UNIT(*)
SI_UNIT($,.STERADIAN.)
SOLID_ANGLE_UNIT()
);
#3766=SHAPE_DEFINITION_REPRESENTATION(#3767,#3768);
#3767=PRODUCT_DEFINITION_SHAPE('',$,#3770);
#3768=SHAPE_REPRESENTATION('',(#2015),#3760);
#3769=PRODUCT_DEFINITION_CONTEXT('part definition',#3774,'design');
#3770=PRODUCT_DEFINITION('45 Bracket','45 Bracket v5',#3771,#3769);
#3771=PRODUCT_DEFINITION_FORMATION('',$,#3776);
#3772=PRODUCT_RELATED_PRODUCT_CATEGORY('45 Bracket v5','45 Bracket v5',
(#3776));
#3773=APPLICATION_PROTOCOL_DEFINITION('international standard',
'automotive_design',2009,#3774);
#3774=APPLICATION_CONTEXT(
'Core Data for Automotive Mechanical Design Process');
#3775=PRODUCT_CONTEXT('part definition',#3774,'mechanical');
#3776=PRODUCT('45 Bracket','45 Bracket v5',$,(#3775));
#3777=PRESENTATION_STYLE_ASSIGNMENT((#3778));
#3778=SURFACE_STYLE_USAGE(.BOTH.,#3779);
#3779=SURFACE_SIDE_STYLE('',(#3780));
#3780=SURFACE_STYLE_FILL_AREA(#3781);
#3781=FILL_AREA_STYLE('Paint - Metallic (Red)',(#3782));
#3782=FILL_AREA_STYLE_COLOUR('Paint - Metallic (Red)',#3783);
#3783=COLOUR_RGB('Paint - Metallic (Red)',0.768627450980392,0.207843137254902,
0.152941176470588);
ENDSEC;
END-ISO-10303-21;
